STARLINK-1066           
1 44954C 20001AS  25222.11368056  .00236390  00000+0  12503-2 0  2226
2 44954  53.0474 140.4693 0010905  51.7591  67.6549 15.79560106    19
STARLINK-1132           
1 45044C 20006A   25222.13312500 -.00013637  00000+0 -91438-3 0  2221
2 45044  53.0535 136.3342 0001430  92.6408 233.4854 15.06384641    17
STARLINK-1134           
1 45048C 20006E   25222.12131944  .00045881  00000+0  20569-2 0  2225
2 45048  53.0490 144.7934 0002515 243.2820 248.8582 15.20653169    16
STARLINK-1167           
1 45071C 20006AD  25222.13243056 -.00006434  00000+0 -43144-3 0  2228
2 45071  53.0532 136.3405 0001441 100.4286 201.8831 15.06375579    12
STARLINK-1168           
1 45072C 20006AE  25222.13937500  .00036147  00000+0  24227-2 0  2225
2 45072  53.0532 136.3081 0001443  57.9630 261.8895 15.06349987    14
STARLINK-1172           
1 45074C 20006AG  25222.12131944 -.00007468  00000+0 -50081-3 0  2228
2 45074  53.0534 136.3889 0001408  75.9347  86.0927 15.06372043    12
STARLINK-1153           
1 45080C 20006AN  25222.14076389 -.00016214  00000+0 -10874-2 0  2222
2 45080  53.0535 136.3033 0001337  89.0179 298.5520 15.06379363    12
STARLINK-1151           
1 45081C 20006AP  25222.14076389 -.00012863  00000+0 -86273-3 0  2226
2 45081  53.0540 136.3748 0001421  83.4949  24.0341 15.06373250    11
STARLINK-1190           
1 45083C 20006AR  25222.15187500  .00087402  00000+0  84435-3 0  2224
2 45083  53.0527 127.4265 0001585 191.8372 157.5190 15.65711399    17
STARLINK-1183           
1 45088C 20006AW  25222.13729167 -.00003431  00000+0 -23008-3 0  2229
2 45088  53.0538 116.3147 0001438 101.7248 356.9976 15.06369865    18
STARLINK-1224           
1 45186C 20012J   25222.14701389  .00212770  00000+0  95428-3 0  2223
2 45186  53.0444 245.5755 0012043 346.9475  84.8665 15.83103770    10
STARLINK-1234           
1 45190C 20012N   25222.14215278 -.00001889  00000+0 -12655-3 0  2225
2 45190  53.0518 236.2930 0001133  82.1727 182.8435 15.06401148    15
STARLINK-1237           
1 45192C 20012Q   25222.12270833  .00199830  00000+0  68533-3 0  2221
2 45192  53.0534 245.4828 0011627 357.7130 123.0421 15.88620631    13
STARLINK-1240           
1 45194C 20012S   25222.14354167  .00188530  00000+0  10369-2 0  2226
2 45194  53.0456 244.9985 0014175 342.1558 129.5678 15.78684298    12
STARLINK-1199           
1 45201C 20012Z   25222.12548611  .00000100  00000+0  67167-5 0  2229
2 45201  53.0519 256.3705 0001236  78.0293 126.5202 15.06394922    16
STARLINK-1209           
1 45206C 20012AE  25222.14076389 -.00001400  00000+0 -93811-4 0  2224
2 45206  53.0516 236.3033 0001247  83.7578 153.7370 15.06396277    14
STARLINK-1191           
1 45222C 20012AW  25222.12479167 -.00002909  00000+0 -19488-3 0  2223
2 45222  53.0518 236.3717 0000854  84.4416 146.3384 15.06401308    10
STARLINK-1212           
1 45223C 20012AX  25222.11715278 -.00000980  00000+0 -65700-4 0  2225
2 45223  53.0517 237.0607 0001230  82.5968   6.3395 15.06392466    17
STARLINK-1222           
1 45228C 20012BC  25222.13173611 -.00002186  00000+0 -14649-3 0  2226
2 45228  53.0516 236.3396 0001251  89.0799 139.4057 15.06393978    17
STARLINK-1270           
1 45237C 20012BM  25222.14354167 -.00003455  00000+0 -23147-3 0  2227
2 45237  53.0523 236.2874 0001258  80.9330 331.5827 15.06402814    13
STARLINK-1398           
1 45699C 20035AU  25222.14493056  .00071537  00000+0  19370-2 0  2221
2 45699  53.0538 247.2281 0009296 335.6650 146.6539 15.36991729    16
STARLINK-1487           
1 45758C 20038AE  25222.10187500  .00474200  00000+0  83841-3 0  2229
2 45758  53.0104 246.0508 0007903  27.7809  74.0439 16.00668237    18
STARLINK-1618           
1 46125C 20057J   25222.15118056  .00229840  00000+0  11447-2 0  2224
2 46125  53.0460 153.7610 0011238  55.3830  68.9667 15.80866461    18
STARLINK-1622           
1 46128C 20057M   25222.14562500  .00043114  00000+0  18997-2 0  2228
2 46128  53.0530 142.6550 0003929 123.5930 206.3691 15.21243200    16
STARLINK-1623           
1 46129C 20057N   25222.12409722 -.00012380  00000+0 -83021-3 0  2227
2 46129  53.0544 146.3749 0001596  99.8339 182.2844 15.06378465    16
STARLINK-1586           
1 46137C 20057W   25222.12895833  .00230660  00000+0  18357-2 0  2228
2 46137  53.0464 126.4839 0004587 144.9390 353.2921 15.70289403    17
STARLINK-1596           
1 46141C 20057AA  25222.14215278  .00014558  00000+0  68160-3 0  2228
2 46141  53.0508 136.8268 0002313 281.2829  85.8366 15.19195078    17
STARLINK-1667           
1 46155C 20057AQ  25222.13520833  .00044472  00000+0  20047-2 0  2227
2 46155  53.0564 142.5799 0003743 111.6455 206.2966 15.20463633    18
STARLINK-1587           
1 46157C 20057AS  25222.13173611 -.00021133  00000+0 -14171-2 0  2229
2 46157  53.0542 146.3387 0001526  85.3144 198.2776 15.06389232    15
STARLINK-1627           
1 46168C 20057BD  25222.14145833 -.00002203  00000+0 -14770-3 0  2220
2 46168  53.0537 136.3825 0001375 100.1355 331.1151 15.06367782    10
STARLINK-1654           
1 46326C 20062B   25222.13729167 -.00000005  00000+0 -33251-6 0  2225
2 46326  53.0521 246.5570 0001577  89.6670 273.8052 15.06386560    12
STARLINK-1686           
1 46328C 20062D   25222.12201389 -.00000244  00000+0 -16343-4 0  2223
2 46328  53.0521 226.3840 0001250  82.2381 188.4632 15.06397376    18
STARLINK-1723           
1 46333C 20062J   25222.09979167  .00000286  00000+0  19190-4 0  2228
2 46333  53.0526 246.4866 0001258  81.7842 338.3677 15.06391049    10
STARLINK-1752           
1 46338C 20062Q   25222.12270833 -.00001134  00000+0 -75890-4 0  2225
2 46338  53.0517 246.3842 0000955  72.6901  11.7892 15.06428117    14
STARLINK-1656           
1 46353C 20062AF  25222.14284722 -.00002260  00000+0 -15145-3 0  2223
2 46353  53.0528 246.2918 0001133  86.4617 167.3180 15.06395065    15
STARLINK-1657           
1 46354C 20062AG  25222.09493056  .00001320  00000+0  88426-4 0  2227
2 46354  53.0527 246.5066 0001256  75.8627 337.9264 15.06398734    15
STARLINK-1665           
1 46356C 20062AJ  25222.13937500 -.00000223  00000+0 -14939-4 0  2222
2 46356  53.0527 246.3461 0001257  85.5125 269.4083 15.06400897    18
STARLINK-1666           
1 46357C 20062AK  25222.14354167 -.00064927  00000+0 -43508-2 0  2229
2 46357  53.0514 226.2869 0001362  92.6129 314.9465 15.06458607    16
STARLINK-1770           
1 46383C 20062BM  25222.07895833  .00047689  00000+0  17559-2 0  2221
2 46383  53.0553 241.2320 0005019   3.8004 118.7556 15.27245567    19
STARLINK-1771           
1 46384C 20062BN  25222.11715278 -.00002091  00000+0 -14007-3 0  2227
2 46384  53.0520 246.4088 0001170  86.3554 348.0097 15.06401986    16
STARLINK-1781           
1 46685C 20073R   25222.12687500 -.00004341  00000+0 -29115-3 0  2226
2 46685  53.0532 126.6309 0001518  85.1484 221.8865 15.06360620    13
STARLINK-1810           
1 46709C 20073AR  25222.11854167 -.00001514  00000+0 -10153-3 0  2228
2 46709  53.0531 126.5241 0001526  75.8344 246.0523 15.06360485    12
STARLINK-1828           
1 46725C 20073BH  25222.12131944 -.00009063  00000+0 -60784-3 0  2220
2 46725  53.0530 126.3866 0001497 100.6263 216.4312 15.06368816    17
STARLINK-1903           
1 46764C 20074AB  25222.11923611  .00083090  00000+0  97921-3 0  2226
2 46764  53.0251 142.3696 0002014  59.8519 123.2642 15.60651962    12
STARLINK-2046           
1 47354C 21005F   25222.12201389  .00001577  00000+0  10564-3 0  2227
2 47354  53.0526 256.9274 0001317  82.2940   3.0405 15.06397636    17
STARLINK-2047           
1 47355C 21005G   25222.12201389 -.00001199  00000+0 -80292-4 0  2226
2 47355  53.0524 241.3862 0001368  84.3887 163.7619 15.06406757    12
STARLINK-2086           
1 47370C 21005X   25222.10604167  .00082603  00000+0  25460-2 0  2223
2 47370  53.0511 246.0431 0005138   1.6461 121.6904 15.32955406    17
STARLINK-2128           
1 47404C 21005BH  25222.12340278  .00001920  00000+0  12867-3 0  2224
2 47404  53.0527 261.3796 0001156  90.1718 355.6117 15.06387162    14
STARLINK-1954           
1 47555C 21009H   25222.10604167  .00002161  00000+0  14477-3 0  2220
2 47555  53.0526 251.4574 0001289  86.0870   0.4437 15.06396448    11
STARLINK-1955           
1 47556C 21009J   25222.09145833  .00059760  00000+0  22818-2 0  2223
2 47556  53.0556 262.6215 0005302 337.1210 122.2883 15.26033563    15
STARLINK-1971           
1 47572C 21009AA  25222.09979167 -.00001542  00000+0 -10330-3 0  2220
2 47572  53.0516 241.4867 0001149  72.4446 355.1965 15.06398080    16
STARLINK-1975           
1 47573C 21009AB  25222.13381944  .00039876  00000+0  16178-2 0  2220
2 47573  53.0682 236.9684 0005524  11.7614 101.8181 15.24030012    15
STARLINK-1979           
1 47577C 21009AF  25222.12409722  .00000652  00000+0  43696-4 0  2225
2 47577  53.0527 246.3761 0001138  73.0717 178.9913 15.06397203    16
STARLINK-1991           
1 47587C 21009AR  25222.10256944 -.00001690  00000+0 -11328-3 0  2221
2 47587  53.0521 241.4739 0000965  96.7909 325.9595 15.06390502    19
STARLINK-1993           
1 47588C 21009AS  25222.12201389  .00001013  00000+0  67877-4 0  2225
2 47588  53.0526 251.3856 0001517  76.0251 137.2161 15.06401151    16
STARLINK-1994           
1 47589C 21009AT  25222.11229167  .00000356  00000+0  23888-4 0  2222
2 47589  53.0527 251.4289 0001130  84.9680 335.5066 15.06390858    12
STARLINK-2021           
1 47604C 21009BJ  25222.12201389 -.00001534  00000+0 -10276-3 0  2224
2 47604  53.0528 241.3849 0001195  86.2777 141.9704 15.06403519    11
STARLINK-1655           
1 47623C 21012D   25222.14354167  .00051010  00000+0  34217-2 0  2226
2 47623  53.0510 236.2901 0001492  75.3759 277.2036 15.06304858    11
STARLINK-2257           
1 47787C 21018A   25222.11298611 -.00010162  00000+0 -68153-3 0  2223
2 47787  53.0532 121.4275 0001427 100.3308 219.0087 15.06372011    18
STARLINK-2383           
1 47802C 21018R   25222.11437500 -.00001854  00000+0 -12438-3 0  2226
2 47802  53.0530 126.4199 0001324  74.3407 245.0217 15.06359435    19
STARLINK-2391           
1 47810C 21018Z   25222.11437500 -.00016185  00000+0 -10853-2 0  2226
2 47810  53.0539 131.4188 0001448  96.9543  54.8859 15.06384648    11
STARLINK-2406           
1 47821C 21018AL  25222.11923611 -.00010957  00000+0 -73484-3 0  2222
2 47821  53.0540 121.4077 0001497  99.7142 213.5243 15.06374234    12
STARLINK-2407           
1 47822C 21018AM  25222.12548611 -.00002005  00000+0 -13451-3 0  2220
2 47822  53.0531 131.3607 0001499  76.4987 220.7772 15.06360409    19
STARLINK-2415           
1 47828C 21018AT  25222.09840278  .00013286  00000+0  89096-3 0  2225
2 47828  53.0531 131.4923 0001184  80.6794  44.5248 15.06354204    17
STARLINK-2419           
1 47830C 21018AV  25222.11923611 -.00011292  00000+0 -75697-3 0  2223
2 47830  53.0534 131.3973 0001489  92.7439  65.4769 15.06390685    18
STARLINK-2429           
1 47838C 21018BD  25222.12131944  .00003349  00000+0  22464-3 0  2228
2 47838  53.0534 121.3883 0001558  81.4945 263.0438 15.06356070    18
STARLINK-2435           
1 47843C 21018BJ  25222.11090278 -.00002049  00000+0 -13740-3 0  2222
2 47843  53.0531 126.4355 0001186  80.4549 240.0625 15.06360859    10
STARLINK-2280           
1 47861C 21021B   25222.11159722 -.00007757  00000+0 -52022-3 0  2223
2 47861  53.0532 136.4330 0001376  77.0267  52.2431 15.06373822    17
STARLINK-2291           
1 47862C 21021C   25222.12062500  .00000401  00000+0  26877-4 0  2229
2 47862  53.0531 131.3912 0001451  77.3791 208.4073 15.06366996    17
STARLINK-2355           
1 47895C 21021AM  25222.11090278 -.00014717  00000+0 -98682-3 0  2226
2 47895  53.0543 141.4332 0001793  98.3398 159.6871 15.06383292    10
STARLINK-2358           
1 47898C 21021AQ  25222.10187500 -.00021926  00000+0 -14704-2 0  2225
2 47898  53.0543 141.4742 0001610  79.1667 169.8427 15.06387566    10
STARLINK-2370           
1 47910C 21021BC  25222.11159722 -.00012039  00000+0 -80730-3 0  2224
2 47910  53.0538 141.5925 0001559  97.7365 183.9277 15.06378977    12
STARLINK-2282           
1 48018C 21024AT  25222.11854167  .00089807  00000+0  88014-3 0  2220
2 48018  53.0214 133.0054 0006964 100.4456  55.7201 15.65318185    13
STARLINK-2569           
1 48277C 21036B   25222.11020833 -.00001517  00000+0 -10166-3 0  2222
2 48277  53.0524 241.4386 0001120  86.5021 357.6827 15.06402144    19
STARLINK-2613           
1 48353C 21038A   25222.10881944 -.00000437  00000+0 -29254-4 0  2225
2 48353  53.0518 231.4422 0001248  80.7554  30.8986 15.06398960    11
STARLINK-2674           
1 48354C 21038B   25222.09909722 -.00000391  00000+0 -26189-4 0  2222
2 48354  53.0518 231.4865 0001189  85.5992 353.2390 15.06411757    17
STARLINK-2635           
1 48355C 21038C   25222.12479167 -.00001237  00000+0 -82869-4 0  2229
2 48355  53.0515 231.3696 0001000  78.8882 159.4343 15.06390337    15
STARLINK-2637           
1 48356C 21038D   25222.11993056 -.00056822  00000+0 -38074-2 0  2224
2 48356  53.0517 231.3937 0001286  89.7780 142.1602 15.06453414    13
STARLINK-2624           
1 48358C 21038F   25222.11715278 -.00001578  00000+0 -10575-3 0  2229
2 48358  53.0520 231.4062 0001251  84.2418 172.6368 15.06399874    15
STARLINK-2628           
1 48359C 21038G   25222.10881944 -.00002616  00000+0 -17530-3 0  2225
2 48359  53.0519 231.4436 0001327  91.8119 139.8549 15.06398074    12
STARLINK-3077           
1 49133C 21082D   25222.12618056  .00006486  00000+0  54365-3 0  2223
2 49133  70.0013 107.8836 0002707 271.2082 266.7494 14.98318366    12
STARLINK-3078           
1 49134C 21082E   25222.11993056  .00007029  00000+0  58914-3 0  2227
2 49134  70.0013 107.9032 0003137 270.9117 255.8166 14.98318105    11
STARLINK-3055           
1 49137C 21082H   25222.10673611  .00006118  00000+0  52333-3 0  2228
2 49137  70.0006  88.0468 0002803 272.4495 280.3877 14.97529796    14
STARLINK-3058           
1 49138C 21082J   25222.11993056  .00010056  00000+0  84292-3 0  2223
2 49138  70.0012 107.9066 0003055 267.8436 281.4146 14.98310305    16
STARLINK-3093           
1 49141C 21082M   25222.11020833  .00007845  00000+0  65751-3 0  2222
2 49141  70.0013 107.9350 0003026 270.3092 249.0054 14.98317672    14
STARLINK-3095           
1 49160C 21082AG  25222.12270833  .00005161  00000+0  43257-3 0  2227
2 49160  70.0016 107.8763 0002947 270.1901 136.5426 14.98319299    13
STARLINK-3106           
1 49164C 21082AL  25222.12131944  .00009271  00000+0  77702-3 0  2228
2 49164  69.9992  87.8917 0002710 276.5520 326.3286 14.98318931    15
STARLINK-3052           
1 49165C 21082AM  25222.12618056  .00004817  00000+0  40372-3 0  2227
2 49165  70.0016 107.8990 0003057 270.4678 177.4681 14.98319027    13
STARLINK-3054           
1 49167C 21082AP  25222.12131944  .00004408  00000+0  36946-3 0  2223
2 49167  70.0016 107.8897 0003091 270.9940 195.7549 14.98317157    14
STARLINK-3046           
1 49169C 21082AR  25222.12131944  .00007448  00000+0  62426-3 0  2224
2 49169  70.0009  87.9057 0003117 269.4250 356.0734 14.98314631    12
STARLINK-3059           
1 49181C 21082BD  25222.12201389  .00012261  00000+0  10278-2 0  2225
2 49181  70.0016 107.8969 0003037 272.0196 175.8727 14.98308151    17
STARLINK-3304           
1 50161C 21125F   25222.12479167  .00004619  00000+0  28982-3 0  2224
2 50161  53.2156 128.8755 0001408  80.7441 225.5757 15.08811092    19
STARLINK-3305           
1 50166C 21125L   25222.12131944  .00007795  00000+0  48912-3 0  2220
2 50166  53.2159 118.8240 0001397  98.7029 178.6072 15.08809188    14
STARLINK-3245           
1 50170C 21125Q   25222.12548611  .00008987  00000+0  56373-3 0  2222
2 50170  53.2164 118.8729 0001320  85.5628 239.4943 15.08817358    13
STARLINK-3291           
1 50175C 21125V   25222.12409722  .00017012  00000+0  10668-2 0  2221
2 50175  53.2159 118.8788 0001698  94.3082 203.1182 15.08821532    19
STARLINK-3273           
1 50191C 21125AM  25222.10465278 -.00006858  00000+0 -43018-3 0  2229
2 50191  53.2161 128.9668 0001247  81.8299  75.0128 15.08832141    14
STARLINK-3419           
1 51463C 22010H   25222.12062500 -.00010261  00000+0 -64356-3 0  2220
2 51463  53.2164 148.8946 0001327  88.2144   5.4210 15.08842218    14
STARLINK-3178           
1 51467C 22010M   25222.12479167  .00001039  00000+0  65148-4 0  2227
2 51467  53.2162 148.8736 0001582  88.4466  47.8226 15.08828225    14
STARLINK-3174           
1 51468C 22010N   25222.12201389 -.00000768  00000+0 -48131-4 0  2220
2 51468  53.2162 148.8504 0001402  90.3470 350.8250 15.08842516    19
STARLINK-3415           
1 51472C 22010S   25222.12479167  .00001521  00000+0  95394-4 0  2225
2 51472  53.2162 148.8071 0001310  88.4376  42.6841 15.08826601    13
STARLINK-3542           
1 51852C 22022A   25222.12618056 -.00011638  00000+0 -72972-3 0  2220
2 51852  53.2145 248.8686 0001286  84.4807 149.3215 15.08853409    12
STARLINK-3560           
1 51859C 22022H   25222.09701389  .00002725  00000+0  17087-3 0  2226
2 51859  53.2144 239.0096 0001567 115.7133 309.2686 15.08830548    15
STARLINK-3559           
1 51860C 22022J   25222.11923611 -.00002480  00000+0 -15548-3 0  2225
2 51860  53.2141 238.9000 0001220  86.8035  64.2726 15.08841206    18
STARLINK-3508           
1 51862C 22022L   25222.11993056 -.00002801  00000+0 -17563-3 0  2223
2 51862  53.2141 238.8966 0001178  85.5455  89.2967 15.08838269    13
STARLINK-3588           
1 51869C 22022T   25222.11993056 -.00000477  00000+0 -29931-4 0  2220
2 51869  53.2142 238.8976 0001130  80.4688 314.3723 15.08837510    12
STARLINK-3567           
1 51871C 22022V   25222.12340278 -.00008132  00000+0 -50995-3 0  2225
2 51871  53.2139 238.8819 0001166  80.0934 353.6211 15.08847221    14
STARLINK-3554           
1 51872C 22022W   25222.12479167  .00008114  00000+0  50905-3 0  2225
2 51872  53.2142 238.8766 0001456  79.6801 321.5322 15.08812649    12
STARLINK-3582           
1 51873C 22022X   25222.12618056 -.00010599  00000+0 -66461-3 0  2224
2 51873  53.2138 238.8790 0001104  83.0908  60.5159 15.08849368    18
STARLINK-3574           
1 51874C 22022Y   25222.11923611 -.00005520  00000+0 -34620-3 0  2220
2 51874  53.2138 238.9005 0001184  89.6124 341.4704 15.08837173    17
STARLINK-3585           
1 51875C 22022Z   25222.12548611 -.00003013  00000+0 -18894-3 0  2225
2 51875  53.2143 238.7836 0001374  82.9164 142.1943 15.08837521    13
STARLINK-3583           
1 51876C 22022AA  25222.12270833 -.00001528  00000+0 -95834-4 0  2223
2 51876  53.2138 238.8846 0001260  82.5744  27.3553 15.08842581    17
STARLINK-3556           
1 51877C 22022AB  25222.12201389 -.00006514  00000+0 -40850-3 0  2221
2 51877  53.2140 228.8875 0001278  81.4366 119.7316 15.08844664    16
STARLINK-3575           
1 51878C 22022AC  25222.12548611 -.00001804  00000+0 -11318-3 0  2228
2 51878  53.2138 238.8719 0001118  90.5566  74.5261 15.08818328    13
STARLINK-3572           
1 51879C 22022AD  25222.12548611 -.00005207  00000+0 -32651-3 0  2223
2 51879  53.2136 228.8715 0001222  81.6058 178.4311 15.08842404    12
STARLINK-3566           
1 51880C 22022AE  25222.11923611 -.00006541  00000+0 -41014-3 0  2226
2 51880  53.2138 238.6202 0001276  85.2335  26.0183 15.08846344    15
STARLINK-3570           
1 51882C 22022AG  25222.10395833 -.00000604  00000+0 -37867-4 0  2222
2 51882  53.2136 228.9787 0001215  61.5669  56.1536 15.08838810    10
STARLINK-3576           
1 51883C 22022AH  25222.12409722 -.00010194  00000+0 -63903-3 0  2222
2 51883  53.2137 229.0607 0001066  74.2377 158.0539 15.08862405    18
STARLINK-3597           
1 51898C 22022AY  25222.11993056 -.00028943  00000+0 -18149-2 0  2227
2 51898  53.2142 228.8968 0001299  74.1821  95.6714 15.08868608    10
STARLINK-3700           
1 51956C 22025A   25222.09076389 -.00011397  00000+0 -76359-3 0  2226
2 51956  53.0520 251.5294 0001267  85.4740 343.3184 15.06412545    15
STARLINK-3692           
1 51958C 22025C   25222.08520833 -.00002178  00000+0 -14592-3 0  2223
2 51958  53.0521 251.5590 0000892  85.6290 333.0244 15.06400035    16
STARLINK-3690           
1 51964C 22025J   25222.11159722 -.00003716  00000+0 -24900-3 0  2222
2 51964  53.0526 256.8295 0001178  83.8517 345.1049 15.06401588    19
STARLINK-3669           
1 51971C 22025R   25222.10187500 -.00012014  00000+0 -80498-3 0  2229
2 51971  53.0518 256.7358 0001187  84.2504  12.0480 15.06411000    17
STARLINK-3671           
1 51972C 22025S   25222.11993056  .00001510  00000+0  10118-3 0  2221
2 51972  53.0525 260.6603 0001016  79.9590 352.5306 15.06400402    13
STARLINK-3672           
1 51974C 22025U   25222.11576389 -.00000535  00000+0 -35839-4 0  2225
2 51974  53.0524 260.6793 0001094  85.5223 344.4221 15.06398186    17
STARLINK-3674           
1 51975C 22025V   25222.10187500 -.00005941  00000+0 -39804-3 0  2229
2 51975  53.0521 256.3363 0001213  82.6724 359.0114 15.06404912    15
STARLINK-3660           
1 51977C 22025X   25222.12409722 -.00014178  00000+0 -88909-3 0  2228
2 51977  53.2144 248.8886 0001227  87.4748 329.8265 15.08851204    14
STARLINK-3657           
1 51990C 22025AL  25222.12131944 -.00009828  00000+0 -61623-3 0  2221
2 51990  53.2146 248.8905 0001162  85.9552 341.4354 15.08850304    16
STARLINK-3643           
1 51992C 22025AN  25222.11993056 -.00007809  00000+0 -48968-3 0  2226
2 51992  53.2148 248.8950 0001116  74.4084  45.4401 15.08847830    16
STARLINK-3647           
1 51994C 22025AQ  25222.12409722 -.00008534  00000+0 -53512-3 0  2228
2 51994  53.2149 248.8767 0001142  77.1874  85.3023 15.08849314    13
STARLINK-3636           
1 51995C 22025AR  25222.11854167 -.00004353  00000+0 -27285-3 0  2228
2 51995  53.2148 248.9028 0001212  71.9190   0.2881 15.08857461    15
STARLINK-3538           
1 51996C 22025AS  25222.12131944 -.00016680  00000+0 -10459-2 0  2221
2 51996  53.2150 248.8902 0001203  78.7062  88.6958 15.08856621    14
STARLINK-3589           
1 51997C 22025AT  25222.12270833 -.00013486  00000+0 -84575-3 0  2225
2 51997  53.2144 248.8821 0000930  86.2830  28.6816 15.08849900    10
STARLINK-3667           
1 51999C 22025AV  25222.12479167  .00000335  00000+0  20991-4 0  2228
2 51999  53.2148 248.8647 0001209  81.1697 125.1098 15.08833851    10
STARLINK-3653           
1 52000C 22025AW  25222.12062500 -.00005607  00000+0 -35163-3 0  2226
2 52000  53.2144 248.8071 0001146  84.3806 319.2970 15.08843459    18
STARLINK-4026           
1 52600C 22052C   25222.11090278 -.00014924  00000+0 -93613-3 0  2220
2 52600  53.2163 148.9351 0001296  86.0100  34.8019 15.08843526    17
STARLINK-4027           
1 52601C 22052D   25222.12201389 -.00002250  00000+0 -14111-3 0  2224
2 52601  53.2164 148.8845 0001538  80.7791  60.4049 15.08831321    10
STARLINK-4012           
1 52602C 22052E   25222.12479167 -.00009563  00000+0 -59980-3 0  2223
2 52602  53.2165 148.8720 0001175  85.0184  91.2619 15.08839996    16
STARLINK-4013           
1 52604C 22052G   25222.12479167 -.00002511  00000+0 -15751-3 0  2229
2 52604  53.2161 148.8722 0001333  85.1976 131.0844 15.08828355    12
STARLINK-4000           
1 52605C 22052H   25222.11854167 -.00003234  00000+0 -20280-3 0  2222
2 52605  53.2163 153.6787 0001200  88.5351  21.2207 15.08835358    11
STARLINK-4011           
1 52615C 22052T   25222.12340278  .00001340  00000+0  84052-4 0  2229
2 52615  53.2165 153.8782 0001260  88.5066  12.7180 15.08827366    15
STARLINK-3741           
1 52619C 22052X   25222.12062500 -.00002654  00000+0 -16649-3 0  2229
2 52619  53.2162 138.8855 0001319  95.0609 353.6014 15.08828402    16
STARLINK-3975           
1 52620C 22052Y   25222.11923611 -.00007222  00000+0 -45290-3 0  2229
2 52620  53.2161 153.8978 0001264  82.9914  15.5746 15.08842756    17
STARLINK-3984           
1 52621C 22052Z   25222.11993056 -.00006099  00000+0 -38253-3 0  2222
2 52621  53.2157 138.8983 0001310  90.1436  34.7162 15.08838726    11
STARLINK-3986           
1 52623C 22052AB  25222.12409722 -.00008733  00000+0 -54776-3 0  2222
2 52623  53.2156 138.8793 0001407  82.1747  85.3291 15.08839812    16
STARLINK-3988           
1 52625C 22052AD  25222.12062500  .00005154  00000+0  32335-3 0  2222
2 52625  53.2158 138.8950 0001399  81.3411  87.2989 15.08816709    19
STARLINK-3990           
1 52626C 22052AE  25222.12201389 -.00000701  00000+0 -43948-4 0  2221
2 52626  53.2159 138.8891 0001362  88.8284  27.3715 15.08826458    19
STARLINK-3992           
1 52627C 22052AF  25222.11854167 -.00004524  00000+0 -28381-3 0  2229
2 52627  53.2158 138.9007 0001370  81.9461 135.3814 15.08828730    14
STARLINK-4022           
1 52629C 22052AH  25222.12340278 -.00011551  00000+0 -72451-3 0  2220
2 52629  53.2161 138.8418 0001260  88.1867 195.5742 15.08840620    12
STARLINK-3989           
1 52630C 22052AJ  25222.12062500  .00000940  00000+0  58970-4 0  2220
2 52630  53.2158 138.8951 0001367  81.1537 107.5126 15.08815787    12
STARLINK-3794           
1 52631C 22052AK  25222.12548611 -.00010672  00000+0 -66939-3 0  2221
2 52631  53.2160 138.8793 0001316  84.8054 205.0461 15.08839552    10
STARLINK-3995           
1 52632C 22052AL  25222.11993056  .00003249  00000+0  20378-3 0  2225
2 52632  53.2156 138.8964 0001368  87.3373 117.5202 15.08830839    14
STARLINK-3974           
1 52634C 22052AN  25222.11993056  .00007104  00000+0  44550-3 0  2229
2 52634  53.2159 138.9225 0001699  91.3726 153.4569 15.08828222    12
STARLINK-3967           
1 52636C 22052AQ  25222.12409722  .00003112  00000+0  19524-3 0  2222
2 52636  53.2161 138.8788 0001365  89.4005 218.1011 15.08822149    11
STARLINK-3968           
1 52639C 22052AT  25222.12479167 -.00013011  00000+0 -81584-3 0  2221
2 52639  53.2163 128.8752 0001157  90.0320  76.2044 15.08855134    12
STARLINK-3963           
1 52643C 22052AX  25222.10673611 -.00003143  00000+0 -19716-3 0  2227
2 52643  53.2160 128.9287 0001374  81.3959  81.5648 15.08832905    10
STARLINK-3985           
1 52644C 22052AY  25222.12340278 -.00001430  00000+0 -89671-4 0  2225
2 52644  53.2162 128.8812 0001277  85.4304  53.2934 15.08832716    11
STARLINK-3973           
1 52645C 22052AZ  25222.11576389  .00000904  00000+0  56741-4 0  2224
2 52645  53.2164 129.0225 0001322  77.9806  79.2102 15.08814833    14
STARLINK-3832           
1 52646C 22052BA  25222.12409722 -.00005886  00000+0 -36932-3 0  2227
2 52646  53.2161 128.9172 0001383  95.9805  86.5400 15.08823646    11
STARLINK-3846           
1 52647C 22052BB  25222.10812500 -.00002582  00000+0 -16191-3 0  2223
2 52647  53.2161 129.0566 0001476  89.7840  65.8367 15.08834900    11
STARLINK-3854           
1 52648C 22052BC  25222.12548611 -.00007999  00000+0 -50173-3 0  2220
2 52648  53.2160 128.8717 0001378  80.3857 149.6798 15.08834609    17
STARLINK-4080           
1 52835C 22062F   25222.12479167  .00001494  00000+0  93707-4 0  2221
2 52835  53.2150 263.8752 0001357  84.0219 299.6693 15.08831243    14
STARLINK-4049           
1 52840C 22062L   25222.12201389 -.00020666  00000+0 -12957-2 0  2226
2 52840  53.2148 264.0032 0001219  83.3183 305.2699 15.08864887    10
STARLINK-4209           
1 52855C 22062AB  25222.12201389 -.00001457  00000+0 -91365-4 0  2221
2 52855  53.2148 253.8876 0000920  80.8926 302.7785 15.08833940    17
STARLINK-4199           
1 52857C 22062AD  25222.12201389 -.00012539  00000+0 -78602-3 0  2224
2 52857  53.2146 253.8860 0001355  79.7290 343.8820 15.08863924    15
STARLINK-4198           
1 52858C 22062AE  25222.12409722 -.00002439  00000+0 -15292-3 0  2220
2 52858  53.2149 253.9074 0000740  93.9241 280.9897 15.08839659    11
STARLINK-4196           
1 52859C 22062AF  25222.12409722 -.00001471  00000+0 -92251-4 0  2227
2 52859  53.2149 253.8763 0001105  80.4767  14.5065 15.08839702    13
STARLINK-4191           
1 52860C 22062AG  25222.11854167 -.00001245  00000+0 -78042-4 0  2226
2 52860  53.2152 253.9027 0001277  86.2363 298.5741 15.08837449    10
STARLINK-4112           
1 52861C 22062AH  25222.10326389 -.00014247  00000+0 -89335-3 0  2228
2 52861  53.2142 253.9819 0001255  80.4995 356.0686 15.08854518    16
STARLINK-4010           
1 52862C 22062AJ  25222.11854167 -.00001291  00000+0 -80986-4 0  2229
2 52862  53.2150 253.9025 0001259  82.3343   2.4641 15.08838353    19
STARLINK-4270           
1 52863C 22062AK  25222.12409722 -.00008515  00000+0 -53394-3 0  2222
2 52863  53.2144 253.8775 0001287  83.5465  71.4428 15.08849086    17
STARLINK-4267           
1 52864C 22062AL  25222.12270833  .00000736  00000+0  46159-4 0  2229
2 52864  53.2148 253.8841 0001245  78.3334  49.1195 15.08834792    18
STARLINK-4272           
1 52866C 22062AN  25222.12340278 -.00017537  00000+0 -10996-2 0  2229
2 52866  53.2145 253.8819 0001250  80.7956  90.4263 15.08858300    11
STARLINK-4261           
1 52868C 22062AQ  25222.12409722 -.00008369  00000+0 -52479-3 0  2227
2 52868  53.2143 253.9076 0001203  83.8024 111.1682 15.08848854    14
STARLINK-4211           
1 52873C 22062AV  25222.11993056  .00003586  00000+0  22500-3 0  2226
2 52873  53.2137 243.8976 0001461  94.8230 272.4971 15.08815903    18
STARLINK-4193           
1 52875C 22062AX  25222.12131944 -.00008778  00000+0 -55048-3 0  2222
2 52875  53.2139 243.8913 0001000  81.6612 313.2426 15.08845951    15
STARLINK-4214           
1 52877C 22062AZ  25222.12131944 -.00006526  00000+0 -40925-3 0  2221
2 52877  53.2144 243.8971 0001204  86.4716  88.4237 15.08845167    11
STARLINK-4171           
1 52878C 22062BA  25222.12201389 -.00012096  00000+0 -75846-3 0  2222
2 52878  53.2138 243.8881 0001157  79.4015 339.2666 15.08851838    11
STARLINK-4186           
1 52880C 22062BC  25222.11715278 -.00005202  00000+0 -32620-3 0  2225
2 52880  53.2146 243.9073 0001268  82.0505 110.2134 15.08842355    15
STARLINK-4181           
1 52882C 22062BE  25222.11923611 -.00015568  00000+0 -97629-3 0  2225
2 52882  53.2142 243.4758 0001196  84.8917  18.9788 15.08852485    19
STARLINK-4362           
1 53043C 22077A   25222.12201389 -.00007171  00000+0 -55936-3 0  2229
2 53043  97.6557  42.9543 0001881 148.2584  34.5682 15.01267288    12
STARLINK-4349           
1 53044C 22077B   25222.11854167 -.00004935  00000+0 -38497-3 0  2225
2 53044  97.6561  42.9488 0000541 160.3873  23.5810 15.01267745    13
STARLINK-4350           
1 53045C 22077C   25222.12409722 -.00023454  00000+0 -18295-2 0  2220
2 53045  97.6551  42.9430 0001423 106.0801  77.9997 15.01285239    15
STARLINK-4331           
1 53046C 22077D   25222.10256944 -.00005008  00000+0 -39066-3 0  2220
2 53046  97.6557  42.9221 0001571 112.7040 323.7804 15.01262232    10
STARLINK-4317           
1 53058C 22077R   25222.09840278 -.00122130  00000+0 -95188-2 0  2222
2 53058  97.6562  42.8942 0002493 140.4852 303.4438 15.01414743    15
STARLINK-4307           
1 53063C 22077W   25222.11784722 -.00007733  00000+0 -60355-3 0  2222
2 53063  97.6563  42.9645 0001908  88.5405 101.9225 15.01247655    10
STARLINK-4251           
1 53083C 22077AS  25222.12131944 -.00050020  00000+0 -39005-2 0  2221
2 53083  97.6560  42.9524 0000647 225.2061 323.8392 15.01325565    19
STARLINK-4324           
1 53085C 22077AU  25222.11923611 -.00015097  00000+0 -11776-2 0  2222
2 53085  97.6552  42.9616 0001352  94.2206  52.2894 15.01276012    15
STARLINK-4318           
1 53086C 22077AV  25222.12340278 -.00018368  00000+0 -14328-2 0  2226
2 53086  97.6558  42.9647 0001388  56.3318  93.9991 15.01280339    15
STARLINK-4333           
1 53088C 22077AX  25222.12270833 -.00048191  00000+0 -37584-2 0  2223
2 53088  97.6552  42.9612 0000732  58.4461 108.1872 15.01317495    18
STARLINK-4695           
1 53718C 22107U   25222.11090278  .00004282  00000+0  26859-3 0  2224
2 53718  53.2164 124.2021 0001932  94.5026  78.4082 15.08826060    16
STARLINK-4651           
1 53729C 22107AF  25222.12201389  .00009312  00000+0  58417-3 0  2228
2 53729  53.2157 123.9986 0001313  84.8003 233.8168 15.08813950    12
STARLINK-4636           
1 53731C 22107AH  25222.12340278 -.00004706  00000+0 -29519-3 0  2227
2 53731  53.2161 124.0335 0001294  87.7813 218.3623 15.08830118    18
STARLINK-4574           
1 53733C 22107AK  25222.12062500  .00010537  00000+0  66092-3 0  2222
2 53733  53.2166 124.1253 0001399  84.1502 166.8359 15.08819501    13
STARLINK-4618           
1 53735C 22107AM  25222.12201389 -.00003773  00000+0 -23667-3 0  2221
2 53735  53.2163 133.6999 0001273  82.0881  21.7247 15.08832583    12
STARLINK-4652           
1 53736C 22107AN  25222.12340278 -.00001216  00000+0 -76294-4 0  2228
2 53736  53.2164 124.0733 0001268  83.7656 202.3442 15.08826468    15
STARLINK-4662           
1 53738C 22107AQ  25222.12201389 -.00002379  00000+0 -14924-3 0  2221
2 53738  53.2165 133.6627 0001355  95.4615  28.4093 15.08823985    18
STARLINK-4670           
1 53744C 22107AW  25222.10743056 -.00013210  00000+0 -82860-3 0  2228
2 53744  53.2159 133.5779 0001213  91.9349  32.7566 15.08840866    13
STARLINK-4656           
1 53745C 22107AX  25222.12201389  .00020329  00000+0  12739-2 0  2223
2 53745  53.2157 134.0136 0001374  90.6501 212.9257 15.08842970    16
STARLINK-4612           
1 53750C 22107BC  25222.11715278  .00005682  00000+0  35644-3 0  2221
2 53750  53.2153 134.1157 0001386  83.3132 153.8214 15.08816041    10
STARLINK-4718           
1 53773C 22111A   25222.12270833 -.00017353  00000+0 -10883-2 0  2222
2 53773  53.2163 153.8041 0000791  82.9524  54.5344 15.08852962    18
STARLINK-4462           
1 53781C 22111J   25222.12270833  .00003112  00000+0  19523-3 0  2228
2 53781  53.2157 143.8837 0001392  83.5606  28.8979 15.08820066    16
STARLINK-4536           
1 53783C 22111L   25222.12062500  .00014277  00000+0  89515-3 0  2222
2 53783  53.2160 143.8143 0001184  88.8844  52.1878 15.08829150    14
STARLINK-4687           
1 53784C 22111M   25222.12340278  .00015861  00000+0  99453-3 0  2226
2 53784  53.2158 143.9201 0001277  90.7964   5.3095 15.08824929    16
STARLINK-4743           
1 53787C 22111Q   25222.12409722 -.00010195  00000+0 -63948-3 0  2226
2 53787  53.2159 143.7163 0001374  84.1038 116.0172 15.08838919    12
STARLINK-4666           
1 53789C 22111S   25222.12340278 -.00003865  00000+0 -24243-3 0  2229
2 53789  53.2163 143.6015 0001314  87.9169 168.4881 15.08836288    19
STARLINK-4734           
1 53790C 22111T   25222.12131944 -.00007602  00000+0 -47682-3 0  2224
2 53790  53.2161 143.7705 0001349  86.3332  78.6600 15.08837167    17
STARLINK-4739           
1 53792C 22111V   25222.12409722 -.00007150  00000+0 -44847-3 0  2226
2 53792  53.2163 144.2258 0001274  86.3419 208.2361 15.08836831    15
STARLINK-4728           
1 53793C 22111W   25222.11993056 -.00012730  00000+0 -79849-3 0  2224
2 53793  53.2162 143.6929 0001214  90.6885 106.8124 15.08841344    17
STARLINK-4730           
1 53794C 22111X   25222.11715278 -.00004728  00000+0 -29660-3 0  2227
2 53794  53.2159 143.7548 0001436  87.5988  69.5868 15.08826550    19
STARLINK-4742           
1 53795C 22111Y   25222.11715278 -.00000297  00000+0 -18602-4 0  2220
2 53795  53.2164 143.5890 0001295  86.6974 155.7843 15.08829245    17
STARLINK-4720           
1 53800C 22111AD  25222.12201389 -.00001862  00000+0 -11679-3 0  2226
2 53800  53.2162 133.8333 0001405  83.0327  60.6829 15.08832147    15
STARLINK-4715           
1 53801C 22111AE  25222.11993056 -.00014405  00000+0 -90353-3 0  2228
2 53801  53.2157 133.6475 0001383  80.6014 151.9286 15.08844686    18
STARLINK-4726           
1 53802C 22111AF  25222.11854167 -.00008483  00000+0 -53206-3 0  2223
2 53802  53.2160 133.7709 0001355  89.7358  75.1665 15.08837638    11
STARLINK-4729           
1 53804C 22111AH  25222.12409722  .00011699  00000+0  73387-3 0  2222
2 53804  53.2161 128.6620 0001271  86.1124 151.3279 15.08815704    16
STARLINK-4762           
1 53866C 22114BA  25222.12409722 -.00003701  00000+0 -23212-3 0  2222
2 53866  53.2157 134.0874 0001469  86.2572 148.6126 15.08832655    12
STARLINK-4793           
1 53867C 22114BB  25222.11993056 -.00016287  00000+0 -10216-2 0  2222
2 53867  53.2164 143.9566 0001289  93.3233 184.0117 15.08844434    13
STARLINK-4810           
1 53869C 22114BD  25222.12409722 -.00005396  00000+0 -33840-3 0  2225
2 53869  53.2157 143.5480 0001410  87.1895  53.0272 15.08838039    10
STARLINK-4740           
1 53871C 22114BF  25222.11923611 -.00004142  00000+0 -25983-3 0  2222
2 53871  53.2162 133.5216 0001414  89.9704  58.9012 15.08825962    15
STARLINK-5021           
1 53902C 22119S   25222.11784722 -.00000686  00000+0 -43033-4 0  2226
2 53902  53.2163 143.6580 0001459  89.7443 116.4457 15.08832616    11
STARLINK-5290           
1 54157C 22141A   25222.12340278 -.00008839  00000+0 -55427-3 0  2226
2 54157  53.2146 243.8290 0001261  79.8513 101.2104 15.08846693    16
STARLINK-5297           
1 54158C 22141B   25222.11854167 -.00018059  00000+0 -11324-2 0  2225
2 54158  53.2141 244.0380 0001143  84.0893 335.6291 15.08857264    19
STARLINK-5294           
1 54159C 22141C   25222.12131944 -.00002782  00000+0 -17446-3 0  2226
2 54159  53.2140 243.9928 0000930  89.3223   5.5084 15.08836118    11
STARLINK-5269           
1 54161C 22141E   25222.11784722 -.00002714  00000+0 -17012-3 0  2220
2 54161  53.2139 244.0113 0001274  88.3907 342.2635 15.08852683    18
STARLINK-5273           
1 54162C 22141F   25222.12131944 -.00014116  00000+0 -88561-3 0  2220
2 54162  53.2146 243.9062 0001237  88.1844  46.8033 15.08834293    11
STARLINK-5279           
1 54165C 22141J   25222.11923611 -.00013539  00000+0 -84902-3 0  2225
2 54165  53.2147 243.8758 0001183  82.0036  61.6061 15.08849993    11
STARLINK-5280           
1 54166C 22141K   25222.11715278 -.00025559  00000+0 -16021-2 0  2225
2 54166  53.2143 234.0401 0001430  52.4888  14.6172 15.08878975    19
STARLINK-5245           
1 54168C 22141M   25222.11715278 -.00011002  00000+0 -68988-3 0  2225
2 54168  53.2141 234.0005 0001285  79.7966   7.3883 15.08851412    11
STARLINK-5155           
1 54170C 22141P   25222.11784722 -.00011618  00000+0 -72860-3 0  2225
2 54170  53.2139 233.9577 0001279  74.8713  36.1392 15.08846984    15
STARLINK-5117           
1 54172C 22141R   25222.12062500 -.00000632  00000+0 -39652-4 0  2228
2 54172  53.2136 233.8662 0001220  79.6066  86.5347 15.08836696    16
STARLINK-5256           
1 54175C 22141U   25222.11715278 -.00082029  00000+0 -51427-2 0  2229
2 54175  53.2138 233.9213 0001489  83.4184  43.8901 15.08928340    15
STARLINK-5154           
1 54176C 22141V   25222.12062500 -.00076603  00000+0 -47990-2 0  2225
2 54176  53.2138 233.7478 0000787  82.3754 143.8188 15.08950437    18
STARLINK-5186           
1 54177C 22141W   25222.12131944 -.00016312  00000+0 -10230-2 0  2223
2 54177  53.2140 233.8241 0001335  83.7560 106.1977 15.08852955    15
STARLINK-5122           
1 54179C 22141Y   25222.12270833 -.00013212  00000+0 -82860-3 0  2221
2 54179  53.2140 233.7781 0001216  86.9544 130.5656 15.08845911    19
STARLINK-5444           
1 54768C 22175L   25222.11784722 -.00013854  00000+0 -86843-3 0  2225
2 54768  53.2149 259.2904 0001267  76.5798 291.4257 15.08867170    19
STARLINK-5454           
1 54774C 22175S   25222.10256944 -.00002930  00000+0 -18375-3 0  2229
2 54774  53.2148 258.6523 0000871  80.3874 210.3302 15.08840687    18
STARLINK-5415           
1 54796C 22175AQ  25222.11854167  .00000158  00000+0  98864-5 0  2226
2 54796  53.2153 258.6521 0001106  82.1090 255.3542 15.08840443    13
STARLINK-5420           
1 54798C 22175AS  25222.12340278 -.00007817  00000+0 -49019-3 0  2229
2 54798  53.2139 248.6472 0001174  88.5350 290.3495 15.08844218    17
STARLINK-5422           
1 54804C 22175AY  25222.12062500 -.00006638  00000+0 -41623-3 0  2229
2 54804  53.2145 258.4110 0001267  84.7338  24.2171 15.08844532    11
STARLINK-5417           
1 54805C 22175AZ  25222.11993056  .00004549  00000+0  28543-3 0  2221
2 54805  53.2152 258.6056 0001103  76.0460 289.0386 15.08810930    14
STARLINK-5412           
1 54806C 22175BA  25222.11784722 -.00105900  00000+0 -66372-2 0  2226
2 54806  53.2146 258.4980 0001139  86.2504 327.5204 15.08964995    11
STARLINK-5410           
1 54807C 22175BB  25222.11923611  .00001074  00000+0  67328-4 0  2228
2 54807  53.2150 258.5310 0001242  84.3419 316.9718 15.08837874    11
STARLINK-5413           
1 54808C 22175BC  25222.11923611 -.00000574  00000+0 -36003-4 0  2221
2 54808  53.2141 244.0665 0000853  66.3928 116.9637 15.08835688    16
STARLINK-5414           
1 54809C 22175BD  25222.11923611  .00001478  00000+0  92771-4 0  2228
2 54809  53.2146 258.4527 0001478  69.6027  11.8402 15.08811338    17
STARLINK-5101           
1 54822C 22177C   25222.12131944 -.00012290  00000+0 -90690-3 0  2229
2 54822  43.0016 202.9961 0001164 279.7941 282.5503 15.02544587    14
STARLINK-4801           
1 54825C 22177F   25222.11229167  .00424520  00000+0  63242-2 0  2229
2 54825  43.0005 179.9611 0001464 259.5191 263.6862 15.53796683    16
STARLINK-5107           
1 54826C 22177G   25222.12131944  .00006061  00000+0  44723-3 0  2226
2 54826  43.0017 203.0100 0001281 271.5886 284.7171 15.02526661    12
STARLINK-5383           
1 54827C 22177H   25222.11923611  .00003711  00000+0  27396-3 0  2222
2 54827  43.0009 202.9225 0001245 263.2305 323.9274 15.02515201    12
STARLINK-5381           
1 54828C 22177J   25222.11993056 -.00004504  00000+0 -33221-3 0  2220
2 54828  43.0011 202.8756 0001290 268.6154 340.2520 15.02554954    19
STARLINK-5394           
1 54830C 22177L   25222.11645833 -.00010207  00000+0 -75323-3 0  2226
2 54830  43.0014 202.8171 0001315 265.7700 354.4085 15.02540424    19
STARLINK-5395           
1 54831C 22177M   25222.12131944 -.00005030  00000+0 -37120-3 0  2222
2 54831  43.0002 203.0343 0001262 277.1700 267.1540 15.02535627    14
STARLINK-5393           
1 54832C 22177N   25222.12340278  .00654530  00000+0  31165-1 0  2229
2 54832  43.0007 189.5329 0001545 266.7085 142.8665 15.17715639    12
STARLINK-5391           
1 54833C 22177P   25222.11923611  .00001211  00000+0  89353-4 0  2224
2 54833  43.0015 202.8911 0001250 268.6955 330.4465 15.02532158    18
STARLINK-5386           
1 54834C 22177Q   25222.12270833  .00002502  00000+0  18461-3 0  2222
2 54834  43.0007 202.7737 0001340 269.6834  30.3569 15.02530882    15
STARLINK-5389           
1 54835C 22177R   25222.12201389 -.00008872  00000+0 -65477-3 0  2220
2 54835  43.0015 202.8340 0001291 270.0992   2.1357 15.02537248    17
STARLINK-5384           
1 54836C 22177S   25222.12131944  .00002487  00000+0  18353-3 0  2225
2 54836  43.0012 202.7319 0001213 294.4302  16.1223 15.02530673    11
STARLINK-5369           
1 54837C 22177T   25222.11993056 -.00007117  00000+0 -52517-3 0  2222
2 54837  43.0013 202.7565 0001286 267.6272  29.3838 15.02539144    14
STARLINK-5372           
1 54838C 22177U   25222.12270833 -.00013005  00000+0 -95976-3 0  2224
2 54838  43.0014 202.6411 0000900 279.5903  74.5482 15.02542228    14
STARLINK-5368           
1 54840C 22177W   25222.11854167  .00002628  00000+0  19391-3 0  2228
2 54840  43.0008 202.5509 0001239 266.3113 113.3353 15.02530550    14
STARLINK-4659           
1 54841C 22177X   25222.11854167  .00005984  00000+0  44156-3 0  2224
2 54841  43.0008 202.7097 0001379 275.8443  37.6932 15.02525404    18
STARLINK-5304           
1 54843C 22177Z   25222.11645833 -.00000210  00000+0 -15482-4 0  2224
2 54843  43.0013 202.6341 0001255 267.9329  70.3787 15.02532151    14
STARLINK-5061           
1 54847C 22177AD  25222.11854167  .00001669  00000+0  12317-3 0  2220
2 54847  43.0022 176.7586 0001320 261.8589  24.8503 15.02531973    15
STARLINK-5434           
1 54849C 22177AF  25222.10812500  .00446500  00000+0  65401-2 0  2224
2 54849  43.0005 185.0712 0001371 269.9683 245.9029 15.54235960    15
STARLINK-5086           
1 54856C 22177AN  25222.11993056  .00000282  00000+0  20790-4 0  2226
2 54856  43.0020 189.8209 0001214 270.9615 354.6148 15.02534720    15
STARLINK-5078           
1 54857C 22177AP  25222.12409722 -.00006616  00000+0 -48820-3 0  2222
2 54857  43.0020 189.9470 0001394 278.9771 309.0578 15.02536923    15
STARLINK-5407           
1 54858C 22177AQ  25222.11854167 -.00011659  00000+0 -86050-3 0  2229
2 54858  43.0009 190.0014 0001153 274.3256 271.6072 15.02539180    12
STARLINK-5409           
1 54859C 22177AR  25222.11715278  .00003517  00000+0  25950-3 0  2223
2 54859  43.0019 189.8789 0001188 260.4045 332.0618 15.02533453    14
STARLINK-5406           
1 54860C 22177AS  25222.11784722  .00003473  00000+0  25629-3 0  2229
2 54860  43.0017 189.8014 0001314 273.7320 352.5993 15.02527195    18
STARLINK-5400           
1 54861C 22177AT  25222.11854167 -.00012258  00000+0 -90465-3 0  2224
2 54861  43.0018 190.0135 0001331 266.9702 272.9506 15.02539981    16
STARLINK-5405           
1 54863C 22177AV  25222.11993056 -.00010194  00000+0 -75230-3 0  2227
2 54863  43.0014 189.9081 0001232 270.6180 318.8865 15.02540862    11
STARLINK-5359           
1 54864C 22177AW  25222.11993056 -.00002155  00000+0 -15901-3 0  2225
2 54864  43.0009 189.7492 0001270 264.6850  30.9402 15.02530780    16
STARLINK-5411           
1 54865C 22177AX  25222.11993056  .00001755  00000+0  12953-3 0  2223
2 54865  43.0018 189.9488 0001266 270.0008 301.4892 15.02530238    12
STARLINK-5398           
1 54866C 22177AY  25222.11715278 -.00003426  00000+0 -25271-3 0  2228
2 54866  43.0009 189.6365 0001206 265.3412  69.2516 15.02554831    11
STARLINK-5396           
1 54867C 22177AZ  25222.11784722 -.00003744  00000+0 -27623-3 0  2225
2 54867  43.0012 189.7905 0001345 262.6259   9.6833 15.02543779    19
STARLINK-5379           
1 54868C 22177BA  25222.11854167 -.00002218  00000+0 -16357-3 0  2224
2 54868  43.0017 189.5690 0001485 277.5716  88.5604 15.02557481    19
STARLINK-5402           
1 54869C 22177BB  25222.12201389  .00002793  00000+0  20609-3 0  2229
2 54869  43.0016 189.6811 0001118 297.2738  33.6736 15.02532073    18
STARLINK-5401           
1 54870C 22177BC  25222.12062500  .00001224  00000+0  90316-4 0  2222
2 54870  43.0020 189.5853 0001312 270.6131  94.8868 15.02534714    17
STARLINK-5397           
1 54871C 22177BD  25222.12201389 -.00000956  00000+0 -70530-4 0  2222
2 54871  43.0020 189.6931 0001195 275.2504  49.6923 15.02536837    18
STARLINK-5390           
1 54872C 22177BE  25222.11923611 -.00037037  00000+0 -27314-2 0  2221
2 54872  43.0020 189.5186 0001245 270.2068 129.8612 15.02592094    19
STARLINK-5091           
1 54873C 22177BF  25222.12270833  .00005674  00000+0  41872-3 0  2220
2 54873  43.0020 189.5036 0001251 269.3362 137.5056 15.02526806    13
STARLINK-4786           
1 55393C 23014C   25222.11784722  .00008198  00000+0  68778-3 0  2223
2 55393  69.9990 237.8026 0002880 272.2483 201.4075 14.98282094    10
STARLINK-5283           
1 55396C 23014F   25222.12062500 -.00008321  00000+0 -69730-3 0  2229
2 55396  69.9989 237.7605 0003687 269.4132 241.7345 14.98337094    16
STARLINK-5276           
1 55399C 23014J   25222.11923611 -.00011554  00000+0 -96826-3 0  2228
2 55399  69.9988 237.8128 0003769 266.9745 191.6653 14.98341113    14
STARLINK-5633           
1 55410C 23014V   25222.10395833 -.00011406  00000+0 -95578-3 0  2229
2 55410  69.9990 257.7733 0003767 269.4653  60.5668 14.98345151    14
STARLINK-5060           
1 55413C 23014Y   25222.12270833 -.00005254  00000+0 -44023-3 0  2229
2 55413  69.9990 257.6994 0003890 269.8616 183.7846 14.98336684    12
STARLINK-5620           
1 55414C 23014Z   25222.10326389 -.00007314  00000+0 -61284-3 0  2223
2 55414  69.9991 257.8510 0003553 269.7442 349.0192 14.98340661    13
STARLINK-5624           
1 55416C 23014AB  25222.10187500 -.00000964  00000+0 -80809-4 0  2224
2 55416  69.9991 257.9056 0003551 272.1449 294.2130 14.98317039    10
STARLINK-5629           
1 55419C 23014AE  25222.10465278 -.00008060  00000+0 -67533-3 0  2221
2 55419  69.9990 257.8736 0004379 268.9679 334.7731 14.98341706    18
STARLINK-5006           
1 55422C 23014AH  25222.11854167 -.00003159  00000+0 -26466-3 0  2229
2 55422  69.9991 257.7577 0003927 263.5528 122.5005 14.98337423    15
STARLINK-5859           
1 55915C 23037B   25222.10534722 -.00001257  00000+0 -10541-3 0  2226
2 55915  70.0018 117.9882 0002949 268.5189  55.2048 14.98317222    16
STARLINK-5871           
1 55919C 23037F   25222.10604167  .00007502  00000+0  62878-3 0  2228
2 55919  70.0017 117.9867 0003061 271.2418  55.3124 14.98317532    14
STARLINK-5921           
1 55926C 23037N   25222.09701389  .00005064  00000+0  42451-3 0  2224
2 55926  70.0012  98.0807 0002960 270.0706  54.9456 14.98314733    17
STARLINK-5896           
1 55930C 23037S   25222.10048611  .00010763  00000+0  90187-3 0  2224
2 55930  70.0011  97.8978 0003165 269.4401 231.7946 14.98326354    10
STARLINK-5852           
1 55933C 23037V   25222.10256944  .00002561  00000+0  21467-3 0  2229
2 55933  70.0012  98.0436 0003013 271.1221 106.3644 14.98319638    17
STARLINK-5927           
1 55934C 23037W   25222.10256944  .00011410  00000+0  95631-3 0  2227
2 55934  70.0011  97.8898 0003116 270.7841 240.8388 14.98315333    10
STARLINK-5920           
1 55935C 23037X   25222.09909722  .00001288  00000+0  10794-3 0  2224
2 55935  70.0012  98.0249 0003083 270.1983 111.0768 14.98321117    17
STARLINK-5913           
1 55937C 23037Z   25222.10118056  .00005207  00000+0  43640-3 0  2221
2 55937  70.0011  97.9942 0002891 271.1466 143.8475 14.98321388    17
STARLINK-5909           
1 55938C 23037AA  25222.10256944  .00001502  00000+0  12589-3 0  2223
2 55938  70.0012  97.9652 0003096 271.0114 174.0020 14.98318045    12
STARLINK-5918           
1 55939C 23037AB  25222.10187500  .00007271  00000+0  60935-3 0  2222
2 55939  70.0011  97.9161 0003096 269.9834 216.2737 14.98322455    16
STARLINK-5864           
1 55940C 23037AC  25222.10187500  .00006298  00000+0  52784-3 0  2225
2 55940  70.0012  97.9415 0003097 271.0705 192.6785 14.98320107    15
STARLINK-6109           
1 56094C 23046B   25222.10118056 -.00000651  00000+0 -48040-4 0  2226
2 56094  43.0009 228.9024 0001360 275.8295 342.4105 15.02532511    12
STARLINK-6090           
1 56095C 23046C   25222.10465278  .00005462  00000+0  40317-3 0  2229
2 56095  43.0009 228.9711 0001388 274.5876 326.3951 15.02518647    11
STARLINK-6089           
1 56096C 23046D   25222.10534722  .00006172  00000+0  45552-3 0  2226
2 56096  43.0009 228.8528 0001428 270.0461  22.7791 15.02520239    12
STARLINK-6077           
1 56097C 23046E   25222.09979167 -.00022414  00000+0 -16542-2 0  2226
2 56097  43.0017 176.8249 0001398 266.9029 356.2937 15.02548873    15
STARLINK-6088           
1 56098C 23046F   25222.10534722  .00012165  00000+0  89839-3 0  2223
2 56098  43.0008 228.9238 0001382 268.8890 353.8714 15.02489949    17
STARLINK-6066           
1 56105C 23046N   25222.10604167  .00005841  00000+0  43102-3 0  2229
2 56105  43.0011 228.5008 0001436 279.6277 161.1977 15.02528857    13
STARLINK-6030           
1 56107C 23046Q   25222.10118056  .00000632  00000+0  46614-4 0  2223
2 56107  43.0011 228.4531 0001329 270.1541 174.3807 15.02539585    14
STARLINK-6083           
1 56109C 23046S   25222.10326389  .00004817  00000+0  35543-3 0  2222
2 56109  43.0012 228.4862 0001495 276.3441 161.4587 15.02531366    16
STARLINK-6084           
1 56111C 23046U   25222.09909722  .00004931  00000+0  36385-3 0  2223
2 56111  43.0008 228.3218 0001312 296.7365 196.6529 15.02528785    14
STARLINK-6080           
1 56112C 23046V   25222.10048611  .00006031  00000+0  44508-3 0  2226
2 56112  43.0009 228.3857 0001353 267.3990 203.4682 15.02525798    16
STARLINK-6113           
1 56113C 23046W   25222.08798611  .00005739  00000+0  42347-3 0  2229
2 56113  43.0009 228.3270 0001453 273.4742 183.7791 15.02528396    18
STARLINK-6101           
1 56115C 23046Y   25222.08937500  .00006364  00000+0  46962-3 0  2225
2 56115  43.0011 228.2629 0001431 272.9109 215.9148 15.02523106    15
STARLINK-6114           
1 56116C 23046Z   25222.10534722  .00002863  00000+0  21118-3 0  2224
2 56116  43.0010 228.3187 0001311 275.1951 239.9358 15.02547709    16
STARLINK-6107           
1 56117C 23046AA  25222.09840278  .00006662  00000+0  49167-3 0  2224
2 56117  43.0010 215.9440 0001387 271.8161 329.9675 15.02522400    13
STARLINK-6091           
1 56119C 23046AC  25222.10534722  .00005656  00000+0  41744-3 0  2227
2 56119  43.0009 216.0359 0001400 268.5349 316.7568 15.02522576    10
STARLINK-6079           
1 56120C 23046AD  25222.10326389  .00010549  00000+0  77922-3 0  2221
2 56120  43.0014 216.1448 0001658 265.9609 265.9707 15.02484106    19
STARLINK-6092           
1 56121C 23046AE  25222.10465278  .00003807  00000+0  28089-3 0  2222
2 56121  43.0009 216.0828 0001407 282.2114 281.2848 15.02530589    14
STARLINK-6094           
1 56122C 23046AF  25222.09215278  .00005200  00000+0  38362-3 0  2228
2 56122  43.0007 228.3179 0001635 271.8268 201.9533 15.02534235    17
STARLINK-6115           
1 56123C 23046AG  25222.09840278  .00006398  00000+0  47213-3 0  2227
2 56123  43.0011 215.9574 0001380 272.2217 323.5456 15.02525778    17
STARLINK-6126           
1 56124C 23046AH  25222.10048611  .00006827  00000+0  50422-3 0  2224
2 56124  43.0008 216.1184 0001281 258.0140 277.0266 15.02495271    17
STARLINK-6119           
1 56125C 23046AJ  25222.09979167 -.00007242  00000+0 -53443-3 0  2222
2 56125  43.0013 215.9884 0001303 269.7629 315.4950 15.02539490    13
STARLINK-6124           
1 56126C 23046AK  25222.10187500 -.00003840  00000+0 -28338-3 0  2222
2 56126  43.0008 215.8928 0001326 267.4113   5.1933 15.02532880    14
STARLINK-6122           
1 56128C 23046AM  25222.09979167 -.00007117  00000+0 -52520-3 0  2221
2 56128  43.0011 216.0165 0001321 267.6715 305.5637 15.02537907    14
STARLINK-6121           
1 56129C 23046AN  25222.10534722 -.00012784  00000+0 -94359-3 0  2220
2 56129  43.0026 163.9342 0001393 266.7856  43.0128 15.02536177    10
STARLINK-5090           
1 56137C 23046AW  25222.12340278 -.00002678  00000+0 -19761-3 0  2227
2 56137  43.0011 215.2959 0001315 268.2619 319.2593 15.02537656    13
STARLINK-5377           
1 56141C 23046BA  25222.12270833 -.00001515  00000+0 -11183-3 0  2220
2 56141  43.0010 215.2853 0001374 273.1330 316.6586 15.02532399    12
STARLINK-5016           
1 56143C 23046BC  25222.12409722  .00005579  00000+0  41177-3 0  2221
2 56143  43.0012 215.2081 0001376 267.9127 359.4553 15.02519896    12
STARLINK-5374           
1 56144C 23046BD  25222.12201389  .00004843  00000+0  35739-3 0  2221
2 56144  43.0012 215.3936 0001335 271.2454 272.7172 15.02525993    18
STARLINK-5111           
1 56146C 23046BF  25222.12062500  .00004750  00000+0  35047-3 0  2222
2 56146  43.0007 215.2567 0000697 287.9203 308.6084 15.02529307    13
STARLINK-6287           
1 56404C 23061AG  25222.10256944  .00007368  00000+0  54380-3 0  2220
2 56404  43.0014 254.2771 0001467 267.2655 151.7429 15.02516788    15
STARLINK-6283           
1 56406C 23061AJ  25222.09979167 -.00006941  00000+0 -51211-3 0  2227
2 56406  43.0012 254.1747 0001384 271.0811 180.9430 15.02544882    14
STARLINK-6282           
1 56407C 23061AK  25222.09840278  .00007424  00000+0  54784-3 0  2221
2 56407  43.0013 254.3298 0001424 273.6867 110.7338 15.02524259    17
STARLINK-6241           
1 56409C 23061AM  25222.09909722  .00007380  00000+0  54458-3 0  2222
2 56409  43.0014 254.2535 0001212 272.5419 145.6820 15.02525743    11
STARLINK-6279           
1 56411C 23061AP  25222.10187500 -.00012059  00000+0 -88991-3 0  2229
2 56411  43.0010 254.2102 0001373 268.7106 176.5824 15.02543990    19
STARLINK-6236           
1 56422C 23061BA  25222.09909722  .00006508  00000+0  48026-3 0  2222
2 56422  43.0009 241.2760 0001476 271.9238 132.8979 15.02522175    19
STARLINK-6242           
1 56424C 23061BC  25222.10326389 -.00004511  00000+0 -33287-3 0  2225
2 56424  43.0010 241.1644 0001375 270.2020 193.2256 15.02540220    12
STARLINK-6224           
1 56425C 23061BD  25222.10118056  .00001107  00000+0  81649-4 0  2228
2 56425  43.0009 241.2179 0001310 279.9197 154.2081 15.02531061    11
STARLINK-5352           
1 56426C 23061BE  25222.11854167  .00006689  00000+0  49358-3 0  2220
2 56426  43.0010 241.6671 0001535 272.7845  20.9454 15.02529318    10
STARLINK-5724           
1 56427C 23061BF  25222.10118056  .00007241  00000+0  53431-3 0  2222
2 56427  43.0010 241.6374 0001569 272.2502 341.5582 15.02527741    15
STARLINK-6238           
1 56428C 23061BG  25222.10256944 -.00002785  00000+0 -20550-3 0  2228
2 56428  43.0012 241.0793 0001495 282.5868 213.1570 15.02538216    14
STARLINK-6264           
1 56429C 23061BH  25222.10118056  .00004707  00000+0  34718-3 0  2225
2 56429  43.0010 241.0429 0001781 268.9695 237.2106 15.02543607    15
STARLINK-5841           
1 56493C 23064AX  25222.10465278 -.00002337  00000+0 -19587-3 0  2226
2 56493  69.9991 257.9519 0003876 269.7659  18.9431 14.98333865    15
STARLINK-6318           
1 56530C 23065AD  25222.10256944  .00003843  00000+0  28347-3 0  2222
2 56530  43.0013 254.1669 0001500 281.7879 119.2047 15.02545260    18
STARLINK-30151          
1 56827C 23079E   25222.09701389 -.00007878  00000+0 -58142-3 0  2222
2 56827  43.0018 177.0746 0001240 265.3730 168.6237 15.02532834    18
STARLINK-30152          
1 56828C 23079F   25222.09840278 -.00008203  00000+0 -60538-3 0  2229
2 56828  43.0021 177.0294 0000740 293.2711 166.2605 15.02538116    16
STARLINK-30128          
1 56832C 23079K   25222.09631944 -.00006530  00000+0 -48191-3 0  2224
2 56832  43.0016 151.1146 0001002 259.7816 341.6254 15.02532887    17
STARLINK-30131          
1 56833C 23079L   25222.10256944 -.00012825  00000+0 -94665-3 0  2221
2 56833  43.0017 151.0989 0001214 262.8158  72.4465 15.02533675    11
STARLINK-30069          
1 56834C 23079M   25222.10881944  .00008522  00000+0  62771-3 0  2226
2 56834  43.0018 176.9260 0001285 275.5933 259.2280 15.02594771    15
STARLINK-30144          
1 56835C 23079N   25222.10187500  .00006806  00000+0  50209-3 0  2220
2 56835  43.0022 176.9272 0000999 254.4197 259.9049 15.02535453    15
STARLINK-30142          
1 56836C 23079P   25222.10256944  .00002660  00000+0  19624-3 0  2220
2 56836  43.0019 176.8761 0001155 267.2668 268.8789 15.02536586    12
STARLINK-30133          
1 56837C 23079Q   25222.09840278  .00006335  00000+0  46754-3 0  2225
2 56837  43.0018 176.8463 0001170 265.0810 266.5970 15.02522620    14
STARLINK-30076          
1 56839C 23079S   25222.09770833 -.00017832  00000+0 -13162-2 0  2228
2 56839  43.0019 176.8027 0001247 265.8631 280.0953 15.02541425    13
STARLINK-30078          
1 56841C 23079U   25222.10118056 -.00015944  00000+0 -57773-3 0  2225
2 56841  43.0028 174.2996 0001668 263.2893 279.7700 15.27579700    11
STARLINK-30136          
1 56844C 23079X   25222.09631944 -.00012583  00000+0 -92867-3 0  2221
2 56844  43.0011 177.3639 0001236 264.6148   3.4008 15.02540042    16
STARLINK-6206           
1 56876C 23083A   25222.10187500  .00012701  00000+0  93734-3 0  2221
2 56876  43.0024 151.8886 0001407 262.8306 236.0607 15.02515514    17
STARLINK-6209           
1 56877C 23083B   25222.09840278 -.00004785  00000+0 -35302-3 0  2220
2 56877  43.0021 151.8054 0001221 247.3575 274.7939 15.02542465    14
STARLINK-6182           
1 56878C 23083C   25222.09909722 -.00002947  00000+0 -21747-3 0  2227
2 56878  43.0027 151.8879 0001174 266.7087 223.1097 15.02538956    19
STARLINK-5707           
1 56879C 23083D   25222.10326389 -.00001765  00000+0 -13022-3 0  2226
2 56879  43.0026 151.8223 0001324 261.7392 268.7184 15.02536066    15
STARLINK-6177           
1 56880C 23083E   25222.10256944 -.00013283  00000+0 -98040-3 0  2228
2 56880  43.0024 151.6076 0001253 264.7205 352.1573 15.02536959    17
STARLINK-5853           
1 56881C 23083F   25222.10256944 -.00003340  00000+0 -24657-3 0  2225
2 56881  43.0026 151.7952 0001259 267.2334 271.5030 15.02524303    13
STARLINK-6175           
1 56882C 23083G   25222.09909722  .00012922  00000+0  95368-3 0  2224
2 56882  43.0018 151.6433 0001343 261.7180 330.3279 15.02514435    14
STARLINK-6171           
1 56883C 23083H   25222.10326389 -.00000985  00000+0 -72686-4 0  2226
2 56883  43.0026 151.7449 0001316 266.5838 293.9294 15.02526439    13
STARLINK-5515           
1 56884C 23083J   25222.10534722  .00001417  00000+0  10457-3 0  2225
2 56884  43.0019 151.5222 0001421 261.9982  39.9646 15.02529877    17
STARLINK-5095           
1 56885C 23083K   25222.11854167  .00003611  00000+0  26653-3 0  2228
2 56885  43.0024 151.6200 0001284 262.4084  38.8738 15.02523975    10
STARLINK-5496           
1 56886C 23083L   25222.09979167  .00012043  00000+0  88867-3 0  2228
2 56886  43.0024 151.5371 0001350 263.9751  13.8958 15.02519561    13
STARLINK-6180           
1 56887C 23083M   25222.10326389  .00009908  00000+0  73115-3 0  2229
2 56887  43.0018 151.5761 0001377 262.5597  10.0733 15.02521726    18
STARLINK-6169           
1 56889C 23083P   25222.10048611 -.00024192  00000+0 -17844-2 0  2220
2 56889  43.0020 151.4902 0001285 266.6057  33.0266 15.02573556    17
STARLINK-6213           
1 56891C 23083R   25222.09840278  .00012277  00000+0  90603-3 0  2224
2 56891  43.0018 151.4584 0001284 261.4532  44.9659 15.02517110    14
STARLINK-5951           
1 56918C 23083AU  25222.10048611  .00010117  00000+0  74658-3 0  2220
2 56918  43.0031 138.4463 0001405 262.9872  53.3146 15.02521605    17
STARLINK-5952           
1 56923C 23083AZ  25222.10465278  .00003428  00000+0  25299-3 0  2222
2 56923  43.0031 138.3807 0001491 264.2191  92.6805 15.02529721    13
STARLINK-5850           
1 57049C 23088B   25222.10465278  .00009417  00000+0  69491-3 0  2223
2 57049  43.0017 177.5896 0001252 267.6600 213.2752 15.02521977    14
STARLINK-5845           
1 57050C 23088C   25222.10118056  .00008955  00000+0  66081-3 0  2222
2 57050  43.0019 177.3790 0000847 254.6496 303.6410 15.02522473    14
STARLINK-5839           
1 57051C 23088D   25222.10534722  .00003539  00000+0  26115-3 0  2222
2 57051  43.0018 177.3971 0001145 278.3662 284.4702 15.02529211    12
STARLINK-5860           
1 57052C 23088E   25222.10187500  .00003871  00000+0  28565-3 0  2221
2 57052  43.0012 177.4612 0001130 269.5132 256.4873 15.02528551    12
STARLINK-5865           
1 57053C 23088F   25222.09979167  .00008722  00000+0  64369-3 0  2220
2 57053  43.0014 177.2563 0001294 263.0909 341.6855 15.02518455    19
STARLINK-5881           
1 57054C 23088G   25222.09979167 -.00006359  00000+0 -46911-3 0  2220
2 57054  43.0023 177.1137 0001241 270.9163  34.0236 15.02547622    11
STARLINK-6237           
1 57055C 23088H   25222.09840278 -.00009379  00000+0 -69205-3 0  2227
2 57055  43.0021 177.3631 0001323 266.3920 288.8796 15.02543113    13
STARLINK-6353           
1 57056C 23088J   25222.10187500 -.00008130  00000+0 -59987-3 0  2222
2 57056  43.0022 177.1134 0001294 266.4059  43.8318 15.02543164    17
STARLINK-6217           
1 57058C 23088L   25222.10326389  .00005791  00000+0  42713-3 0  2221
2 57058  43.0022 177.1494 0001258 265.8967  33.7536 15.02541717    11
STARLINK-6211           
1 57059C 23088M   25222.09909722  .00001546  00000+0  11411-3 0  2223
2 57059  43.0022 177.5055 0001146 271.2435 221.6968 15.02531831    19
STARLINK-6227           
1 57060C 23088N   25222.10118056  .00003995  00000+0  29482-3 0  2226
2 57060  43.0019 177.5391 0001189 266.8811 219.3070 15.02528763    13
STARLINK-5822           
1 57064C 23088S   25222.10604167  .00001876  00000+0  13840-3 0  2220
2 57064  43.0018 177.2977 0001301 263.7978 338.8803 15.02530192    19
STARLINK-5830           
1 57065C 23088T   25222.10256944  .00003173  00000+0  23413-3 0  2226
2 57065  43.0015 177.5660 0001248 268.6117 207.0531 15.02527275    11
STARLINK-5824           
1 57067C 23088V   25222.10256944  .00009532  00000+0  70381-3 0  2229
2 57067  43.0012 177.2672 0001222 264.6649 337.3644 15.02498748    12
STARLINK-5821           
1 57069C 23088X   25222.10256944  .00025486  00000+0  18826-2 0  2222
2 57069  43.0021 164.4916 0001117 263.5736 246.7652 15.02468639    19
STARLINK-5834           
1 57071C 23088Z   25222.10326389  .00010090  00000+0  74466-3 0  2224
2 57071  43.0025 164.5881 0001195 262.3005 209.7228 15.02519509    11
STARLINK-5773           
1 57074C 23088AC  25222.10256944 -.00000847  00000+0 -62507-4 0  2221
2 57074  43.0013 176.7608 0001168 265.0963 193.1737 15.02530956    16
STARLINK-5542           
1 57075C 23088AD  25222.10326389 -.00013349  00000+0 -98524-3 0  2221
2 57075  43.0018 164.4306 0001408 268.5250 269.6293 15.02537637    14
STARLINK-6194           
1 57077C 23088AF  25222.10187500 -.00007533  00000+0 -55598-3 0  2225
2 57077  43.0020 164.5103 0001173 265.4288 235.1316 15.02535814    10
STARLINK-6245           
1 57079C 23088AH  25222.10326389 -.00005140  00000+0 -37935-3 0  2224
2 57079  43.0018 164.3587 0001199 265.7802 302.4344 15.02529379    14
STARLINK-6243           
1 57080C 23088AJ  25222.09979167 -.00013243  00000+0 -97737-3 0  2221
2 57080  43.0027 164.5646 0001308 265.3935 205.8730 15.02539352    16
STARLINK-6184           
1 57081C 23088AK  25222.10256944 -.00010684  00000+0 -78851-3 0  2227
2 57081  43.0027 164.3176 0001264 267.7052 314.7747 15.02536341    13
STARLINK-6248           
1 57082C 23088AL  25222.10118056  .00004951  00000+0  36537-3 0  2222
2 57082  43.0028 164.4124 0001340 262.6060 276.2887 15.02525628    10
STARLINK-6253           
1 57083C 23088AM  25222.09909722  .00003526  00000+0  26020-3 0  2222
2 57083  43.0021 164.2354 0001010 266.0089 339.7169 15.02525926    19
STARLINK-6240           
1 57084C 23088AN  25222.10048611  .00003934  00000+0  29029-3 0  2221
2 57084  43.0026 164.3414 0001159 263.3952 301.7850 15.02528569    18
STARLINK-6232           
1 57085C 23088AP  25222.10256944 -.00001616  00000+0 -11922-3 0  2222
2 57085  43.0026 164.1566 0001298 269.0585  19.5034 15.02535144    19
STARLINK-6247           
1 57086C 23088AQ  25222.10118056 -.00010499  00000+0 -77490-3 0  2225
2 57086  43.0026 164.2942 0001135 264.0256 322.9610 15.02534507    12
STARLINK-6251           
1 57087C 23088AR  25222.10465278 -.00014275  00000+0 -10532-2 0  2226
2 57087  43.0028 164.1037 0001275 269.9565  47.8900 15.02553757    14
STARLINK-6257           
1 57088C 23088AS  25222.10256944 -.00001812  00000+0 -13369-3 0  2220
2 57088  43.0028 164.2437 0001293 268.0727 344.4450 15.02532878    17
STARLINK-6254           
1 57090C 23088AU  25222.09840278  .00003408  00000+0  25146-3 0  2227
2 57090  43.0027 164.1228 0001316 261.7559  28.3087 15.02529309    14
STARLINK-6225           
1 57092C 23088AW  25222.09979167 -.00013171  00000+0 -97182-3 0  2228
2 57092  43.0027 164.0690 0001369 268.9651  46.6142 15.02550367    11
STARLINK-30254          
1 57533C 23115N   25222.10118056 -.00021578  00000+0 -78177-3 0  2226
2 57533  43.0008 218.0963 0001534 264.0954 336.9974 15.27590674    10
STARLINK-30255          
1 57606C 23119E   25222.10048611 -.00006624  00000+0 -48897-3 0  2221
2 57606  43.0022 151.1464 0001318 266.8235 303.1449 15.02525304    16
STARLINK-30258          
1 57608C 23119G   25222.10187500  .00001430  00000+0  10554-3 0  2221
2 57608  43.0019 151.3576 0001417 268.4943 218.7977 15.02526894    16
STARLINK-30174          
1 57609C 23119H   25222.10187500 -.00009085  00000+0 -67065-3 0  2227
2 57609  43.0018 151.2569 0001404 272.5564 256.8468 15.02529001    19
STARLINK-30248          
1 57610C 23119J   25222.09840278 -.00005015  00000+0 -37015-3 0  2226
2 57610  43.0026 151.3188 0001431 267.9984 224.5628 15.02524762    11
STARLINK-30052          
1 57611C 23119K   25222.09909722 -.00005843  00000+0 -43113-3 0  2222
2 57611  43.0016 151.2298 0001331 263.4617 268.8924 15.02540064    18
STARLINK-30245          
1 57612C 23119L   25222.10256944 -.00002939  00000+0 -21693-3 0  2228
2 57612  43.0017 151.1672 0001271 264.4625 304.7407 15.02525129    19
STARLINK-30041          
1 57613C 23119M   25222.10326389 -.00020043  00000+0 -14796-2 0  2221
2 57613  43.0015 151.1203 0001249 264.8160 326.2002 15.02538778    15
STARLINK-30244          
1 57614C 23119N   25222.10118056  .00031546  00000+0  23296-2 0  2225
2 57614  43.0020 151.0889 0001093 266.3997 331.3059 15.02473410    13
STARLINK-30246          
1 57615C 23119P   25222.10326389  .00001377  00000+0  10161-3 0  2223
2 57615  43.0016 151.0208 0001337 262.7308   4.3244 15.02530925    19
STARLINK-30075          
1 57616C 23119Q   25222.09840278 -.00006087  00000+0 -44917-3 0  2221
2 57616  43.0018 151.8804 0001138 261.2919 356.8243 15.02539503    18
STARLINK-30148          
1 57617C 23119R   25222.10395833 -.00003415  00000+0 -25196-3 0  2226
2 57617  43.0021 151.8082 0001248 263.8249  42.4065 15.02535787    17
STARLINK-30249          
1 57618C 23119S   25222.10048611 -.00004026  00000+0 -29713-3 0  2224
2 57618  43.0015 151.7827 0001142 264.2499  41.2077 15.02530369    13
STARLINK-30309          
1 57632C 23122A   25222.09076389 -.00002291  00000+0 -16906-3 0  2227
2 57632  43.0015 164.8070 0001018 264.1368 224.1010 15.02535289    15
STARLINK-30306          
1 57633C 23122B   25222.09770833 -.00000058  00000+0 -42651-5 0  2220
2 57633  43.0023 164.7238 0001210 266.6933 277.1724 15.02533822    10
STARLINK-30323          
1 57634C 23122C   25222.09493056 -.00011040  00000+0 -81476-3 0  2229
2 57634  43.0021 151.0845 0001230 264.4532 293.4510 15.02539969    17
STARLINK-30329          
1 57635C 23122D   25222.10187500 -.00009602  00000+0 -70877-3 0  2220
2 57635  43.0023 164.6576 0000732 267.5504 316.9424 15.02531992    13
STARLINK-30330          
1 57636C 23122E   25222.09840278 -.00013416  00000+0 -99024-3 0  2220
2 57636  43.0020 164.6352 0001088 265.9116 317.7872 15.02538129    14
STARLINK-30311          
1 57637C 23122F   25222.09770833 -.00004815  00000+0 -35529-3 0  2223
2 57637  43.0016 164.5540 0001391 263.1546 352.8430 15.02539121    15
STARLINK-30328          
1 57638C 23122G   25222.09979167  .00000328  00000+0  24204-4 0  2227
2 57638  43.0018 151.0857 0000810 255.8401 292.3157 15.02541641    17
STARLINK-30326          
1 57639C 23122H   25222.10118056 -.00001195  00000+0 -88165-4 0  2223
2 57639  43.0011 164.0562 0001274 267.5294 205.6356 15.02532652    13
STARLINK-30324          
1 57640C 23122J   25222.10048611  .00006147  00000+0  45373-3 0  2227
2 57640  43.0017 164.4524 0001136 260.9139  46.2042 15.02513675    10
STARLINK-30243          
1 57648C 23122S   25222.09979167  .00000716  00000+0  52799-4 0  2229
2 57648  43.0012 163.9848 0001060 265.1113 236.5682 15.02533885    10
STARLINK-30294          
1 57651C 23122V   25222.10187500 -.00013953  00000+0 -10295-2 0  2229
2 57651  43.0019 151.3003 0001308 255.3115 238.0132 15.02552120    13
STARLINK-30276          
1 57652C 23122W   25222.10187500 -.00001397  00000+0 -10305-3 0  2222
2 57652  43.0013 164.0134 0000988 271.2898 223.6411 15.02536763    17
STARLINK-30288          
1 57698C 23129A   25222.10048611 -.00001481  00000+0 -10928-3 0  2223
2 57698  43.0018 189.7614 0001284 262.3688 282.0277 15.02537777    12
STARLINK-30347          
1 57699C 23129B   25222.09840278 -.00005897  00000+0 -43519-3 0  2228
2 57699  43.0017 177.6376 0001057 268.2589 352.8363 15.02533717    18
STARLINK-30332          
1 57700C 23129C   25222.09840278 -.00004433  00000+0 -32708-3 0  2224
2 57700  43.0017 189.7314 0001229 276.6024 274.5466 15.02542140    19
STARLINK-30345          
1 57701C 23129D   25222.09979167 -.00022840  00000+0 -16856-2 0  2222
2 57701  43.0016 190.4127 0001054 290.8436 339.3175 15.02552074    15
STARLINK-30336          
1 57703C 23129F   25222.10048611 -.00001722  00000+0 -12704-3 0  2222
2 57703  43.0018 190.3685 0001294 266.1141  25.8407 15.02537445    12
STARLINK-30327          
1 57707C 23129K   25222.10673611  .00038806  00000+0  26991-2 0  2223
2 57707  43.0018 177.0605 0002116 151.5418  54.4076 15.04710214    17
STARLINK-30348          
1 57712C 23129Q   25222.10187500  .00008704  00000+0  64216-3 0  2223
2 57712  43.0014 190.0122 0001106 268.1361 175.5140 15.02531870    12
STARLINK-30349          
1 57713C 23129R   25222.10048611 -.00014432  00000+0 -10651-2 0  2223
2 57713  43.0014 189.9375 0001219 268.5189 203.7593 15.02542522    19
STARLINK-30341          
1 57714C 23129S   25222.09979167 -.00005193  00000+0 -38309-3 0  2226
2 57714  43.0017 189.6371 0001395 271.1310 323.5661 15.02549385    18
STARLINK-30281          
1 57716C 23129U   25222.09701389 -.00018186  00000+0 -13420-2 0  2229
2 57716  43.0016 189.8230 0001217 274.6899 232.8670 15.02549851    18
STARLINK-30325          
1 57717C 23129V   25222.10187500 -.00011978  00000+0 -88339-3 0  2229
2 57717  43.0014 189.9690 0001379 255.8884 205.7936 15.02564545    13
STARLINK-30338          
1 57718C 23129W   25222.09979167  .00001443  00000+0  10649-3 0  2229
2 57718  43.0012 189.8562 0000912 267.5056 237.0613 15.02533760    17
STARLINK-30334          
1 57719C 23129X   25222.10118056 -.00013391  00000+0 -98806-3 0  2222
2 57719  43.0011 189.8910 0001231 256.9541 237.0798 15.02550519    15
STARLINK-30310          
1 57733C 23131B   25222.09840278  .00005686  00000+0  41952-3 0  2223
2 57733  43.0012 241.1213 0001553 272.7010 314.4605 15.02533625    10
STARLINK-30365          
1 57734C 23131C   25222.09770833  .00032939  00000+0  24326-2 0  2229
2 57734  43.0012 241.5689 0002002 275.9322 109.1296 15.02469320    18
STARLINK-30371          
1 57735C 23131D   25222.10256944  .00007468  00000+0  55110-3 0  2229
2 57735  43.0013 241.2710 0001619 274.3599 263.2560 15.02525327    10
STARLINK-30352          
1 57736C 23131E   25222.09840278  .00008729  00000+0  64391-3 0  2229
2 57736  43.0007 241.1676 0001485 275.6729 293.4017 15.02535256    18
STARLINK-30344          
1 57737C 23131F   25222.09701389  .00008707  00000+0  64256-3 0  2225
2 57737  43.0011 241.4680 0001445 274.7690 166.6521 15.02519392    19
STARLINK-30242          
1 57739C 23131H   25222.09909722  .00000681  00000+0  50280-4 0  2224
2 57739  43.0013 216.1532 0001417 258.3176   5.1508 15.02515977    11
STARLINK-30364          
1 57741C 23131K   25222.10187500 -.00011315  00000+0 -83503-3 0  2222
2 57741  43.0012 241.4947 0001435 273.4406 170.2568 15.02540937    12
STARLINK-30361          
1 57743C 23131M   25222.10326389  .00008135  00000+0  60018-3 0  2224
2 57743  43.0006 241.4443 0001493 273.0188 196.1585 15.02531061    19
STARLINK-30362          
1 57745C 23131P   25222.09701389 -.00006663  00000+0 -49166-3 0  2228
2 57745  43.0010 241.4340 0001389 271.8312 181.6033 15.02538688    10
STARLINK-30307          
1 57747C 23131R   25222.09701389 -.00009426  00000+0 -69561-3 0  2221
2 57747  43.0013 241.4473 0001441 272.6237 174.7981 15.02539439    16
STARLINK-30356          
1 57748C 23131S   25222.09840278 -.00015780  00000+0 -11645-2 0  2222
2 57748  43.0013 241.3390 0001450 272.7517 224.2657 15.02545889    13
STARLINK-30366          
1 57749C 23131T   25222.10256944  .00007229  00000+0  53342-3 0  2224
2 57749  43.0012 241.0556 0001477 269.8937 357.8850 15.02525855    15
STARLINK-30357          
1 57750C 23131U   25222.10187500 -.00014699  00000+0 -10846-2 0  2229
2 57750  43.0013 241.1894 0001418 271.1583 298.7546 15.02549553    18
STARLINK-30368          
1 57752C 23131W   25222.09631944 -.00012542  00000+0 -92557-3 0  2220
2 57752  43.0005 241.5338 0001399 271.6807 123.9197 15.02543322    19
STARLINK-30343          
1 57753C 23131X   25222.10256944 -.00011127  00000+0 -82102-3 0  2229
2 57753  43.0010 241.2298 0001451 274.9164 280.7293 15.02546340    11
STARLINK-30372          
1 57789C 23134U   25222.10048611 -.00021898  00000+0 -79352-3 0  2220
2 57789  42.9999 193.3172 0001502 271.8873 264.9206 15.27584851    16
STARLINK-30304          
1 57808C 23138A   25222.10812500  .00241480  00000+0  45055-2 0  2223
2 57808  42.9951 169.6286 0018657 164.9201  48.3468 15.47480860    15
STARLINK-30407          
1 57823C 23138R   25222.10256944  .00001317  00000+0  47717-4 0  2226
2 57823  42.9986 243.7127 0001419 266.0443 218.8160 15.27569647    10
STARLINK-30534          
1 57992C 23153B   25222.09701389 -.00000225  00000+0 -16603-4 0  2225
2 57992  43.0020 138.9820 0001297 262.4707  22.6560 15.02531996    14
STARLINK-30540          
1 58002C 23153M   25222.09979167 -.00011429  00000+0 -84337-3 0  2225
2 58002  43.0025 138.9079 0001093 267.0708  51.1492 15.02545790    12
STARLINK-30513          
1 58071C 23158W   25222.09701389 -.00026849  00000+0 -97273-3 0  2220
2 58071  42.9990 226.1134 0001173 265.7357  13.2017 15.27597026    11
STARLINK-30603          
1 58080C 23160F   25222.09909722 -.00006314  00000+0 -46609-3 0  2226
2 58080  43.0024 150.1179 0001242 266.2574 237.6255 15.02527333    13
STARLINK-30602          
1 58081C 23160G   25222.08868056  .00000057  00000+0  41855-5 0  2226
2 58081  43.0023 149.7316 0000932 262.0768   5.7025 15.02529611    14
STARLINK-30610          
1 58082C 23160H   25222.09770833 -.00007751  00000+0 -57191-3 0  2221
2 58082  43.0018 150.0821 0001158 258.8685 255.4992 15.02541776    10
STARLINK-30551          
1 58083C 23160J   25222.10118056 -.00005063  00000+0 -37374-3 0  2222
2 58083  43.0015 150.0182 0001370 268.3703 282.8667 15.02523331    11
STARLINK-30586          
1 58084C 23160K   25222.10118056 -.00000187  00000+0 -13806-4 0  2220
2 58084  43.0018 149.9753 0001337 269.5068 299.7333 15.02526016    16
STARLINK-30609          
1 58085C 23160L   25222.09631944 -.00006476  00000+0 -47783-3 0  2222
2 58085  43.0017 149.9580 0001328 263.0069 297.9347 15.02540591    13
STARLINK-30583          
1 58086C 23160M   25222.09909722 -.00039432  00000+0 -29089-2 0  2221
2 58086  43.0017 149.8997 0001340 260.0024 334.0170 15.02582799    10
STARLINK-30557          
1 58087C 23160N   25222.09701389 -.00023188  00000+0 -17118-2 0  2222
2 58087  43.0025 149.8934 0001243 264.8260 323.9559 15.02540297    12
STARLINK-30591          
1 58088C 23160P   25222.10118056 -.00005246  00000+0 -38688-3 0  2229
2 58088  43.0017 149.8025 0001426 252.7266  28.5147 15.02559061    10
STARLINK-30584          
1 58089C 23160Q   25222.10048611 -.00010851  00000+0 -80098-3 0  2229
2 58089  43.0019 149.7625 0000703 257.9100  37.7495 15.02531064    10
STARLINK-30590          
1 58090C 23160R   25222.09909722 -.00006256  00000+0 -46178-3 0  2223
2 58090  43.0016 149.8565 0001150 266.6747 345.4110 15.02526131    16
STARLINK-30608          
1 58091C 23160S   25222.10187500  .00000157  00000+0  11568-4 0  2226
2 58091  43.0016 149.7124 0001199 261.1118  60.0829 15.02529576    15
STARLINK-30795          
1 58118C 23162A   25222.09701389 -.00006323  00000+0 -46666-3 0  2222
2 58118  43.0009 202.8922 0001312 295.4420 303.4661 15.02535874    13
STARLINK-30765          
1 58119C 23162B   25222.10256944  .00004001  00000+0  29527-3 0  2223
2 58119  43.0014 203.0700 0001403 265.9615 266.8809 15.02528564    10
STARLINK-30768          
1 58120C 23162C   25222.10118056 -.00007320  00000+0 -54018-3 0  2228
2 58120  43.0015 202.8246 0001244 272.5318   6.9778 15.02536317    15
STARLINK-30799          
1 58121C 23162D   25222.09840278  .00008542  00000+0  63009-3 0  2220
2 58121  43.0014 203.0775 0001220 315.5727 200.6049 15.02537647    12
STARLINK-30759          
1 58122C 23162E   25222.10118056  .00002059  00000+0  15191-3 0  2221
2 58122  43.0014 202.7929 0001370 280.3091  11.2115 15.02534373    12
STARLINK-30754          
1 58124C 23162G   25222.09840278 -.00054966  00000+0 -40563-2 0  2225
2 58124  43.0013 203.0318 0001418 284.1133 250.2434 15.02585006    19
STARLINK-30756          
1 58129C 23162M   25222.09770833  .00001665  00000+0  12287-3 0  2228
2 58129  43.0012 202.9916 0001186 276.5590 272.0434 15.02531857    16
STARLINK-30770          
1 58132C 23162Q   25222.10187500 -.00019165  00000+0 -14144-2 0  2226
2 58132  43.0009 202.9213 0001273 267.6904 321.5017 15.02548867    19
STARLINK-30761          
1 58134C 23162S   25222.10256944 -.00006178  00000+0 -45593-3 0  2220
2 58134  43.0013 202.8812 0001150 275.4093 335.5701 15.02536182    12
STARLINK-30776          
1 58136C 23162U   25222.09909722  .00002924  00000+0  21580-3 0  2222
2 58136  43.0014 203.2691 0000924 261.8156 168.0823 15.02524371    13
STARLINK-30782          
1 58137C 23162V   25222.09909722  .00004730  00000+0  34901-3 0  2221
2 58137  43.0013 203.2437 0001377 280.4136 167.5126 15.02527188    18
STARLINK-30769          
1 58138C 23162W   25222.10118056 -.00002344  00000+0 -17291-3 0  2220
2 58138  43.0017 203.1491 0001230 266.3743 228.8547 15.02545627    13
STARLINK-30775          
1 58139C 23162X   25222.09631944 -.00008474  00000+0 -62537-3 0  2228
2 58139  43.0013 203.2160 0001277 271.6014 179.3124 15.02537815    16
STARLINK-30780          
1 58140C 23162Y   25222.09840278  .00004538  00000+0  33472-3 0  2223
2 58140  43.0012 203.1170 0001200 275.5744 222.5739 15.02545075    16
STARLINK-30831          
1 58153C 23166D   25222.10187500  .00026538  00000+0  89496-3 0  2226
2 58153  53.1590 122.5338 0001244  87.9084 237.3045 15.30145426    14
STARLINK-30803          
1 58157C 23166H   25222.09770833  .00027874  00000+0  93972-3 0  2223
2 58157  53.1586 122.5007 0001240  76.9405 242.7536 15.30155019    11
STARLINK-30779          
1 58160C 23166L   25222.10118056  .00027574  00000+0  92969-3 0  2224
2 58160  53.1593 122.5695 0001252  78.4389 225.4798 15.30152214    19
STARLINK-30815          
1 58164C 23166Q   25222.09979167  .00018249  00000+0  61524-3 0  2226
2 58164  53.1582 122.4756 0001170  83.0066 265.5933 15.30163900    11
STARLINK-30753          
1 58175C 23167A   25222.09909722  .00004718  00000+0  34798-3 0  2228
2 58175  43.0013 215.3747 0001528 285.7798 302.0743 15.02545516    14
STARLINK-30824          
1 58176C 23167B   25222.09770833 -.00010802  00000+0 -79711-3 0  2225
2 58176  43.0012 215.3665 0001348 267.6915 318.7461 15.02541556    14
STARLINK-30791          
1 58177C 23167C   25222.09562500 -.00009817  00000+0 -72445-3 0  2227
2 58177  43.0012 215.5800 0001327 272.6843 212.3403 15.02540421    16
STARLINK-30810          
1 58178C 23167D   25222.09979167 -.00023421  00000+0 -17283-2 0  2224
2 58178  43.0011 216.1172 0001428 283.4639 349.6984 15.02555773    14
STARLINK-30806          
1 58180C 23167F   25222.10187500  .00006821  00000+0  50340-3 0  2226
2 58180  43.0010 215.7263 0001410 278.1269 162.6070 15.02522563    13
STARLINK-30821          
1 58181C 23167G   25222.09909722 -.00009474  00000+0 -69917-3 0  2222
2 58181  43.0011 215.5132 0001312 271.6128 250.2479 15.02537893    10
STARLINK-30778          
1 58182C 23167H   25222.09840278 -.00012087  00000+0 -89203-3 0  2227
2 58182  43.0014 215.4753 0001294 272.8198 263.3143 15.02540829    17
STARLINK-30793          
1 58185C 23167L   25222.09909722  .00005014  00000+0  36998-3 0  2223
2 58185  43.0013 215.4296 0001487 281.6656 276.2549 15.02527991    10
STARLINK-30760          
1 58187C 23167N   25222.09701389 -.00040012  00000+0 -29532-2 0  2228
2 58187  43.0013 215.3951 0001314 268.5746 296.1761 15.02564400    15
STARLINK-30785          
1 58191C 23167S   25222.09562500 -.00015114  00000+0 -11153-2 0  2228
2 58191  43.0015 215.7518 0001315 270.8413 142.0493 15.02546278    17
STARLINK-30807          
1 58192C 23167T   25222.09909722  .00000135  00000+0  99518-5 0  2229
2 58192  43.0013 215.7743 0001273 268.0528 145.6621 15.02518521    17
STARLINK-30822          
1 58193C 23167U   25222.09840278 -.00009994  00000+0 -73758-3 0  2220
2 58193  43.0010 215.6906 0001253 282.9958 162.9724 15.02539008    14
STARLINK-30830          
1 58194C 23167V   25222.09701389 -.00006830  00000+0 -50398-3 0  2221
2 58194  43.0007 215.6264 0001400 280.8561 181.6420 15.02539848    12
STARLINK-30827          
1 58195C 23167W   25222.09840278  .00005820  00000+0  42952-3 0  2226
2 58195  43.0012 215.6081 0001425 279.4190 202.6167 15.02525185    16
STARLINK-30798          
1 58196C 23167X   25222.10048611  .00006712  00000+0  49534-3 0  2224
2 58196  43.0011 216.1519 0001378 279.7710 339.1348 15.02524408    10
STARLINK-30762          
1 58197C 23167Y   25222.10187500  .00006111  00000+0  45099-3 0  2221
2 58197  43.0010 215.6256 0001367 274.8799 207.9377 15.02523292    17
STARLINK-30872          
1 58225C 23170V   25222.09562500 -.00021861  00000+0 -79190-3 0  2222
2 58225  43.0001 167.2754 0001385 266.0886 241.2041 15.27596311    12
STARLINK-30921          
1 58383C 23178K   25222.10118056  .00012837  00000+0  43286-3 0  2228
2 58383  53.1564 263.9750 0001216  82.7861 326.2980 15.30164360    17
STARLINK-30939          
1 58393C 23178V   25222.10187500  .00013262  00000+0  44717-3 0  2222
2 58393  53.1564 263.9335 0001156  86.6711 343.6910 15.30164404    12
STARLINK-31005          
1 58486C 23186P   25222.08381944  .00017289  00000+0  12756-2 0  2229
2 58486  43.0019 137.2764 0001153 246.3302 353.2290 15.02522548    19
STARLINK-31026          
1 58508C 23191A   25222.07965278 -.00008820  00000+0 -65094-3 0  2224
2 58508  43.0014 176.8923 0001062 268.7026 215.4765 15.02538098    18
STARLINK-31020          
1 58509C 23191B   25222.08451389  .00000944  00000+0  69662-4 0  2222
2 58509  43.0019 177.6751 0000960 283.0088 244.9027 15.02530810    18
STARLINK-30989          
1 58510C 23191C   25222.09979167 -.00006754  00000+0 -49854-3 0  2221
2 58510  43.0019 176.0793 0001003 266.1339 262.3059 15.02530682    15
STARLINK-30968          
1 58511C 23191D   25222.10256944 -.00014267  00000+0 -10532-2 0  2223
2 58511  43.0019 176.0215 0001255 265.0807 296.4433 15.02534046    14
STARLINK-30982          
1 58512C 23191E   25222.09701389  .00019523  00000+0  14417-2 0  2224
2 58512  43.0018 176.0124 0001160 251.3797 298.0596 15.02487011    11
STARLINK-30998          
1 58513C 23191F   25222.08312500 -.00019394  00000+0 -14315-2 0  2222
2 58513  43.0011 176.0443 0000968 274.3210 217.9677 15.02544006    17
STARLINK-30983          
1 58514C 23191G   25222.10187500 -.00000283  00000+0 -20883-4 0  2222
2 58514  43.0026 175.3817 0001115 278.0897 190.0632 15.02542551    13
STARLINK-31028          
1 58516C 23191J   25222.08104167 -.00005854  00000+0 -43196-3 0  2229
2 58516  43.0017 175.9637 0001283 266.5623 250.4715 15.02538641    14
STARLINK-31011          
1 58517C 23191K   25222.07965278 -.00010853  00000+0 -80093-3 0  2229
2 58517  43.0011 176.0207 0001182 267.1763 224.3287 15.02539087    13
STARLINK-31021          
1 58518C 23191L   25222.08173611  .00008652  00000+0  63813-3 0  2226
2 58518  43.0021 175.3453 0001323 265.1587 147.9654 15.02544159    13
STARLINK-31010          
1 58519C 23191M   25222.07965278  .00018759  00000+0  13834-2 0  2220
2 58519  43.0022 175.3651 0001243 260.2946 123.6855 15.02538640    13
STARLINK-31003          
1 58520C 23191N   25222.08243056 -.00012764  00000+0 -94206-3 0  2221
2 58520  43.0015 175.9178 0001217 263.9950 278.6144 15.02538481    18
STARLINK-31015          
1 58521C 23191P   25222.08034722 -.00021085  00000+0 -15562-2 0  2223
2 58521  43.0019 175.8861 0001248 265.4632 283.8993 15.02547542    17
STARLINK-31001          
1 58527C 23191V   25222.08381944 -.00007476  00000+0 -55162-3 0  2229
2 58527  43.0019 175.3452 0001182 259.9777 128.5214 15.02541973    12
STARLINK-31044          
1 58589C 23200A   25222.08451389  .00008375  00000+0  61800-3 0  2222
2 58589  43.0012 239.6829 0001536 273.4587 228.3036 15.02523445    13
STARLINK-31062          
1 58590C 23200B   25222.08381944  .00009320  00000+0  68785-3 0  2223
2 58590  43.0012 241.6473 0001655 273.8320 126.0462 15.02518654    17
STARLINK-31079          
1 58598C 23200K   25222.09076389  .00037525  00000+0  25664-2 0  2222
2 58598  43.0006 239.1902 0003411   9.2709  11.7123 15.05335169    16
STARLINK-31052          
1 58600C 23200M   25222.08590278  .00008469  00000+0  62500-3 0  2229
2 58600  43.0009 240.1228 0001432 269.9628  59.0083 15.02520677    19
STARLINK-31074          
1 58601C 23200N   25222.08381944  .00008893  00000+0  65635-3 0  2221
2 58601  43.0008 240.0910 0001495 270.2032  65.5156 15.02517676    17
STARLINK-31080          
1 58603C 23200Q   25222.08381944 -.00025533  00000+0 -18841-2 0  2221
2 58603  43.0010 240.0469 0001411 273.6240  80.1151 15.02558512    19
STARLINK-31088          
1 58604C 23200R   25222.08034722 -.00002935  00000+0 -21656-3 0  2221
2 58604  43.0011 240.0081 0001424 278.9333  74.0234 15.02540915    18
STARLINK-31038          
1 58605C 23200S   25222.08104167  .00008609  00000+0  63533-3 0  2225
2 58605  43.0009 239.9331 0001520 272.6076 120.1936 15.02521297    17
STARLINK-31082          
1 58606C 23200T   25222.07965278  .00002201  00000+0  16230-3 0  2227
2 58606  43.0010 239.9833 0001548 275.1573  92.0976 15.02555336    19
STARLINK-31069          
1 58607C 23200U   25222.08034722 -.00011659  00000+0 -86037-3 0  2221
2 58607  43.0012 239.8904 0001411 273.9369 133.1231 15.02543578    14
STARLINK-31067          
1 58608C 23200V   25222.08173611 -.00012741  00000+0 -94026-3 0  2223
2 58608  43.0012 239.8393 0001401 272.6324 159.9829 15.02542924    16
STARLINK-31085          
1 58609C 23200W   25222.08104167  .00008194  00000+0  60466-3 0  2220
2 58609  43.0013 239.8020 0001391 267.2803 179.6052 15.02524955    16
STARLINK-31089          
1 58610C 23200X   25222.08243056  .00008216  00000+0  60629-3 0  2229
2 58610  43.0013 240.4666 0001556 276.7770 231.1409 15.02523264    15
STARLINK-31061          
1 58611C 23200Y   25222.08590278  .00008672  00000+0  63995-3 0  2226
2 58611  43.0013 239.7303 0001496 271.1958 220.0560 15.02521448    12
STARLINK-31054          
1 58619C 23203B   25222.07895833 -.00024481  00000+0 -88714-3 0  2225
2 58619  43.0002 182.3000 0001147 270.2918 197.1897 15.27587414    13
STARLINK-31133          
1 58622C 23203E   25222.08243056 -.00043319  00000+0 -15699-2 0  2226
2 58622  42.9999 182.2284 0000890 239.2010 268.6409 15.27603357    13
STARLINK-31068          
1 58623C 23203F   25222.08381944  .00012126  00000+0  43925-3 0  2220
2 58623  43.0003 182.1687 0001113 264.9757 271.6652 15.27564210    18
STARLINK-31129          
1 58624C 23203G   25222.08104167 -.00025341  00000+0 -91835-3 0  2229
2 58624  43.0002 182.1507 0001418 272.3815 263.1831 15.27585783    18
STARLINK-30774          
1 58625C 23203H   25222.09909722 -.00029331  00000+0 -10630-2 0  2227
2 58625  43.0002 181.9969 0001441 272.8652  23.3432 15.27587844    11
STARLINK-31092          
1 58628C 23203L   25222.08243056 -.00049091  00000+0 -17791-2 0  2220
2 58628  43.0002 182.0405 0000763 272.8068 312.8584 15.27608668    10
STARLINK-31091          
1 58629C 23203M   25222.07895833 -.00010898  00000+0 -41569-3 0  2220
2 58629  43.0011 184.6626 0001510 255.9853 305.8093 15.25884049    13
STARLINK-31084          
1 58630C 23203N   25222.08451389 -.00041396  00000+0 -15785-2 0  2224
2 58630  43.0007 184.6031 0001392 273.2338 331.4975 15.25925994    18
STARLINK-31064          
1 58631C 23203P   25222.08173611  .00006776  00000+0  25836-3 0  2224
2 58631  43.0006 184.5586 0001540 264.3647 349.9984 15.25880451    13
STARLINK-31081          
1 58632C 23203Q   25222.08173611 -.00020737  00000+0 -79039-3 0  2224
2 58632  43.0008 184.5277 0001914 267.9001 358.8458 15.25918003    11
STARLINK-31022          
1 58633C 23203R   25222.08520833 -.00022838  00000+0 -87069-3 0  2223
2 58633  43.0005 184.5696 0001535 270.2314 350.7340 15.25912330    15
STARLINK-31018          
1 58635C 23203T   25222.08243056 -.00047210  00000+0 -17110-2 0  2224
2 58635  43.0020 182.4405 0001326 271.8627 151.0934 15.27604848    16
STARLINK-31008          
1 58636C 23203U   25222.07895833 -.00014116  00000+0 -51153-3 0  2225
2 58636  43.0024 182.4951 0001492 260.4830 129.1777 15.27577550    11
STARLINK-31077          
1 58637C 23203V   25222.08520833 -.00041733  00000+0 -15124-2 0  2224
2 58637  43.0008 182.3694 0001231 274.0679 185.4028 15.27601418    15
STARLINK-31078          
1 58638C 23203W   25222.08312500 -.00052847  00000+0 -19145-2 0  2220
2 58638  43.0001 182.3274 0001025 266.6268 202.5341 15.27623923    19
STARLINK-31090          
1 58640C 23203Y   25222.08381944 -.00029199  00000+0 -10584-2 0  2223
2 58640  43.0024 174.4385 0001487 276.5052 241.5489 15.27580599    12
STARLINK-31113          
1 58668C 23211B   25222.08520833 -.00016584  00000+0 -60082-3 0  2227
2 58668  43.0032 200.0115 0001510 263.6389 180.5475 15.27586249    10
STARLINK-31083          
1 58670C 23211D   25222.08034722 -.00019703  00000+0 -71381-3 0  2227
2 58670  43.0025 199.9840 0001514 264.4641 174.1830 15.27589784    11
STARLINK-31104          
1 58672C 23211F   25222.08034722 -.00037773  00000+0 -13685-2 0  2228
2 58672  43.0021 199.9301 0001420 271.4008 188.4474 15.27607490    19
STARLINK-31131          
1 58673C 23211G   25222.08590278 -.00044477  00000+0 -16111-2 0  2228
2 58673  43.0001 189.4998 0001390 275.4378 164.6793 15.27618793    12
STARLINK-31124          
1 58674C 23211H   25222.07895833 -.00028636  00000+0 -10377-2 0  2220
2 58674  43.0023 200.0964 0001443 271.4779 117.0848 15.27589382    14
STARLINK-31126          
1 58675C 23211J   25222.08034722 -.00021641  00000+0 -78412-3 0  2228
2 58675  43.0019 199.8705 0001491 272.5163 208.5959 15.27588207    14
STARLINK-31147          
1 58681C 23211Q   25222.08243056  .00010822  00000+0  39211-3 0  2228
2 58681  42.9998 200.4581 0001197 267.9983 336.9585 15.27557349    11
STARLINK-31144          
1 58682C 23211R   25222.08451389 -.00031204  00000+0 -11301-2 0  2227
2 58682  43.0009 199.8892 0001167 261.1301 228.7075 15.27613650    10
STARLINK-31095          
1 58683C 23211S   25222.08381944  .00008384  00000+0  30374-3 0  2220
2 58683  43.0010 200.6210 0001315 264.1628 277.6713 15.27560865    19
STARLINK-31107          
1 58684C 23211T   25222.08312500 -.00076800  00000+0 -27822-2 0  2226
2 58684  42.9996 200.7155 0001499 258.4294 244.2479 15.27647998    10
STARLINK-31121          
1 58685C 23211U   25222.08520833 -.00037656  00000+0 -13648-2 0  2224
2 58685  43.0001 199.9349 0001429 273.4426 199.0850 15.27593998    11
STARLINK-31137          
1 58686C 23211V   25222.08520833 -.00025139  00000+0 -91093-3 0  2229
2 58686  42.9989 200.4067 0001192 272.5806   1.8266 15.27589924    14
STARLINK-31139          
1 58688C 23211X   25222.08451389 -.00022720  00000+0 -86600-3 0  2221
2 58688  42.9983 199.4831 0001434 270.3321  42.3182 15.25919243    19
STARLINK-31031          
1 58711C 24002G   25222.08243056  .00009294  00000+0  31338-3 0  2224
2 58711  53.1593 132.9583 0001165  84.5718 342.6238 15.30168591    15
STARLINK-31029          
1 58712C 24002H   25222.08173611  .00018609  00000+0  62744-3 0  2229
2 58712  53.1572 132.6682 0001293  82.2323 132.3784 15.30159267    19
STARLINK-30973          
1 58713C 24002J   25222.10118056  .00020126  00000+0  67876-3 0  2223
2 58713  53.1568 132.6468 0001183  68.5111 218.3708 15.30150812    15
STARLINK-31100          
1 58714C 24002K   25222.08173611  .00026004  00000+0  87691-3 0  2227
2 58714  53.1571 132.7691 0001171  73.8961  88.3710 15.30148046    12
STARLINK-31098          
1 58716C 24002M   25222.08034722  .00021823  00000+0  73588-3 0  2222
2 58716  53.1568 132.7978 0001192  71.8310  71.1494 15.30152985    13
STARLINK-31093          
1 58717C 24002N   25222.08312500  .00024482  00000+0  82554-3 0  2223
2 58717  53.1579 132.8780 0001147  72.0693  45.4880 15.30150725    18
STARLINK-31097          
1 58718C 24002P   25222.07965278  .00006262  00000+0  21114-3 0  2220
2 58718  53.1573 132.8451 0001119  84.1473  31.7228 15.30170319    12
STARLINK-31051          
1 58719C 24002Q   25222.08451389  .00029457  00000+0  99340-3 0  2222
2 58719  53.1583 132.8771 0001228  73.9157  39.6848 15.30143177    12
STARLINK-31027          
1 58720C 24002R   25222.08520833  .00019657  00000+0  66296-3 0  2220
2 58720  53.1572 132.6827 0001107  88.4962 127.8040 15.30150783    18
STARLINK-30972          
1 58721C 24002S   25222.09840278  .00021507  00000+0  72549-3 0  2225
2 58721  53.1568 132.6659 0001131  77.2498 188.5283 15.30142063    19
STARLINK-31040          
1 58722C 24002T   25222.08104167  .00021967  00000+0  74077-3 0  2223
2 58722  53.1587 132.9259 0001063  73.6187   3.3923 15.30152655    12
STARLINK-31033          
1 58723C 24002U   25222.08590278  .00030029  00000+0  10126-2 0  2229
2 58723  53.1573 132.8013 0001155  73.0063  83.1411 15.30145997    13
STARLINK-31167          
1 58744C 24005S   25222.08520833 -.00031185  00000+0 -11888-2 0  2227
2 58744  43.0011 188.8875 0000994 270.6266 195.6050 15.25925231    17
STARLINK-31181          
1 58746C 24005U   25222.07965278 -.00038930  00000+0 -14110-2 0  2220
2 58746  43.0004 182.5757 0001255 272.4433 283.3259 15.27596256    17
STARLINK-31312          
1 59152C 24044A   25222.07895833 -.00001910  00000+0 -69235-4 0  2222
2 59152  43.0023 171.3897 0001278 259.5951 242.7860 15.27555636    11
STARLINK-31341          
1 59155C 24044D   25222.07965278 -.00029719  00000+0 -11328-2 0  2221
2 59155  43.0014 224.4571 0001453 273.5949 142.0470 15.25926293    19
STARLINK-31338          
1 59156C 24044E   25222.08451389 -.00028675  00000+0 -10930-2 0  2224
2 59156  43.0013 224.3978 0001397 274.3327 180.4842 15.25924266    12
STARLINK-31334          
1 59157C 24044F   25222.07826389 -.00029206  00000+0 -11131-2 0  2225
2 59157  43.0010 224.4008 0001350 270.0801 162.7855 15.25928330    17
STARLINK-31182          
1 59159C 24044H   25222.08034722 -.00015657  00000+0 -56724-3 0  2223
2 59159  43.0016 221.7363 0001462 266.9089 207.9641 15.27585986    18
STARLINK-31256          
1 59161C 24044K   25222.08451389 -.00019153  00000+0 -69389-3 0  2224
2 59161  43.0012 221.7617 0001714 267.2287 209.3635 15.27589526    16
STARLINK-31272          
1 59162C 24044L   25222.08243056 -.00022678  00000+0 -82165-3 0  2228
2 59162  43.0007 221.8226 0001822 270.5105 173.3698 15.27590245    13
STARLINK-31278          
1 59163C 24044M   25222.08520833 -.00014773  00000+0 -53515-3 0  2224
2 59163  43.0000 221.8567 0001505 266.7312 171.2194 15.27588298    13
STARLINK-31309          
1 59164C 24044N   25222.08034722 -.00026459  00000+0 -95868-3 0  2223
2 59164  42.9994 221.9320 0001401 265.9103 124.0659 15.27593063    14
STARLINK-31325          
1 59165C 24044P   25222.07965278 -.00031154  00000+0 -11287-2 0  2222
2 59165  42.9990 221.9696 0001420 264.6554 107.3586 15.27601844    14
STARLINK-31322          
1 59168C 24044S   25222.07965278 -.00024231  00000+0 -87788-3 0  2223
2 59168  43.0000 222.4025 0001347 270.8347 277.2411 15.27593635    12
STARLINK-31340          
1 59170C 24044U   25222.07965278 -.00041165  00000+0 -14918-2 0  2225
2 59170  43.0003 182.5335 0001457 259.8885 331.2200 15.27601969    11
STARLINK-31344          
1 59171C 24044V   25222.08173611 -.00021261  00000+0 -77022-3 0  2220
2 59171  42.9995 222.3401 0001005 254.3479 326.4012 15.27593169    14
STARLINK-31283          
1 59174C 24044Y   25222.08104167  .00024434  00000+0  88431-3 0  2222
2 59174  43.0014 175.1619 0001466 265.7026 151.5014 15.27580313    18
STARLINK-31439          
1 59178C 24045A   25222.08312500  .00003269  00000+0  11846-3 0  2228
2 59178  43.0003 204.2845 0001293 271.1180 212.9255 15.27560834    10
STARLINK-31410          
1 59179C 24045B   25222.08381944 -.00022823  00000+0 -82704-3 0  2227
2 59179  42.9997 207.6300 0001968 271.1867 261.7975 15.27584245    18
STARLINK-31486          
1 59181C 24045D   25222.08381944 -.00018118  00000+0 -65657-3 0  2220
2 59181  43.0012 204.3338 0001279 273.5926 193.0657 15.27579775    19
STARLINK-31394          
1 59185C 24045H   25222.07965278 -.00032634  00000+0 -11825-2 0  2227
2 59185  42.9999 197.1001 0000920 271.7721 315.1639 15.27596977    16
STARLINK-31514          
1 59187C 24045K   25222.07965278 -.00010362  00000+0 -37549-3 0  2225
2 59187  42.9996 207.6866 0001227 274.9595 220.9433 15.27572217    12
STARLINK-31478          
1 59188C 24045L   25222.07895833  .00012737  00000+0  46188-3 0  2220
2 59188  42.9997 207.5485 0001787 265.4716 283.3224 15.27527143    10
STARLINK-31498          
1 59189C 24045M   25222.07826389 -.00023467  00000+0 -85027-3 0  2220
2 59189  43.0004 207.8943 0001073 268.7497 134.6040 15.27590596    10
STARLINK-31536          
1 59192C 24045Q   25222.07826389 -.00065368  00000+0 -23691-2 0  2228
2 59192  42.9995 207.5981 0001332 273.9573 249.7244 15.27622636    16
STARLINK-31548          
1 59193C 24045R   25222.08381944 -.00021908  00000+0 -79396-3 0  2229
2 59193  43.0014 207.9533 0001374 273.0848 125.5080 15.27581795    19
STARLINK-31554          
1 59195C 24045T   25222.08034722 -.00029936  00000+0 -10847-2 0  2224
2 59195  42.9992 207.7820 0001226 261.3548 195.9272 15.27596683    10
STARLINK-31275          
1 59197C 24045V   25222.08590278 -.00007202  00000+0 -26099-3 0  2228
2 59197  42.9997 207.8022 0001297 275.0117 191.6294 15.27569834    19
STARLINK-31590          
1 59198C 24045W   25222.07826389 -.00029559  00000+0 -10710-2 0  2224
2 59198  43.0012 207.9466 0001327 269.9714 112.1649 15.27596926    16
STARLINK-31567          
1 59199C 24045X   25222.08104167 -.00017419  00000+0 -63118-3 0  2222
2 59199  42.9997 207.4402 0001330 268.8394 333.7721 15.27582322    15
STARLINK-31503          
1 59200C 24045Y   25222.08312500 -.00030515  00000+0 -11058-2 0  2224
2 59200  42.9996 207.4787 0001395 275.8464 317.0113 15.27593834    10
STARLINK-31304          
1 59231C 24049A   25222.07965278 -.00025161  00000+0 -91166-3 0  2227
2 59231  43.0014 247.8780 0001340 274.6835 213.2166 15.27591115    12
STARLINK-31459          
1 59233C 24049C   25222.08312500 -.00016215  00000+0 -58739-3 0  2223
2 59233  43.0015 258.5794 0001364 267.1327  92.2334 15.27589591    15
STARLINK-31303          
1 59239C 24049J   25222.08173611 -.00032627  00000+0 -11819-2 0  2229
2 59239  43.0011 247.7366 0001386 262.4625 258.1976 15.27605779    17
STARLINK-31424          
1 59247C 24049S   25222.08104167 -.00012668  00000+0 -45885-3 0  2222
2 59247  43.0019 255.1168 0001506 270.0496  82.2382 15.27589668    17
STARLINK-31443          
1 59393C 24062V   25222.08381944  .00001671  00000+0  56344-4 0  2222
2 59393  53.1596 146.0031 0001246  93.2963  53.7580 15.30169531    13
STARLINK-31534          
1 59398C 24064A   25222.08243056 -.00020856  00000+0 -75580-3 0  2220
2 59398  43.0021 170.8474 0001468 263.1993 237.5918 15.27582432    14
STARLINK-31544          
1 59399C 24064B   25222.08034722  .00022128  00000+0  80138-3 0  2226
2 59399  43.0020 171.5398 0001250 266.6436 299.5876 15.27561173    16
STARLINK-31545          
1 59400C 24064C   25222.08104167 -.00005588  00000+0 -20285-3 0  2220
2 59400  43.0007 171.0054 0001226 212.6830 216.8343 15.27509083    13
STARLINK-31543          
1 59402C 24064E   25222.07826389  .00034212  00000+0  12398-2 0  2227
2 59402  43.0011 171.4446 0001438 271.8810 325.3946 15.27527559    12
STARLINK-31400          
1 59405C 24064H   25222.08451389 -.00050496  00000+0 -18310-2 0  2229
2 59405  43.0015 170.8836 0001468 280.8348 210.2719 15.27591885    17
STARLINK-31391          
1 59406C 24064J   25222.07270833 -.00053954  00000+0 -19562-2 0  2224
2 59406  43.0008 171.0005 0001421 279.6558 125.2149 15.27598596    17
STARLINK-31387          
1 59407C 24064K   25222.08312500 -.00023183  00000+0 -84014-3 0  2220
2 59407  43.0016 171.4699 0001339 271.5941 331.2558 15.27584532    13
STARLINK-31568          
1 59412C 24064Q   25222.07965278 -.00049618  00000+0 -17986-2 0  2225
2 59412  43.0002 171.3806 0001160 266.9021 359.3251 15.27601602    11
STARLINK-31415          
1 59419C 24064X   25222.08381944 -.00044866  00000+0 -16268-2 0  2227
2 59419  43.0028 171.6190 0001293 281.8213 261.2437 15.27586709    18
STARLINK-31466          
1 59420C 24064Y   25222.08173611 -.00015028  00000+0 -54458-3 0  2221
2 59420  43.0024 171.5798 0001477 262.9713 289.7884 15.27576816    17
STARLINK-31319          
1 59457C 24068C   25222.08104167 -.00017957  00000+0 -65093-3 0  2225
2 59457  43.0016 146.0142 0001615 277.3067 353.1012 15.27568735    14
STARLINK-31625          
1 59458C 24068D   25222.08312500 -.00050565  00000+0 -18336-2 0  2227
2 59458  43.0018 149.6385 0001424 281.7542 285.0400 15.27590098    11
STARLINK-31620          
1 59460C 24068F   25222.08173611 -.00008937  00000+0 -32398-3 0  2229
2 59460  43.0026 146.1113 0001572 258.9299 332.8703 15.27560590    14
STARLINK-31511          
1 59462C 24068H   25222.08451389 -.00015896  00000+0 -57620-3 0  2229
2 59462  43.0023 149.7159 0001463 261.5666 277.4471 15.27569655    16
STARLINK-31597          
1 59464C 24068K   25222.08312500 -.00036884  00000+0 -13378-2 0  2223
2 59464  43.0013 149.5845 0001508 277.5568 310.5010 15.27569006    13
STARLINK-31621          
1 59465C 24068L   25222.08034722 -.00053370  00000+0 -19354-2 0  2220
2 59465  43.0022 149.7009 0001468 283.8763 253.4653 15.27591629    14
STARLINK-31462          
1 59466C 24068M   25222.08312500 -.00021907  00000+0 -79415-3 0  2220
2 59466  43.0005 149.4668 0001257 272.1876 358.2401 15.27572706    16
STARLINK-31546          
1 59470C 24068R   25222.08381944 -.00016669  00000+0 -60421-3 0  2229
2 59470  43.0011 145.9432 0001607 276.5552  30.3801 15.27569279    19
STARLINK-31575          
1 59471C 24068S   25222.08520833 -.00019671  00000+0 -71308-3 0  2224
2 59471  43.0021 146.0383 0001483 264.8301   7.3090 15.27570665    17
STARLINK-31566          
1 59475C 24068W   25222.08104167 -.00035757  00000+0 -12967-2 0  2224
2 59475  42.9998 149.4356 0001443 247.9610  32.2821 15.27573030    18
STARLINK-31515          
1 59476C 24068X   25222.08381944 -.00044737  00000+0 -16223-2 0  2222
2 59476  43.0006 149.5247 0001332 279.5982 333.4660 15.27584062    15
STARLINK-31770          
1 59601C 24080A   25222.08173611 -.00012438  00000+0 -45080-3 0  2223
2 59601  43.0020 153.2417 0001697 262.2958 207.5583 15.27568137    18
STARLINK-31776          
1 59603C 24080C   25222.07965278 -.00042281  00000+0 -15327-2 0  2221
2 59603  43.0011 156.6854 0001262 278.2696 189.8829 15.27593179    15
STARLINK-31765          
1 59604C 24080D   25222.07965278 -.00043020  00000+0 -15600-2 0  2228
2 59604  42.9990 149.4109 0001516 279.7609 338.7240 15.27583841    12
STARLINK-31767          
1 59605C 24080E   25222.08034722 -.00045603  00000+0 -16533-2 0  2226
2 59605  43.0016 153.1517 0001476 279.0223 225.6756 15.27592646    18
STARLINK-31448          
1 59611C 24080L   25222.08173611 -.00014003  00000+0 -50746-3 0  2229
2 59611  43.0006 149.5320 0001406 273.4898 299.8126 15.27574779    15
STARLINK-31762          
1 59614C 24080P   25222.07756944 -.00050425  00000+0 -18284-2 0  2225
2 59614  43.0007 153.1116 0001182 277.2636 233.3707 15.27592860    15
STARLINK-31768          
1 59616C 24080R   25222.08034722 -.00054604  00000+0 -19801-2 0  2220
2 59616  43.0000 153.0591 0001300 283.7947 256.2954 15.27593582    15
STARLINK-31784          
1 59618C 24080T   25222.08104167 -.00045726  00000+0 -16570-2 0  2228
2 59618  43.0015 156.7248 0000787 275.7483 178.7649 15.27608917    14
STARLINK-31777          
1 59619C 24080U   25222.08173611 -.00023602  00000+0 -85534-3 0  2225
2 59619  43.0021 156.7757 0001569 270.8470 166.2860 15.27583757    19
STARLINK-31771          
1 59620C 24080V   25222.09006944  .00018643  00000+0  65601-3 0  2222
2 59620  43.0017 153.1148 0001591 223.3279 310.2724 15.28503761    14
STARLINK-31774          
1 59622C 24080X   25222.07895833 -.00017126  00000+0 -62062-3 0  2220
2 59622  43.0015 149.6319 0001435 275.6335 246.9839 15.27578067    16
STARLINK-31781          
1 59632C 24082B   25222.08104167 -.00013996  00000+0 -50704-3 0  2228
2 59632  43.0012 240.7549 0001530 267.2832 272.5199 15.27586239    11
STARLINK-31727          
1 59638C 24082H   25222.07826389 -.00019374  00000+0 -70184-3 0  2220
2 59638  43.0015 255.2690 0001544 265.0477 114.1967 15.27592144    10
STARLINK-31660          
1 59642C 24082M   25222.08034722 -.00041722  00000+0 -15118-2 0  2225
2 59642  42.9992 214.4907 0001409 273.5647 217.4682 15.27607204    13
STARLINK-31795          
1 59645C 24082Q   25222.08104167 -.00020303  00000+0 -73557-3 0  2223
2 59645  43.0012 196.2941 0001487 263.2554 233.2451 15.27588869    10
STARLINK-31801          
1 59647C 24082S   25222.07895833 -.00012817  00000+0 -46429-3 0  2220
2 59647  43.0017 255.3137 0001402 265.5954  96.2402 15.27586630    14
STARLINK-31790          
1 59648C 24082T   25222.08937500  .01004800  00000+0  66299-2 0  2228
2 59648  42.9902 181.7753 0019061 166.3789 331.5648 15.73398049    19
STARLINK-31665          
1 59655C 24084B   25222.08381944 -.00044963  00000+0 -16304-2 0  2220
2 59655  43.0003 153.3151 0001435 277.4284   6.2187 15.27585969    10
STARLINK-31912          
1 59656C 24084C   25222.07687500 -.00024540  00000+0 -88952-3 0  2225
2 59656  42.9999 157.0775 0001436 275.7621 219.0704 15.27578079    16
STARLINK-31904          
1 59657C 24084D   25222.08451389 -.00041213  00000+0 -14943-2 0  2225
2 59657  43.0003 156.8961 0000819 268.5333 324.9963 15.27585169    14
STARLINK-31881          
1 59659C 24084F   25222.07826389 -.00052419  00000+0 -18999-2 0  2227
2 59659  43.0004 153.2741 0001211 244.0766  37.2083 15.27608752    11
STARLINK-31885          
1 59660C 24084G   25222.07965278 -.00041553  00000+0 -15066-2 0  2229
2 59660  43.0001 153.4377 0001298 278.5456 299.7021 15.27585467    14
STARLINK-31886          
1 59662C 24084J   25222.08381944 -.00042822  00000+0 -15526-2 0  2225
2 59662  43.0002 156.9846 0001348 279.6577 274.6720 15.27588307    12
STARLINK-31902          
1 59666C 24084N   25222.08243056 -.00020958  00000+0 -75964-3 0  2229
2 59666  43.0006 157.0953 0001500 278.1258 226.0690 15.27575150    10
STARLINK-31917          
1 59669C 24084R   25222.08173611 -.00048503  00000+0 -17587-2 0  2223
2 59669  43.0006 156.8560 0001537 277.9931 321.4921 15.27589712    15
STARLINK-31860          
1 59670C 24084S   25222.08312500 -.00021029  00000+0 -76219-3 0  2229
2 59670  43.0001 153.3610 0001509 275.8933 342.6566 15.27576072    13
STARLINK-31842          
1 59672C 24084U   25222.08173611 -.00044042  00000+0 -15968-2 0  2222
2 59672  43.0002 153.4725 0001428 280.4951 288.0071 15.27589353    16
STARLINK-31871          
1 59673C 24084V   25222.08034722 -.00052488  00000+0 -19027-2 0  2225
2 59673  43.0008 156.7591 0001585 253.7274  20.5389 15.27603136    12
STARLINK-31875          
1 59674C 24084W   25222.07756944 -.00047673  00000+0 -17287-2 0  2228
2 59674  43.0005 153.2913 0001607 274.5447 355.9339 15.27586737    15
STARLINK-31877          
1 59675C 24084X   25222.07756944  .00008732  00000+0  31634-3 0  2223
2 59675  43.0004 156.9786 0001229 262.1085 271.8552 15.27561225    12
STARLINK-31884          
1 59676C 24084Y   25222.08243056 -.00021590  00000+0 -78249-3 0  2222
2 59676  43.0006 156.8238 0001503 276.5900 347.8352 15.27578146    18
STARLINK-32108          
1 59682C 24086A   25222.07756944 -.00024623  00000+0 -89227-3 0  2223
2 59682  43.0014 178.5768 0001321 271.2345 200.3182 15.27587080    17
STARLINK-32091          
1 59684C 24086C   25222.07687500 -.00021331  00000+0 -77307-3 0  2225
2 59684  43.0001 167.4731 0001526 274.1505 150.9777 15.27579829    11
STARLINK-32085          
1 59685C 24086D   25222.08034722 -.00044222  00000+0 -16028-2 0  2225
2 59685  43.0019 174.9699 0001246 273.3323 281.5908 15.27600636    13
STARLINK-32100          
1 59686C 24086E   25222.08243056 -.00009157  00000+0 -33178-3 0  2222
2 59686  43.0023 156.8299 0001343 269.9206 178.0255 15.27577058    19
STARLINK-32103          
1 59688C 24086G   25222.07895833 -.00021486  00000+0 -77887-3 0  2223
2 59688  43.0013 164.3970 0001495 278.9138 352.3343 15.27572264    11
STARLINK-32106          
1 59690C 24086J   25222.07965278 -.00050678  00000+0 -18366-2 0  2228
2 59690  43.0008 167.3051 0001305 257.1700 246.9540 15.27610176    17
STARLINK-32088          
1 59693C 24086M   25222.08381944 -.00057765  00000+0 -20948-2 0  2227
2 59693  43.0003 167.3819 0001485 282.1980 202.4783 15.27595731    19
STARLINK-32107          
1 59694C 24086N   25222.07895833 -.00045207  00000+0 -16384-2 0  2221
2 59694  43.0022 175.2129 0001433 254.3456 193.8895 15.27603652    14
STARLINK-32104          
1 59695C 24086P   25222.08381944 -.00028573  00000+0 -10356-2 0  2226
2 59695  43.0014 171.6452 0001440 274.6674 204.8081 15.27583834    19
STARLINK-32094          
1 59696C 24086Q   25222.08104167 -.00048423  00000+0 -17557-2 0  2223
2 59696  43.0023 175.2499 0001377 280.8827 157.6245 15.27592802    11
STARLINK-32096          
1 59698C 24086S   25222.08243056 -.00045497  00000+0 -16491-2 0  2220
2 59698  43.0009 174.9054 0001176 266.9984 320.6259 15.27599875    10
STARLINK-32102          
1 59699C 24086T   25222.07687500 -.00021277  00000+0 -77108-3 0  2229
2 59699  43.0002 174.8364 0001293 271.2702 328.1797 15.27581243    14
STARLINK-32092          
1 59700C 24086U   25222.07965278 -.00011114  00000+0 -40279-3 0  2221
2 59700  43.0019 175.0553 0001486 271.3369 244.3671 15.27571351    11
STARLINK-32093          
1 59701C 24086V   25222.08312500 -.00023648  00000+0 -85684-3 0  2221
2 59701  43.0021 175.0009 0001194 262.3907 286.5597 15.27591032    18
STARLINK-32087          
1 59702C 24086W   25222.07895833 -.00031389  00000+0 -11377-2 0  2224
2 59702  43.0000 174.8745 0000811 258.2652 331.4665 15.27588653    17
STARLINK-32098          
1 59704C 24086Y   25222.07965278 -.00037836  00000+0 -13716-2 0  2229
2 59704  43.0025 175.1630 0001473 280.2026 193.0872 15.27586728    11
STARLINK-31974          
1 59885C 24100A   25222.08104167 -.00015572  00000+0 -56416-3 0  2227
2 59885  42.9988 240.4484 0001535 268.0404 109.6942 15.27584583    11
STARLINK-31975          
1 59886C 24100B   25222.07965278 -.00025986  00000+0 -94113-3 0  2221
2 59886  42.9987 240.4891 0001400 264.4374  91.4469 15.27607659    12
STARLINK-31976          
1 59887C 24100C   25222.07687500 -.00048781  00000+0 -17663-2 0  2223
2 59887  43.0017 244.4105 0001346 269.6890 235.4988 15.27637617    13
STARLINK-31969          
1 59889C 24100E   25222.07965278 -.00008214  00000+0 -29759-3 0  2223
2 59889  42.9986 236.9710 0001199 264.0016 117.5618 15.27577449    17
STARLINK-31951          
1 59890C 24100F   25222.08034722 -.00016177  00000+0 -58612-3 0  2224
2 59890  42.9992 240.2494 0001376 268.3377 190.4646 15.27583895    10
STARLINK-31949          
1 59891C 24100G   25222.07965278 -.00027942  00000+0 -10123-2 0  2229
2 59891  42.9980 240.3984 0001395 270.3547 120.9665 15.27597483    13
STARLINK-31977          
1 59892C 24100H   25222.08104167 -.00019950  00000+0 -72279-3 0  2224
2 59892  42.9984 233.2173 0001433 268.5054 238.3158 15.27588074    11
STARLINK-31961          
1 59894C 24100K   25222.08243056 -.00016331  00000+0 -59166-3 0  2227
2 59894  42.9991 233.4451 0001451 265.6654 149.7564 15.27586140    14
STARLINK-31964          
1 59895C 24100L   25222.08034722 -.00018178  00000+0 -65852-3 0  2226
2 59895  43.0003 240.1134 0001789 287.1996 228.2091 15.27590611    12
STARLINK-31942          
1 59899C 24100Q   25222.07826389 -.00022079  00000+0 -79978-3 0  2226
2 59899  42.9985 240.3096 0001395 262.4197 163.6874 15.27596533    14
STARLINK-31908          
1 59901C 24100S   25222.07756944 -.00015646  00000+0 -56712-3 0  2222
2 59901  42.9987 233.4203 0001377 265.5836 144.3776 15.27569193    16
STARLINK-31850          
1 59903C 24100U   25222.07826389 -.00018373  00000+0 -66553-3 0  2229
2 59903  42.9984 240.1819 0001646 267.4900 208.1428 15.27593889    17
STARLINK-31924          
1 59904C 24100V   25222.07965278 -.00012897  00000+0 -46723-3 0  2223
2 59904  42.9984 240.3506 0001469 267.0279 145.4906 15.27584826    16
STARLINK-31898          
1 59905C 24100W   25222.08173611 -.00015183  00000+0 -55007-3 0  2223
2 59905  42.9988 237.0062 0001158 269.7960 102.0164 15.27585599    15
STARLINK-31861          
1 59906C 24100X   25222.08034722 -.00052152  00000+0 -18886-2 0  2223
2 59906  42.9983 233.3080 0001227 272.1472 181.3032 15.27636263    12
STARLINK-11167 [DTC]    
1 60061C 24113C   25222.10326389  .00040288  00000+0  33221-3 0  2223
2 60061  53.1571 154.2791 0001088  74.7692 114.0362 15.69644376    17
STARLINK-32197          
1 60416C 24141U   25222.08243056  .00015930  00000+0  53717-3 0  2222
2 60416  53.1586 135.6994 0001287  78.3427 153.8049 15.30159479    18
STARLINK-32246          
1 60432C 24144H   25222.08104167  .00024950  00000+0  84123-3 0  2229
2 60432  53.1593 120.1092 0001225  81.3002 143.9343 15.30154030    12
STARLINK-32183          
1 60433C 24144J   25222.08243056  .00038646  00000+0  13032-2 0  2228
2 60433  53.1592 120.0793 0001526  92.8614 151.6760 15.30135739    13
STARLINK-11283 [DTC]    
1 60993C 24158D   25222.10048611  .00020502  00000+0  16910-3 0  2228
2 60993  53.1568 244.6811 0001370  83.0740  48.1907 15.69657596    15
STARLINK-11267 [DTC]    
1 60994C 24158E   25222.10118056  .00023032  00000+0  18995-3 0  2226
2 60994  53.1571 244.6247 0001256  89.1847  73.7444 15.69656406    10
STARLINK-11269 [DTC]    
1 60995C 24158F   25222.09979167  .00021812  00000+0  17992-3 0  2223
2 60995  53.1570 244.5704 0001134  98.1521  84.6757 15.69653858    17
STARLINK-11281 [DTC]    
1 60996C 24158G   25222.10395833  .00028598  00000+0  23584-3 0  2220
2 60996  53.1567 244.4931 0001412  82.0057 152.0996 15.69652833    17
STARLINK-11287 [DTC]    
1 60998C 24158J   25222.09840278 -.00035990  00000+0 -29698-3 0  2226
2 60998  53.1564 244.4638 0001073  98.9686 131.5449 15.69703527    19
STARLINK-11270 [DTC]    
1 60999C 24158K   25222.10256944  .00032140  00000+0  26505-3 0  2226
2 60999  53.1563 244.3865 0001410  83.0528 198.6775 15.69649440    14
STARLINK-11290 [DTC]    
1 61000C 24158L   25222.09979167  .00020245  00000+0  16694-3 0  2228
2 61000  53.1564 244.3431 0001237  91.5072 202.2436 15.69663222    13
STARLINK-11209 [DTC]    
1 61200C 24171A   25222.09840278  .00056369  00000+0  46488-3 0  2225
2 61200  53.1577 139.5318 0001357  87.6141 260.4669 15.69624091    19
STARLINK-11257 [DTC]    
1 61201C 24171B   25222.10326389  .00055525  00000+0  45786-3 0  2223
2 61201  53.1573 139.4455 0001220  81.7370 321.5630 15.69628091    16
STARLINK-11277 [DTC]    
1 61205C 24171F   25222.09840278  .00043368  00000+0  35755-3 0  2220
2 61205  53.1576 139.1844 0000937  92.7667  61.7148 15.69645380    14
STARLINK-11279 [DTC]    
1 61206C 24171G   25222.10256944  .00041628  00000+0  34325-3 0  2223
2 61206  53.1574 139.1068 0001000  82.6063 123.1808 15.69643787    16
STARLINK-11291 [DTC]    
1 61208C 24171J   25222.10395833  .00036041  00000+0  29720-3 0  2222
2 61208  53.1572 139.0422 0001146  78.5227 162.8548 15.69647151    16
STARLINK-11304 [DTC]    
1 61209C 24171K   25222.10395833  .00044776  00000+0  36923-3 0  2220
2 61209  53.1570 138.9852 0001265  63.2929 205.8253 15.69638610    13
STARLINK-11307 [DTC]    
1 61210C 24171L   25222.09840278  .00047638  00000+0  39288-3 0  2225
2 61210  53.1574 139.6908 0001210  72.0387 192.8403 15.69632942    19
STARLINK-11298 [DTC]    
1 61211C 24171M   25222.10534722  .00039377  00000+0  32474-3 0  2223
2 61211  53.1579 139.5999 0001172  98.1233 233.7496 15.69642486    11
STARLINK-11310 [DTC]    
1 61212C 24171N   25222.09840278 -.00057696  00000+0 -47591-3 0  2220
2 61212  53.1578 139.5770 0001220  82.2748 238.0862 15.69733828    13
STARLINK-11356 [DTC]    
1 61574C 24187A   25222.10187500  .00024857  00000+0  20495-3 0  2227
2 61574  53.1568 259.3328 0000992  82.3004  63.9949 15.69661792    15
STARLINK-11376 [DTC]    
1 61575C 24187B   25222.10465278  .00029768  00000+0  24550-3 0  2221
2 61575  53.1568 259.2625 0001005  81.4427 108.3112 15.69651081    16
STARLINK-11361 [DTC]    
1 61585C 24187M   25222.09840278  .00033953  00000+0  28002-3 0  2224
2 61585  53.1565 259.4582 0001053 100.4506 330.7638 15.69646577    19
STARLINK-11360 [DTC]    
1 61586C 24187N   25222.10048611  .00026819  00000+0  22113-3 0  2228
2 61586  53.1566 259.3906 0001129 105.0196   5.6910 15.69658827    12
STARLINK-11388 [DTC]    
1 62092C 24220E   25222.10256944  .00036327  00000+0  28261-3 0  2224
2 62092  43.0001 238.5378 0001488 265.3951 145.9542 15.70764088    14
STARLINK-11345 [DTC]    
1 62093C 24220F   25222.09979167  .00031930  00000+0  24841-3 0  2227
2 62093  43.0001 238.4800 0001554 270.6208 155.0638 15.70767509    11
STARLINK-11381 [DTC]    
1 62094C 24220G   25222.10256944  .00033506  00000+0  26064-3 0  2221
2 62094  43.0000 238.3881 0001614 287.0162 184.4499 15.70769172    16
STARLINK-11369 [DTC]    
1 62095C 24220H   25222.10187500  .00034106  00000+0  26535-3 0  2223
2 62095  43.0004 238.3175 0001609 272.4844 225.1180 15.70764585    19
STARLINK-11303 [DTC]    
1 62096C 24220J   25222.10465278  .00033603  00000+0  26145-3 0  2223
2 62096  43.0003 238.2262 0001681 276.4639 266.9313 15.70763452    14
STARLINK-11367 [DTC]    
1 62097C 24220K   25222.10048611  .00034491  00000+0  26835-3 0  2224
2 62097  43.0003 238.1767 0001813 257.9794 291.8829 15.70763511    12
STARLINK-11386 [DTC]    
1 62098C 24220L   25222.10187500  .00033139  00000+0  25784-3 0  2226
2 62098  43.0003 238.0936 0001629 268.0366 319.7526 15.70763572    14
STARLINK-11380 [DTC]    
1 62099C 24220M   25222.09770833  .00033662  00000+0  26191-3 0  2226
2 62099  43.0004 238.0438 0001538 272.9650 321.2973 15.70763563    16
STARLINK-32311          
1 62114C 24222A   25222.07826389 -.00015426  00000+0 -55876-3 0  2224
2 62114  43.0007 236.2745 0001585 266.6285 284.4065 15.27591636    18
STARLINK-32502          
1 62116C 24222C   25222.07687500 -.00010148  00000+0 -36763-3 0  2226
2 62116  43.0017 251.3744 0001443 268.4482 115.0173 15.27582598    16
STARLINK-32521          
1 62117C 24222D   25222.08034722  .00021385  00000+0  77493-3 0  2228
2 62117  43.0020 247.5945 0002291 283.6693 194.1900 15.27539758    12
STARLINK-32535          
1 62119C 24222F   25222.08173611 -.00010078  00000+0 -36513-3 0  2228
2 62119  42.9994 247.9937 0001469 270.1718  94.9341 15.27578055    11
STARLINK-32626          
1 62123C 24222K   25222.07965278 -.00007870  00000+0 -28512-3 0  2226
2 62123  43.0012 251.4589 0001562 268.7623  87.5488 15.27580131    12
STARLINK-32557          
1 62127C 24222P   25222.08034722 -.00027419  00000+0 -99343-3 0  2223
2 62127  42.9992 240.6327 0001325 270.8317 208.8250 15.27595015    14
STARLINK-32568          
1 62128C 24222Q   25222.07618056 -.00015521  00000+0 -56221-3 0  2220
2 62128  43.0018 251.4273 0001465 267.9816  90.4217 15.27592128    12
STARLINK-32462          
1 62129C 24222R   25222.08104167 -.00001314  00000+0 -47607-4 0  2229
2 62129  43.0003 247.9086 0001600 266.9805 129.6736 15.27573304    13
STARLINK-32550          
1 62131C 24222T   25222.08104167 -.00012846  00000+0 -46538-3 0  2225
2 62131  43.0008 251.4828 0001457 265.5806  84.2316 15.27585660    19
STARLINK-32245          
1 62133C 24222V   25222.08173611 -.00009047  00000+0 -32777-3 0  2226
2 62133  43.0017 251.2911 0001479 265.7986 165.6539 15.27576543    18
STARLINK-32546          
1 62134C 24222W   25222.07756944 -.00019828  00000+0 -71821-3 0  2223
2 62134  42.9999 247.9810 0001817 270.9884  85.3233 15.27595903    17
STARLINK-32570          
1 62137C 24222Z   25222.07895833 -.00017557  00000+0 -63604-3 0  2224
2 62137  43.0017 251.2541 0001411 266.3386 171.0527 15.27590317    11
STARLINK-32652          
1 62234C 24231S   25222.08034722  .00018257  00000+0  61553-3 0  2222
2 62234  53.1585 122.5357 0001574  90.5162 139.3392 15.30161970    15
STARLINK-11501 [DTC]    
1 62268C 24237B   25222.09909722  .00030061  00000+0  23387-3 0  2227
2 62268  43.0001 251.9093 0001278 267.0508 167.7357 15.70769197    18
STARLINK-11491 [DTC]    
1 62269C 24237C   25222.10465278  .00029057  00000+0  22605-3 0  2228
2 62269  43.0000 251.8008 0001623 266.1001 230.1992 15.70771771    16
STARLINK-11498 [DTC]    
1 62276C 24237K   25222.10187500  .00034789  00000+0  27062-3 0  2225
2 62276  43.0001 251.9639 0001629 266.0686 154.3839 15.70767410    12
STARLINK-32712          
1 62433C 24251B   25222.08173611  .00010348  00000+0  34884-3 0  2226
2 62433  53.1569 238.3300 0001233  83.1924  91.3994 15.30173991    19
STARLINK-32674          
1 62434C 24251C   25222.08173611  .00011243  00000+0  37906-3 0  2220
2 62434  53.1559 237.9219 0001169  81.3925 302.5935 15.30168488    19
STARLINK-32693          
1 62437C 24251F   25222.07826389 -.00001747  00000+0 -58903-4 0  2220
2 62437  53.1564 235.5209 0001183  85.0156  27.4942 15.30187499    18
STARLINK-32709          
1 62439C 24251H   25222.07687500  .00004017  00000+0  13544-3 0  2224
2 62439  53.1562 238.5398 0001285  80.8358 333.9103 15.30176031    14
STARLINK-32689          
1 62440C 24251J   25222.08104167  .00007490  00000+0  25247-3 0  2221
2 62440  53.1559 237.8744 0001215  78.0210 325.3986 15.30177505    19
STARLINK-32683          
1 62445C 24251P   25222.08104167  .00004170  00000+0  14056-3 0  2224
2 62445  53.1562 238.4683 0001166  99.2478   1.7166 15.30181495    11
STARLINK-32720          
1 62451C 24251V   25222.08243056 -.00001244  00000+0 -41924-4 0  2228
2 62451  53.1567 238.3855 0001223  88.6765  60.6382 15.30191621    14
STARLINK-32656          
1 62452C 24251W   25222.08312500  .00003959  00000+0  13342-3 0  2225
2 62452  53.1560 238.5395 0001167  89.7794 341.9354 15.30187323    18
STARLINK-32755          
1 62842C 25019P   25222.07826389 -.00033117  00000+0 -12000-2 0  2225
2 62842  43.0003 197.0031 0001157 256.1709 302.0549 15.27596264    10
STARLINK-32797          
1 62843C 25019Q   25222.08173611 -.00027369  00000+0 -99170-3 0  2226
2 62843  42.9995 203.9584 0001396 272.2447 282.1116 15.27592615    16
STARLINK-32794          
1 62844C 25019R   25222.07826389 -.00023350  00000+0 -84613-3 0  2225
2 62844  43.0021 204.3159 0001232 266.1725 127.5667 15.27586606    18
STARLINK-32804          
1 62846C 25019T   25222.08104167  .00007464  00000+0  27047-3 0  2225
2 62846  42.9994 204.0676 0001394 261.9657 246.1121 15.27556521    10
STARLINK-32799          
1 62847C 25019U   25222.07965278 -.00043974  00000+0 -15927-2 0  2224
2 62847  42.9996 203.8668 0000973 256.2934 328.9970 15.27622922    18
STARLINK-32781          
1 62848C 25019V   25222.08173611 -.00024815  00000+0 -89914-3 0  2229
2 62848  42.9993 204.0469 0001307 260.5496 258.4406 15.27591060    10
STARLINK-11561 [DTC]    
1 62908C 25027B   25222.10118056  .00041219  00000+0  32065-3 0  2220
2 62908  43.0005 182.7970 0001715 254.1273 248.8773 15.70760165    19
STARLINK-11567 [DTC]    
1 62909C 25027C   25222.10118056  .00044626  00000+0  34718-3 0  2223
2 62909  43.0005 183.3941 0001541 274.3705 348.1510 15.70754900    19
STARLINK-11569 [DTC]    
1 62910C 25027D   25222.09909722  .00042782  00000+0  33287-3 0  2222
2 62910  43.0006 182.9584 0001486 266.5336 164.5726 15.70754662    15
STARLINK-11565 [DTC]    
1 62912C 25027F   25222.08034722  .00049045  00000+0  38156-3 0  2221
2 62912  43.0006 182.7709 0001438 255.4282 189.7531 15.70750844    19
STARLINK-11566 [DTC]    
1 62914C 25027H   25222.10048611  .00014250  00000+0  11093-3 0  2229
2 62914  43.0007 183.3215 0001663 264.3880  24.3250 15.70770503    10
STARLINK-11555 [DTC]    
1 62915C 25027J   25222.09979167  .00039976  00000+0  31100-3 0  2220
2 62915  43.0006 183.3384 0001381 288.9711 350.5909 15.70760614    16
STARLINK-11430 [DTC]    
1 62916C 25027K   25222.10048611  .00042246  00000+0  32867-3 0  2229
2 62916  43.0005 183.4704 0001407 265.1259 323.4109 15.70757548    19
STARLINK-11562 [DTC]    
1 62918C 25027M   25222.10118056  .00037894  00000+0  29477-3 0  2228
2 62918  43.0005 182.8669 0001529 254.7153 218.2344 15.70764897    13
STARLINK-11457 [DTC]    
1 62919C 25027N   25222.08312500  .00052016  00000+0  40462-3 0  2226
2 62919  43.0006 182.8258 0001476 264.2156 166.6309 15.70751178    14
STARLINK-32917          
1 62921C 25027Q   25222.07756944 -.00018617  00000+0 -67435-3 0  2222
2 62921  43.0025 243.9938 0001301 267.5126 263.1026 15.27593959    14
STARLINK-32905          
1 62923C 25027S   25222.07895833 -.00007422  00000+0 -26892-3 0  2229
2 62923  43.0009 244.1416 0001577 269.1140 205.4749 15.27574565    14
STARLINK-32871          
1 62924C 25027T   25222.07618056 -.00013022  00000+0 -47177-3 0  2222
2 62924  43.0019 243.9473 0001365 266.3856 277.8235 15.27584668    12
STARLINK-32922          
1 62926C 25027V   25222.07895833 -.00004548  00000+0 -16479-3 0  2228
2 62926  43.0011 244.0850 0001423 269.7847 226.0297 15.27572032    15
STARLINK-32891          
1 62927C 25027W   25222.07687500 -.00010711  00000+0 -38803-3 0  2223
2 62927  43.0006 244.1869 0001566 269.0193 179.9574 15.27583409    10
STARLINK-32857          
1 62949C 25029B   25222.08034722  .00028333  00000+0  95542-3 0  2222
2 62949  53.1596 132.8559 0001418  88.4364 309.9670 15.30146670    19
STARLINK-32850          
1 62950C 25029C   25222.07687500  .00010988  00000+0  37051-3 0  2229
2 62950  53.1577 135.4017 0001107  81.7498  91.0208 15.30166395    19
STARLINK-32865          
1 62952C 25029E   25222.07548611 -.00028932  00000+0 -97630-3 0  2229
2 62952  53.1586 135.3376 0000998  84.6870 115.4176 15.30181777    17
STARLINK-32880          
1 62955C 25029H   25222.07826389  .00022979  00000+0  77506-3 0  2226
2 62955  53.1587 135.3125 0001201 102.8944 118.2702 15.30144125    18
STARLINK-32879          
1 62957C 25029K   25222.08104167  .00032446  00000+0  10933-2 0  2222
2 62957  53.1568 135.5658 0001265  94.3680   8.2196 15.30165955    13
STARLINK-32896          
1 62959C 25029M   25222.08104167  .00019315  00000+0  65145-3 0  2220
2 62959  53.1587 135.7008 0001495  76.3399 316.5640 15.30149755    18
STARLINK-32877          
1 62960C 25029N   25222.07687500  .00023333  00000+0  78684-3 0  2225
2 62960  53.1577 135.6507 0001032  65.9474 338.8740 15.30150609    15
STARLINK-32889          
1 62961C 25029P   25222.07618056  .00025303  00000+0  85311-3 0  2220
2 62961  53.1582 135.6913 0001255  80.0730 303.4599 15.30154970    18
STARLINK-32888          
1 62966C 25029U   25222.07965278  .00018959  00000+0  63941-3 0  2220
2 62966  53.1592 135.6121 0000855  75.5651   2.0117 15.30152054    10
STARLINK-32863          
1 62968C 25029W   25222.07756944  .00011340  00000+0  38239-3 0  2229
2 62968  53.1568 135.5092 0001150  95.0671  23.3718 15.30165382    10
STARLINK-11392 [DTC]    
1 63056C 25035E   25222.10326389  .00038596  00000+0  30030-3 0  2228
2 63056  43.0005 210.8826 0001637 265.5452  34.3126 15.70758493    16
STARLINK-11509 [DTC]    
1 63059C 25035H   25222.10048611  .00009258  00000+0  71980-4 0  2223
2 63059  43.0005 210.9720 0001724 255.8413 358.2077 15.70804293    12
STARLINK-11409 [DTC]    
1 63061C 25035K   25222.10118056  .00022518  00000+0  17507-3 0  2225
2 63061  43.0004 210.9043 0001369 262.1467  20.7111 15.70792991    18
STARLINK-11602 [DTC]    
1 63183C 25048A   25222.09909722  .00038135  00000+0  29665-3 0  2220
2 63183  43.0007 155.6184 0001494 266.2608 319.1560 15.70764726    16
STARLINK-11617 [DTC]    
1 63184C 25048B   25222.10118056  .00042027  00000+0  32689-3 0  2220
2 63184  43.0008 155.5309 0001492 269.9201 357.3471 15.70763289    11
STARLINK-11622 [DTC]    
1 63187C 25048E   25222.09909722  .00039393  00000+0  30642-3 0  2228
2 63187  43.0009 155.6912 0001598 267.2792 288.0765 15.70764084    19
STARLINK-11642 [DTC]    
1 63188C 25048F   25222.10048611  .00022493  00000+0  17462-3 0  2220
2 63188  43.0007 155.3837 0001210 268.7958  54.5550 15.70829227    11
STARLINK-11637 [DTC]    
1 63190C 25048H   25222.09840278  .00040703  00000+0  31661-3 0  2221
2 63190  43.0007 155.7072 0001519 267.0678 279.1970 15.70763219    11
STARLINK-11636 [DTC]    
1 63194C 25048M   25222.10395833  .00047969  00000+0  37309-3 0  2225
2 63194  43.0006 155.4355 0001488 266.9874  46.0724 15.70758541    16
STARLINK-32960          
1 63197C 25048Q   25222.08243056 -.00021167  00000+0 -76694-3 0  2228
2 63197  43.0004 200.5248 0001351 269.6070 236.4701 15.27587764    16
STARLINK-32931          
1 63199C 25048S   25222.07826389 -.00029997  00000+0 -10869-2 0  2225
2 63199  42.9992 200.3612 0000997 270.2983 290.6661 15.27595256    13
STARLINK-32938          
1 63201C 25048U   25222.08034722 -.00024444  00000+0 -88566-3 0  2224
2 63201  42.9999 200.3990 0001438 269.1113 282.0875 15.27591854    18
STARLINK-32935          
1 63202C 25048V   25222.08243056 -.00019343  00000+0 -70077-3 0  2227
2 63202  43.0014 200.6852 0001566 264.6176 177.7756 15.27589009    17
STARLINK-32930          
1 63203C 25048W   25222.07895833 -.00024309  00000+0 -88078-3 0  2221
2 63203  43.0018 200.6465 0001501 261.9620 182.5601 15.27590385    17
STARLINK-33619          
1 63324C 25057T   25222.07965278 -.00018428  00000+0 -66830-3 0  2223
2 63324  43.0032 145.4591 0001616 284.1300 289.8107 15.27555049    12
STARLINK-33612          
1 63325C 25057U   25222.07965278 -.00014624  00000+0 -53004-3 0  2227
2 63325  43.0004 146.1945 0001444 275.0654 354.5840 15.27570100    12
STARLINK-33531          
1 63399C 25065A   25222.07895833 -.00016319  00000+0 -59122-3 0  2226
2 63399  42.9997 222.0642 0001264 265.1879 244.0878 15.27585983    18
STARLINK-33707          
1 63401C 25065C   25222.06576389 -.00008845  00000+0 -32043-3 0  2229
2 63401  42.9993 222.0908 0001396 269.3560 188.4846 15.27579580    14
STARLINK-33668          
1 63402C 25065D   25222.08173611  .00020970  00000+0  75947-3 0  2224
2 63402  43.0008 222.2327 0001588 270.5982 176.0079 15.27559334    12
STARLINK-33676          
1 63403C 25065E   25222.07826389  .00023370  00000+0  84712-3 0  2228
2 63403  43.0000 221.9981 0001206 273.0546 260.6730 15.27530089    18
STARLINK-33708          
1 63405C 25065G   25222.07687500 -.00003104  00000+0 -11245-3 0  2226
2 63405  43.0003 222.0523 0001485 265.3421 239.5331 15.27572647    10
STARLINK-33694          
1 63407C 25065J   25222.08173611 -.00022551  00000+0 -81698-3 0  2228
2 63407  42.9996 221.9167 0001327 271.1353 302.9613 15.27593730    11
STARLINK-33693          
1 63409C 25065L   25222.08104167 -.00014031  00000+0 -50846-3 0  2225
2 63409  43.0011 222.1619 0001410 268.5353 202.7239 15.27575045    11
STARLINK-33677          
1 63410C 25065M   25222.07687500 -.00016703  00000+0 -60522-3 0  2223
2 63410  43.0000 222.0786 0001521 271.9408 218.7973 15.27582278    15
STARLINK-33645          
1 63412C 25065P   25222.08104167 -.00034328  00000+0 -12123-2 0  2225
2 63412  43.0018 225.4855 0001346 263.8886 236.0469 15.28440022    19
STARLINK-33670          
1 63413C 25065Q   25222.07826389 -.00014990  00000+0 -54284-3 0  2220
2 63413  43.0020 221.9936 0001277 269.6041 249.9677 15.27598332    15
STARLINK-33664          
1 63415C 25065S   25222.08173611  .00020219  00000+0  73258-3 0  2227
2 63415  43.0019 222.0659 0001242 275.4905 220.7452 15.27547664    15
STARLINK-33649          
1 63416C 25065T   25222.08034722 -.00004037  00000+0 -14624-3 0  2221
2 63416  43.0011 221.8892 0001203 266.8196 292.5971 15.27574264    16
STARLINK-33535          
1 63417C 25065U   25222.07826389 -.00031585  00000+0 -11444-2 0  2223
2 63417  43.0021 222.0414 0001338 274.6608 209.6326 15.27597190    11
STARLINK-33703          
1 63418C 25065V   25222.07618056 -.00020449  00000+0 -74094-3 0  2222
2 63418  43.0007 222.3382 0001320 268.5461  91.0690 15.27586751    11
STARLINK-33606          
1 63421C 25065Y   25222.07756944 -.00032446  00000+0 -11749-2 0  2222
2 63421  43.0017 222.0388 0001477 274.8330 212.6380 15.27618272    18
STARLINK-33686          
1 63422C 25065Z   25222.08173611 -.00027629  00000+0 -10010-2 0  2225
2 63422  43.0013 222.1486 0001418 264.4682 189.4217 15.27597330    16
STARLINK-33608          
1 63425C 25065AC  25222.08173611 -.00024998  00000+0 -90564-3 0  2227
2 63425  43.0015 222.1020 0001672 267.1605 200.8895 15.27594708    18
STARLINK-33851          
1 63683C 25085V   25222.07826389 -.00023204  00000+0 -84111-3 0  2221
2 63683  43.0009 145.6992 0001498 275.2586 311.9303 15.27575830    11
STARLINK-33853          
1 63684C 25085W   25222.08104167  .00036029  00000+0  13049-2 0  2224
2 63684  43.0007 145.6341 0001430 279.3444 344.2427 15.27545385    10
STARLINK-33908          
1 63700C 25087D   25222.08034722  .00040631  00000+0  10145-2 0  2222
2 63700  53.1567 123.1204 0001225  64.1882 239.1669 15.39557203    14
STARLINK-33848          
1 63705C 25087J   25222.07895833  .00045504  00000+0  11361-2 0  2229
2 63705  53.1569 123.0755 0001128  82.1713 239.2316 15.39553668    17
STARLINK-33773          
1 63713C 25087S   25222.07618056  .00057511  00000+0  14345-2 0  2224
2 63713  53.1569 123.0388 0001202  57.0155 272.7494 15.39570088    16
STARLINK-33745          
1 63714C 25087T   25222.07895833  .00047597  00000+0  11883-2 0  2222
2 63714  53.1570 123.0215 0001366  88.3314 258.8192 15.39552365    11
STARLINK-33725          
1 63717C 25087W   25222.07756944  .00022298  00000+0  55667-3 0  2224
2 63717  53.1568 123.0819 0001075  78.0708 233.7515 15.39579267    12
STARLINK-33824          
1 63766C 25089R   25222.07687500 -.00009251  00000+0 -33528-3 0  2229
2 63766  43.0008 160.6882 0001593 275.5862 306.4470 15.27565861    10
STARLINK-33844          
1 63768C 25089T   25222.07548611 -.00045572  00000+0 -16523-2 0  2221
2 63768  42.9996 160.0636 0001260 277.3322 198.8802 15.27591493    11
STARLINK-33884          
1 63770C 25089V   25222.07756944 -.00014579  00000+0 -52839-3 0  2228
2 63770  42.9999 160.0666 0001366 273.9570 206.6005 15.27572265    13
STARLINK-33841          
1 63771C 25089W   25222.07756944 -.00021107  00000+0 -76499-3 0  2222
2 63771  42.9999 160.1673 0001207 271.2290 166.8809 15.27578266    13
STARLINK-33769          
1 63773C 25089X   25222.08104167 -.00057564  00000+0 -20870-2 0  2226
2 63773  42.9998 160.0119 0000853 287.2510 226.6221 15.27603905    18
STARLINK-33914          
1 63774C 25089Y   25222.07826389 -.00045929  00000+0 -16653-2 0  2229
2 63774  43.0007 156.3645 0001497 280.2090 286.5036 15.27590144    14
STARLINK-33932          
1 63775C 25091A   25222.07965278 -.00029514  00000+0 -10696-2 0  2227
2 63775  43.0022 167.4308 0001387 271.6114 352.3725 15.27591140    14
STARLINK-33930          
1 63776C 25091B   25222.07687500 -.00047657  00000+0 -17278-2 0  2228
2 63776  43.0005 167.9107 0001610 274.6684 143.0411 15.27594615    19
STARLINK-33938          
1 63778C 25091D   25222.08034722  .00009732  00000+0  35259-3 0  2223
2 63778  43.0024 167.6534 0001357 266.0478 269.7496 15.27558681    19
STARLINK-33881          
1 63779C 25091E   25222.07756944  .00009011  00000+0  32625-3 0  2224
2 63779  43.0004 167.9910 0001007 263.0537 122.9252 15.27581546    10
STARLINK-33846          
1 63780C 25091F   25222.07826389 -.00049571  00000+0 -17973-2 0  2222
2 63780  43.0006 167.8502 0001534 281.2107 165.3857 15.27594094    14
STARLINK-33883          
1 63781C 25091G   25222.07965278 -.00026009  00000+0 -94275-3 0  2226
2 63781  43.0008 167.7912 0001526 267.3235 208.0978 15.27579965    18
STARLINK-33842          
1 63782C 25091H   25222.07895833  .00013591  00000+0  49284-3 0  2226
2 63782  43.0032 167.6127 0001591 268.8165 280.6977 15.27525710    17
STARLINK-33892          
1 63783C 25091J   25222.07618056 -.00032318  00000+0 -11716-2 0  2225
2 63783  43.0028 167.6062 0000999 269.3225 271.9013 15.27581900    12
STARLINK-33933          
1 63784C 25091K   25222.07618056 -.00039981  00000+0 -14495-2 0  2226
2 63784  43.0005 160.6671 0001399 273.6333 262.3048 15.27585590    11
STARLINK-33906          
1 63785C 25091L   25222.08104167 -.00027726  00000+0 -10048-2 0  2225
2 63785  43.0019 167.6812 0001423 262.0613 263.4503 15.27588947    19
STARLINK-33923          
1 63786C 25091M   25222.08104167 -.00015394  00000+0 -55767-3 0  2222
2 63786  43.0024 167.6655 0001889 270.3234 262.1957 15.27585857    14
STARLINK-33882          
1 63788C 25091P   25222.07965278 -.00012732  00000+0 -46136-3 0  2224
2 63788  43.0033 167.5654 0001415 263.4961 303.8851 15.27577647    13
STARLINK-33875          
1 63789C 25091Q   25222.07895833 -.00044049  00000+0 -15966-2 0  2226
2 63789  43.0027 167.4146 0001334 271.9140 355.3546 15.27597914    17
STARLINK-33935          
1 63791C 25091S   25222.07618056 -.00040781  00000+0 -14784-2 0  2225
2 63791  43.0010 167.9290 0001429 273.3585 133.4494 15.27590508    10
STARLINK-33916          
1 63792C 25091T   25222.08104167 -.00022573  00000+0 -81800-3 0  2223
2 63792  43.0007 167.8496 0001539 261.7489 193.0070 15.27584520    19
STARLINK-33867          
1 63795C 25091W   25222.07756944 -.00023772  00000+0 -86171-3 0  2229
2 63795  43.0010 167.7662 0001449 277.6038 200.4993 15.27576091    17
STARLINK-33918          
1 63796C 25091X   25222.07756944 -.00048027  00000+0 -17413-2 0  2222
2 63796  43.0011 167.7844 0001421 280.0615 191.0059 15.27592722    17
STARLINK-33712          
1 63797C 25091Y   25222.07618056 -.00024830  00000+0 -89986-3 0  2225
2 63797  43.0025 171.2408 0001283 260.3896 233.8954 15.27584756    14
STARLINK-33827          
1 63798C 25091Z   25222.08034722 -.00020532  00000+0 -74428-3 0  2229
2 63798  43.0032 167.6124 0001482 272.5045 277.5043 15.27571994    13
STARLINK-33899          
1 63799C 25091AA  25222.08173611 -.00009458  00000+0 -34280-3 0  2227
2 63799  43.0035 167.4985 0001615 268.9191 331.1672 15.27565403    12
STARLINK-33900          
1 63800C 25091AB  25222.07895833  .00010608  00000+0  38408-3 0  2229
2 63800  43.0027 167.4620 0001353 270.0747 335.9129 15.27579044    17
STARLINK-34018          
1 63836C 25093A   25222.07965278  .00002889  00000+0  10474-3 0  2226
2 63836  43.0028 193.0890 0001396 257.0621 250.1292 15.27547279    18
STARLINK-34053          
1 63837C 25093B   25222.07618056 -.00039297  00000+0 -14242-2 0  2227
2 63837  43.0027 193.0712 0001446 275.2995 226.8824 15.27597684    19
STARLINK-34040          
1 63839C 25093D   25222.07756944 -.00013066  00000+0 -47344-3 0  2224
2 63839  43.0016 192.8954 0001378 263.4341 317.1299 15.27579133    11
STARLINK-33990          
1 63840C 25093E   25222.08034722 -.00018825  00000+0 -68217-3 0  2220
2 63840  43.0009 192.8997 0001396 269.5814 312.1327 15.27581751    10
STARLINK-34056          
1 63841C 25093F   25222.07826389  .00003388  00000+0  12281-3 0  2224
2 63841  43.0023 193.1781 0001298 256.9661 207.2173 15.27548258    11
STARLINK-34026          
1 63842C 25093G   25222.07479167 -.00023525  00000+0 -85249-3 0  2224
2 63842  43.0018 193.2140 0001395 266.1547 171.7739 15.27585697    11
STARLINK-34041          
1 63844C 25093J   25222.07756944 -.00026878  00000+0 -97393-3 0  2224
2 63844  43.0005 193.2676 0001526 269.9886 154.9309 15.27590928    15
STARLINK-34011          
1 63845C 25093K   25222.07618056 -.00020681  00000+0 -74937-3 0  2221
2 63845  43.0005 193.3813 0001309 269.9262 104.8841 15.27585785    17
STARLINK-34037          
1 63847C 25093M   25222.07687500 -.00018709  00000+0 -67791-3 0  2221
2 63847  43.0012 192.8638 0001333 268.5441 322.3434 15.27584664    17
STARLINK-34010          
1 63848C 25093N   25222.07409722 -.00014591  00000+0 -52876-3 0  2223
2 63848  43.0016 192.9603 0001253 262.0971 278.1289 15.27576257    18
STARLINK-34009          
1 63849C 25093P   25222.07618056 -.00050276  00000+0 -18218-2 0  2227
2 63849  43.0007 189.7478 0001341 274.4560 168.4546 15.27614208    18
STARLINK-33958          
1 63850C 25093Q   25222.07687500 -.00045447  00000+0 -16468-2 0  2228
2 63850  43.0007 193.2883 0001391 262.5378 151.5086 15.27609760    19
STARLINK-34015          
1 63854C 25093U   25222.07409722 -.00024301  00000+0 -88057-3 0  2220
2 63854  43.0002 193.3180 0001219 268.8622 115.7269 15.27588090    16
STARLINK-33969          
1 63855C 25093V   25222.08034722 -.00029546  00000+0 -10708-2 0  2229
2 63855  43.0019 192.8725 0001355 270.4015 318.4192 15.27587427    10
STARLINK-34002          
1 63856C 25093W   25222.07826389 -.00020857  00000+0 -75577-3 0  2229
2 63856  43.0030 193.0041 0001387 269.0261 258.7773 15.27584488    15
STARLINK-33976          
1 63858C 25093Y   25222.07618056 -.00039226  00000+0 -14214-2 0  2221
2 63858  43.0010 192.9350 0001311 268.6420 276.0090 15.27603150    18
STARLINK-33821          
1 63859C 25093Z   25222.07687500 -.00028730  00000+0 -10410-2 0  2224
2 63859  43.0009 193.1053 0001366 262.5743 208.0975 15.27594299    11
STARLINK-33888          
1 63860C 25093AA  25222.08104167 -.00025754  00000+0 -93336-3 0  2222
2 63860  43.0029 193.0026 0001375 272.0816 263.9596 15.27584709    15
STARLINK-33896          
1 63861C 25093AB  25222.08173611 -.00021293  00000+0 -77164-3 0  2228
2 63861  43.0028 193.0676 0001356 268.4448 243.1091 15.27582426    19
STARLINK-33878          
1 63862C 25093AC  25222.08034722 -.00084207  00000+0 -30526-2 0  2222
2 63862  43.0016 193.0646 0001487 281.1156 215.8241 15.27633735    10
STARLINK-33954          
1 63863C 25093AD  25222.07895833 -.00013947  00000+0 -50527-3 0  2227
2 63863  43.0001 193.2020 0001537 266.0274 180.6955 15.27585188    11
STARLINK-33989          
1 63929C 25098D   25222.07548611  .00005017  00000+0  42074-3 0  2229
2 63929  69.9991  88.0581 0002935 274.6590  80.3279 14.98301840    14
STARLINK-33994          
1 63931C 25098F   25222.07687500  .00006559  00000+0  54979-3 0  2222
2 63931  69.9989  88.0288 0002896 267.1965 117.7362 14.98316186    14
STARLINK-11727 [DTC]    
1 64123C 25111A   25222.10118056  .00045985  00000+0  35773-3 0  2228
2 64123  42.9997 169.5695 0001778 281.7907 238.0203 15.70755155    16
STARLINK-11725 [DTC]    
1 64125C 25111C   25222.09770833  .00053793  00000+0  41851-3 0  2225
2 64125  43.0003 169.3634 0001734 278.4291 311.9111 15.70745153    16
STARLINK-11717 [DTC]    
1 64126C 25111D   25222.09770833  .00053091  00000+0  41302-3 0  2228
2 64126  42.9999 169.4385 0001977 271.1025 289.1782 15.70746327    11
STARLINK-11722 [DTC]    
1 64128C 25111F   25222.10187500  .00044247  00000+0  34416-3 0  2226
2 64128  42.9995 169.1900 0001353 272.0610  41.9833 15.70760930    14
STARLINK-11735 [DTC]    
1 64130C 25111H   25222.09909722  .00046393  00000+0  36096-3 0  2225
2 64130  42.9990 169.2815 0001751 277.3561 350.9108 15.70751110    11
STARLINK-11718 [DTC]    
1 64132C 25111K   25222.09701389  .00035672  00000+0  27751-3 0  2222
2 64132  42.9985 169.6036 0000878 288.8844 202.1836 15.70765981    13
STARLINK-11716 [DTC]    
1 64133C 25111L   25222.10256944  .00053922  00000+0  41949-3 0  2220
2 64133  42.9994 169.4811 0001911 277.3591 280.3860 15.70745631    19
STARLINK-11714 [DTC]    
1 64134C 25111M   25222.09840278  .00043617  00000+0  33931-3 0  2220
2 64134  42.9998 168.8348 0001456 262.0755 182.6234 15.70758377    19
STARLINK-11712 [DTC]    
1 64135C 25111N   25222.10256944  .00040712  00000+0  31667-3 0  2221
2 64135  42.9990 169.6328 0001636 276.8468 220.7671 15.70763066    13
STARLINK-34230          
1 64137C 25111Q   25222.06437500 -.00048279  00000+0 -17493-2 0  2225
2 64137  43.0008 193.1267 0001303 258.7782 213.7084 15.27614652    18
STARLINK-34129          
1 64138C 25111R   25222.08104167 -.00026832  00000+0 -97223-3 0  2229
2 64138  43.0006 193.1360 0001422 260.5890 261.2180 15.27592061    18
STARLINK-34181          
1 64144C 25111X   25222.06437500  .00011289  00000+0  40921-3 0  2225
2 64144  43.0014 193.0267 0001545 263.6026 251.3879 15.27542556    19
STARLINK-34186          
1 64145C 25111Y   25222.06020833 -.00038416  00000+0 -13921-2 0  2225
2 64145  43.0006 193.1652 0001681 271.8001 170.6866 15.27600271    13
STARLINK-11673 [DTC]    
1 64318C 25124B   25222.10256944  .00039871  00000+0  31017-3 0  2221
2 64318  42.9979 224.6046 0001839 262.1020 226.6235 15.70760558    13
STARLINK-11671 [DTC]    
1 64319C 25124C   25222.09979167  .00041031  00000+0  31916-3 0  2228
2 64319  42.9979 224.4709 0001598 263.3064 269.8150 15.70762446    14
STARLINK-11747 [DTC]    
1 64322C 25124F   25222.09909722  .00034375  00000+0  26745-3 0  2229
2 64322  42.9983 224.6973 0001825 259.5882 179.4263 15.70762787    15
STARLINK-11728 [DTC]    
1 64323C 25124G   25222.09979167  .00036106  00000+0  28090-3 0  2229
2 64323  42.9979 224.2448 0001035 269.1760 354.1353 15.70763774    18
STARLINK-11696 [DTC]    
1 64324C 25124H   25222.10256944  .00036948  00000+0  28743-3 0  2222
2 64324  42.9975 224.3781 0001452 265.7205 313.1916 15.70764231    14
STARLINK-11698 [DTC]    
1 64325C 25124J   25222.10187500  .00042914  00000+0  33379-3 0  2225
2 64325  42.9979 224.4688 0001574 262.4116 277.3452 15.70761963    11
STARLINK-11678 [DTC]    
1 64326C 25124K   25222.10326389  .00034829  00000+0  27099-3 0  2224
2 64326  42.9978 224.7468 0001686 266.2977 166.2481 15.70762283    15
STARLINK-11674 [DTC]    
1 64327C 25124L   25222.10326389  .00035597  00000+0  27694-3 0  2229
2 64327  42.9979 224.2968 0001435 270.6287 342.2817 15.70763923    13
STARLINK-11707 [DTC]    
1 64328C 25124M   25222.10187500  .00026809  00000+0  20860-3 0  2224
2 64328  42.9979 224.5296 0001705 266.1190 248.7422 15.70768861    12
STARLINK-34252          
1 64330C 25124P   25222.06298611 -.01775700  00000+0 -49743-1 0  2221
2 64330  42.9993 237.1840 0001303 267.6396   6.3175 15.37561897    10
STARLINK-34050          
1 64331C 25124Q   25222.07756944 -.00002507  00000+0 -88531-4 0  2229
2 64331  42.9992 236.9290 0001501 265.3288 159.7170 15.28408795    16
STARLINK-33782          
1 64332C 25124R   25222.07895833  .00006569  00000+0  23197-3 0  2227
2 64332  42.9997 236.6874 0001708 274.6618 254.2389 15.28401640    11
STARLINK-34260          
1 64334C 25124T   25222.05951389  .00041226  00000+0  14941-2 0  2221
2 64334  42.9990 237.1093 0001332 265.3032  26.5225 15.27517279    19
STARLINK-33855          
1 64335C 25124U   25222.07548611  .00009962  00000+0  36095-3 0  2220
2 64335  42.9997 236.6264 0001102 281.5558 260.9310 15.27555790    18
STARLINK-34223          
1 64336C 25124V   25222.06229167  .00013011  00000+0  31060-3 0  2229
2 64336  42.9995 236.7216 0001587 266.4984 195.3837 15.40670691    15
STARLINK-34218          
1 64338C 25124X   25222.06368056  .00033303  00000+0  79558-3 0  2222
2 64338  42.9988 237.0459 0001437 264.3867  68.4290 15.40628672    18
STARLINK-34017          
1 64339C 25124Y   25222.07826389 -.00002325  00000+0 -82098-4 0  2228
2 64339  42.9988 236.7809 0001568 268.3867 217.9982 15.28412662    18
STARLINK-34419          
1 64412C 25129A   25222.05673611 -.01609400  00000+0 -12830+0 0  2221
2 64412  69.9994 248.2425 0003165 271.9620  25.2264 15.01883998    18
STARLINK-34225          
1 64414C 25129C   25222.05881944 -.01642300  00000+0 -12696+0 0  2229
2 64414  69.9994 248.2916 0003317 272.9395 349.3007 15.03089088    19
STARLINK-34514          
1 64416C 25129E   25222.05881944 -.01730100  00000+0 -11042+0 0  2221
2 64416  69.9992 248.0163 0003168 275.6798 240.1839 15.10345559    19
STARLINK-34487          
1 64417C 25129F   25222.06229167 -.01730200  00000+0 -11813+0 0  2223
2 64417  69.9993 248.0019 0003086 275.4789 262.4179 15.07854305    12
STARLINK-34512          
1 64419C 25129H   25222.06437500 -.00058398  00000+0 -47913-2 0  2220
2 64419  69.9993 248.1600 0003522 269.0551 130.1224 14.99206145    17
STARLINK-34498          
1 64421C 25129K   25222.06020833 -.01730600  00000+0 -12005+0 0  2225
2 64421  69.9993 248.1588 0003565 276.5285 115.0919 15.07261896    16
STARLINK-34434          
1 64422C 25129L   25222.05604167 -.01730700  00000+0 -13072+0 0  2229
2 64422  69.9994 248.2564 0003399 272.9716  17.0081 15.04061521    18
STARLINK-34467          
1 64423C 25129M   25222.06090278 -.01727800  00000+0 -12235+0 0  2220
2 64423  69.9993 248.0882 0003297 278.4543 178.3704 15.06491693    17
STARLINK-34468          
1 64424C 25129N   25222.06229167 -.01382200  00000+0 -11142+0 0  2229
2 64424  69.9995 248.2563 0003164 270.4604  37.0785 15.01225783    11
STARLINK-34452          
1 64425C 25129P   25222.06090278 -.01731100  00000+0 -12356+0 0  2224
2 64425  69.9996 247.9972 0003144 275.2632 260.2182 15.06195711    18
STARLINK-34480          
1 64427C 25129R   25222.05673611 -.01731500  00000+0 -13538+0 0  2220
2 64427  69.9996 248.0072 0003131 277.3687 232.6915 15.02748892    19
STARLINK-34495          
1 64428C 25129S   25222.05743056 -.01726900  00000+0 -11558+0 0  2220
2 64428  69.9993 248.0996 0003443 278.3933 157.9892 15.08587520    11
STARLINK-34524          
1 64431C 25129V   25222.06229167 -.01730700  00000+0 -12136+0 0  2223
2 64431  69.9992 248.0543 0003092 277.5669 212.6482 15.06858629    12
STARLINK-34506          
1 64432C 25129W   25222.06229167 -.01730400  00000+0 -11587+0 0  2220
2 64432  69.9995 247.9582 0003123 273.6059 301.2487 15.08575940    16
STARLINK-34478          
1 64435C 25129Z   25222.06090278 -.01729000  00000+0 -12717+0 0  2222
2 64435  69.9992 248.0583 0003220 277.5447 203.4619 15.05067360    10
STARLINK-34396          
1 64436C 25129AA  25222.06368056 -.01501500  00000+0 -12006+0 0  2229
2 64436  69.9993 248.1713 0003478 273.8454 105.7994 15.01657163    12
STARLINK-34507          
1 64437C 25129AB  25222.05812500 -.01729500  00000+0 -12249+0 0  2228
2 64437  69.9995 247.9784 0003212 275.5136 266.6271 15.06486146    13
STARLINK-34280          
1 64594C 25137A   25222.05812500  .00015365  00000+0  38349-3 0  2228
2 64594  53.1568 248.6436 0001101  87.9210  24.4690 15.39592744    16
STARLINK-34517          
1 64595C 25137B   25222.06437500  .00009888  00000+0  24679-3 0  2227
2 64595  53.1586 248.2561 0001222  92.7780 234.5343 15.39598322    19
STARLINK-34486          
1 64597C 25137D   25222.05812500  .00003636  00000+0  90756-4 0  2220
2 64597  53.1581 248.1327 0001238  97.7624 272.1507 15.39600753    16
STARLINK-34463          
1 64598C 25137E   25222.06159722  .00018666  00000+0  46593-3 0  2220
2 64598  53.1576 248.0132 0001639  81.6748 359.0022 15.39586367    19
STARLINK-34504          
1 64600C 25137G   25222.06020833  .00019425  00000+0  48489-3 0  2224
2 64600  53.1572 248.5803 0001062  78.6171  71.0872 15.39584739    10
STARLINK-34435          
1 64602C 25137J   25222.05881944  .00008451  00000+0  21089-3 0  2227
2 64602  53.1588 248.2298 0001228  91.1129 231.1177 15.39604860    16
STARLINK-34475          
1 64603C 25137K   25222.06020833  .00006114  00000+0  15257-3 0  2225
2 64603  53.1585 248.1721 0001270  90.4898 265.1902 15.39608785    19
STARLINK-34073          
1 64606C 25137N   25222.07548611  .00012473  00000+0  31132-3 0  2223
2 64606  53.1577 247.9979 0001218  96.8398  35.1053 15.39596301    14
STARLINK-34532          
1 64607C 25137P   25222.05951389  .00015412  00000+0  51967-3 0  2226
2 64607  53.1592 248.3982 0001566  65.2781 173.1331 15.30162026    19
STARLINK-34519          
1 64608C 25137Q   25222.06437500  .00017266  00000+0  43097-3 0  2226
2 64608  53.1572 248.5627 0001152  88.6181  82.3249 15.39589393    18
STARLINK-34500          
1 64613C 25137V   25222.06229167  .00003900  00000+0  97328-4 0  2227
2 64613  53.1586 248.2144 0001282  88.5466 251.0784 15.39609305    14
STARLINK-34440          
1 64614C 25137W   25222.06298611  .00010215  00000+0  25491-3 0  2226
2 64614  53.1586 248.1603 0001227  87.7554 281.4750 15.39604698    12
STARLINK-34413          
1 64616C 25137Y   25222.06020833  .00006828  00000+0  17040-3 0  2223
2 64616  53.1578 248.2742 0001248  88.2830 214.0342 15.39606557    11
STARLINK-34415          
1 64618C 25137AA  25222.06020833  .00015466  00000+0  38593-3 0  2229
2 64618  53.1584 248.1214 0001256  83.4077 296.1760 15.39599513    10
STARLINK-34416          
1 64619C 25137AB  25222.06020833  .00019984  00000+0  49879-3 0  2228
2 64619  53.1581 248.0703 0001965  85.9312 319.4325 15.39586663    14
STARLINK-34414          
1 64620C 25137AC  25222.06159722  .00018308  00000+0  45684-3 0  2229
2 64620  53.1578 247.9104 0001154  93.7895  36.5020 15.39598347    19
STARLINK-34593          
1 64758C 25147D   25222.06090278  .00016953  00000+0  42303-3 0  2221
2 64758  53.1596 148.2533 0001280  81.0216 334.5419 15.39598850    19
STARLINK-34261          
1 64764C 25147K   25222.05881944  .00008320  00000+0  20770-3 0  2228
2 64764  53.1600 148.3132 0001378  92.2004 286.1017 15.39591577    10
STARLINK-34566          
1 64765C 25147L   25222.05743056  .00024572  00000+0  61325-3 0  2228
2 64765  53.1596 148.2169 0001108  91.7050 330.4042 15.39585874    14
STARLINK-34609          
1 64768C 25147P   25222.06020833 -.01779100  00000+0 -38489-1 0  2223
2 64768  53.1593 148.0783 0001180  74.2348  65.7606 15.45685798    17
STARLINK-34547          
1 64777C 25147Y   25222.05951389  .00008123  00000+0  20280-3 0  2220
2 64777  53.1599 148.3036 0001133  88.0777 295.9114 15.39593110    14
STARLINK-34537          
1 64778C 25147Z   25222.06368056  .00096664  00000+0  54655-3 0  2225
2 64778  53.1547 144.3914 0001416 114.1897  50.6530 15.78322125    14
STARLINK-34585          
1 64779C 25147AA  25222.06090278 -.00046238  00000+0 -11537-2 0  2229
2 64779  53.1600 148.1939 0001254  71.4002  11.7157 15.39664959    11
STARLINK-34491          
1 64780C 25147AB  25222.06159722  .00024704  00000+0  61669-3 0  2225
2 64780  53.1597 148.1394 0001074  73.8815  38.9153 15.39578330    15
STARLINK-34482          
1 64782C 25147AD  25222.06090278 -.00045142  00000+0 -11261-2 0  2220
2 64782  53.1599 148.0909 0001392  76.7842  57.8512 15.39669418    12
STARLINK-34599          
1 64919C 25157R   25222.05604167 -.01881700  00000+0 -14624-1 0  2224
2 64919  53.1593 261.9909 0000756  76.1637 309.5942 15.73007281    18
STARLINK-34661          
1 64927C 25157Z   25222.05812500 -.01882900  00000+0 -14639-1 0  2224
2 64927  53.1593 261.9762 0000590  82.2369 317.2396 15.73001129    14
STARLINK-34220          
1 64930C 25157AC  25222.05812500 -.01878700  00000+0 -14607-1 0  2226
2 64930  53.1593 261.9725 0000987  76.4185 324.9848 15.72994144    12