Satellite,Max Elevation (deg),Time Max Elevation
STARLINK-1008,73.40401147845274,2025-08-17 04:21:00 UTC
STARLINK-1011,53.43685026387578,2025-08-17 05:05:00 UTC
STARLINK-1012,51.81109081354668,2025-08-17 03:48:00 UTC
STARLINK-1015,3.4402702273342936,2025-08-17 03:07:00 UTC
STARLINK-1017,43.534920560583195,2025-08-17 04:44:00 UTC
STARLINK-1019,44.23754642110129,2025-08-17 03:42:00 UTC
STARLINK-1020,77.74957826883937,2025-08-17 05:27:00 UTC
STARLINK-1021,6.615047416354631,2025-08-17 03:12:00 UTC
STARLINK-1029,70.9274236551066,2025-08-17 12:59:00 UTC
STARLINK-1030,12.427666387697009,2025-08-17 04:03:00 UTC
STARLINK-1031,40.05859922059429,2025-08-17 04:08:00 UTC
STARLINK-1036,40.232655674348585,2025-08-17 06:11:00 UTC
STARLINK-1039,51.19974174773527,2025-08-17 07:18:00 UTC
STARLINK-1042,11.689087393364607,2025-08-17 03:14:00 UTC
STARLINK-1043,67.96480435398742,2025-08-17 07:06:00 UTC
STARLINK-1046,41.884368587102756,2025-08-17 07:28:00 UTC
STARLINK-1047,45.13378412241048,2025-08-17 04:15:00 UTC
STARLINK-1048,37.92882272256965,2025-08-17 04:54:00 UTC
STARLINK-1053,41.2150869122262,2025-08-17 03:43:00 UTC
STARLINK-1054,62.619635054125055,2025-08-17 05:08:00 UTC
STARLINK-1056,34.87034704159485,2025-08-17 04:14:00 UTC
STARLINK-1057,31.820906408886405,2025-08-17 03:40:00 UTC
STARLINK-1060,62.0506441449522,2025-08-17 05:16:00 UTC
STARLINK-1063,56.720926634514356,2025-08-17 07:11:00 UTC
STARLINK-1067,82.45962264329127,2025-08-17 06:55:00 UTC
STARLINK-1068,49.902691018143706,2025-08-17 05:05:00 UTC
STARLINK-1098,76.82827412302925,2025-08-17 04:48:00 UTC
STARLINK-1104,42.62829003918351,2025-08-17 04:36:00 UTC
STARLINK-1112,33.578796908673404,2025-08-17 06:53:00 UTC
STARLINK-1114,57.81210775840561,2025-08-17 07:16:00 UTC
STARLINK-1123,71.43025884993617,2025-08-17 07:39:00 UTC
STARLINK-1144,55.37164832314929,2025-08-17 11:47:00 UTC
STARLINK-1071,68.99575282259143,2025-08-17 03:17:00 UTC
STARLINK-1091,59.25482099297948,2025-08-17 04:09:00 UTC
STARLINK-1094,69.91077646857843,2025-08-17 06:22:00 UTC
STARLINK-1122,40.19057622628712,2025-08-17 06:55:00 UTC
STARLINK-1066,41.82838847159885,2025-08-17 09:12:00 UTC
STARLINK-1080,74.42226816085275,2025-08-17 11:59:00 UTC
STARLINK-1090,76.96071038902394,2025-08-17 12:03:00 UTC
STARLINK-1107,50.210620710310245,2025-08-17 08:41:00 UTC
STARLINK-1115,35.71622072496487,2025-08-17 06:00:00 UTC
STARLINK-1132,83.36096706436726,2025-08-17 09:30:00 UTC
STARLINK-1131,74.34965377559782,2025-08-17 03:48:00 UTC
STARLINK-1134,78.58588135286656,2025-08-17 09:57:00 UTC
STARLINK-1156,40.04299632165656,2025-08-17 11:25:00 UTC
STARLINK-1159,72.04972732692298,2025-08-17 03:26:00 UTC
STARLINK-1166,81.24791373325819,2025-08-17 03:42:00 UTC
STARLINK-1169,68.65659219829634,2025-08-17 10:36:00 UTC
STARLINK-1171,71.5900593730298,2025-08-17 03:30:00 UTC
STARLINK-1133,43.667785066471886,2025-08-17 08:57:00 UTC
STARLINK-1150,57.93050067152975,2025-08-17 07:13:00 UTC
STARLINK-1167,81.97549604273021,2025-08-17 09:35:00 UTC
STARLINK-1168,67.9933512945273,2025-08-17 09:39:00 UTC
STARLINK-1172,50.044754030275186,2025-08-17 09:57:00 UTC
STARLINK-1153,66.30464797135362,2025-08-17 09:25:00 UTC
STARLINK-1151,49.969777874186356,2025-08-17 09:02:00 UTC
STARLINK-1190,30.258876042079624,2025-08-17 09:18:00 UTC
STARLINK-1173,39.69673388382539,2025-08-17 06:51:00 UTC
STARLINK-1179,52.7644771697749,2025-08-17 06:17:00 UTC
STARLINK-1185,60.72772288390885,2025-08-17 08:29:00 UTC
STARLINK-1183,34.90564235200189,2025-08-17 07:23:00 UTC
STARLINK-1176,50.789039440080415,2025-08-17 06:29:00 UTC
STARLINK-1142,28.05700801889249,2025-08-17 06:09:00 UTC
STARLINK-1146,26.988802712299538,2025-08-17 06:41:00 UTC
STARLINK-1147,32.326245023888674,2025-08-17 05:43:00 UTC
STARLINK-1152,68.62016071033212,2025-08-17 07:45:00 UTC
STARLINK-1184,50.62703048209276,2025-08-17 07:44:00 UTC
STARLINK-1193,44.052909052618865,2025-08-17 07:39:00 UTC
STARLINK-1143,54.54896095436299,2025-08-17 10:25:00 UTC
STARLINK-1200,28.528645160208214,2025-08-17 09:43:00 UTC
STARLINK-1201,33.06782831390232,2025-08-17 07:20:00 UTC
STARLINK-1202,46.628772382141015,2025-08-17 12:01:00 UTC
STARLINK-1216,56.13635841331362,2025-08-17 11:50:00 UTC
STARLINK-1224,43.00365498598509,2025-08-17 09:30:00 UTC
STARLINK-1225,35.91309312999884,2025-08-17 12:18:00 UTC
STARLINK-1228,45.266109628881345,2025-08-17 04:55:00 UTC
STARLINK-1230,33.244135751926464,2025-08-17 10:44:00 UTC
STARLINK-1234,36.70852340466017,2025-08-17 09:39:00 UTC
STARLINK-1237,32.4176359253751,2025-08-17 09:38:00 UTC
STARLINK-1240,28.41935377449958,2025-08-17 09:46:00 UTC
STARLINK-1244,27.014512290062417,2025-08-17 08:38:00 UTC
STARLINK-1269,45.23717473699531,2025-08-17 11:00:00 UTC
STARLINK-1154,41.341105355121485,2025-08-17 10:50:00 UTC
STARLINK-1199,34.31636954459317,2025-08-17 09:27:00 UTC
STARLINK-1206,22.697508673947134,2025-08-17 07:16:00 UTC
STARLINK-1208,65.19271521017811,2025-08-17 08:02:00 UTC
STARLINK-1209,32.87953501367423,2025-08-17 09:44:00 UTC
STARLINK-1210,37.70383497075387,2025-08-17 08:18:00 UTC
STARLINK-1219,47.74480172420388,2025-08-17 05:36:00 UTC
STARLINK-1231,72.11630676548161,2025-08-17 10:18:00 UTC
STARLINK-1271,44.97574957111206,2025-08-17 10:45:00 UTC
STARLINK-1191,48.31977211720291,2025-08-17 09:22:00 UTC
STARLINK-1212,33.15459293596552,2025-08-17 08:10:00 UTC
STARLINK-1215,67.81052809941585,2025-08-17 08:42:00 UTC
STARLINK-1217,58.933389949405864,2025-08-17 06:47:00 UTC
STARLINK-1221,38.36502331229696,2025-08-17 04:56:00 UTC
STARLINK-1222,39.29858957451439,2025-08-17 09:33:00 UTC
STARLINK-1226,66.88359282516059,2025-08-17 08:38:00 UTC
STARLINK-1227,56.32368830432644,2025-08-17 08:32:00 UTC
STARLINK-1238,56.39363657849327,2025-08-17 08:00:00 UTC
STARLINK-1246,43.13006606604244,2025-08-17 12:07:00 UTC
STARLINK-1247,33.85933697473845,2025-08-17 06:15:00 UTC
STARLINK-1270,75.17171947770868,2025-08-17 09:00:00 UTC
STARLINK-1301,9.159520590548404,2025-08-17 03:21:00 UTC
STARLINK-1306,16.739577595022094,2025-08-17 03:41:00 UTC
STARLINK-1262,20.607760202562147,2025-08-17 04:05:00 UTC
STARLINK-1273,9.637902221301784,2025-08-17 04:38:00 UTC
STARLINK-1276,25.937210654142483,2025-08-17 03:54:00 UTC
STARLINK-1277,34.506839069867965,2025-08-17 03:43:00 UTC
STARLINK-1281,35.46237584028772,2025-08-17 03:37:00 UTC
STARLINK-1300,18.032481198921754,2025-08-17 04:10:00 UTC
STARLINK-1302,10.974886996740956,2025-08-17 04:32:00 UTC
STARLINK-1304,53.38496214041322,2025-08-17 03:21:00 UTC
STARLINK-1305,22.667953382328985,2025-08-17 03:59:00 UTC
STARLINK-1319,28.22365127010455,2025-08-17 03:48:00 UTC
STARLINK-1266,1.9884577740231446,2025-08-17 03:54:00 UTC
STARLINK-1267,7.117218179071721,2025-08-17 03:32:00 UTC
STARLINK-1272,4.152450998714765,2025-08-17 03:43:00 UTC
STARLINK-1280,44.87073943211913,2025-08-17 03:26:00 UTC
STARLINK-1284,1.031007503993987,2025-08-17 03:59:00 UTC
STARLINK-1297,10.436536209295351,2025-08-17 03:15:00 UTC
STARLINK-1307,13.554550142080947,2025-08-17 03:05:00 UTC
STARLINK-1260,3.4508163771883704,2025-08-17 03:07:00 UTC
STARLINK-1278,41.595997629174455,2025-08-17 03:32:00 UTC
STARLINK-1296,0.27871092442830186,2025-08-17 03:05:00 UTC
STARLINK-1309,0.34881520608163147,2025-08-17 03:23:00 UTC
STARLINK-1286,55.16418421144454,2025-08-17 03:15:00 UTC
STARLINK-1308,68.51679728179703,2025-08-17 03:10:00 UTC
STARLINK-1350,15.190513715811548,2025-08-17 11:51:00 UTC
STARLINK-1294,49.87825715092528,2025-08-17 12:59:00 UTC
STARLINK-1323,33.29803808109004,2025-08-17 11:37:00 UTC
STARLINK-1325,55.227785653682865,2025-08-17 12:22:00 UTC
STARLINK-1327,13.376826130551908,2025-08-17 12:39:00 UTC
STARLINK-1336,27.705512840988106,2025-08-17 13:04:00 UTC
STARLINK-1342,43.410112457910806,2025-08-17 12:36:00 UTC
STARLINK-1355,38.942521357544265,2025-08-17 08:10:00 UTC
STARLINK-1356,15.058456597805947,2025-08-17 12:45:00 UTC
STARLINK-1357,1.7028755810137706,2025-08-17 11:37:00 UTC
STARLINK-1363,2.5583231178022734,2025-08-17 11:55:00 UTC
STARLINK-1376,13.443516807644777,2025-08-17 13:04:00 UTC
STARLINK-1320,62.36992269400352,2025-08-17 11:19:00 UTC
STARLINK-1321,36.2357090580889,2025-08-17 12:47:00 UTC
STARLINK-1328,22.820841307060565,2025-08-17 12:26:00 UTC
STARLINK-1331,18.177687787895035,2025-08-17 12:15:00 UTC
STARLINK-1333,8.749122062825693,2025-08-17 12:23:00 UTC
STARLINK-1335,26.129854040336642,2025-08-17 12:31:00 UTC
STARLINK-1337,54.025761325461716,2025-08-17 13:04:00 UTC
STARLINK-1347,27.672150302634694,2025-08-17 12:20:00 UTC
STARLINK-1349,62.054237462940094,2025-08-17 10:59:00 UTC
STARLINK-1360,37.86481006290492,2025-08-17 08:53:00 UTC
STARLINK-1364,5.888681546690137,2025-08-17 11:31:00 UTC
STARLINK-1443,17.61979690649509,2025-08-17 11:33:00 UTC
STARLINK-1446,62.273011496289925,2025-08-17 11:02:00 UTC
STARLINK-1448,19.993031366097554,2025-08-17 11:39:00 UTC
STARLINK-1451,21.684224526998435,2025-08-17 11:44:00 UTC
STARLINK-1452,36.13209191441814,2025-08-17 12:52:00 UTC
STARLINK-1453,51.695236233546176,2025-08-17 10:25:00 UTC
STARLINK-1454,45.43053525607539,2025-08-17 12:17:00 UTC
STARLINK-1456,73.22574927397359,2025-08-17 12:39:00 UTC
STARLINK-1457,75.52804597556656,2025-08-17 12:50:00 UTC
STARLINK-1458,62.71556378431027,2025-08-17 12:34:00 UTC
STARLINK-1460,25.05356281987538,2025-08-17 11:50:00 UTC
STARLINK-1392,35.249286032794416,2025-08-17 12:06:00 UTC
STARLINK-1394,76.02674311731776,2025-08-17 12:04:00 UTC
STARLINK-1402,40.221800656849986,2025-08-17 11:11:00 UTC
STARLINK-1404,44.24360101515643,2025-08-17 12:43:00 UTC
STARLINK-1413,38.48939223921527,2025-08-17 11:31:00 UTC
STARLINK-1417,34.30927575754594,2025-08-17 11:25:00 UTC
STARLINK-1420,41.43044905598265,2025-08-17 11:30:00 UTC
STARLINK-1422,47.19519166252244,2025-08-17 11:42:00 UTC
STARLINK-1351,60.64816231255714,2025-08-17 11:09:00 UTC
STARLINK-1398,45.33080795185784,2025-08-17 09:54:00 UTC
STARLINK-1400,54.55422446704277,2025-08-17 10:30:00 UTC
STARLINK-1403,54.38834184022355,2025-08-17 11:15:00 UTC
STARLINK-1407,50.551177049215546,2025-08-17 08:44:00 UTC
STARLINK-1411,54.18516411139581,2025-08-17 10:21:00 UTC
STARLINK-1423,40.62847449571318,2025-08-17 10:14:00 UTC
STARLINK-1433,44.22757981271904,2025-08-17 11:26:00 UTC
STARLINK-1434,70.76151598634856,2025-08-17 10:56:00 UTC
STARLINK-1465,66.30741050155592,2025-08-17 07:47:00 UTC
STARLINK-1471,28.840987226139465,2025-08-17 03:54:00 UTC
STARLINK-1474,4.803166507680711,2025-08-17 04:28:00 UTC
STARLINK-1480,69.74844342448142,2025-08-17 07:20:00 UTC
STARLINK-1500,33.28935086009357,2025-08-17 07:31:00 UTC
STARLINK-1504,29.379676410666107,2025-08-17 03:59:00 UTC
STARLINK-1506,37.82344900294234,2025-08-17 06:08:00 UTC
STARLINK-1464,51.706043406233434,2025-08-17 05:46:00 UTC
STARLINK-1477,75.18213502204527,2025-08-17 06:08:00 UTC
STARLINK-1478,53.19352487105526,2025-08-17 06:36:00 UTC
STARLINK-1484,2.441176859488385,2025-08-17 03:41:00 UTC
STARLINK-1487,66.95371524237349,2025-08-17 09:07:00 UTC
STARLINK-1493,77.6408130193944,2025-08-17 06:19:00 UTC
STARLINK-1494,66.60700940212999,2025-08-17 06:25:00 UTC
STARLINK-1502,37.40824045767874,2025-08-17 05:29:00 UTC
STARLINK-1470,68.38748079476827,2025-08-17 04:30:00 UTC
STARLINK-1482,64.043009168715,2025-08-17 04:40:00 UTC
STARLINK-1485,30.310403511996903,2025-08-17 03:25:00 UTC
STARLINK-1491,2.5159074722284664,2025-08-17 12:42:00 UTC
STARLINK-1496,41.78126236512434,2025-08-17 05:30:00 UTC
STARLINK-1497,37.7803172485717,2025-08-17 03:05:00 UTC
STARLINK-1513,58.8553253634409,2025-08-17 04:35:00 UTC
STARLINK-1536,7.792680438608474,2025-08-17 12:58:00 UTC
STARLINK-1542,5.316578797008945,2025-08-17 12:47:00 UTC
STARLINK-1549,1.103729195420101,2025-08-17 12:26:00 UTC
STARLINK-1551,9.28261429349752,2025-08-17 13:04:00 UTC
STARLINK-1559,3.9653679886495845,2025-08-17 12:33:00 UTC
STARLINK-1566,2.0676743257346724,2025-08-17 12:31:00 UTC
STARLINK-1568,39.97080051296458,2025-08-17 12:53:00 UTC
STARLINK-1578,6.551970708627319,2025-08-17 12:53:00 UTC
STARLINK-1585,57.00865432439592,2025-08-17 11:50:00 UTC
STARLINK-1593,64.55666505063354,2025-08-17 12:34:00 UTC
STARLINK-1601,60.73278368062977,2025-08-17 13:02:00 UTC
STARLINK-1605,55.05907584428737,2025-08-17 10:33:00 UTC
STARLINK-1614,43.669190170052204,2025-08-17 10:43:00 UTC
STARLINK-1618,42.73481823160917,2025-08-17 03:34:00 UTC
STARLINK-1621,80.67326232062787,2025-08-17 04:18:00 UTC
STARLINK-1622,60.10375840846457,2025-08-17 09:36:00 UTC
STARLINK-1623,38.58477514616312,2025-08-17 09:27:00 UTC
STARLINK-1624,66.29379281590968,2025-08-17 10:16:00 UTC
STARLINK-1625,50.42363225327281,2025-08-17 03:51:00 UTC
STARLINK-1643,54.10400934154792,2025-08-17 11:14:00 UTC
STARLINK-1586,43.160433248610175,2025-08-17 09:01:00 UTC
STARLINK-1596,65.53278280187675,2025-08-17 09:37:00 UTC
STARLINK-1597,71.74768396554138,2025-08-17 05:46:00 UTC
STARLINK-1606,64.0782041698969,2025-08-17 11:39:00 UTC
STARLINK-1608,68.80030688071407,2025-08-17 12:46:00 UTC
STARLINK-1629,62.65676973180086,2025-08-17 11:51:00 UTC
STARLINK-1636,55.542870029246416,2025-08-17 07:56:00 UTC
STARLINK-1642,44.16899224346525,2025-08-17 04:24:00 UTC
STARLINK-1667,53.79954862279432,2025-08-17 09:29:00 UTC
STARLINK-1545,72.73713063212358,2025-08-17 11:34:00 UTC
STARLINK-1587,47.234833736799324,2025-08-17 09:38:00 UTC
STARLINK-1595,71.8053762018434,2025-08-17 05:24:00 UTC
STARLINK-1598,47.41369349385052,2025-08-17 11:56:00 UTC
STARLINK-1612,32.946729923846334,2025-08-17 10:30:00 UTC
STARLINK-1626,71.52550205951086,2025-08-17 12:56:00 UTC
STARLINK-1627,61.34359169627973,2025-08-17 09:13:00 UTC
STARLINK-1628,30.03226802392105,2025-08-17 08:12:00 UTC
STARLINK-1633,62.854044562543486,2025-08-17 04:02:00 UTC
STARLINK-1635,72.41433019347348,2025-08-17 04:24:00 UTC
STARLINK-1640,66.85352814135851,2025-08-17 05:29:00 UTC
STARLINK-1641,80.00747922206388,2025-08-17 05:41:00 UTC
STARLINK-1734,61.38006479479314,2025-08-17 12:09:00 UTC
STARLINK-1654,45.92274841265473,2025-08-17 09:03:00 UTC
STARLINK-1686,34.64281779758526,2025-08-17 07:29:00 UTC
STARLINK-1695,77.12669722578977,2025-08-17 08:19:00 UTC
STARLINK-1710,78.87872002062196,2025-08-17 07:50:00 UTC
STARLINK-1719,36.34683359722355,2025-08-17 08:52:00 UTC
STARLINK-1723,81.46306038306513,2025-08-17 09:30:00 UTC
STARLINK-1727,37.76708324285033,2025-08-17 10:14:00 UTC
STARLINK-1738,76.7223227323839,2025-08-17 07:51:00 UTC
STARLINK-1750,44.098305688802505,2025-08-17 08:47:00 UTC
STARLINK-1752,51.32323614013397,2025-08-17 09:58:00 UTC
STARLINK-1759,36.07831794722845,2025-08-17 10:01:00 UTC
STARLINK-1762,42.46901817794853,2025-08-17 08:57:00 UTC
STARLINK-1764,41.60173691029275,2025-08-17 08:52:00 UTC
STARLINK-1765,44.23398619158751,2025-08-17 07:40:00 UTC
STARLINK-1767,40.96242474137561,2025-08-17 08:44:00 UTC
STARLINK-1547,32.13914899667454,2025-08-17 07:06:00 UTC
STARLINK-1553,47.622289015541426,2025-08-17 07:36:00 UTC
STARLINK-1575,41.46538923590781,2025-08-17 06:45:00 UTC
STARLINK-1646,55.005184366242105,2025-08-17 08:36:00 UTC
STARLINK-1653,78.2234242260269,2025-08-17 08:08:00 UTC
STARLINK-1656,68.3528924943057,2025-08-17 09:41:00 UTC
STARLINK-1657,67.54710275459355,2025-08-17 09:25:00 UTC
STARLINK-1661,33.399055982289966,2025-08-17 08:46:00 UTC
STARLINK-1665,54.31673543489403,2025-08-17 09:08:00 UTC
STARLINK-1666,33.336461810577056,2025-08-17 09:06:00 UTC
STARLINK-1707,39.60452164147705,2025-08-17 06:37:00 UTC
STARLINK-1713,62.751207518307,2025-08-17 04:09:00 UTC
STARLINK-1726,75.57522482996478,2025-08-17 06:09:00 UTC
STARLINK-1651,71.96396255813173,2025-08-17 06:23:00 UTC
STARLINK-1689,47.9602234668107,2025-08-17 11:49:00 UTC
STARLINK-1724,36.846304798155636,2025-08-17 05:43:00 UTC
STARLINK-1742,53.94758261258204,2025-08-17 05:16:00 UTC
STARLINK-1769,55.94172497420596,2025-08-17 06:58:00 UTC
STARLINK-1770,54.3775817733633,2025-08-17 09:27:00 UTC
STARLINK-1771,56.48673383555207,2025-08-17 09:52:00 UTC
STARLINK-1648,43.24077527243616,2025-08-17 04:08:00 UTC
STARLINK-1663,63.02198952469333,2025-08-17 03:24:00 UTC
STARLINK-1672,50.93740426817553,2025-08-17 04:02:00 UTC
STARLINK-1678,78.18821735820418,2025-08-17 03:22:00 UTC
STARLINK-1687,12.43575978353213,2025-08-17 03:05:00 UTC
STARLINK-1692,4.16352487704223,2025-08-17 03:31:00 UTC
STARLINK-1700,8.659931393933103,2025-08-17 03:30:00 UTC
STARLINK-1676,67.94117204330114,2025-08-17 03:46:00 UTC
STARLINK-1679,30.239570037734037,2025-08-17 03:24:00 UTC
STARLINK-1680,31.469812343260546,2025-08-17 03:25:00 UTC
STARLINK-1714,5.8522607504848745,2025-08-17 03:59:00 UTC
STARLINK-1730,6.712155839418259,2025-08-17 03:53:00 UTC
STARLINK-1733,19.1025497225844,2025-08-17 03:29:00 UTC
STARLINK-1735,3.821322279559607,2025-08-17 04:24:00 UTC
STARLINK-1740,0.7924974439320283,2025-08-17 04:34:00 UTC
STARLINK-1741,30.13856010053713,2025-08-17 03:07:00 UTC
STARLINK-1531,32.010761245467094,2025-08-17 04:23:00 UTC
STARLINK-1675,2.154921401248809,2025-08-17 12:55:00 UTC
STARLINK-1677,34.276255742501704,2025-08-17 03:20:00 UTC
STARLINK-1705,12.008625491182789,2025-08-17 03:41:00 UTC
STARLINK-1712,1.5632650451730021,2025-08-17 04:02:00 UTC
STARLINK-1728,16.845073044341508,2025-08-17 03:35:00 UTC
STARLINK-1736,24.593421693857586,2025-08-17 03:18:00 UTC
STARLINK-1746,21.260029903249023,2025-08-17 03:24:00 UTC
STARLINK-1716,39.0051843828598,2025-08-17 07:10:00 UTC
STARLINK-1718,70.32168861890837,2025-08-17 07:49:00 UTC
STARLINK-1775,67.7894327258226,2025-08-17 08:43:00 UTC
STARLINK-1781,42.258540862327656,2025-08-17 09:27:00 UTC
STARLINK-1784,74.37577795234569,2025-08-17 06:26:00 UTC
STARLINK-1788,55.28550635256774,2025-08-17 08:32:00 UTC
STARLINK-1789,72.65874641310104,2025-08-17 07:02:00 UTC
STARLINK-1790,33.143328400605505,2025-08-17 06:59:00 UTC
STARLINK-1792,7.415247345911862,2025-08-17 03:50:00 UTC
STARLINK-1795,76.48190682253937,2025-08-17 06:32:00 UTC
STARLINK-1797,59.63549670835868,2025-08-17 07:37:00 UTC
STARLINK-1799,76.96803007552366,2025-08-17 08:00:00 UTC
STARLINK-1800,36.35848306757243,2025-08-17 08:04:00 UTC
STARLINK-1801,42.88697138486783,2025-08-17 07:16:00 UTC
STARLINK-1802,44.75998420415176,2025-08-17 05:58:00 UTC
STARLINK-1805,38.87654107956654,2025-08-17 08:09:00 UTC
STARLINK-1807,38.50960913511697,2025-08-17 07:09:00 UTC
STARLINK-1810,59.026033317181394,2025-08-17 09:10:00 UTC
STARLINK-1814,42.2756114061979,2025-08-17 08:27:00 UTC
STARLINK-1815,42.70056901100472,2025-08-17 08:26:00 UTC
STARLINK-1816,60.4763319898507,2025-08-17 08:11:00 UTC
STARLINK-1817,68.08544378706384,2025-08-17 08:05:00 UTC
STARLINK-1820,47.16284928669452,2025-08-17 06:26:00 UTC
STARLINK-1821,33.66178169702382,2025-08-17 07:51:00 UTC
STARLINK-1822,28.40292152989479,2025-08-17 03:07:00 UTC
STARLINK-1826,64.3116964218531,2025-08-17 05:57:00 UTC
STARLINK-1828,52.53124894127094,2025-08-17 09:16:00 UTC
STARLINK-1830,42.269635851804274,2025-08-17 05:35:00 UTC
STARLINK-1848,60.51674394833789,2025-08-17 05:56:00 UTC
STARLINK-1892,65.32622211359605,2025-08-17 06:10:00 UTC
STARLINK-1894,55.6035364119602,2025-08-17 05:36:00 UTC
STARLINK-1905,42.24291891957479,2025-08-17 05:20:00 UTC
STARLINK-1911,36.9833986502095,2025-08-17 05:14:00 UTC
STARLINK-1922,72.91653390583608,2025-08-17 12:58:00 UTC
STARLINK-1928,72.24939234067213,2025-08-17 06:05:00 UTC
STARLINK-1903,74.55572071257289,2025-08-17 09:47:00 UTC
STARLINK-1832,65.74416189421376,2025-08-17 05:27:00 UTC
STARLINK-1835,84.59778781844757,2025-08-17 05:12:00 UTC
STARLINK-1882,51.18149140667403,2025-08-17 12:55:00 UTC
STARLINK-1893,52.338740142622584,2025-08-17 11:32:00 UTC
STARLINK-1931,69.30660663615956,2025-08-17 05:42:00 UTC
STARLINK-1934,73.93153296841766,2025-08-17 05:06:00 UTC
STARLINK-1942,67.50073647288929,2025-08-17 05:58:00 UTC
STARLINK-1944,77.30593824009264,2025-08-17 05:23:00 UTC
STARLINK-1777,71.094781312216,2025-08-17 11:46:00 UTC
STARLINK-1812,43.83227864641285,2025-08-17 04:03:00 UTC
STARLINK-1843,54.426595007854914,2025-08-17 03:33:00 UTC
STARLINK-1845,41.72428829044018,2025-08-17 03:22:00 UTC
STARLINK-1856,47.262567976863785,2025-08-17 03:27:00 UTC
STARLINK-1863,30.70352859086163,2025-08-17 08:26:00 UTC
STARLINK-1871,60.611398820046304,2025-08-17 04:20:00 UTC
STARLINK-1873,48.47010677439889,2025-08-17 11:36:00 UTC
STARLINK-1876,72.50700904387486,2025-08-17 04:06:00 UTC
STARLINK-1888,77.82079842642396,2025-08-17 11:05:00 UTC
STARLINK-1912,82.51631438352109,2025-08-17 11:52:00 UTC
STARLINK-1913,50.82699917460043,2025-08-17 04:50:00 UTC
STARLINK-2017,37.22371961334368,2025-08-17 10:36:00 UTC
STARLINK-2034,74.84567140411347,2025-08-17 12:38:00 UTC
STARLINK-2045,44.868813462945475,2025-08-17 08:21:00 UTC
STARLINK-2046,59.69222974946899,2025-08-17 09:55:00 UTC
STARLINK-2047,75.19656134766383,2025-08-17 09:12:00 UTC
STARLINK-2049,66.99954995826853,2025-08-17 10:21:00 UTC
STARLINK-2050,27.10041799902424,2025-08-17 13:04:00 UTC
STARLINK-2055,77.48028588956045,2025-08-17 10:33:00 UTC
STARLINK-2069,35.366999353402775,2025-08-17 08:57:00 UTC
STARLINK-2071,64.72460713123945,2025-08-17 10:46:00 UTC
STARLINK-2076,36.57342370241429,2025-08-17 11:48:00 UTC
STARLINK-2081,81.56129719458824,2025-08-17 12:33:00 UTC
STARLINK-2082,26.22089085541001,2025-08-17 11:32:00 UTC
STARLINK-2084,46.98025370445801,2025-08-17 13:00:00 UTC
STARLINK-2086,81.31538516258121,2025-08-17 09:24:00 UTC
STARLINK-2088,33.11613774628802,2025-08-17 11:43:00 UTC
STARLINK-2092,28.66156109484864,2025-08-17 11:37:00 UTC
STARLINK-2093,53.779570553810586,2025-08-17 12:05:00 UTC
STARLINK-2094,67.4351062344822,2025-08-17 12:16:00 UTC
STARLINK-2096,70.34293228655345,2025-08-17 12:21:00 UTC
STARLINK-2097,46.16049981414007,2025-08-17 11:59:00 UTC
STARLINK-2098,54.181708323331776,2025-08-17 10:16:00 UTC
STARLINK-2099,44.92233574326885,2025-08-17 10:25:00 UTC
STARLINK-2100,43.13505103555973,2025-08-17 11:08:00 UTC
STARLINK-2101,40.38067585051001,2025-08-17 11:31:00 UTC
STARLINK-2102,52.65883806791677,2025-08-17 10:57:00 UTC
STARLINK-2103,44.787097753069716,2025-08-17 10:27:00 UTC
STARLINK-2104,75.50222128249227,2025-08-17 10:35:00 UTC
STARLINK-2105,79.50470843746015,2025-08-17 10:29:00 UTC
STARLINK-2106,37.64885850187858,2025-08-17 11:13:00 UTC
STARLINK-2109,58.784931738069126,2025-08-17 12:49:00 UTC
STARLINK-2110,47.65625437824863,2025-08-17 10:41:00 UTC
STARLINK-2111,58.70787560427637,2025-08-17 12:10:00 UTC
STARLINK-2112,60.87543537726316,2025-08-17 10:50:00 UTC
STARLINK-2113,57.52039664581183,2025-08-17 10:51:00 UTC
STARLINK-2114,39.52688145909573,2025-08-17 08:16:00 UTC
STARLINK-2117,48.327497226288266,2025-08-17 10:21:00 UTC
STARLINK-2119,52.22038293854793,2025-08-17 12:55:00 UTC
STARLINK-2121,55.93304935256705,2025-08-17 11:31:00 UTC
STARLINK-2122,36.69023711570745,2025-08-17 10:38:00 UTC
STARLINK-2123,45.25738414063776,2025-08-17 11:02:00 UTC
STARLINK-2128,42.39264323920877,2025-08-17 09:56:00 UTC
STARLINK-2130,59.67900420915525,2025-08-17 12:43:00 UTC
STARLINK-2133,56.25604220649796,2025-08-17 10:12:00 UTC
STARLINK-2134,72.62257111103219,2025-08-17 10:24:00 UTC
STARLINK-2135,35.85310907461679,2025-08-17 11:19:00 UTC
STARLINK-1954,56.60653359829705,2025-08-17 09:31:00 UTC
STARLINK-1955,39.57411572956852,2025-08-17 09:57:00 UTC
STARLINK-1958,55.817773384446554,2025-08-17 08:10:00 UTC
STARLINK-1962,60.65961212075711,2025-08-17 10:10:00 UTC
STARLINK-1964,34.541041267517876,2025-08-17 08:28:00 UTC
STARLINK-1965,68.09901264014638,2025-08-17 07:31:00 UTC
STARLINK-1966,21.91939111828371,2025-08-17 06:52:00 UTC
STARLINK-1967,63.574654534023374,2025-08-17 11:27:00 UTC
STARLINK-1971,63.65702919945914,2025-08-17 09:29:00 UTC
STARLINK-1975,33.66562992980347,2025-08-17 09:38:00 UTC
STARLINK-1978,41.35056438181986,2025-08-17 06:56:00 UTC
STARLINK-1979,57.14944238209063,2025-08-17 09:14:00 UTC
STARLINK-1986,33.77093911142622,2025-08-17 08:29:00 UTC
STARLINK-1991,53.451595522675895,2025-08-17 09:35:00 UTC
STARLINK-1993,44.80922019513266,2025-08-17 09:20:00 UTC
STARLINK-1994,84.96014252923838,2025-08-17 09:48:00 UTC
STARLINK-1995,73.98631258559602,2025-08-17 11:10:00 UTC
STARLINK-1997,34.48170810278233,2025-08-17 10:26:00 UTC
STARLINK-2001,36.785470231689956,2025-08-17 11:55:00 UTC
STARLINK-2021,78.22303123228977,2025-08-17 09:18:00 UTC
STARLINK-2024,67.29923055091882,2025-08-17 08:38:00 UTC
STARLINK-1609,27.150686026042006,2025-08-17 12:13:00 UTC
STARLINK-1645,23.5117965985109,2025-08-17 12:06:00 UTC
STARLINK-1655,53.71367539238027,2025-08-17 09:15:00 UTC
STARLINK-1669,31.343858415842618,2025-08-17 10:52:00 UTC
STARLINK-1704,29.580683161660513,2025-08-17 12:17:00 UTC
STARLINK-1972,43.49696349107191,2025-08-17 07:31:00 UTC
STARLINK-1973,59.7381641627618,2025-08-17 12:50:00 UTC
STARLINK-1983,50.13261131127134,2025-08-17 11:24:00 UTC
STARLINK-1992,50.467689907216695,2025-08-17 06:28:00 UTC
STARLINK-2015,84.97438551897672,2025-08-17 06:52:00 UTC
STARLINK-2019,53.43556471179127,2025-08-17 06:30:00 UTC
STARLINK-2022,42.761207940527605,2025-08-17 11:49:00 UTC
STARLINK-2031,70.21606969492693,2025-08-17 11:51:00 UTC
STARLINK-2032,77.33649526083674,2025-08-17 11:57:00 UTC
STARLINK-2033,64.1414294828033,2025-08-17 11:35:00 UTC
STARLINK-2036,74.98018130472232,2025-08-17 13:02:00 UTC
STARLINK-2039,71.8725481594176,2025-08-17 12:57:00 UTC
STARLINK-2040,78.92256872265182,2025-08-17 11:46:00 UTC
STARLINK-2041,17.116240342723156,2025-08-17 11:51:00 UTC
STARLINK-2052,33.043450375445325,2025-08-17 10:42:00 UTC
STARLINK-2058,56.18024477867462,2025-08-17 12:46:00 UTC
STARLINK-2065,51.37993648818467,2025-08-17 11:38:00 UTC
STARLINK-2083,67.89212359986502,2025-08-17 04:47:00 UTC
STARLINK-2095,44.882602535241844,2025-08-17 12:01:00 UTC
STARLINK-2068,72.11732306171564,2025-08-17 05:02:00 UTC
STARLINK-2131,33.809537823297134,2025-08-17 05:59:00 UTC
STARLINK-2140,59.367346607181474,2025-08-17 06:30:00 UTC
STARLINK-2141,32.918052252485,2025-08-17 06:40:00 UTC
STARLINK-2142,3.840773957307098,2025-08-17 12:59:00 UTC
STARLINK-2143,64.15540267123497,2025-08-17 06:20:00 UTC
STARLINK-2144,38.40789158061576,2025-08-17 05:11:00 UTC
STARLINK-2147,34.94268580708019,2025-08-17 04:25:00 UTC
STARLINK-2150,35.72637377360099,2025-08-17 07:34:00 UTC
STARLINK-2156,37.811114639270045,2025-08-17 04:30:00 UTC
STARLINK-2159,43.512702892233456,2025-08-17 05:17:00 UTC
STARLINK-2160,36.02188578485793,2025-08-17 05:06:00 UTC
STARLINK-2161,66.93517483879496,2025-08-17 05:04:00 UTC
STARLINK-2162,53.39432950857718,2025-08-17 04:52:00 UTC
STARLINK-2163,73.82861238236116,2025-08-17 05:15:00 UTC
STARLINK-2164,44.77705139165755,2025-08-17 04:41:00 UTC
STARLINK-2169,34.363494860787966,2025-08-17 06:17:00 UTC
STARLINK-2170,60.93203262548342,2025-08-17 05:39:00 UTC
STARLINK-2171,36.563498620677464,2025-08-17 06:34:00 UTC
STARLINK-2178,53.80236894161011,2025-08-17 06:54:00 UTC
STARLINK-2180,63.8382504391455,2025-08-17 06:38:00 UTC
STARLINK-2185,75.17803852723851,2025-08-17 05:45:00 UTC
STARLINK-2193,72.90231907938475,2025-08-17 05:33:00 UTC
STARLINK-2194,66.21543255757227,2025-08-17 05:49:00 UTC
STARLINK-2195,40.32119649962584,2025-08-17 07:10:00 UTC
STARLINK-2196,43.1649303796132,2025-08-17 07:04:00 UTC
STARLINK-2209,52.93254842250551,2025-08-17 06:18:00 UTC
STARLINK-2211,59.852569290067414,2025-08-17 05:34:00 UTC
STARLINK-2213,60.158148894416364,2025-08-17 06:12:00 UTC
STARLINK-2257,44.264628717929185,2025-08-17 09:04:00 UTC
STARLINK-2314,35.79712046104404,2025-08-17 06:05:00 UTC
STARLINK-2315,76.33269304303431,2025-08-17 07:18:00 UTC
STARLINK-2319,66.35374096872934,2025-08-17 06:42:00 UTC
STARLINK-2322,60.41311508418325,2025-08-17 08:47:00 UTC
STARLINK-2334,60.91559095221388,2025-08-17 07:29:00 UTC
STARLINK-2338,37.703042757636396,2025-08-17 07:52:00 UTC
STARLINK-2373,35.09035528231743,2025-08-17 06:23:00 UTC
STARLINK-2377,84.1157960755448,2025-08-17 08:54:00 UTC
STARLINK-2379,44.35925667285387,2025-08-17 06:40:00 UTC
STARLINK-2380,42.03074733661636,2025-08-17 06:34:00 UTC
STARLINK-2381,66.73126447616741,2025-08-17 07:07:00 UTC
STARLINK-2383,66.53247992454266,2025-08-17 09:05:00 UTC
STARLINK-2385,43.589122294939344,2025-08-17 07:46:00 UTC
STARLINK-2386,59.0514266942787,2025-08-17 06:56:00 UTC
STARLINK-2387,48.31204152765146,2025-08-17 08:40:00 UTC
STARLINK-2388,66.19945150255026,2025-08-17 06:48:00 UTC
STARLINK-2389,37.83229886271619,2025-08-17 07:28:00 UTC
STARLINK-2391,37.357773907059546,2025-08-17 09:51:00 UTC
STARLINK-2393,39.017324069128875,2025-08-17 08:28:00 UTC
STARLINK-2395,72.54062813267669,2025-08-17 08:41:00 UTC
STARLINK-2396,55.257653744184125,2025-08-17 07:51:00 UTC
STARLINK-2399,50.7675219387152,2025-08-17 08:03:00 UTC
STARLINK-2400,84.87876064911558,2025-08-17 08:31:00 UTC
STARLINK-2401,66.33661841546518,2025-08-17 08:38:00 UTC
STARLINK-2402,80.66215044668597,2025-08-17 08:35:00 UTC
STARLINK-2406,34.876332754652736,2025-08-17 09:15:00 UTC
STARLINK-2407,62.69079344446128,2025-08-17 09:27:00 UTC
STARLINK-2408,56.70163803631078,2025-08-17 08:12:00 UTC
STARLINK-2409,44.38068678836383,2025-08-17 07:58:00 UTC
STARLINK-2410,69.01432681949171,2025-08-17 08:24:00 UTC
STARLINK-2411,69.9857033772396,2025-08-17 08:19:00 UTC
STARLINK-2413,74.91919755410295,2025-08-17 07:54:00 UTC
STARLINK-2415,56.14457272704496,2025-08-17 09:33:00 UTC
STARLINK-2419,33.6988353307052,2025-08-17 09:56:00 UTC
STARLINK-2420,34.146340734330835,2025-08-17 06:41:00 UTC
STARLINK-2422,57.13637088502011,2025-08-17 08:52:00 UTC
STARLINK-2423,40.43185639944357,2025-08-17 07:51:00 UTC
STARLINK-2424,54.43666210131025,2025-08-17 08:08:00 UTC
STARLINK-2426,75.16904240601949,2025-08-17 08:36:00 UTC
STARLINK-2427,81.66376298368937,2025-08-17 07:13:00 UTC
STARLINK-2429,39.3876023610251,2025-08-17 09:09:00 UTC
STARLINK-2431,82.67180106788193,2025-08-17 06:37:00 UTC
STARLINK-2432,54.53741730577582,2025-08-17 06:51:00 UTC
STARLINK-2433,50.16536189639234,2025-08-17 06:45:00 UTC
STARLINK-2435,72.41879876038766,2025-08-17 08:59:00 UTC
STARLINK-2446,50.881800213335055,2025-08-17 08:58:00 UTC
STARLINK-2453,37.40395966463448,2025-08-17 07:46:00 UTC
STARLINK-2280,55.92594910815145,2025-08-17 09:52:00 UTC
STARLINK-2291,63.51963534436932,2025-08-17 09:22:00 UTC
STARLINK-2326,50.33665922476479,2025-08-17 11:15:00 UTC
STARLINK-2329,46.41975354589308,2025-08-17 08:39:00 UTC
STARLINK-2330,45.05431388824266,2025-08-17 05:40:00 UTC
STARLINK-2336,71.8431850641528,2025-08-17 03:37:00 UTC
STARLINK-2340,28.68132685208724,2025-08-17 05:32:00 UTC
STARLINK-2342,46.80535761452222,2025-08-17 10:39:00 UTC
STARLINK-2343,62.95128056094046,2025-08-17 10:12:00 UTC
STARLINK-2346,67.62941313921858,2025-08-17 10:39:00 UTC
STARLINK-2354,33.73977872778949,2025-08-17 08:58:00 UTC
STARLINK-2355,42.59250835498234,2025-08-17 09:15:00 UTC
STARLINK-2356,66.43567935702833,2025-08-17 10:42:00 UTC
STARLINK-2358,36.77989713357036,2025-08-17 09:04:00 UTC
STARLINK-2361,50.305809930989625,2025-08-17 08:45:00 UTC
STARLINK-2363,60.86233290637378,2025-08-17 08:54:00 UTC
STARLINK-2364,53.883328363196384,2025-08-17 08:50:00 UTC
STARLINK-2367,67.57097387744719,2025-08-17 10:35:00 UTC
STARLINK-2368,60.55657599787129,2025-08-17 10:46:00 UTC
STARLINK-2370,39.76552551210165,2025-08-17 09:09:00 UTC
STARLINK-2371,85.66634104159722,2025-08-17 10:48:00 UTC
STARLINK-2378,41.94476923493633,2025-08-17 08:33:00 UTC
STARLINK-2405,76.92241807354442,2025-08-17 03:25:00 UTC
STARLINK-1647,53.39948471399939,2025-08-17 07:20:00 UTC
STARLINK-2303,74.5325475613354,2025-08-17 07:03:00 UTC
STARLINK-2273,70.60227647466985,2025-08-17 11:18:00 UTC
STARLINK-2266,79.85155023284871,2025-08-17 12:33:00 UTC
STARLINK-2270,51.7242414349461,2025-08-17 08:16:00 UTC
STARLINK-2153,33.868605407090264,2025-08-17 04:51:00 UTC
STARLINK-2226,70.18329351896313,2025-08-17 06:46:00 UTC
STARLINK-2282,46.621775355778034,2025-08-17 09:22:00 UTC
STARLINK-2285,68.0753248290953,2025-08-17 12:37:00 UTC
STARLINK-2301,11.635416448130524,2025-08-17 05:51:00 UTC
STARLINK-2298,62.80734190944204,2025-08-17 06:18:00 UTC
STARLINK-2292,43.784036230675675,2025-08-17 06:01:00 UTC
STARLINK-2299,46.319243800190534,2025-08-17 07:07:00 UTC
STARLINK-2404,17.734096257878328,2025-08-17 03:53:00 UTC
STARLINK-2412,23.791630324667434,2025-08-17 04:17:00 UTC
STARLINK-2414,18.92946038296464,2025-08-17 04:28:00 UTC
STARLINK-2417,42.802422735324434,2025-08-17 03:50:00 UTC
STARLINK-2418,14.278309355040339,2025-08-17 03:22:00 UTC
STARLINK-2421,7.7354283917386955,2025-08-17 04:25:00 UTC
STARLINK-2428,30.056652757028694,2025-08-17 04:06:00 UTC
STARLINK-2430,18.179046670659716,2025-08-17 03:11:00 UTC
STARLINK-2436,40.70495297528545,2025-08-17 03:14:00 UTC
STARLINK-2439,4.8858940826485915,2025-08-17 04:18:00 UTC
STARLINK-2440,0.6785071213082681,2025-08-17 12:43:00 UTC
STARLINK-2442,16.288001983331736,2025-08-17 03:17:00 UTC
STARLINK-2443,9.59916807698494,2025-08-17 03:39:00 UTC
STARLINK-2448,12.134741942101948,2025-08-17 04:09:00 UTC
STARLINK-2449,55.77616534993702,2025-08-17 03:57:00 UTC
STARLINK-2450,34.426625378621274,2025-08-17 04:00:00 UTC
STARLINK-2452,19.867634815978537,2025-08-17 03:47:00 UTC
STARLINK-2454,38.08150937993184,2025-08-17 03:55:00 UTC
STARLINK-2455,16.51352106398498,2025-08-17 03:15:00 UTC
STARLINK-2459,12.913006613179713,2025-08-17 03:26:00 UTC
STARLINK-2460,60.49010226912346,2025-08-17 03:33:00 UTC
STARLINK-2462,6.543767258741703,2025-08-17 04:31:00 UTC
STARLINK-2464,20.56982810508807,2025-08-17 03:06:00 UTC
STARLINK-2465,26.90458895395347,2025-08-17 03:05:00 UTC
STARLINK-2466,74.253226634671,2025-08-17 03:22:00 UTC
STARLINK-2467,5.731985079870169,2025-08-17 03:55:00 UTC
STARLINK-2468,54.55226370917051,2025-08-17 03:39:00 UTC
STARLINK-2471,69.34170757826345,2025-08-17 03:28:00 UTC
STARLINK-2472,28.903017055336864,2025-08-17 04:30:00 UTC
STARLINK-2473,8.222745723847881,2025-08-17 03:44:00 UTC
STARLINK-2474,79.06038660982416,2025-08-17 03:11:00 UTC
STARLINK-2475,68.81249630827541,2025-08-17 03:06:00 UTC
STARLINK-2476,21.35668880576579,2025-08-17 04:23:00 UTC
STARLINK-2478,31.817493400512568,2025-08-17 04:24:00 UTC
STARLINK-2479,17.653362289028795,2025-08-17 04:34:00 UTC
STARLINK-2480,4.47184743030658,2025-08-17 04:01:00 UTC
STARLINK-2481,15.012556859653525,2025-08-17 04:39:00 UTC
STARLINK-2483,77.17416313607215,2025-08-17 03:17:00 UTC
STARLINK-2485,0.3211665861602511,2025-08-17 04:22:00 UTC
STARLINK-2488,4.000619669287045,2025-08-17 03:05:00 UTC
STARLINK-2491,45.232617188297475,2025-08-17 03:47:00 UTC
STARLINK-2492,3.461027923602939,2025-08-17 04:06:00 UTC
STARLINK-2493,2.3498911545896832,2025-08-17 04:11:00 UTC
STARLINK-2503,1.3619924680081663,2025-08-17 04:17:00 UTC
STARLINK-2567,57.68999695937717,2025-08-17 11:11:00 UTC
STARLINK-2569,51.14666041481748,2025-08-17 09:40:00 UTC
STARLINK-2543,53.02004114430726,2025-08-17 10:34:00 UTC
STARLINK-2558,19.913316054379163,2025-08-17 12:38:00 UTC
STARLINK-2516,17.702037573186125,2025-08-17 12:32:00 UTC
STARLINK-2564,15.83701611773922,2025-08-17 12:27:00 UTC
STARLINK-2547,27.4998859659105,2025-08-17 12:54:00 UTC
STARLINK-2566,10.666140046553076,2025-08-17 12:10:00 UTC
STARLINK-2562,55.58777608602481,2025-08-17 12:35:00 UTC
STARLINK-2545,7.078806438634201,2025-08-17 11:56:00 UTC
STARLINK-2540,6.605086167254965,2025-08-17 11:54:00 UTC
STARLINK-2555,5.334747025951872,2025-08-17 11:48:00 UTC
STARLINK-2542,8.972191059340183,2025-08-17 12:05:00 UTC
STARLINK-2550,3.0744565834708473,2025-08-17 11:37:00 UTC
STARLINK-2533,2.103202118800328,2025-08-17 11:32:00 UTC
STARLINK-2535,30.334471348892833,2025-08-17 13:04:00 UTC
STARLINK-2559,25.05670703342918,2025-08-17 12:49:00 UTC
STARLINK-2557,22.33777735139309,2025-08-17 12:43:00 UTC
STARLINK-2538,5.669714740473737,2025-08-17 12:29:00 UTC
STARLINK-2537,4.59095875048914,2025-08-17 12:25:00 UTC
STARLINK-2524,1.4780107328335321,2025-08-17 12:08:00 UTC
STARLINK-2534,5.297772537325446,2025-08-17 13:04:00 UTC
STARLINK-2061,14.34486676345857,2025-08-17 13:02:00 UTC
STARLINK-2549,11.054357547430355,2025-08-17 12:51:00 UTC
STARLINK-2506,9.711104203019152,2025-08-17 12:46:00 UTC
STARLINK-2507,8.194548279151007,2025-08-17 12:40:00 UTC
STARLINK-2513,6.99463852837364,2025-08-17 12:35:00 UTC
STARLINK-2504,4.117506450932933,2025-08-17 13:04:00 UTC
STARLINK-2510,3.798150477905371,2025-08-17 13:00:00 UTC
STARLINK-2501,2.7314848319528497,2025-08-17 12:54:00 UTC
STARLINK-2514,1.7159742095565023,2025-08-17 12:49:00 UTC
STARLINK-2511,1.536736939894993,2025-08-17 12:48:00 UTC
STARLINK-2613,36.31922953900491,2025-08-17 07:53:00 UTC
STARLINK-2674,33.41975619097267,2025-08-17 07:47:00 UTC
STARLINK-2635,35.68627397296657,2025-08-17 09:21:00 UTC
STARLINK-2637,37.70577228559088,2025-08-17 09:18:00 UTC
STARLINK-2636,78.38653427957645,2025-08-17 08:31:00 UTC
STARLINK-2624,46.08307688046621,2025-08-17 09:04:00 UTC
STARLINK-2628,52.695512418449454,2025-08-17 08:59:00 UTC
STARLINK-2622,55.68264185560429,2025-08-17 08:53:00 UTC
STARLINK-2591,64.95136030882796,2025-08-17 08:48:00 UTC
STARLINK-2578,39.88919438746099,2025-08-17 07:58:00 UTC
STARLINK-2626,69.54784011936651,2025-08-17 12:33:00 UTC
STARLINK-2611,64.35577000957099,2025-08-17 08:30:00 UTC
STARLINK-2608,38.3818804566366,2025-08-17 07:35:00 UTC
STARLINK-2631,70.44733656945985,2025-08-17 12:39:00 UTC
STARLINK-2643,36.31451447906037,2025-08-17 07:12:00 UTC
STARLINK-2623,54.652033333076055,2025-08-17 08:19:00 UTC
STARLINK-2621,36.03184788503321,2025-08-17 08:41:00 UTC
STARLINK-2589,38.186845287729405,2025-08-17 08:35:00 UTC
STARLINK-2609,48.16718963991755,2025-08-17 08:24:00 UTC
STARLINK-2604,52.12688760055153,2025-08-17 07:29:00 UTC
STARLINK-2603,55.82994256392345,2025-08-17 08:13:00 UTC
STARLINK-2610,67.76159791202437,2025-08-17 08:07:00 UTC
STARLINK-2499,57.23706024728715,2025-08-17 07:35:00 UTC
STARLINK-2526,78.01091764331687,2025-08-17 07:57:00 UTC
STARLINK-2612,86.52908649766401,2025-08-17 07:51:00 UTC
STARLINK-2614,77.55520230178948,2025-08-17 08:02:00 UTC
STARLINK-2630,78.58162179985911,2025-08-17 07:46:00 UTC
STARLINK-2585,66.0322537118165,2025-08-17 07:38:00 UTC
STARLINK-2598,46.430950001373105,2025-08-17 07:24:00 UTC
STARLINK-2606,48.70130168353566,2025-08-17 07:06:00 UTC
STARLINK-2594,64.63497975152603,2025-08-17 07:45:00 UTC
STARLINK-2586,80.75737861373476,2025-08-17 07:19:00 UTC
STARLINK-2607,79.39091462709608,2025-08-17 07:14:00 UTC
STARLINK-2605,79.39138795958813,2025-08-17 07:10:00 UTC
STARLINK-2574,35.44334808900872,2025-08-17 08:05:00 UTC
STARLINK-2575,55.6208179183356,2025-08-17 06:51:00 UTC
STARLINK-2590,47.87365383287635,2025-08-17 06:45:00 UTC
STARLINK-2588,46.79073585490635,2025-08-17 06:44:00 UTC
STARLINK-2587,40.120682563848426,2025-08-17 06:37:00 UTC
STARLINK-2576,34.54974948083518,2025-08-17 06:30:00 UTC
STARLINK-2571,61.62112668663588,2025-08-17 07:26:00 UTC
STARLINK-2593,40.85924199139252,2025-08-17 07:54:00 UTC
STARLINK-2570,44.844705226139276,2025-08-17 07:49:00 UTC
STARLINK-2568,49.034083302390314,2025-08-17 07:41:00 UTC
STARLINK-2595,86.1732288603417,2025-08-17 11:22:00 UTC
STARLINK-2592,57.894334361286965,2025-08-17 07:32:00 UTC
STARLINK-2563,64.28259770980975,2025-08-17 11:45:00 UTC
STARLINK-2505,66.6315247251359,2025-08-17 03:49:00 UTC
STARLINK-2581,71.08791619373346,2025-08-17 11:00:00 UTC
STARLINK-2461,42.76394494412649,2025-08-17 04:49:00 UTC
STARLINK-2700,9.93183645046507,2025-08-17 03:37:00 UTC
STARLINK-2680,12.617274867053887,2025-08-17 03:10:00 UTC
STARLINK-2699,13.016928545618098,2025-08-17 03:28:00 UTC
STARLINK-2692,6.592420404660317,2025-08-17 04:13:00 UTC
STARLINK-2633,14.252511152097897,2025-08-17 04:21:00 UTC
STARLINK-2639,67.79765126820945,2025-08-17 04:03:00 UTC
STARLINK-2642,34.322731992296056,2025-08-17 05:18:00 UTC
STARLINK-2640,36.57700417791708,2025-08-17 04:36:00 UTC
STARLINK-2583,72.54393896080927,2025-08-17 03:52:00 UTC
STARLINK-2682,74.43697747628065,2025-08-17 03:47:00 UTC
STARLINK-2702,63.50918131641483,2025-08-17 03:41:00 UTC
STARLINK-2644,58.77721610236707,2025-08-17 03:36:00 UTC
STARLINK-2663,53.04315162448165,2025-08-17 03:30:00 UTC
STARLINK-2645,47.5765659742857,2025-08-17 03:25:00 UTC
STARLINK-2634,43.681563425793414,2025-08-17 03:19:00 UTC
STARLINK-2655,32.794538985509774,2025-08-17 04:42:00 UTC
STARLINK-2660,32.730729049858915,2025-08-17 04:40:00 UTC
STARLINK-2703,41.51996394055841,2025-08-17 04:31:00 UTC
STARLINK-2620,45.034483126579346,2025-08-17 04:25:00 UTC
STARLINK-2654,53.38366019617111,2025-08-17 04:20:00 UTC
STARLINK-2497,56.46254180780545,2025-08-17 04:14:00 UTC
STARLINK-2698,68.38770350180343,2025-08-17 04:27:00 UTC
STARLINK-2579,78.32754661126643,2025-08-17 04:16:00 UTC
STARLINK-2582,30.4091112437084,2025-08-17 04:08:00 UTC
STARLINK-2683,84.39319051965563,2025-08-17 04:39:00 UTC
STARLINK-2686,62.34253414846063,2025-08-17 04:17:00 UTC
STARLINK-2681,72.00074160574468,2025-08-17 04:34:00 UTC
STARLINK-2687,52.5725004949017,2025-08-17 04:11:00 UTC
STARLINK-2659,65.94877491243034,2025-08-17 04:50:00 UTC
STARLINK-2685,61.78133723782163,2025-08-17 04:23:00 UTC
STARLINK-2661,65.9735665218481,2025-08-17 04:45:00 UTC
STARLINK-2675,36.36856758362488,2025-08-17 03:49:00 UTC
STARLINK-2684,78.08851327016457,2025-08-17 04:28:00 UTC
STARLINK-2722,44.695929553158656,2025-08-17 04:00:00 UTC
STARLINK-2658,55.29702581366344,2025-08-17 04:56:00 UTC
STARLINK-2697,50.1717502890279,2025-08-17 04:06:00 UTC
STARLINK-2619,17.529920674693063,2025-08-17 03:19:00 UTC
STARLINK-2728,40.19476167910333,2025-08-17 05:12:00 UTC
STARLINK-2755,43.15195438586472,2025-08-17 05:07:00 UTC
STARLINK-2706,49.50685941750009,2025-08-17 04:47:00 UTC
STARLINK-2525,54.338349934565564,2025-08-17 05:37:00 UTC
STARLINK-2531,62.86627537670928,2025-08-17 05:31:00 UTC
STARLINK-2500,48.98590448630614,2025-08-17 05:42:00 UTC
STARLINK-2494,38.39996602640291,2025-08-17 05:53:00 UTC
STARLINK-2139,0.1350019105846143,2025-08-17 03:06:00 UTC
STARLINK-2145,6.533180066337309,2025-08-17 03:05:00 UTC
STARLINK-2227,2.1756334485364452,2025-08-17 12:13:00 UTC
STARLINK-2238,1.6688598251021645,2025-08-17 03:36:00 UTC
STARLINK-2241,0.7033993717906171,2025-08-17 03:41:00 UTC
STARLINK-2249,2.900180603960669,2025-08-17 03:30:00 UTC
STARLINK-2250,7.2857671015292045,2025-08-17 03:08:00 UTC
STARLINK-2253,6.13163722471749,2025-08-17 03:14:00 UTC
STARLINK-2255,3.807305672522706,2025-08-17 03:25:00 UTC
STARLINK-2725,13.597614111145994,2025-08-17 12:21:00 UTC
STARLINK-2743,29.172082735616847,2025-08-17 12:19:00 UTC
STARLINK-2756,57.525606251588364,2025-08-17 12:52:00 UTC
STARLINK-2741,0.4711026808321771,2025-08-17 11:45:00 UTC
STARLINK-2751,23.70929707114343,2025-08-17 12:08:00 UTC
STARLINK-2629,12.528065073040898,2025-08-17 11:58:00 UTC
STARLINK-2627,64.75953207138475,2025-08-17 13:01:00 UTC
STARLINK-2742,18.32667998717464,2025-08-17 13:04:00 UTC
STARLINK-2740,4.306093130257986,2025-08-17 11:44:00 UTC
STARLINK-2750,32.61153046786569,2025-08-17 12:42:00 UTC
STARLINK-2752,20.599938781220192,2025-08-17 12:20:00 UTC
STARLINK-2618,17.32665574792283,2025-08-17 12:31:00 UTC
STARLINK-2748,0.5145722701651058,2025-08-17 11:43:00 UTC
STARLINK-2616,7.6451381325036465,2025-08-17 12:18:00 UTC
STARLINK-2753,0.4427641776044762,2025-08-17 12:03:00 UTC
STARLINK-3004,36.026382836396586,2025-08-17 05:26:00 UTC
STARLINK-3005,47.52391154458586,2025-08-17 05:16:00 UTC
STARLINK-3096,86.32746013562527,2025-08-17 07:11:00 UTC
STARLINK-3090,28.39442872892053,2025-08-17 09:05:00 UTC
STARLINK-3077,49.45396158668517,2025-08-17 09:29:00 UTC
STARLINK-3078,43.56605162354463,2025-08-17 09:23:00 UTC
STARLINK-3073,74.3624146910985,2025-08-17 07:05:00 UTC
STARLINK-3084,42.29949870728744,2025-08-17 08:52:00 UTC
STARLINK-3055,36.090377551437555,2025-08-17 09:04:00 UTC
STARLINK-3058,37.69147508087567,2025-08-17 09:17:00 UTC
STARLINK-3057,50.64084682831296,2025-08-17 06:52:00 UTC
STARLINK-3093,32.478713512834865,2025-08-17 09:11:00 UTC
STARLINK-3109,42.537531700861855,2025-08-17 08:58:00 UTC
STARLINK-3100,24.727501340105217,2025-08-17 10:37:00 UTC
STARLINK-3119,32.45322410890164,2025-08-17 07:48:00 UTC
STARLINK-3116,50.307508815612124,2025-08-17 08:52:00 UTC
STARLINK-3071,29.136489687677393,2025-08-17 06:28:00 UTC
STARLINK-3048,70.23620323572587,2025-08-17 08:40:00 UTC
STARLINK-3102,43.38650521341654,2025-08-17 07:36:00 UTC
STARLINK-3072,62.43539157243095,2025-08-17 07:23:00 UTC
STARLINK-3068,74.6481376751957,2025-08-17 08:37:00 UTC
STARLINK-3060,75.22835760353259,2025-08-17 07:17:00 UTC
STARLINK-3085,44.95432786954635,2025-08-17 06:46:00 UTC
STARLINK-3051,32.625359627573935,2025-08-17 07:52:00 UTC
STARLINK-3083,22.453605668518616,2025-08-17 05:29:00 UTC
STARLINK-3056,40.23759019035683,2025-08-17 10:18:00 UTC
STARLINK-3095,66.35001027161456,2025-08-17 10:00:00 UTC
STARLINK-3080,52.288284423037325,2025-08-17 10:07:00 UTC
STARLINK-3088,58.5358147857111,2025-08-17 08:15:00 UTC
STARLINK-3106,33.60469320613687,2025-08-17 09:06:00 UTC
STARLINK-3052,79.66025683230887,2025-08-17 09:54:00 UTC
STARLINK-3089,49.6736351635914,2025-08-17 08:09:00 UTC
STARLINK-3054,72.36451897555155,2025-08-17 09:42:00 UTC
STARLINK-3046,39.54072363880313,2025-08-17 09:00:00 UTC
STARLINK-3107,27.866023105326647,2025-08-17 09:03:00 UTC
STARLINK-3045,59.99277560842064,2025-08-17 08:41:00 UTC
STARLINK-3047,18.432205462628943,2025-08-17 05:45:00 UTC
STARLINK-3087,48.523053828132866,2025-08-17 08:53:00 UTC
STARLINK-3069,51.28591914646714,2025-08-17 07:29:00 UTC
STARLINK-3103,25.261440809445585,2025-08-17 06:22:00 UTC
STARLINK-3086,48.08564231751065,2025-08-17 10:12:00 UTC
STARLINK-3043,37.19081707778138,2025-08-17 07:41:00 UTC
STARLINK-3050,46.569563868335266,2025-08-17 08:54:00 UTC
STARLINK-3059,75.19113350189359,2025-08-17 09:48:00 UTC
STARLINK-3151,38.33687389857172,2025-08-17 07:42:00 UTC
STARLINK-3075,40.1189901341137,2025-08-17 06:23:00 UTC
STARLINK-3147,33.129102017557926,2025-08-17 06:13:00 UTC
STARLINK-3162,54.553070599671855,2025-08-17 06:05:00 UTC
STARLINK-3157,54.115265633724384,2025-08-17 06:00:00 UTC
STARLINK-3146,35.12598124271569,2025-08-17 07:46:00 UTC
STARLINK-3159,47.33520561218982,2025-08-17 05:53:00 UTC
STARLINK-3133,44.90430888016228,2025-08-17 07:35:00 UTC
STARLINK-3154,64.34827472725901,2025-08-17 06:37:00 UTC
STARLINK-3111,48.0336201698215,2025-08-17 07:30:00 UTC
STARLINK-3120,65.36811818951612,2025-08-17 07:13:00 UTC
STARLINK-3110,54.525696710754836,2025-08-17 07:25:00 UTC
STARLINK-3112,47.60400898125431,2025-08-17 06:34:00 UTC
STARLINK-3161,39.628289679365814,2025-08-17 06:25:00 UTC
STARLINK-3149,63.24463728222137,2025-08-17 07:18:00 UTC
STARLINK-3135,81.55938763916309,2025-08-17 07:07:00 UTC
STARLINK-3139,62.99993049862168,2025-08-17 06:47:00 UTC
STARLINK-3114,70.70836573000874,2025-08-17 06:56:00 UTC
STARLINK-3131,54.7811619599235,2025-08-17 06:41:00 UTC
STARLINK-3121,33.12766532601071,2025-08-17 06:13:00 UTC
STARLINK-3138,70.15436587958762,2025-08-17 07:14:00 UTC
STARLINK-3153,40.063967829964305,2025-08-17 07:40:00 UTC
STARLINK-3158,38.76972527617901,2025-08-17 05:43:00 UTC
STARLINK-3079,78.37034507785215,2025-08-17 05:46:00 UTC
STARLINK-3134,68.21380984150301,2025-08-17 06:51:00 UTC
STARLINK-3117,78.44912458527935,2025-08-17 05:52:00 UTC
STARLINK-3049,66.79742767924049,2025-08-17 05:50:00 UTC
STARLINK-3130,70.00965394744664,2025-08-17 05:40:00 UTC
STARLINK-3044,55.753937352409174,2025-08-17 05:25:00 UTC
STARLINK-3105,60.049316255903115,2025-08-17 05:29:00 UTC
STARLINK-3128,37.50376869517326,2025-08-17 05:01:00 UTC
STARLINK-3098,53.778448173022355,2025-08-17 05:24:00 UTC
STARLINK-3136,34.19281785349672,2025-08-17 04:55:00 UTC
STARLINK-3126,52.772588748180596,2025-08-17 05:19:00 UTC
STARLINK-3122,70.78403740646048,2025-08-17 06:33:00 UTC
STARLINK-3099,45.20861311838069,2025-08-17 05:12:00 UTC
STARLINK-3115,36.579814122936114,2025-08-17 07:05:00 UTC
STARLINK-3137,48.88058073184333,2025-08-17 06:50:00 UTC
STARLINK-3127,34.809415528411584,2025-08-17 05:37:00 UTC
STARLINK-3125,45.40985169158164,2025-08-17 06:54:00 UTC
STARLINK-3150,62.97943826116483,2025-08-17 06:39:00 UTC
STARLINK-3129,45.55582107867562,2025-08-17 06:55:00 UTC
STARLINK-3160,53.091273774377086,2025-08-17 06:48:00 UTC
STARLINK-3145,72.81215950610091,2025-08-17 06:26:00 UTC
STARLINK-3124,58.45243107198068,2025-08-17 06:44:00 UTC
STARLINK-3132,77.74949026133133,2025-08-17 06:23:00 UTC
STARLINK-3156,73.54946970117966,2025-08-17 06:32:00 UTC
STARLINK-3141,74.37541868387574,2025-08-17 06:15:00 UTC
STARLINK-3140,60.04465826620026,2025-08-17 06:10:00 UTC
STARLINK-3219,16.635520382607428,2025-08-17 03:06:00 UTC
STARLINK-3218,7.1370043906716045,2025-08-17 03:39:00 UTC
STARLINK-3242,9.181000848134412,2025-08-17 04:09:00 UTC
STARLINK-3240,7.92649216663765,2025-08-17 04:15:00 UTC
STARLINK-3251,10.63120197050436,2025-08-17 04:04:00 UTC
STARLINK-3249,28.875640783914452,2025-08-17 03:20:00 UTC
STARLINK-3246,22.84284391141746,2025-08-17 03:31:00 UTC
STARLINK-3252,3.1323488026147634,2025-08-17 04:37:00 UTC
STARLINK-3238,9.776764249395548,2025-08-17 03:28:00 UTC
STARLINK-3113,5.3031466994973195,2025-08-17 04:26:00 UTC
STARLINK-3148,11.083494797295252,2025-08-17 03:23:00 UTC
STARLINK-3225,8.286275203906861,2025-08-17 03:34:00 UTC
STARLINK-3143,0.3114330787806917,2025-08-17 04:13:00 UTC
STARLINK-3155,31.608879349465475,2025-08-17 03:15:00 UTC
STARLINK-3226,3.2240984847372025,2025-08-17 03:57:00 UTC
STARLINK-3244,4.2447121223241355,2025-08-17 03:52:00 UTC
STARLINK-3202,0.4349092977822111,2025-08-17 04:12:00 UTC
STARLINK-3239,5.414313240950883,2025-08-17 03:46:00 UTC
STARLINK-3231,1.0857188044177755,2025-08-17 04:08:00 UTC
STARLINK-3241,2.1491855849961112,2025-08-17 04:02:00 UTC
STARLINK-3248,5.373421653544576,2025-08-17 03:45:00 UTC
STARLINK-3250,11.322149550136585,2025-08-17 03:23:00 UTC
STARLINK-3236,12.333992827806231,2025-08-17 03:18:00 UTC
STARLINK-3200,14.543882328448936,2025-08-17 03:12:00 UTC
STARLINK-3210,9.367006252143133,2025-08-17 03:30:00 UTC
STARLINK-3190,4.725746320238035,2025-08-17 03:10:00 UTC
STARLINK-3196,2.7760975667274326,2025-08-17 03:20:00 UTC
STARLINK-3208,2.526803054891391,2025-08-17 03:21:00 UTC
STARLINK-3191,0.5533865840880059,2025-08-17 03:32:00 UTC
STARLINK-3201,0.7246240482732216,2025-08-17 03:31:00 UTC
STARLINK-3317,58.94646396757783,2025-08-17 08:38:00 UTC
STARLINK-3313,37.25190968671419,2025-08-17 08:04:00 UTC
STARLINK-3309,75.6681286182857,2025-08-17 08:56:00 UTC
STARLINK-3297,62.98230614225201,2025-08-17 08:50:00 UTC
STARLINK-3304,73.78328757133282,2025-08-17 09:06:00 UTC
STARLINK-3306,40.81597047159242,2025-08-17 07:05:00 UTC
STARLINK-3298,61.954195290213654,2025-08-17 08:44:00 UTC
STARLINK-3305,32.29978198224923,2025-08-17 07:31:00 UTC
STARLINK-3271,51.75027209009842,2025-08-17 08:35:00 UTC
STARLINK-3296,44.570942546152246,2025-08-17 07:48:00 UTC
STARLINK-3301,73.11177110315684,2025-08-17 08:30:00 UTC
STARLINK-3245,36.583576506528146,2025-08-17 09:03:00 UTC
STARLINK-3286,41.48116306711979,2025-08-17 07:46:00 UTC
STARLINK-3287,46.133312764720536,2025-08-17 08:52:00 UTC
STARLINK-3289,56.13210289204776,2025-08-17 08:05:00 UTC
STARLINK-3292,79.57005811546705,2025-08-17 08:02:00 UTC
STARLINK-3291,32.85467060106496,2025-08-17 09:08:00 UTC
STARLINK-3293,60.23513705823397,2025-08-17 08:40:00 UTC
STARLINK-3282,39.81170528127034,2025-08-17 08:58:00 UTC
STARLINK-3284,35.747948159974186,2025-08-17 07:37:00 UTC
STARLINK-3283,51.782784248577904,2025-08-17 08:46:00 UTC
STARLINK-3265,83.02835651887968,2025-08-17 08:26:00 UTC
STARLINK-3285,68.51410581308231,2025-08-17 08:15:00 UTC
STARLINK-3277,39.149054569463544,2025-08-17 07:40:00 UTC
STARLINK-3281,65.66499943638392,2025-08-17 08:08:00 UTC
STARLINK-3279,77.0598893154839,2025-08-17 08:25:00 UTC
STARLINK-3274,53.69220377578048,2025-08-17 08:39:00 UTC
STARLINK-3272,70.22754583843918,2025-08-17 07:43:00 UTC
STARLINK-3276,47.1724053199974,2025-08-17 07:53:00 UTC
STARLINK-3268,59.21082494296388,2025-08-17 07:26:00 UTC
STARLINK-3273,64.91483421673719,2025-08-17 09:17:00 UTC
STARLINK-3259,58.91248735836275,2025-08-17 07:23:00 UTC
STARLINK-3261,80.97992551984251,2025-08-17 07:38:00 UTC
STARLINK-3269,36.88702695996394,2025-08-17 04:58:00 UTC
STARLINK-3266,70.99801003482348,2025-08-17 07:32:00 UTC
STARLINK-3267,46.03150425796053,2025-08-17 07:10:00 UTC
STARLINK-3264,34.090164636713176,2025-08-17 08:27:00 UTC
STARLINK-3270,58.99031722802615,2025-08-17 07:59:00 UTC
STARLINK-3235,34.01126068190635,2025-08-17 06:54:00 UTC
STARLINK-3255,51.84220432061786,2025-08-17 06:37:00 UTC
STARLINK-3256,71.94175211857628,2025-08-17 07:54:00 UTC
STARLINK-3257,40.467904002720076,2025-08-17 07:05:00 UTC
STARLINK-3254,52.71973561029487,2025-08-17 08:07:00 UTC
STARLINK-3260,38.48735944687554,2025-08-17 05:02:00 UTC
STARLINK-3258,60.89645147401947,2025-08-17 07:55:00 UTC
STARLINK-3262,43.508558588755065,2025-08-17 08:16:00 UTC
STARLINK-3323,12.099317846698776,2025-08-17 03:59:00 UTC
STARLINK-3333,13.993480883551491,2025-08-17 03:53:00 UTC
STARLINK-3335,15.697491628227656,2025-08-17 03:48:00 UTC
STARLINK-3355,19.879094351936217,2025-08-17 03:37:00 UTC
STARLINK-3232,17.8525516955832,2025-08-17 03:42:00 UTC
STARLINK-3338,6.705810917512997,2025-08-17 04:20:00 UTC
STARLINK-3349,4.416179101194556,2025-08-17 03:49:00 UTC
STARLINK-3324,17.097242535993374,2025-08-17 04:23:00 UTC
STARLINK-3234,11.655050144458357,2025-08-17 04:40:00 UTC
STARLINK-3342,30.679453073081323,2025-08-17 03:56:00 UTC
STARLINK-3341,13.456989718796008,2025-08-17 04:34:00 UTC
STARLINK-3336,24.280832148048994,2025-08-17 04:07:00 UTC
STARLINK-3327,19.262599516339193,2025-08-17 04:18:00 UTC
STARLINK-3339,33.66414543894615,2025-08-17 03:50:00 UTC
STARLINK-3346,76.3531614917741,2025-08-17 03:12:00 UTC
STARLINK-3343,43.25084954747684,2025-08-17 03:39:00 UTC
STARLINK-3334,15.12033276023026,2025-08-17 04:29:00 UTC
STARLINK-3332,39.058767292603186,2025-08-17 03:45:00 UTC
STARLINK-3329,27.234854350918624,2025-08-17 04:01:00 UTC
STARLINK-3290,41.91123000612354,2025-08-17 03:41:00 UTC
STARLINK-3294,21.73446839993399,2025-08-17 04:12:00 UTC
STARLINK-3278,29.68095062688765,2025-08-17 04:37:00 UTC
STARLINK-3299,69.13523378194441,2025-08-17 03:17:00 UTC
STARLINK-3328,28.67845283347459,2025-08-17 04:38:00 UTC
STARLINK-3331,48.01101058933148,2025-08-17 04:15:00 UTC
STARLINK-3310,41.9110966137722,2025-08-17 04:20:00 UTC
STARLINK-3330,83.6047686463218,2025-08-17 03:49:00 UTC
STARLINK-3318,62.43751150945232,2025-08-17 03:23:00 UTC
STARLINK-3320,74.90511784466113,2025-08-17 03:47:00 UTC
STARLINK-3295,78.72440043009642,2025-08-17 03:42:00 UTC
STARLINK-3300,65.16650192297952,2025-08-17 03:58:00 UTC
STARLINK-3302,65.73619863479263,2025-08-17 03:36:00 UTC
STARLINK-3325,52.45465775826529,2025-08-17 04:09:00 UTC
STARLINK-3326,50.86467889667215,2025-08-17 03:20:00 UTC
STARLINK-3230,37.72852262591053,2025-08-17 04:26:00 UTC
STARLINK-3308,63.34870574271839,2025-08-17 03:31:00 UTC
STARLINK-3315,41.86725429617986,2025-08-17 03:09:00 UTC
STARLINK-3311,55.73810284795197,2025-08-17 03:25:00 UTC
STARLINK-3314,32.65879431570689,2025-08-17 04:31:00 UTC
STARLINK-3366,42.82883574154272,2025-08-17 11:32:00 UTC
STARLINK-3350,65.81625255420468,2025-08-17 10:53:00 UTC
STARLINK-3176,77.28124890516186,2025-08-17 03:39:00 UTC
STARLINK-3362,64.04353636321626,2025-08-17 10:47:00 UTC
STARLINK-3358,58.23084701300576,2025-08-17 11:20:00 UTC
STARLINK-3344,78.95387865899555,2025-08-17 03:49:00 UTC
STARLINK-3173,46.68706297541884,2025-08-17 03:16:00 UTC
STARLINK-3374,79.82786023950095,2025-08-17 03:45:00 UTC
STARLINK-3372,63.28464457671439,2025-08-17 03:33:00 UTC
STARLINK-3375,67.3127434395323,2025-08-17 04:00:00 UTC
STARLINK-3397,51.65551399243389,2025-08-17 03:21:00 UTC
STARLINK-3243,66.16106757802325,2025-08-17 03:40:00 UTC
STARLINK-3391,82.28071767320237,2025-08-17 11:04:00 UTC
STARLINK-3394,60.18186590880457,2025-08-17 03:27:00 UTC
STARLINK-3398,66.81569190248848,2025-08-17 11:05:00 UTC
STARLINK-3399,48.870476584170135,2025-08-17 11:27:00 UTC
STARLINK-3392,70.61588576207386,2025-08-17 10:59:00 UTC
STARLINK-3389,52.924020768322016,2025-08-17 12:02:00 UTC
STARLINK-3387,71.04325531541505,2025-08-17 11:47:00 UTC
STARLINK-3386,58.28389928476439,2025-08-17 11:59:00 UTC
STARLINK-3370,64.50655351291074,2025-08-17 11:51:00 UTC
STARLINK-3400,63.83312891645442,2025-08-17 11:23:00 UTC
STARLINK-3396,53.55923692598648,2025-08-17 12:03:00 UTC
STARLINK-3395,70.52901794063362,2025-08-17 11:40:00 UTC
STARLINK-3388,71.45395932137689,2025-08-17 11:29:00 UTC
STARLINK-3393,81.49470589983633,2025-08-17 11:35:00 UTC
STARLINK-3356,72.24199850242562,2025-08-17 04:36:00 UTC
STARLINK-3183,76.54217318680112,2025-08-17 03:50:00 UTC
STARLINK-3363,66.54961713017899,2025-08-17 04:17:00 UTC
STARLINK-3253,53.569480975261506,2025-08-17 04:03:00 UTC
STARLINK-3180,65.51498020292982,2025-08-17 04:14:00 UTC
STARLINK-3177,83.23109506837947,2025-08-17 04:25:00 UTC
STARLINK-3172,56.79766504137395,2025-08-17 04:04:00 UTC
STARLINK-3175,70.38701523711944,2025-08-17 04:20:00 UTC
STARLINK-3179,43.22667945900456,2025-08-17 03:52:00 UTC
STARLINK-3369,66.64516162505802,2025-08-17 03:54:00 UTC
STARLINK-3184,81.94746050770063,2025-08-17 05:06:00 UTC
STARLINK-3185,48.28243479732206,2025-08-17 03:59:00 UTC
STARLINK-3354,58.255993710230506,2025-08-17 04:10:00 UTC
STARLINK-3352,54.45967423705374,2025-08-17 04:44:00 UTC
STARLINK-3359,65.28600996966064,2025-08-17 12:05:00 UTC
STARLINK-3360,49.917825220965206,2025-08-17 12:44:00 UTC
STARLINK-3357,78.10302292023819,2025-08-17 04:30:00 UTC
STARLINK-3361,63.04519000606323,2025-08-17 07:50:00 UTC
STARLINK-3364,71.00027482088782,2025-08-17 12:10:00 UTC
STARLINK-3181,58.817642004863735,2025-08-17 10:39:00 UTC
STARLINK-3166,62.51632122978373,2025-08-17 10:35:00 UTC
STARLINK-3419,68.0389875603178,2025-08-17 03:14:00 UTC
STARLINK-3189,74.4701078399285,2025-08-17 10:24:00 UTC
STARLINK-3401,80.68050784888784,2025-08-17 10:17:00 UTC
STARLINK-3178,72.4950332799663,2025-08-17 03:08:00 UTC
STARLINK-3174,64.96306758558613,2025-08-17 03:19:00 UTC
STARLINK-3182,65.47500547678185,2025-08-17 10:28:00 UTC
STARLINK-3415,84.58842029905968,2025-08-17 03:09:00 UTC
STARLINK-3528,77.63394162193147,2025-08-17 06:30:00 UTC
STARLINK-3533,79.06048318974284,2025-08-17 06:19:00 UTC
STARLINK-3543,78.08361402016524,2025-08-17 06:28:00 UTC
STARLINK-3445,63.3444476108395,2025-08-17 06:35:00 UTC
STARLINK-3546,52.04816498358426,2025-08-17 06:00:00 UTC
STARLINK-3540,79.93531265155326,2025-08-17 06:23:00 UTC
STARLINK-3526,43.39513114169306,2025-08-17 05:51:00 UTC
STARLINK-3524,59.371526663806144,2025-08-17 06:07:00 UTC
STARLINK-3535,37.43097925398281,2025-08-17 05:44:00 UTC
STARLINK-3529,33.949649511611725,2025-08-17 07:13:00 UTC
STARLINK-3522,42.50552012206132,2025-08-17 05:50:00 UTC
STARLINK-3527,32.29866163332622,2025-08-17 06:37:00 UTC
STARLINK-3532,33.43305768076839,2025-08-17 05:39:00 UTC
STARLINK-3523,35.15030171978665,2025-08-17 05:03:00 UTC
STARLINK-3514,35.363806230822235,2025-08-17 06:31:00 UTC
STARLINK-3518,71.73410736743246,2025-08-17 12:51:00 UTC
STARLINK-3525,82.20321612762967,2025-08-17 13:03:00 UTC
STARLINK-3450,65.18505754013204,2025-08-17 05:52:00 UTC
STARLINK-3517,68.4036775599356,2025-08-17 12:45:00 UTC
STARLINK-3447,73.61242950600389,2025-08-17 05:54:00 UTC
STARLINK-3509,66.88984990919816,2025-08-17 05:58:00 UTC
STARLINK-3515,67.23535293875764,2025-08-17 05:30:00 UTC
STARLINK-3516,76.12557288498381,2025-08-17 05:47:00 UTC
STARLINK-3500,51.711477214476524,2025-08-17 05:19:00 UTC
STARLINK-3520,74.16027090507338,2025-08-17 05:38:00 UTC
STARLINK-3521,69.44066188835237,2025-08-17 05:41:00 UTC
STARLINK-3512,66.72053477974468,2025-08-17 12:26:00 UTC
STARLINK-3452,39.41052939815376,2025-08-17 05:09:00 UTC
STARLINK-3449,59.978331998228704,2025-08-17 05:25:00 UTC
STARLINK-3502,60.90179646727659,2025-08-17 12:33:00 UTC
STARLINK-3446,47.244101577115046,2025-08-17 05:15:00 UTC
STARLINK-3501,86.78974771601892,2025-08-17 12:21:00 UTC
STARLINK-3451,67.87439233831469,2025-08-17 13:01:00 UTC
STARLINK-3505,73.61246376745571,2025-08-17 12:11:00 UTC
STARLINK-3506,68.43796703989406,2025-08-17 12:27:00 UTC
STARLINK-3511,75.0647792166577,2025-08-17 05:13:00 UTC
STARLINK-3507,84.39383478659543,2025-08-17 12:17:00 UTC
STARLINK-3457,51.05844567601262,2025-08-17 04:38:00 UTC
STARLINK-3460,68.0802563269873,2025-08-17 05:17:00 UTC
STARLINK-3513,44.62059913855462,2025-08-17 04:33:00 UTC
STARLINK-3459,45.33888574678607,2025-08-17 12:50:00 UTC
STARLINK-3458,57.08686032277056,2025-08-17 12:37:00 UTC
STARLINK-3456,50.01198083781243,2025-08-17 12:46:00 UTC
STARLINK-3622,56.60393194754088,2025-08-17 06:42:00 UTC
STARLINK-3621,40.401241253481345,2025-08-17 06:28:00 UTC
STARLINK-3612,48.938581748638725,2025-08-17 06:36:00 UTC
STARLINK-3614,38.36733750635792,2025-08-17 06:25:00 UTC
STARLINK-3623,33.456867123875114,2025-08-17 07:54:00 UTC
STARLINK-3624,35.32870414483723,2025-08-17 06:21:00 UTC
STARLINK-3629,40.59671337221022,2025-08-17 07:42:00 UTC
STARLINK-3620,34.38857593259568,2025-08-17 06:20:00 UTC
STARLINK-3608,43.84081953412123,2025-08-17 07:37:00 UTC
STARLINK-3625,37.63351288817941,2025-08-17 07:46:00 UTC
STARLINK-3615,66.50046709587302,2025-08-17 06:12:00 UTC
STARLINK-3611,43.79358499054714,2025-08-17 07:38:00 UTC
STARLINK-3617,69.83050427525798,2025-08-17 07:15:00 UTC
STARLINK-3580,62.909820312070096,2025-08-17 07:20:00 UTC
STARLINK-3616,49.04442963402997,2025-08-17 08:12:00 UTC
STARLINK-3628,53.79671807796503,2025-08-17 07:27:00 UTC
STARLINK-3632,73.06982797774658,2025-08-17 07:45:00 UTC
STARLINK-3646,66.02846093692078,2025-08-17 07:10:00 UTC
STARLINK-3638,79.73287131210628,2025-08-17 07:36:00 UTC
STARLINK-3619,65.47614307631021,2025-08-17 07:56:00 UTC
STARLINK-3641,51.72333454083428,2025-08-17 07:17:00 UTC
STARLINK-3639,80.84410559720942,2025-08-17 07:39:00 UTC
STARLINK-3631,43.542007701184446,2025-08-17 07:12:00 UTC
STARLINK-3602,65.1042225105078,2025-08-17 07:28:00 UTC
STARLINK-3626,35.06523114541363,2025-08-17 07:01:00 UTC
STARLINK-3633,56.927255696043645,2025-08-17 07:24:00 UTC
STARLINK-3573,36.13916048997353,2025-08-17 08:29:00 UTC
STARLINK-3586,56.958023888544254,2025-08-17 07:23:00 UTC
STARLINK-3634,51.721754210369866,2025-08-17 08:07:00 UTC
STARLINK-3637,38.37284515590357,2025-08-17 08:24:00 UTC
STARLINK-3592,43.38545390309642,2025-08-17 08:18:00 UTC
STARLINK-3557,37.64133910741658,2025-08-17 05:42:00 UTC
STARLINK-3544,55.460669650742744,2025-08-17 08:02:00 UTC
STARLINK-3601,55.56753369792111,2025-08-17 06:44:00 UTC
STARLINK-3605,52.51286473510072,2025-08-17 06:50:00 UTC
STARLINK-3606,67.30878081780243,2025-08-17 07:09:00 UTC
STARLINK-3609,62.66984265196682,2025-08-17 06:47:00 UTC
STARLINK-3607,76.69177533602598,2025-08-17 06:58:00 UTC
STARLINK-3613,70.67747104494936,2025-08-17 06:17:00 UTC
STARLINK-3569,64.90110539078086,2025-08-17 06:52:00 UTC
STARLINK-3610,37.94969641925552,2025-08-17 07:07:00 UTC
STARLINK-3552,65.03570580977414,2025-08-17 06:39:00 UTC
STARLINK-3599,45.07167843047292,2025-08-17 06:56:00 UTC
STARLINK-3604,41.766491884952316,2025-08-17 07:01:00 UTC
STARLINK-3603,37.57465194537199,2025-08-17 05:45:00 UTC
STARLINK-3542,39.334365987627166,2025-08-17 09:04:00 UTC
STARLINK-3541,34.396267025432195,2025-08-17 08:58:00 UTC
STARLINK-3545,43.86588302274024,2025-08-17 10:16:00 UTC
STARLINK-3568,32.40425356536447,2025-08-17 10:34:00 UTC
STARLINK-3571,43.310782343213894,2025-08-17 10:17:00 UTC
STARLINK-3563,39.60896631146166,2025-08-17 10:22:00 UTC
STARLINK-3560,75.58979373366769,2025-08-17 09:08:00 UTC
STARLINK-3559,63.50696164311498,2025-08-17 09:18:00 UTC
STARLINK-3562,81.85137494825376,2025-08-17 08:56:00 UTC
STARLINK-3508,63.07192725369497,2025-08-17 09:12:00 UTC
STARLINK-3555,59.47193581604135,2025-08-17 08:45:00 UTC
STARLINK-3548,64.33442345239544,2025-08-17 08:50:00 UTC
STARLINK-3503,48.07006089601061,2025-08-17 08:34:00 UTC
STARLINK-3553,44.916038959832775,2025-08-17 08:30:00 UTC
STARLINK-3590,42.39587530334631,2025-08-17 08:28:00 UTC
STARLINK-3578,54.84616062045431,2025-08-17 08:39:00 UTC
STARLINK-3588,34.36358193885336,2025-08-17 09:51:00 UTC
STARLINK-3591,37.989702618913576,2025-08-17 08:23:00 UTC
STARLINK-3567,37.37432086933995,2025-08-17 09:46:00 UTC
STARLINK-3554,33.96151703199671,2025-08-17 08:17:00 UTC
STARLINK-3582,48.70231901276969,2025-08-17 09:31:00 UTC
STARLINK-3574,40.72514531191983,2025-08-17 09:40:00 UTC
STARLINK-3585,79.0409617947133,2025-08-17 09:07:00 UTC
STARLINK-3583,43.42910380915605,2025-08-17 09:34:00 UTC
STARLINK-3556,35.02076824374892,2025-08-17 09:10:00 UTC
STARLINK-3575,53.45754669665941,2025-08-17 09:24:00 UTC
STARLINK-3572,42.585229686368486,2025-08-17 08:59:00 UTC
STARLINK-3566,49.20579127161769,2025-08-17 09:29:00 UTC
STARLINK-3504,47.22445721262957,2025-08-17 08:50:00 UTC
STARLINK-3570,37.732487060719556,2025-08-17 09:06:00 UTC
STARLINK-3576,38.59062518506704,2025-08-17 09:05:00 UTC
STARLINK-3577,46.22068309657481,2025-08-17 08:54:00 UTC
STARLINK-3584,72.00360275374385,2025-08-17 08:32:00 UTC
STARLINK-3565,54.94861903488655,2025-08-17 08:43:00 UTC
STARLINK-3551,80.27519875606812,2025-08-17 08:26:00 UTC
STARLINK-3536,65.17887709440245,2025-08-17 08:37:00 UTC
STARLINK-3547,70.99898332454576,2025-08-17 08:10:00 UTC
STARLINK-3549,57.722728275009956,2025-08-17 08:04:00 UTC
STARLINK-3587,74.15671597212103,2025-08-17 08:15:00 UTC
STARLINK-3579,47.98752005577795,2025-08-17 07:53:00 UTC
STARLINK-3595,52.759497105722126,2025-08-17 07:58:00 UTC
STARLINK-3594,40.22115485364652,2025-08-17 07:47:00 UTC
STARLINK-3593,68.10891420086057,2025-08-17 08:21:00 UTC
STARLINK-3598,37.36520993910809,2025-08-17 07:42:00 UTC
STARLINK-3597,33.01376085432313,2025-08-17 07:37:00 UTC
STARLINK-3700,39.99688637650692,2025-08-17 09:14:00 UTC
STARLINK-3694,57.63769816409764,2025-08-17 11:08:00 UTC
STARLINK-3692,35.081819560725144,2025-08-17 09:08:00 UTC
STARLINK-3704,50.85206754753055,2025-08-17 11:14:00 UTC
STARLINK-3691,62.43959512148775,2025-08-17 11:02:00 UTC
STARLINK-3697,76.67635981749847,2025-08-17 10:16:00 UTC
STARLINK-3675,41.26904487181173,2025-08-17 10:31:00 UTC
STARLINK-3690,48.58785885641824,2025-08-17 09:44:00 UTC
STARLINK-3696,67.4895852516293,2025-08-17 10:57:00 UTC
STARLINK-3699,72.43152484225396,2025-08-17 10:18:00 UTC
STARLINK-3681,38.49001218477661,2025-08-17 10:56:00 UTC
STARLINK-3680,82.97925187625368,2025-08-17 10:17:00 UTC
STARLINK-3677,62.92104876349893,2025-08-17 10:11:00 UTC
STARLINK-3669,34.787887837263305,2025-08-17 11:02:00 UTC
STARLINK-3671,42.26518566797684,2025-08-17 09:55:00 UTC
STARLINK-3679,52.74083273872172,2025-08-17 10:06:00 UTC
STARLINK-3672,38.58491559822979,2025-08-17 09:49:00 UTC
STARLINK-3674,34.24186611355672,2025-08-17 09:26:00 UTC
STARLINK-3663,26.55414638255262,2025-08-17 08:34:00 UTC
STARLINK-3660,74.13218427967084,2025-08-17 09:50:00 UTC
STARLINK-3656,56.42527822745227,2025-08-17 10:24:00 UTC
STARLINK-3649,83.39741039531238,2025-08-17 11:02:00 UTC
STARLINK-3635,56.04524532346747,2025-08-17 11:21:00 UTC
STARLINK-3655,63.8224976367315,2025-08-17 11:16:00 UTC
STARLINK-3664,50.23153122560121,2025-08-17 10:33:00 UTC
STARLINK-3651,71.4094461446414,2025-08-17 11:07:00 UTC
STARLINK-3645,49.71218770343742,2025-08-17 11:27:00 UTC
STARLINK-3644,46.921492160532004,2025-08-17 10:32:00 UTC
STARLINK-3640,36.30193188776613,2025-08-17 11:43:00 UTC
STARLINK-3642,43.10088266608132,2025-08-17 10:26:00 UTC
STARLINK-3657,81.69773105141478,2025-08-17 09:43:00 UTC
STARLINK-3652,33.83337623662798,2025-08-17 10:15:00 UTC
STARLINK-3643,65.16292106921213,2025-08-17 09:26:00 UTC
STARLINK-3648,40.752853914386776,2025-08-17 11:38:00 UTC
STARLINK-3647,57.576632115200745,2025-08-17 09:21:00 UTC
STARLINK-3636,84.53022329502227,2025-08-17 09:37:00 UTC
STARLINK-3538,50.117790303040195,2025-08-17 09:16:00 UTC
STARLINK-3589,76.18759390801232,2025-08-17 09:32:00 UTC
STARLINK-3618,47.16936454227762,2025-08-17 10:10:00 UTC
STARLINK-3667,43.76912484560071,2025-08-17 09:09:00 UTC
STARLINK-3653,73.97922713449758,2025-08-17 09:48:00 UTC
STARLINK-3659,49.724609193443655,2025-08-17 10:06:00 UTC
STARLINK-3668,52.829088862979546,2025-08-17 10:05:00 UTC
STARLINK-3722,18.568293695417708,2025-08-17 13:04:00 UTC
STARLINK-3712,13.983142183590282,2025-08-17 12:51:00 UTC
STARLINK-3716,16.007507631824843,2025-08-17 12:57:00 UTC
STARLINK-3673,10.94168158672142,2025-08-17 12:42:00 UTC
STARLINK-3714,12.293118413816515,2025-08-17 12:46:00 UTC
STARLINK-3701,8.145153757681681,2025-08-17 12:30:00 UTC
STARLINK-3717,10.279665495400444,2025-08-17 11:59:00 UTC
STARLINK-3665,9.16555285726848,2025-08-17 12:35:00 UTC
STARLINK-3702,6.578416984306764,2025-08-17 12:24:00 UTC
STARLINK-3703,10.496509532985637,2025-08-17 12:40:00 UTC
STARLINK-3709,19.783837389444155,2025-08-17 12:28:00 UTC
STARLINK-3705,7.513711497965176,2025-08-17 11:49:00 UTC
STARLINK-3706,5.35495763622448,2025-08-17 11:39:00 UTC
STARLINK-3670,3.088877962774275,2025-08-17 12:07:00 UTC
STARLINK-3658,3.8590147073481647,2025-08-17 11:32:00 UTC
STARLINK-3698,6.314605870641529,2025-08-17 11:43:00 UTC
STARLINK-3687,5.026981704770851,2025-08-17 11:37:00 UTC
STARLINK-3708,34.84786017202271,2025-08-17 12:54:00 UTC
STARLINK-3734,40.03266414795867,2025-08-17 13:04:00 UTC
STARLINK-3736,27.255832517394346,2025-08-17 12:43:00 UTC
STARLINK-3737,38.78801347932976,2025-08-17 12:59:00 UTC
STARLINK-3685,21.60308262824256,2025-08-17 12:32:00 UTC
STARLINK-3735,30.584484340105938,2025-08-17 12:48:00 UTC
STARLINK-3738,17.189790869625064,2025-08-17 12:21:00 UTC
STARLINK-3743,24.17642993982931,2025-08-17 12:37:00 UTC
STARLINK-3558,13.438976987857371,2025-08-17 12:10:00 UTC
STARLINK-3534,19.159477491611472,2025-08-17 12:26:00 UTC
STARLINK-3678,18.5236612884115,2025-08-17 11:46:00 UTC
STARLINK-3726,15.483289834242917,2025-08-17 12:16:00 UTC
STARLINK-3725,73.59278238374641,2025-08-17 12:47:00 UTC
STARLINK-3727,12.932547372720999,2025-08-17 11:29:00 UTC
STARLINK-3732,16.572430909920733,2025-08-17 11:40:00 UTC
STARLINK-3715,72.75906784251605,2025-08-17 13:02:00 UTC
STARLINK-3661,77.35328363522588,2025-08-17 12:51:00 UTC
STARLINK-3711,65.1932139748581,2025-08-17 12:46:00 UTC
STARLINK-3718,76.47276240483306,2025-08-17 12:57:00 UTC
STARLINK-3707,52.541165811479324,2025-08-17 12:35:00 UTC
STARLINK-3721,62.07811481322471,2025-08-17 12:40:00 UTC
STARLINK-3729,37.68060805611255,2025-08-17 12:20:00 UTC
STARLINK-3720,48.20468257962258,2025-08-17 12:29:00 UTC
STARLINK-3733,32.509911799736095,2025-08-17 12:13:00 UTC
STARLINK-3723,42.93436212993586,2025-08-17 12:24:00 UTC
STARLINK-3730,8.984613800085167,2025-08-17 11:54:00 UTC
STARLINK-3682,30.137698354172628,2025-08-17 12:08:00 UTC
STARLINK-3772,6.069108749749857,2025-08-17 13:01:00 UTC
STARLINK-3773,47.263762512379,2025-08-17 08:31:00 UTC
STARLINK-3753,4.579877555344538,2025-08-17 12:54:00 UTC
STARLINK-3777,3.4139641016178635,2025-08-17 12:48:00 UTC
STARLINK-3765,6.703653676605326,2025-08-17 13:04:00 UTC
STARLINK-3766,0.4094805385473259,2025-08-17 12:32:00 UTC
STARLINK-3758,5.715689590637291,2025-08-17 12:59:00 UTC
STARLINK-3768,2.393736745700983,2025-08-17 12:43:00 UTC
STARLINK-3564,2.0545896751946886,2025-08-17 12:02:00 UTC
STARLINK-3744,1.172272198474889,2025-08-17 11:57:00 UTC
STARLINK-3747,0.09592705192234605,2025-08-17 11:51:00 UTC
STARLINK-3752,4.338605831673811,2025-08-17 12:13:00 UTC
STARLINK-3749,5.371104887666351,2025-08-17 12:18:00 UTC
STARLINK-3889,55.38259522036307,2025-08-17 06:07:00 UTC
STARLINK-3831,36.114575027106675,2025-08-17 06:25:00 UTC
STARLINK-3847,42.87001868036531,2025-08-17 06:18:00 UTC
STARLINK-3880,57.50408973819471,2025-08-17 06:01:00 UTC
STARLINK-3814,71.71599224830507,2025-08-17 05:56:00 UTC
STARLINK-3823,49.54550220133538,2025-08-17 05:18:00 UTC
STARLINK-3797,47.36733853877944,2025-08-17 06:13:00 UTC
STARLINK-3792,36.047093059927704,2025-08-17 06:23:00 UTC
STARLINK-3818,55.455849275960425,2025-08-17 04:42:00 UTC
STARLINK-3843,64.05134745686125,2025-08-17 05:35:00 UTC
STARLINK-3850,57.52629589271044,2025-08-17 04:47:00 UTC
STARLINK-3849,33.914493759988815,2025-08-17 06:29:00 UTC
STARLINK-3851,44.08669058832022,2025-08-17 04:31:00 UTC
STARLINK-3852,81.96029171939263,2025-08-17 05:11:00 UTC
STARLINK-3812,37.299209532264186,2025-08-17 04:21:00 UTC
STARLINK-3826,51.17512952601566,2025-08-17 04:38:00 UTC
STARLINK-3829,33.9639537623351,2025-08-17 05:48:00 UTC
STARLINK-3819,40.73892596564867,2025-08-17 04:26:00 UTC
STARLINK-3754,37.90215852343164,2025-08-17 05:43:00 UTC
STARLINK-3838,57.98180150068202,2025-08-17 05:26:00 UTC
STARLINK-3807,44.52537433112746,2025-08-17 05:37:00 UTC
STARLINK-3877,49.09506576414135,2025-08-17 05:32:00 UTC
STARLINK-3801,74.50915281108463,2025-08-17 05:15:00 UTC
STARLINK-3821,60.88926774859929,2025-08-17 05:20:00 UTC
STARLINK-3837,69.56787272385223,2025-08-17 04:53:00 UTC
STARLINK-3853,69.13437115404034,2025-08-17 05:16:00 UTC
STARLINK-3728,79.63991254111478,2025-08-17 05:04:00 UTC
STARLINK-3848,62.32519038823044,2025-08-17 04:39:00 UTC
STARLINK-3830,76.17946494589505,2025-08-17 04:59:00 UTC
STARLINK-3820,66.88465654252693,2025-08-17 04:18:00 UTC
STARLINK-3874,49.47958507311,2025-08-17 04:51:00 UTC
STARLINK-3808,80.9658989239763,2025-08-17 04:23:00 UTC
STARLINK-3817,75.91473312725692,2025-08-17 04:34:00 UTC
STARLINK-3834,55.73823437489855,2025-08-17 04:06:00 UTC
STARLINK-3841,77.49785437591159,2025-08-17 04:29:00 UTC
STARLINK-3827,76.59079832141188,2025-08-17 04:19:00 UTC
STARLINK-3798,63.412666363665636,2025-08-17 04:13:00 UTC
STARLINK-3796,50.443203894910255,2025-08-17 04:02:00 UTC
STARLINK-3550,38.6428611858751,2025-08-17 03:44:00 UTC
STARLINK-3762,43.287205853746435,2025-08-17 03:50:00 UTC
STARLINK-3785,44.4046115004507,2025-08-17 03:54:00 UTC
STARLINK-3767,35.32268108766491,2025-08-17 03:39:00 UTC
STARLINK-3805,65.90481673452071,2025-08-17 04:12:00 UTC
STARLINK-3806,36.3923380735084,2025-08-17 05:07:00 UTC
STARLINK-3800,32.68380185045878,2025-08-17 03:33:00 UTC
STARLINK-3793,26.17928571636759,2025-08-17 04:42:00 UTC
STARLINK-3799,45.463733564035486,2025-08-17 04:56:00 UTC
STARLINK-3811,78.40882118350413,2025-08-17 03:53:00 UTC
STARLINK-3870,26.59758580035076,2025-08-17 12:02:00 UTC
STARLINK-3909,37.50260280661395,2025-08-17 12:19:00 UTC
STARLINK-3872,21.027600033583195,2025-08-17 11:51:00 UTC
STARLINK-3888,23.344837335467783,2025-08-17 11:56:00 UTC
STARLINK-3890,19.187471524699284,2025-08-17 11:47:00 UTC
STARLINK-3896,17.160396518243797,2025-08-17 11:42:00 UTC
STARLINK-3899,14.554212186919429,2025-08-17 11:34:00 UTC
STARLINK-3898,13.268440144048112,2025-08-17 11:30:00 UTC
STARLINK-3856,48.025788472295794,2025-08-17 12:49:00 UTC
STARLINK-3900,44.800703262245136,2025-08-17 11:07:00 UTC
STARLINK-3903,53.345160938108485,2025-08-17 12:39:00 UTC
STARLINK-3885,39.48344002276046,2025-08-17 11:02:00 UTC
STARLINK-3904,52.17016852747238,2025-08-17 12:43:00 UTC
STARLINK-3863,35.60241849336778,2025-08-17 10:57:00 UTC
STARLINK-3873,64.75579555069375,2025-08-17 12:32:00 UTC
STARLINK-3864,73.90430372631661,2025-08-17 12:10:00 UTC
STARLINK-3828,84.02435245974063,2025-08-17 12:20:00 UTC
STARLINK-3859,57.52043158785448,2025-08-17 12:00:00 UTC
STARLINK-3862,71.19164775250455,2025-08-17 12:17:00 UTC
STARLINK-3881,52.8863152203415,2025-08-17 11:54:00 UTC
STARLINK-3879,64.86701755746296,2025-08-17 12:05:00 UTC
STARLINK-3855,35.865295637654796,2025-08-17 12:26:00 UTC
STARLINK-3882,68.09175797124215,2025-08-17 12:28:00 UTC
STARLINK-3835,51.484692996818865,2025-08-17 11:14:00 UTC
STARLINK-3860,33.64334567761689,2025-08-17 12:30:00 UTC
STARLINK-3825,41.47103750434029,2025-08-17 11:43:00 UTC
STARLINK-3878,48.83347076735011,2025-08-17 12:08:00 UTC
STARLINK-3839,36.28227565223829,2025-08-17 11:37:00 UTC
STARLINK-3813,57.37819234819306,2025-08-17 11:57:00 UTC
STARLINK-3875,43.95389887437872,2025-08-17 12:13:00 UTC
STARLINK-3887,32.44927938012675,2025-08-17 11:32:00 UTC
STARLINK-3913,54.16431852066828,2025-08-17 12:03:00 UTC
STARLINK-3918,37.96279104525859,2025-08-17 13:00:00 UTC
STARLINK-3902,40.44452242396083,2025-08-17 12:19:00 UTC
STARLINK-3892,41.843263003938,2025-08-17 12:55:00 UTC
STARLINK-3923,29.095828189627905,2025-08-17 11:27:00 UTC
STARLINK-3914,82.92357755127759,2025-08-17 11:40:00 UTC
STARLINK-3908,68.45190906562178,2025-08-17 11:52:00 UTC
STARLINK-3916,73.39628992949737,2025-08-17 11:29:00 UTC
STARLINK-3883,68.00541669569837,2025-08-17 11:47:00 UTC
STARLINK-3857,48.35778043639646,2025-08-17 11:13:00 UTC
STARLINK-3871,35.30996107362414,2025-08-17 12:07:00 UTC
STARLINK-3884,65.07442826418928,2025-08-17 11:24:00 UTC
STARLINK-3925,71.5115980014738,2025-08-17 10:48:00 UTC
STARLINK-3894,57.61778267991209,2025-08-17 11:18:00 UTC
STARLINK-3866,62.47636545353765,2025-08-17 10:42:00 UTC
STARLINK-3907,35.95788216147796,2025-08-17 12:24:00 UTC
STARLINK-3912,55.50911319995171,2025-08-17 10:37:00 UTC
STARLINK-3861,37.781142607986595,2025-08-17 10:21:00 UTC
STARLINK-3845,1.3399430305227473,2025-08-17 03:07:00 UTC
STARLINK-3949,27.302445747465136,2025-08-17 11:00:00 UTC
STARLINK-3763,64.59988324751949,2025-08-17 12:50:00 UTC
STARLINK-3893,0.3938000981996352,2025-08-17 03:13:00 UTC
STARLINK-4019,64.14220778013144,2025-08-17 10:24:00 UTC
STARLINK-4024,65.80152170877203,2025-08-17 10:06:00 UTC
STARLINK-4026,34.69655845213105,2025-08-17 09:33:00 UTC
STARLINK-4027,43.06245162231873,2025-08-17 09:44:00 UTC
STARLINK-4012,38.87003117485069,2025-08-17 09:39:00 UTC
STARLINK-4016,38.14235078028416,2025-08-17 10:58:00 UTC
STARLINK-4013,32.1173792809002,2025-08-17 11:07:00 UTC
STARLINK-4000,58.24648207572997,2025-08-17 03:05:00 UTC
STARLINK-3928,36.918164832977624,2025-08-17 11:01:00 UTC
STARLINK-3947,88.01115753810231,2025-08-17 03:27:00 UTC
STARLINK-3979,44.02774906432443,2025-08-17 10:51:00 UTC
STARLINK-3997,66.43767524696187,2025-08-17 10:34:00 UTC
STARLINK-3998,68.94952613580566,2025-08-17 03:32:00 UTC
STARLINK-3980,74.96772562111623,2025-08-17 03:20:00 UTC
STARLINK-4002,50.709132892838035,2025-08-17 10:45:00 UTC
STARLINK-3982,33.388753510705705,2025-08-17 10:26:00 UTC
STARLINK-4011,64.61897435662624,2025-08-17 03:14:00 UTC
STARLINK-4015,41.636892101534144,2025-08-17 10:15:00 UTC
STARLINK-3996,56.279221505787035,2025-08-17 10:03:00 UTC
STARLINK-3983,48.30955987203209,2025-08-17 10:09:00 UTC
STARLINK-3741,63.04559209691104,2025-08-17 09:58:00 UTC
STARLINK-3975,61.760451572431826,2025-08-17 03:09:00 UTC
STARLINK-3984,77.69066890416572,2025-08-17 09:47:00 UTC
STARLINK-4008,80.449797295726,2025-08-17 10:35:00 UTC
STARLINK-3986,80.45664296538668,2025-08-17 09:42:00 UTC
STARLINK-3988,73.79319087268296,2025-08-17 09:36:00 UTC
STARLINK-3990,62.75159297049281,2025-08-17 09:52:00 UTC
STARLINK-3992,53.722662974201825,2025-08-17 09:20:00 UTC
STARLINK-4001,67.48723297196136,2025-08-17 10:29:00 UTC
STARLINK-4022,46.15016618221368,2025-08-17 09:09:00 UTC
STARLINK-3989,64.82740161694898,2025-08-17 09:30:00 UTC
STARLINK-3794,47.34119105529387,2025-08-17 09:10:00 UTC
STARLINK-3995,60.71511268764056,2025-08-17 09:25:00 UTC
STARLINK-3994,34.726042881939456,2025-08-17 08:52:00 UTC
STARLINK-3974,48.11279814972443,2025-08-17 09:13:00 UTC
STARLINK-3978,44.286035066011316,2025-08-17 08:27:00 UTC
STARLINK-3967,40.34931120066304,2025-08-17 09:03:00 UTC
STARLINK-3961,39.86416202433933,2025-08-17 08:22:00 UTC
STARLINK-3941,37.46841043214847,2025-08-17 08:57:00 UTC
STARLINK-3968,34.66111131169336,2025-08-17 09:45:00 UTC
STARLINK-3977,46.93680510405126,2025-08-17 08:32:00 UTC
STARLINK-3991,43.95586841728188,2025-08-17 08:28:00 UTC
STARLINK-3971,36.366912900951014,2025-08-17 08:16:00 UTC
STARLINK-3963,59.62596778322997,2025-08-17 09:18:00 UTC
STARLINK-3985,32.62477925086424,2025-08-17 08:11:00 UTC
STARLINK-3973,44.15534259458267,2025-08-17 09:33:00 UTC
STARLINK-3832,39.52127967728169,2025-08-17 09:39:00 UTC
STARLINK-3846,55.03860240435869,2025-08-17 09:22:00 UTC
STARLINK-3854,50.26195560236455,2025-08-17 09:28:00 UTC
STARLINK-3868,68.032405608313,2025-08-17 08:50:00 UTC
STARLINK-3891,53.91136039723767,2025-08-17 08:02:00 UTC
STARLINK-4004,5.909354652875763,2025-08-17 04:04:00 UTC
STARLINK-4084,19.037130196543824,2025-08-17 03:20:00 UTC
STARLINK-4082,5.025157920555586,2025-08-17 04:08:00 UTC
STARLINK-3960,6.129828119620088,2025-08-17 04:02:00 UTC
STARLINK-4081,7.508268257994896,2025-08-17 03:57:00 UTC
STARLINK-4042,8.703630785203734,2025-08-17 03:52:00 UTC
STARLINK-4044,11.6681538624921,2025-08-17 03:41:00 UTC
STARLINK-4037,13.437562001390994,2025-08-17 03:35:00 UTC
STARLINK-4070,10.528169041530083,2025-08-17 03:45:00 UTC
STARLINK-4064,19.22396588481857,2025-08-17 03:19:00 UTC
STARLINK-4079,3.562732790164877,2025-08-17 04:13:00 UTC
STARLINK-4076,21.519708966465217,2025-08-17 03:13:00 UTC
STARLINK-4067,17.239711554326732,2025-08-17 03:24:00 UTC
STARLINK-4075,15.190179108068412,2025-08-17 03:30:00 UTC
STARLINK-4071,0.7442921456485553,2025-08-17 04:30:00 UTC
STARLINK-4073,24.293250535567836,2025-08-17 03:08:00 UTC
STARLINK-3976,2.796226784440226,2025-08-17 04:19:00 UTC
STARLINK-3936,14.214404317550157,2025-08-17 03:05:00 UTC
STARLINK-4006,1.7612680972750818,2025-08-17 04:24:00 UTC
STARLINK-4031,1.0281867602768755,2025-08-17 03:49:00 UTC
STARLINK-3774,2.927807665693018,2025-08-17 03:38:00 UTC
STARLINK-4068,2.0817437727439074,2025-08-17 03:43:00 UTC
STARLINK-4014,0.10638110773890294,2025-08-17 03:54:00 UTC
STARLINK-4029,6.522947944755706,2025-08-17 03:21:00 UTC
STARLINK-3981,7.898088822495586,2025-08-17 03:16:00 UTC
STARLINK-4032,9.085583369182778,2025-08-17 03:10:00 UTC
STARLINK-4035,5.381260314555994,2025-08-17 03:27:00 UTC
STARLINK-4072,10.720816209461924,2025-08-17 03:05:00 UTC
STARLINK-4041,2.3063880000195165,2025-08-17 04:01:00 UTC
STARLINK-4018,10.607410453379005,2025-08-17 03:05:00 UTC
STARLINK-4030,12.752786108315329,2025-08-17 03:17:00 UTC
STARLINK-4034,3.1573434884856044,2025-08-17 03:55:00 UTC
STARLINK-4033,5.395111772169731,2025-08-17 03:05:00 UTC
STARLINK-4091,80.586262685086,2025-08-17 10:36:00 UTC
STARLINK-4089,64.16869792974676,2025-08-17 10:25:00 UTC
STARLINK-4083,58.88890859209666,2025-08-17 10:20:00 UTC
STARLINK-4086,50.411349506501416,2025-08-17 10:14:00 UTC
STARLINK-4108,39.878041199716584,2025-08-17 10:03:00 UTC
STARLINK-4080,34.67974196181153,2025-08-17 09:57:00 UTC
STARLINK-4043,75.03746303650404,2025-08-17 10:37:00 UTC
STARLINK-4036,40.37870883488957,2025-08-17 11:20:00 UTC
STARLINK-4092,35.67539879303507,2025-08-17 11:26:00 UTC
STARLINK-4048,46.35132006320298,2025-08-17 11:10:00 UTC
STARLINK-4049,33.34186536804817,2025-08-17 11:32:00 UTC
STARLINK-4065,62.2088142327781,2025-08-17 10:52:00 UTC
STARLINK-4046,41.994289790249375,2025-08-17 11:15:00 UTC
STARLINK-4188,83.62243233296171,2025-08-17 10:42:00 UTC
STARLINK-4208,51.13982535635844,2025-08-17 11:03:00 UTC
STARLINK-4168,65.69309453807979,2025-08-17 10:47:00 UTC
STARLINK-4212,64.31159744825204,2025-08-17 10:49:00 UTC
STARLINK-4206,69.11862216532386,2025-08-17 10:30:00 UTC
STARLINK-4202,61.61119285090496,2025-08-17 10:58:00 UTC
STARLINK-4197,55.024685302138195,2025-08-17 10:22:00 UTC
STARLINK-4187,36.709656589170805,2025-08-17 11:27:00 UTC
STARLINK-3809,63.53272866386274,2025-08-17 10:17:00 UTC
STARLINK-4184,50.85982878508821,2025-08-17 10:28:00 UTC
STARLINK-4189,85.44757981317917,2025-08-17 10:02:00 UTC
STARLINK-4204,70.63974622500385,2025-08-17 10:12:00 UTC
STARLINK-4209,78.16553949841538,2025-08-17 09:55:00 UTC
STARLINK-4201,67.33376904236358,2025-08-17 10:07:00 UTC
STARLINK-4199,63.250051387688764,2025-08-17 09:44:00 UTC
STARLINK-4198,73.67077067493874,2025-08-17 10:00:00 UTC
STARLINK-4196,54.72538042271143,2025-08-17 09:38:00 UTC
STARLINK-4191,68.64664217928191,2025-08-17 09:49:00 UTC
STARLINK-4112,33.395311752905926,2025-08-17 10:52:00 UTC
STARLINK-4010,48.64293839230398,2025-08-17 09:33:00 UTC
STARLINK-4270,38.70550889092875,2025-08-17 09:22:00 UTC
STARLINK-4267,43.118441594768186,2025-08-17 09:27:00 UTC
STARLINK-4274,37.489114392271915,2025-08-17 10:45:00 UTC
STARLINK-4272,34.634795545102605,2025-08-17 09:17:00 UTC
STARLINK-4126,45.01033179190847,2025-08-17 10:33:00 UTC
STARLINK-4261,33.68232811863665,2025-08-17 10:50:00 UTC
STARLINK-4266,41.75110689650932,2025-08-17 08:46:00 UTC
STARLINK-4195,41.51353783669994,2025-08-17 10:39:00 UTC
STARLINK-4207,35.1733153899269,2025-08-17 10:09:00 UTC
STARLINK-4213,34.160590942483005,2025-08-17 08:37:00 UTC
STARLINK-4211,42.340798356859196,2025-08-17 09:58:00 UTC
STARLINK-4210,31.050551728011936,2025-08-17 08:11:00 UTC
STARLINK-4193,45.669776846234875,2025-08-17 09:53:00 UTC
STARLINK-4200,37.94316245936305,2025-08-17 10:03:00 UTC
STARLINK-4214,77.2846319043776,2025-08-17 09:14:00 UTC
STARLINK-4171,51.48526772248918,2025-08-17 09:47:00 UTC
STARLINK-4139,54.038999489359455,2025-08-17 08:58:00 UTC
STARLINK-4186,60.480686883688044,2025-08-17 09:03:00 UTC
STARLINK-4181,69.40696851726625,2025-08-17 09:31:00 UTC
STARLINK-4259,1.0024373588664488,2025-08-17 12:55:00 UTC
STARLINK-4293,0.07061112432782433,2025-08-17 12:50:00 UTC
STARLINK-4295,0.8226197761748756,2025-08-17 12:16:00 UTC
STARLINK-4254,8.744704082166038,2025-08-17 12:52:00 UTC
STARLINK-4217,6.1405891910437695,2025-08-17 12:42:00 UTC
STARLINK-4194,11.6171076393081,2025-08-17 13:03:00 UTC
STARLINK-4190,4.9952116956654065,2025-08-17 12:36:00 UTC
STARLINK-4121,10.184500015133183,2025-08-17 12:58:00 UTC
STARLINK-4255,2.758936594176406,2025-08-17 12:25:00 UTC
STARLINK-4253,7.468639444366386,2025-08-17 12:48:00 UTC
STARLINK-4288,1.7726843799836218,2025-08-17 12:20:00 UTC
STARLINK-4290,3.8772253031444386,2025-08-17 12:31:00 UTC
STARLINK-4275,0.8648813687423471,2025-08-17 12:15:00 UTC
STARLINK-4277,3.489220966080002,2025-08-17 11:50:00 UTC
STARLINK-4265,2.4422410215559838,2025-08-17 11:44:00 UTC
STARLINK-4177,0.5306376526576527,2025-08-17 11:34:00 UTC
STARLINK-4183,4.629286264181793,2025-08-17 11:55:00 UTC
STARLINK-4262,25.54817730785031,2025-08-17 13:01:00 UTC
STARLINK-4283,1.5219263326955697,2025-08-17 11:39:00 UTC
STARLINK-4281,23.3908552698316,2025-08-17 12:55:00 UTC
STARLINK-4279,8.22351824221641,2025-08-17 12:12:00 UTC
STARLINK-4282,18.883335451163813,2025-08-17 12:45:00 UTC
STARLINK-4287,15.522597876649167,2025-08-17 13:04:00 UTC
STARLINK-4216,20.63075649552551,2025-08-17 12:50:00 UTC
STARLINK-4284,11.283340471447366,2025-08-17 12:23:00 UTC
STARLINK-4289,12.79513960869212,2025-08-17 12:28:00 UTC
STARLINK-4218,9.796968654676641,2025-08-17 12:17:00 UTC
STARLINK-4119,11.973299528194692,2025-08-17 12:25:00 UTC
STARLINK-4158,5.734668630744861,2025-08-17 12:00:00 UTC
STARLINK-4143,10.706138522223016,2025-08-17 11:41:00 UTC
STARLINK-4160,16.398331878169927,2025-08-17 12:40:00 UTC
STARLINK-4137,61.57461365844713,2025-08-17 13:03:00 UTC
STARLINK-4115,7.067263886738083,2025-08-17 12:06:00 UTC
STARLINK-4167,7.904609739627061,2025-08-17 11:30:00 UTC
STARLINK-4151,11.083000675597349,2025-08-17 11:43:00 UTC
STARLINK-4157,59.32637376508369,2025-08-17 12:58:00 UTC
STARLINK-4155,49.998271035353746,2025-08-17 12:52:00 UTC
STARLINK-4153,46.054163339770696,2025-08-17 12:47:00 UTC
STARLINK-4156,39.7609407490575,2025-08-17 12:41:00 UTC
STARLINK-4362,39.48180286873815,2025-08-17 09:07:00 UTC
STARLINK-4349,47.327719911217336,2025-08-17 09:01:00 UTC
STARLINK-4350,37.25233644123665,2025-08-17 09:10:00 UTC
STARLINK-4331,40.44593194536821,2025-08-17 09:07:00 UTC
STARLINK-4352,68.44469536163027,2025-08-17 08:39:00 UTC
STARLINK-4355,51.05747686928831,2025-08-17 08:56:00 UTC
STARLINK-4345,66.54565449077477,2025-08-17 08:46:00 UTC
STARLINK-4343,56.26342692597279,2025-08-17 08:53:00 UTC
STARLINK-4336,53.13879777100307,2025-08-17 08:56:00 UTC
STARLINK-4341,64.49005133129259,2025-08-17 08:51:00 UTC
STARLINK-4337,70.26356206429654,2025-08-17 08:40:00 UTC
STARLINK-4339,71.55007928726147,2025-08-17 08:48:00 UTC
STARLINK-4338,68.5156081435725,2025-08-17 08:38:00 UTC
STARLINK-4314,66.8651024012899,2025-08-17 08:44:00 UTC
STARLINK-4252,65.21425651872596,2025-08-17 08:32:00 UTC
STARLINK-4317,43.75304700270191,2025-08-17 09:04:00 UTC
STARLINK-4320,57.59482977936367,2025-08-17 08:27:00 UTC
STARLINK-4305,68.69623004381981,2025-08-17 08:36:00 UTC
STARLINK-4308,54.094978685484165,2025-08-17 08:24:00 UTC
STARLINK-4311,63.46403744003307,2025-08-17 08:30:00 UTC
STARLINK-4307,51.138030089570314,2025-08-17 08:59:00 UTC
STARLINK-4313,58.018808358340635,2025-08-17 08:27:00 UTC
STARLINK-4312,47.246401175168046,2025-08-17 08:19:00 UTC
STARLINK-4309,44.456210851608866,2025-08-17 08:17:00 UTC
STARLINK-4325,51.02574662379582,2025-08-17 08:22:00 UTC
STARLINK-4323,33.65959845426404,2025-08-17 08:08:00 UTC
STARLINK-4342,42.864162701420064,2025-08-17 08:17:00 UTC
STARLINK-4328,32.26106472711882,2025-08-17 08:06:00 UTC
STARLINK-4344,27.9936151529337,2025-08-17 08:01:00 UTC
STARLINK-4346,41.582743730201216,2025-08-17 08:21:00 UTC
STARLINK-4310,37.307654055810715,2025-08-17 08:11:00 UTC
STARLINK-4348,29.717137049014635,2025-08-17 08:03:00 UTC
STARLINK-4347,28.251813635566776,2025-08-17 08:01:00 UTC
STARLINK-4322,26.196441943677932,2025-08-17 07:58:00 UTC
STARLINK-4327,25.168429205866182,2025-08-17 09:25:00 UTC
STARLINK-4330,24.83307337028687,2025-08-17 07:56:00 UTC
STARLINK-4326,24.138281500083043,2025-08-17 07:56:00 UTC
STARLINK-4321,26.527441007973586,2025-08-17 09:22:00 UTC
STARLINK-4251,41.26735261757722,2025-08-17 09:06:00 UTC
STARLINK-4319,28.30948880491222,2025-08-17 09:20:00 UTC
STARLINK-4324,33.502901798744496,2025-08-17 09:12:00 UTC
STARLINK-4318,29.575072241854034,2025-08-17 09:18:00 UTC
STARLINK-4329,14.686254072687763,2025-08-17 08:46:00 UTC
STARLINK-4333,32.72287653232835,2025-08-17 09:13:00 UTC
STARLINK-4063,81.79784026702846,2025-08-17 03:24:00 UTC
STARLINK-4150,75.47371045931432,2025-08-17 03:35:00 UTC
STARLINK-4023,59.74045073179525,2025-08-17 03:46:00 UTC
STARLINK-4152,61.289617853821944,2025-08-17 03:41:00 UTC
STARLINK-4145,68.30702350358234,2025-08-17 03:29:00 UTC
STARLINK-4141,54.623280961928565,2025-08-17 03:28:00 UTC
STARLINK-4185,67.44075817003372,2025-08-17 03:13:00 UTC
STARLINK-4170,66.26794970742188,2025-08-17 03:19:00 UTC
STARLINK-4103,22.633275198006494,2025-08-17 04:30:00 UTC
STARLINK-4101,34.624503289784336,2025-08-17 03:05:00 UTC
STARLINK-4102,24.969257992452256,2025-08-17 04:25:00 UTC
STARLINK-4100,17.92469620671246,2025-08-17 04:41:00 UTC
STARLINK-4106,31.862245811866774,2025-08-17 04:14:00 UTC
STARLINK-4094,36.21460113435159,2025-08-17 04:08:00 UTC
STARLINK-4021,53.832374128200385,2025-08-17 03:12:00 UTC
STARLINK-4038,25.817609358939347,2025-08-17 03:43:00 UTC
STARLINK-4040,37.61336369630199,2025-08-17 03:27:00 UTC
STARLINK-4045,29.636851874456532,2025-08-17 03:38:00 UTC
STARLINK-4098,41.23441535616866,2025-08-17 03:21:00 UTC
STARLINK-4077,32.41244521168217,2025-08-17 03:33:00 UTC
STARLINK-4088,51.012266954331814,2025-08-17 03:11:00 UTC
STARLINK-4087,8.201342149754831,2025-08-17 04:33:00 UTC
STARLINK-4054,48.29488578739098,2025-08-17 03:16:00 UTC
STARLINK-4111,9.737938819059003,2025-08-17 04:27:00 UTC
STARLINK-4096,62.34220344289503,2025-08-17 03:05:00 UTC
STARLINK-4055,14.605541562201156,2025-08-17 04:11:00 UTC
STARLINK-4114,8.05296039107609,2025-08-17 04:34:00 UTC
STARLINK-4104,11.402019601635994,2025-08-17 04:22:00 UTC
STARLINK-4116,12.786124302440076,2025-08-17 04:16:00 UTC
STARLINK-4090,20.441755161715264,2025-08-17 03:55:00 UTC
STARLINK-4110,22.33326228541416,2025-08-17 03:50:00 UTC
STARLINK-4105,18.585989092814614,2025-08-17 04:00:00 UTC
STARLINK-4117,4.857465148013353,2025-08-17 03:50:00 UTC
STARLINK-4095,29.868863140659574,2025-08-17 03:05:00 UTC
STARLINK-4299,4.175551273783833,2025-08-17 04:31:00 UTC
STARLINK-4300,1.7205649648164543,2025-08-17 03:25:00 UTC
STARLINK-4205,50.710302333328656,2025-08-17 03:53:00 UTC
STARLINK-4292,46.36239830546561,2025-08-17 03:57:00 UTC
STARLINK-4294,1.3217976040350412,2025-08-17 04:06:00 UTC
STARLINK-4298,3.8351775727883797,2025-08-17 03:14:00 UTC
STARLINK-4280,23.480129914374544,2025-08-17 03:49:00 UTC
STARLINK-4278,5.00067611541635,2025-08-17 03:09:00 UTC
STARLINK-4391,59.77729496142646,2025-08-17 12:06:00 UTC
STARLINK-4332,26.05705036224816,2025-08-17 11:10:00 UTC
STARLINK-4369,69.21151741549167,2025-08-17 11:50:00 UTC
STARLINK-4375,71.40594882243018,2025-08-17 11:47:00 UTC
STARLINK-4351,73.5335370919032,2025-08-17 11:55:00 UTC
STARLINK-4382,74.33934304434815,2025-08-17 11:53:00 UTC
STARLINK-4404,46.20481268558259,2025-08-17 12:14:00 UTC
STARLINK-4407,70.13555531903084,2025-08-17 11:56:00 UTC
STARLINK-4403,58.50857080267896,2025-08-17 11:39:00 UTC
STARLINK-4385,73.1982677737827,2025-08-17 11:46:00 UTC
STARLINK-4395,63.78923953566202,2025-08-17 11:42:00 UTC
STARLINK-4417,55.62790802551054,2025-08-17 11:37:00 UTC
STARLINK-4405,37.17542467253934,2025-08-17 11:24:00 UTC
STARLINK-4411,45.964846945729754,2025-08-17 11:31:00 UTC
STARLINK-4409,39.76923356614135,2025-08-17 11:26:00 UTC
STARLINK-4410,45.487469067104776,2025-08-17 11:32:00 UTC
STARLINK-4397,34.54655043437263,2025-08-17 11:21:00 UTC
STARLINK-4408,23.20933553760288,2025-08-17 12:40:00 UTC
STARLINK-4413,32.19794872951987,2025-08-17 11:18:00 UTC
STARLINK-4425,42.270546101353155,2025-08-17 11:29:00 UTC
STARLINK-4423,30.202281755548587,2025-08-17 11:16:00 UTC
STARLINK-4427,38.42055034527776,2025-08-17 11:25:00 UTC
STARLINK-4416,29.267122842690014,2025-08-17 11:16:00 UTC
STARLINK-4414,24.43913667065206,2025-08-17 12:37:00 UTC
STARLINK-4353,28.224293478242085,2025-08-17 11:13:00 UTC
STARLINK-4335,26.41669118828882,2025-08-17 12:35:00 UTC
STARLINK-4376,23.845410644923383,2025-08-17 11:08:00 UTC
STARLINK-4384,36.17323084137856,2025-08-17 12:22:00 UTC
STARLINK-4373,34.60774973252524,2025-08-17 12:25:00 UTC
STARLINK-4363,28.496185812041098,2025-08-17 12:32:00 UTC
STARLINK-4377,37.53442035006739,2025-08-17 12:21:00 UTC
STARLINK-4356,32.828347072333024,2025-08-17 12:27:00 UTC
STARLINK-4358,46.54110984790103,2025-08-17 12:13:00 UTC
STARLINK-4359,51.60290111039482,2025-08-17 12:11:00 UTC
STARLINK-4366,74.20719091413815,2025-08-17 11:57:00 UTC
STARLINK-4365,44.31131797176857,2025-08-17 12:16:00 UTC
STARLINK-4367,54.253424073391166,2025-08-17 12:08:00 UTC
STARLINK-4364,39.32266675682417,2025-08-17 12:20:00 UTC
STARLINK-4370,61.50297600867172,2025-08-17 12:04:00 UTC
STARLINK-4371,60.84253369995202,2025-08-17 12:06:00 UTC
STARLINK-4372,73.40395728872325,2025-08-17 11:58:00 UTC
STARLINK-4368,64.72180114121576,2025-08-17 12:01:00 UTC
STARLINK-4056,33.26363249609717,2025-08-17 04:14:00 UTC
STARLINK-4047,64.85284293039956,2025-08-17 05:11:00 UTC
STARLINK-4125,52.29468252517372,2025-08-17 05:49:00 UTC
STARLINK-4131,58.259732265442814,2025-08-17 05:44:00 UTC
STARLINK-4061,46.77743000728105,2025-08-17 04:36:00 UTC
STARLINK-4135,36.64361162116042,2025-08-17 04:20:00 UTC
STARLINK-4128,55.32875130971719,2025-08-17 04:26:00 UTC
STARLINK-4059,61.4918928490223,2025-08-17 04:30:00 UTC
STARLINK-4129,45.828049471234145,2025-08-17 04:13:00 UTC
STARLINK-4132,50.649551842340095,2025-08-17 04:19:00 UTC
STARLINK-4133,40.8542531734068,2025-08-17 04:08:00 UTC
STARLINK-4134,52.601365485181695,2025-08-17 04:20:00 UTC
STARLINK-4142,34.61741676364727,2025-08-17 03:57:00 UTC
STARLINK-4147,38.04506691105268,2025-08-17 04:02:00 UTC
STARLINK-4144,42.546788004249166,2025-08-17 05:19:00 UTC
STARLINK-4127,33.48002060594367,2025-08-17 05:30:00 UTC
STARLINK-4140,56.1991467970781,2025-08-17 04:25:00 UTC
STARLINK-4062,59.99132565984405,2025-08-17 05:03:00 UTC
STARLINK-4085,47.622308013762044,2025-08-17 05:14:00 UTC
STARLINK-4130,70.92375572077407,2025-08-17 04:57:00 UTC
STARLINK-3950,54.721182540848076,2025-08-17 05:08:00 UTC
STARLINK-4097,71.71937717365338,2025-08-17 04:47:00 UTC
STARLINK-4058,70.54771201738994,2025-08-17 04:52:00 UTC
STARLINK-4060,67.45840725043853,2025-08-17 04:35:00 UTC
STARLINK-4109,76.80502581854478,2025-08-17 04:41:00 UTC
STARLINK-4057,57.10972225818951,2025-08-17 04:27:00 UTC
STARLINK-4122,49.1819524669824,2025-08-17 04:33:00 UTC
STARLINK-4051,83.90604825051638,2025-08-17 04:05:00 UTC
STARLINK-4050,63.960286684022385,2025-08-17 04:22:00 UTC
STARLINK-4179,75.62456320247206,2025-08-17 04:00:00 UTC
STARLINK-4174,70.70300351281975,2025-08-17 04:11:00 UTC
STARLINK-4178,57.19970860230901,2025-08-17 03:49:00 UTC
STARLINK-4180,69.3121845463298,2025-08-17 03:54:00 UTC
STARLINK-4164,55.40637939244928,2025-08-17 03:43:00 UTC
STARLINK-4175,39.20679430124406,2025-08-17 03:26:00 UTC
STARLINK-4173,35.74030421875947,2025-08-17 04:48:00 UTC
STARLINK-4165,70.88014322960984,2025-08-17 04:16:00 UTC
STARLINK-4107,42.20318770278367,2025-08-17 04:38:00 UTC
STARLINK-4162,33.54767250128869,2025-08-17 03:16:00 UTC
STARLINK-4176,63.2281105976648,2025-08-17 04:04:00 UTC
STARLINK-4149,38.16902450704062,2025-08-17 04:45:00 UTC
STARLINK-4166,46.7705046840297,2025-08-17 03:14:00 UTC
STARLINK-4159,36.42705955831453,2025-08-17 03:21:00 UTC
STARLINK-4148,51.51287525875762,2025-08-17 03:52:00 UTC
STARLINK-4146,27.945315861776198,2025-08-17 04:19:00 UTC
STARLINK-4538,0.534882179663037,2025-08-17 13:04:00 UTC
STARLINK-4549,2.015738186427504,2025-08-17 13:01:00 UTC
STARLINK-4415,74.49086175379045,2025-08-17 04:45:00 UTC
STARLINK-4398,67.01140732015338,2025-08-17 04:45:00 UTC
STARLINK-4394,70.00136461391618,2025-08-17 04:37:00 UTC
STARLINK-4400,76.87269853353614,2025-08-17 04:39:00 UTC
STARLINK-4399,72.77748739329923,2025-08-17 04:35:00 UTC
STARLINK-4393,70.79522511259357,2025-08-17 04:37:00 UTC
STARLINK-4316,63.49915135008156,2025-08-17 04:29:00 UTC
STARLINK-4447,70.83818327097134,2025-08-17 04:32:00 UTC
STARLINK-4383,54.9695419430082,2025-08-17 04:24:00 UTC
STARLINK-4445,42.53042921577244,2025-08-17 04:16:00 UTC
STARLINK-4389,47.65136191567931,2025-08-17 04:21:00 UTC
STARLINK-4378,60.487335529471935,2025-08-17 04:27:00 UTC
STARLINK-4412,77.38461048173481,2025-08-17 04:42:00 UTC
STARLINK-4433,42.64218605805489,2025-08-17 04:16:00 UTC
STARLINK-4436,38.452701999349685,2025-08-17 04:13:00 UTC
STARLINK-4442,44.75926838195034,2025-08-17 04:19:00 UTC
STARLINK-4302,36.080635413015976,2025-08-17 04:11:00 UTC
STARLINK-4360,23.972857810868934,2025-08-17 03:55:00 UTC
STARLINK-4401,37.33162685536306,2025-08-17 05:19:00 UTC
STARLINK-4426,34.22590894125197,2025-08-17 04:08:00 UTC
STARLINK-4430,27.47668351518045,2025-08-17 04:01:00 UTC
STARLINK-4431,31.232376863679875,2025-08-17 04:06:00 UTC
STARLINK-4432,31.925396362020326,2025-08-17 04:07:00 UTC
STARLINK-4421,29.73649212998166,2025-08-17 04:03:00 UTC
STARLINK-4392,29.66330867816387,2025-08-17 04:03:00 UTC
STARLINK-4387,24.048747992700115,2025-08-17 03:56:00 UTC
STARLINK-4450,30.943965884335203,2025-08-17 05:17:00 UTC
STARLINK-4451,25.15887884544329,2025-08-17 05:25:00 UTC
STARLINK-4361,27.375062746765586,2025-08-17 05:21:00 UTC
STARLINK-4340,23.160737148365335,2025-08-17 05:27:00 UTC
STARLINK-4429,33.293650300566284,2025-08-17 05:14:00 UTC
STARLINK-4465,33.822144674000434,2025-08-17 04:18:00 UTC
STARLINK-4453,38.289392095904184,2025-08-17 05:09:00 UTC
STARLINK-4439,36.97531433786531,2025-08-17 05:09:00 UTC
STARLINK-4454,30.868097746614954,2025-08-17 05:17:00 UTC
STARLINK-4455,36.217661040353526,2025-08-17 05:11:00 UTC
STARLINK-4434,48.836103968741995,2025-08-17 04:58:00 UTC
STARLINK-4435,41.80334272345001,2025-08-17 05:06:00 UTC
STARLINK-4461,27.82621339346592,2025-08-17 05:19:00 UTC
STARLINK-4448,43.61361876180882,2025-08-17 05:04:00 UTC
STARLINK-4446,57.33656265652521,2025-08-17 04:53:00 UTC
STARLINK-4437,47.22677928945331,2025-08-17 05:01:00 UTC
STARLINK-4443,52.525430411714986,2025-08-17 04:56:00 UTC
STARLINK-4402,69.75486741929588,2025-08-17 04:48:00 UTC
STARLINK-4511,48.234806586496276,2025-08-17 10:54:00 UTC
STARLINK-4503,18.18403779765599,2025-08-17 12:04:00 UTC
STARLINK-4478,14.014381017720613,2025-08-17 11:52:00 UTC
STARLINK-4482,22.015760468304443,2025-08-17 12:15:00 UTC
STARLINK-4487,12.286601224372376,2025-08-17 11:47:00 UTC
STARLINK-4483,36.16960436664298,2025-08-17 12:36:00 UTC
STARLINK-4493,31.396388857148985,2025-08-17 12:30:00 UTC
STARLINK-4138,28.47856403428213,2025-08-17 12:25:00 UTC
STARLINK-4053,30.537875519850353,2025-08-17 11:49:00 UTC
STARLINK-4120,28.99539283182002,2025-08-17 12:26:00 UTC
STARLINK-4118,34.53845429582831,2025-08-17 11:55:00 UTC
STARLINK-4123,24.877205267426778,2025-08-17 12:20:00 UTC
STARLINK-4486,79.26339184951,2025-08-17 12:41:00 UTC
STARLINK-4485,20.36777331919773,2025-08-17 12:09:00 UTC
STARLINK-4489,24.646970778395,2025-08-17 11:39:00 UTC
STARLINK-4297,38.40847283570507,2025-08-17 12:00:00 UTC
STARLINK-4303,33.408513213161584,2025-08-17 13:04:00 UTC
STARLINK-4475,27.58958676043538,2025-08-17 11:44:00 UTC
STARLINK-4477,70.07809804309382,2025-08-17 11:52:00 UTC
STARLINK-4474,21.825384112652035,2025-08-17 11:33:00 UTC
STARLINK-4513,69.41700463862576,2025-08-17 12:50:00 UTC
STARLINK-4518,66.19126159081375,2025-08-17 12:44:00 UTC
STARLINK-4514,56.412449076454315,2025-08-17 12:55:00 UTC
STARLINK-4495,69.4894942680434,2025-08-17 12:34:00 UTC
STARLINK-4501,61.918035980449204,2025-08-17 12:22:00 UTC
STARLINK-4506,66.4905801039639,2025-08-17 12:24:00 UTC
STARLINK-4504,86.71407130567307,2025-08-17 12:39:00 UTC
STARLINK-4505,48.30901426317283,2025-08-17 12:12:00 UTC
STARLINK-4502,73.19930083815295,2025-08-17 12:28:00 UTC
STARLINK-4494,73.70153058122902,2025-08-17 12:17:00 UTC
STARLINK-4508,55.82043532420962,2025-08-17 12:18:00 UTC
STARLINK-4564,57.66645853427208,2025-08-17 11:41:00 UTC
STARLINK-4563,44.72045986500544,2025-08-17 12:07:00 UTC
STARLINK-4565,54.779096249595796,2025-08-17 11:36:00 UTC
STARLINK-4561,68.92216825009686,2025-08-17 11:47:00 UTC
STARLINK-4577,41.27737366540776,2025-08-17 11:25:00 UTC
STARLINK-4575,55.206545275110614,2025-08-17 11:37:00 UTC
STARLINK-4576,33.77085726767185,2025-08-17 11:14:00 UTC
STARLINK-4585,46.87620003273183,2025-08-17 11:30:00 UTC
STARLINK-4583,41.95695801306413,2025-08-17 12:36:00 UTC
STARLINK-4582,37.1047239449966,2025-08-17 11:20:00 UTC
STARLINK-4550,38.421925143238546,2025-08-17 12:41:00 UTC
STARLINK-4584,34.30227407216361,2025-08-17 12:48:00 UTC
STARLINK-4555,70.38841982223843,2025-08-17 12:09:00 UTC
STARLINK-4547,45.10299956423143,2025-08-17 12:32:00 UTC
STARLINK-4559,57.28802334067466,2025-08-17 12:15:00 UTC
STARLINK-4551,47.85375110041774,2025-08-17 12:26:00 UTC
STARLINK-4581,49.41725977519689,2025-08-17 12:27:00 UTC
STARLINK-4553,56.4734982876622,2025-08-17 12:20:00 UTC
STARLINK-4556,77.8930202906449,2025-08-17 12:04:00 UTC
STARLINK-4580,84.98148616423141,2025-08-17 11:58:00 UTC
STARLINK-4691,42.345272907315284,2025-08-17 07:29:00 UTC
STARLINK-4673,38.468156913554935,2025-08-17 08:40:00 UTC
STARLINK-4689,38.7865557152585,2025-08-17 07:23:00 UTC
STARLINK-4674,35.28837812946509,2025-08-17 07:17:00 UTC
STARLINK-4672,34.146041436518026,2025-08-17 07:13:00 UTC
STARLINK-4681,50.52353735844978,2025-08-17 08:28:00 UTC
STARLINK-4684,45.235092940891285,2025-08-17 08:34:00 UTC
STARLINK-4676,68.91985849726623,2025-08-17 07:55:00 UTC
STARLINK-4677,66.3256598531902,2025-08-17 07:51:00 UTC
STARLINK-4675,64.2108770692666,2025-08-17 08:12:00 UTC
STARLINK-4648,37.81745803099975,2025-08-17 08:22:00 UTC
STARLINK-4692,47.63991508754315,2025-08-17 07:15:00 UTC
STARLINK-4690,47.72155728478824,2025-08-17 08:11:00 UTC
STARLINK-4693,78.88743707218481,2025-08-17 08:02:00 UTC
STARLINK-4590,65.42741662588311,2025-08-17 07:09:00 UTC
STARLINK-4591,37.19713739239572,2025-08-17 06:59:00 UTC
STARLINK-4647,79.01319252766714,2025-08-17 07:20:00 UTC
STARLINK-4660,70.99792329096071,2025-08-17 07:49:00 UTC
STARLINK-4610,65.05649040404904,2025-08-17 07:10:00 UTC
STARLINK-4658,58.49538689201547,2025-08-17 07:03:00 UTC
STARLINK-4655,65.53939088142775,2025-08-17 07:15:00 UTC
STARLINK-4605,60.35316346007846,2025-08-17 07:01:00 UTC
STARLINK-4609,47.533544158961575,2025-08-17 06:52:00 UTC
STARLINK-4615,32.38244771859569,2025-08-17 08:09:00 UTC
STARLINK-4608,40.87614983869444,2025-08-17 06:46:00 UTC
STARLINK-4568,67.13094668813574,2025-08-17 07:36:00 UTC
STARLINK-4573,34.616274021318475,2025-08-17 06:36:00 UTC
STARLINK-4596,41.00231450085665,2025-08-17 07:58:00 UTC
STARLINK-4554,54.079846741476544,2025-08-17 07:44:00 UTC
STARLINK-4595,44.58527672011194,2025-08-17 07:53:00 UTC
STARLINK-4600,74.691134201276,2025-08-17 07:31:00 UTC
STARLINK-4602,50.993149868309715,2025-08-17 07:47:00 UTC
STARLINK-4598,56.93343618392359,2025-08-17 07:02:00 UTC
STARLINK-4599,79.04927913862352,2025-08-17 07:25:00 UTC
STARLINK-4606,80.14852093605998,2025-08-17 06:50:00 UTC
STARLINK-4593,71.40063150225639,2025-08-17 06:55:00 UTC
STARLINK-4592,73.832604198059,2025-08-17 06:39:00 UTC
STARLINK-4587,88.42265795147702,2025-08-17 06:44:00 UTC
STARLINK-4586,61.08911385027615,2025-08-17 06:28:00 UTC
STARLINK-4396,41.272850002098046,2025-08-17 07:19:00 UTC
STARLINK-4594,38.79930959605543,2025-08-17 06:00:00 UTC
STARLINK-4422,58.162757297425614,2025-08-17 06:22:00 UTC
STARLINK-4597,50.21983583442781,2025-08-17 06:17:00 UTC
STARLINK-4588,69.55472682877351,2025-08-17 06:33:00 UTC
STARLINK-4622,51.8623899021154,2025-08-17 12:22:00 UTC
STARLINK-4386,46.312846548707405,2025-08-17 12:19:00 UTC
STARLINK-4380,42.396721866179334,2025-08-17 12:16:00 UTC
STARLINK-4388,40.69537171763654,2025-08-17 12:14:00 UTC
STARLINK-4374,37.35908260559153,2025-08-17 12:11:00 UTC
STARLINK-4390,78.60190021966724,2025-08-17 12:38:00 UTC
STARLINK-4420,29.87341839851996,2025-08-17 12:03:00 UTC
STARLINK-4470,35.34946209926955,2025-08-17 12:09:00 UTC
STARLINK-4466,24.193409634098778,2025-08-17 11:55:00 UTC
STARLINK-4469,13.469993004498543,2025-08-17 11:45:00 UTC
STARLINK-4452,29.313178569991255,2025-08-17 12:02:00 UTC
STARLINK-4463,28.1448089096361,2025-08-17 12:01:00 UTC
STARLINK-4473,21.250645251162737,2025-08-17 11:50:00 UTC
STARLINK-4472,22.913051224656826,2025-08-17 11:53:00 UTC
STARLINK-4357,18.624542759854485,2025-08-17 11:45:00 UTC
STARLINK-4457,22.152782615449528,2025-08-17 11:53:00 UTC
STARLINK-4471,16.07646331984263,2025-08-17 11:40:00 UTC
STARLINK-4334,17.131516698772458,2025-08-17 11:42:00 UTC
STARLINK-4406,19.62143317309161,2025-08-17 11:47:00 UTC
STARLINK-4458,14.894235955734935,2025-08-17 11:37:00 UTC
STARLINK-4464,18.517397972565647,2025-08-17 11:45:00 UTC
STARLINK-4459,19.919246271475046,2025-08-17 13:04:00 UTC
STARLINK-4440,15.765134880095486,2025-08-17 13:04:00 UTC
STARLINK-4428,71.9611326861618,2025-08-17 12:48:00 UTC
STARLINK-4456,32.478871189148684,2025-08-17 12:06:00 UTC
STARLINK-4620,52.88572703263743,2025-08-17 12:58:00 UTC
STARLINK-4617,62.80227185796793,2025-08-17 12:51:00 UTC
STARLINK-4621,59.143510849834186,2025-08-17 12:53:00 UTC
STARLINK-4579,45.64920894713441,2025-08-17 13:01:00 UTC
STARLINK-4632,54.74023516177522,2025-08-17 12:56:00 UTC
STARLINK-4630,68.72068799656512,2025-08-17 12:45:00 UTC
STARLINK-4424,77.49450308669975,2025-08-17 12:43:00 UTC
STARLINK-4438,64.79627426794164,2025-08-17 12:30:00 UTC
STARLINK-4625,65.3746998914626,2025-08-17 12:51:00 UTC
STARLINK-4624,16.04373983887503,2025-08-17 11:40:00 UTC
STARLINK-4626,70.97928062054615,2025-08-17 12:41:00 UTC
STARLINK-4467,27.015095812290316,2025-08-17 12:00:00 UTC
STARLINK-4569,82.86613279305385,2025-08-17 12:40:00 UTC
STARLINK-4571,63.185084915693174,2025-08-17 12:33:00 UTC
STARLINK-4570,43.935039085958806,2025-08-17 13:04:00 UTC
STARLINK-4560,77.65995829311824,2025-08-17 12:35:00 UTC
STARLINK-4572,39.207366356594086,2025-08-17 13:04:00 UTC
STARLINK-4566,54.24414686030453,2025-08-17 12:24:00 UTC
STARLINK-4725,67.28477541394084,2025-08-17 07:50:00 UTC
STARLINK-4711,63.113316313079906,2025-08-17 07:44:00 UTC
STARLINK-4724,59.2283581512714,2025-08-17 06:45:00 UTC
STARLINK-4731,76.10318224400294,2025-08-17 08:07:00 UTC
STARLINK-4714,52.17028402239498,2025-08-17 07:39:00 UTC
STARLINK-4717,48.72573449815143,2025-08-17 07:34:00 UTC
STARLINK-4716,33.206103980655186,2025-08-17 07:11:00 UTC
STARLINK-4667,73.53846423931589,2025-08-17 07:02:00 UTC
STARLINK-4694,55.52749627037624,2025-08-17 06:40:00 UTC
STARLINK-4685,53.188433897336346,2025-08-17 07:57:00 UTC
STARLINK-4627,75.67664244630774,2025-08-17 08:14:00 UTC
STARLINK-4683,36.05918500735956,2025-08-17 07:35:00 UTC
STARLINK-4698,74.81301635619855,2025-08-17 03:17:00 UTC
STARLINK-4686,42.63403837874556,2025-08-17 08:04:00 UTC
STARLINK-4699,37.687883878448986,2025-08-17 07:58:00 UTC
STARLINK-4695,37.64330872815573,2025-08-17 09:22:00 UTC
STARLINK-4644,47.41452008945127,2025-08-17 06:11:00 UTC
STARLINK-4642,47.62802123511952,2025-08-17 08:10:00 UTC
STARLINK-4707,57.28992340495841,2025-08-17 08:20:00 UTC
STARLINK-4700,70.49127678515156,2025-08-17 08:31:00 UTC
STARLINK-4705,34.02028704361313,2025-08-17 07:53:00 UTC
STARLINK-4663,49.525134594854926,2025-08-17 08:15:00 UTC
STARLINK-4697,61.00325949853165,2025-08-17 08:26:00 UTC
STARLINK-4701,76.31060779588131,2025-08-17 08:42:00 UTC
STARLINK-4640,79.31204099424859,2025-08-17 08:37:00 UTC
STARLINK-4651,60.0913376154008,2025-08-17 08:59:00 UTC
STARLINK-4641,68.92188516714221,2025-08-17 08:47:00 UTC
STARLINK-4636,54.72135461125785,2025-08-17 09:05:00 UTC
STARLINK-4661,66.804036137242,2025-08-17 08:55:00 UTC
STARLINK-4574,44.54245110393128,2025-08-17 09:15:00 UTC
STARLINK-4616,71.33859225874198,2025-08-17 08:54:00 UTC
STARLINK-4618,40.32051625382845,2025-08-17 09:57:00 UTC
STARLINK-4652,49.677446875240435,2025-08-17 09:10:00 UTC
STARLINK-4646,36.285401967543145,2025-08-17 07:54:00 UTC
STARLINK-4662,45.186341424720695,2025-08-17 09:51:00 UTC
STARLINK-4607,32.91117315663019,2025-08-17 08:29:00 UTC
STARLINK-4637,35.896781791041,2025-08-17 08:34:00 UTC
STARLINK-4645,51.5978463642167,2025-08-17 08:56:00 UTC
STARLINK-4670,69.84772879181028,2025-08-17 09:30:00 UTC
STARLINK-4656,54.763426762295026,2025-08-17 09:00:00 UTC
STARLINK-4589,45.47000684469309,2025-08-17 08:51:00 UTC
STARLINK-4612,67.02411079097408,2025-08-17 09:12:00 UTC
STARLINK-4718,44.867061038470204,2025-08-17 03:05:00 UTC
STARLINK-4719,37.884234433675985,2025-08-17 11:19:00 UTC
STARLINK-4722,51.53777912296026,2025-08-17 10:27:00 UTC
STARLINK-4664,66.8646502974959,2025-08-17 10:16:00 UTC
STARLINK-4709,40.309500793652546,2025-08-17 10:56:00 UTC
STARLINK-4706,65.80973805315861,2025-08-17 10:10:00 UTC
STARLINK-4678,54.403179416180286,2025-08-17 10:21:00 UTC
STARLINK-4462,68.6101211179709,2025-08-17 09:54:00 UTC
STARLINK-4679,83.26185791296933,2025-08-17 10:05:00 UTC
STARLINK-4536,60.99898020705946,2025-08-17 09:42:00 UTC
STARLINK-4687,69.61698578915124,2025-08-17 09:58:00 UTC
STARLINK-4631,21.432060170870304,2025-08-17 06:18:00 UTC
STARLINK-4743,50.390185944997285,2025-08-17 09:32:00 UTC
STARLINK-4666,37.31026465554823,2025-08-17 09:15:00 UTC
STARLINK-4734,51.94555429446175,2025-08-17 09:37:00 UTC
STARLINK-4739,35.085987053290836,2025-08-17 10:45:00 UTC
STARLINK-4728,44.331687140846014,2025-08-17 09:27:00 UTC
STARLINK-4730,50.26225919334884,2025-08-17 09:33:00 UTC
STARLINK-4742,33.136660810256494,2025-08-17 09:09:00 UTC
STARLINK-4721,15.964691373419507,2025-08-17 04:03:00 UTC
STARLINK-4723,42.501123048442174,2025-08-17 10:32:00 UTC
STARLINK-4712,37.61395205869848,2025-08-17 10:38:00 UTC
STARLINK-4710,35.38759305329853,2025-08-17 10:04:00 UTC
STARLINK-4720,51.60534728407762,2025-08-17 09:46:00 UTC
STARLINK-4715,76.69793653030221,2025-08-17 09:19:00 UTC
STARLINK-4726,67.57654006520671,2025-08-17 09:35:00 UTC
STARLINK-4727,70.91213780313404,2025-08-17 08:19:00 UTC
STARLINK-4729,54.84076804776972,2025-08-17 09:23:00 UTC
STARLINK-4763,68.56375595960161,2025-08-17 08:31:00 UTC
STARLINK-4768,46.93050457551321,2025-08-17 07:51:00 UTC
STARLINK-4738,81.8892739410969,2025-08-17 11:57:00 UTC
STARLINK-4758,56.747986100198474,2025-08-17 04:26:00 UTC
STARLINK-4752,56.707412798007866,2025-08-17 05:45:00 UTC
STARLINK-4748,67.09144767791675,2025-08-17 08:55:00 UTC
STARLINK-4757,42.70306146247392,2025-08-17 12:30:00 UTC
STARLINK-4751,46.461058705608465,2025-08-17 04:16:00 UTC
STARLINK-4756,72.24947462170297,2025-08-17 12:09:00 UTC
STARLINK-4764,51.18201403641546,2025-08-17 12:25:00 UTC
STARLINK-4760,76.96848424619205,2025-08-17 12:03:00 UTC
STARLINK-4759,56.32393635965775,2025-08-17 12:20:00 UTC
STARLINK-4761,73.6623222428769,2025-08-17 11:52:00 UTC
STARLINK-4649,66.13643052898846,2025-08-17 12:14:00 UTC
STARLINK-4747,66.0658666514115,2025-08-17 04:59:00 UTC
STARLINK-4771,71.08206265435471,2025-08-17 11:59:00 UTC
STARLINK-4737,82.28774727200447,2025-08-17 04:48:00 UTC
STARLINK-4783,62.699374729650636,2025-08-17 11:46:00 UTC
STARLINK-4778,65.135745535324,2025-08-17 11:05:00 UTC
STARLINK-4776,73.38837275484364,2025-08-17 04:53:00 UTC
STARLINK-4773,62.90270101468366,2025-08-17 04:18:00 UTC
STARLINK-4784,64.44206440155061,2025-08-17 11:10:00 UTC
STARLINK-4766,84.85443971220731,2025-08-17 04:03:00 UTC
STARLINK-4750,66.88120279769794,2025-08-17 04:13:00 UTC
STARLINK-4754,64.16434589133506,2025-08-17 03:51:00 UTC
STARLINK-4769,68.66004239455883,2025-08-17 04:07:00 UTC
STARLINK-4745,49.09918949778964,2025-08-17 03:39:00 UTC
STARLINK-4753,65.86756834578287,2025-08-17 03:56:00 UTC
STARLINK-4746,43.30928181639968,2025-08-17 11:51:00 UTC
STARLINK-4777,58.04571363573648,2025-08-17 03:45:00 UTC
STARLINK-4780,58.277801883043054,2025-08-17 11:38:00 UTC
STARLINK-4770,44.46334071772973,2025-08-17 03:33:00 UTC
STARLINK-4767,83.35459092824597,2025-08-17 11:22:00 UTC
STARLINK-4755,52.171467034771666,2025-08-17 11:44:00 UTC
STARLINK-4797,72.3972295015674,2025-08-17 03:43:00 UTC
STARLINK-4794,66.79943698066134,2025-08-17 11:33:00 UTC
STARLINK-4800,50.29331916723073,2025-08-17 11:08:00 UTC
STARLINK-4703,54.97562582896872,2025-08-17 11:40:00 UTC
STARLINK-4795,75.48069289445135,2025-08-17 10:46:00 UTC
STARLINK-4809,70.4119613386163,2025-08-17 11:16:00 UTC
STARLINK-4798,55.681108289828266,2025-08-17 11:03:00 UTC
STARLINK-4790,47.853209365508825,2025-08-17 11:26:00 UTC
STARLINK-4799,69.88930340014193,2025-08-17 10:52:00 UTC
STARLINK-4781,57.56254586068646,2025-08-17 10:58:00 UTC
STARLINK-4788,72.68634338377736,2025-08-17 10:41:00 UTC
STARLINK-4779,40.2219723785618,2025-08-17 11:13:00 UTC
STARLINK-4762,79.39578452110896,2025-08-17 09:24:00 UTC
STARLINK-4793,35.01787016901215,2025-08-17 10:44:00 UTC
STARLINK-4789,39.0905227597476,2025-08-17 08:40:00 UTC
STARLINK-4810,64.79819123025311,2025-08-17 09:48:00 UTC
STARLINK-4732,42.48351030845696,2025-08-17 08:45:00 UTC
STARLINK-4740,55.8557695706865,2025-08-17 09:40:00 UTC
STARLINK-5028,41.72811384870301,2025-08-17 05:31:00 UTC
STARLINK-5029,34.00060379573264,2025-08-17 06:55:00 UTC
STARLINK-5034,39.288752385092124,2025-08-17 05:27:00 UTC
STARLINK-5031,32.86918155275656,2025-08-17 05:20:00 UTC
STARLINK-5050,66.31194530147792,2025-08-17 11:10:00 UTC
STARLINK-5041,37.37828007374257,2025-08-17 06:49:00 UTC
STARLINK-5046,66.52514115073292,2025-08-17 13:03:00 UTC
STARLINK-5052,43.63634063158421,2025-08-17 06:39:00 UTC
STARLINK-5043,39.294868409763076,2025-08-17 06:44:00 UTC
STARLINK-5032,55.12767620733354,2025-08-17 06:27:00 UTC
STARLINK-5037,61.23849821986164,2025-08-17 06:15:00 UTC
STARLINK-5035,44.96722431828304,2025-08-17 06:38:00 UTC
STARLINK-5044,71.91557739801259,2025-08-17 05:59:00 UTC
STARLINK-5042,73.68994328847916,2025-08-17 06:05:00 UTC
STARLINK-5045,65.25635529242692,2025-08-17 05:48:00 UTC
STARLINK-5024,49.83716980776317,2025-08-17 05:34:00 UTC
STARLINK-5021,39.35024205090319,2025-08-17 09:21:00 UTC
STARLINK-5022,64.6046263700261,2025-08-17 06:12:00 UTC
STARLINK-4787,59.00490954447134,2025-08-17 05:43:00 UTC
STARLINK-5003,82.15430658784858,2025-08-17 05:29:00 UTC
STARLINK-5054,88.61435174744265,2025-08-17 12:38:00 UTC
STARLINK-5057,72.62374107881459,2025-08-17 05:18:00 UTC
STARLINK-4796,73.2831018116094,2025-08-17 05:35:00 UTC
STARLINK-5056,30.76568109125787,2025-08-17 08:03:00 UTC
STARLINK-5048,71.74646448751315,2025-08-17 05:24:00 UTC
STARLINK-5059,68.7429378751314,2025-08-17 12:27:00 UTC
STARLINK-5053,47.955670477366745,2025-08-17 04:56:00 UTC
STARLINK-5040,43.25862777879222,2025-08-17 04:51:00 UTC
STARLINK-5017,68.96772748178665,2025-08-17 05:13:00 UTC
STARLINK-5051,71.14402043545988,2025-08-17 04:01:00 UTC
STARLINK-5036,52.72014547275654,2025-08-17 05:02:00 UTC
STARLINK-5012,38.00692206936308,2025-08-17 04:46:00 UTC
STARLINK-5023,51.46051125876032,2025-08-17 13:00:00 UTC
STARLINK-5025,64.41270798337939,2025-08-17 05:09:00 UTC
STARLINK-5002,73.40515804740262,2025-08-17 12:44:00 UTC
STARLINK-5004,61.90504493115532,2025-08-17 12:55:00 UTC
STARLINK-5001,57.98718026336634,2025-08-17 04:44:00 UTC
STARLINK-5011,63.88602502793882,2025-08-17 12:22:00 UTC
STARLINK-5014,45.29873575108247,2025-08-17 12:48:00 UTC
STARLINK-5008,56.884914260321125,2025-08-17 07:58:00 UTC
STARLINK-5009,74.86653108220187,2025-08-17 04:42:00 UTC
STARLINK-5018,71.51141877346387,2025-08-17 12:34:00 UTC
STARLINK-5010,52.80278500067379,2025-08-17 04:20:00 UTC
STARLINK-5015,64.01242395103829,2025-08-17 04:08:00 UTC
STARLINK-4772,73.21858107281274,2025-08-17 11:50:00 UTC
STARLINK-4782,65.7334179880786,2025-08-17 04:37:00 UTC
STARLINK-4775,79.66098105577996,2025-08-17 11:45:00 UTC
STARLINK-5000,56.65738907522564,2025-08-17 11:21:00 UTC
STARLINK-4791,68.77345174514797,2025-08-17 04:18:00 UTC
STARLINK-4633,41.30312811904029,2025-08-17 06:07:00 UTC
STARLINK-4578,38.18555602751893,2025-08-17 06:01:00 UTC
STARLINK-4635,34.042644335980896,2025-08-17 05:54:00 UTC
STARLINK-4634,33.42024196775469,2025-08-17 07:28:00 UTC
STARLINK-4629,46.72394191146079,2025-08-17 07:12:00 UTC
STARLINK-4468,36.82400637387194,2025-08-17 07:22:00 UTC
STARLINK-4567,41.98802628280288,2025-08-17 05:48:00 UTC
STARLINK-4639,65.19110005222025,2025-08-17 06:02:00 UTC
STARLINK-5156,55.22114080993412,2025-08-17 07:06:00 UTC
STARLINK-5159,40.11512500799661,2025-08-17 04:43:00 UTC
STARLINK-5137,76.49528553932818,2025-08-17 06:21:00 UTC
STARLINK-5134,46.70544071582348,2025-08-17 05:55:00 UTC
STARLINK-5094,51.534094675238485,2025-08-17 05:59:00 UTC
STARLINK-5148,32.48723669163812,2025-08-17 07:10:00 UTC
STARLINK-5123,38.56327850019969,2025-08-17 05:42:00 UTC
STARLINK-5133,55.404697268966196,2025-08-17 06:43:00 UTC
STARLINK-5149,59.096421773897724,2025-08-17 05:05:00 UTC
STARLINK-5120,59.31743250471497,2025-08-17 05:46:00 UTC
STARLINK-5103,72.66018123631683,2025-08-17 05:16:00 UTC
STARLINK-5142,70.41248167604329,2025-08-17 06:03:00 UTC
STARLINK-5147,75.11997132664527,2025-08-17 06:14:00 UTC
STARLINK-5119,48.58753703366305,2025-08-17 04:54:00 UTC
STARLINK-5113,70.10021289851635,2025-08-17 05:57:00 UTC
STARLINK-5118,66.23034263743381,2025-08-17 05:38:00 UTC
STARLINK-5108,55.349561604056646,2025-08-17 05:41:00 UTC
STARLINK-5121,42.61414842459741,2025-08-17 05:07:00 UTC
STARLINK-5125,39.07881651523941,2025-08-17 05:24:00 UTC
STARLINK-5097,48.83834335131154,2025-08-17 05:35:00 UTC
STARLINK-5131,36.57005626105442,2025-08-17 05:19:00 UTC
STARLINK-5130,32.658640207362694,2025-08-17 06:12:00 UTC
STARLINK-5128,34.282158752926165,2025-08-17 06:47:00 UTC
STARLINK-5079,44.23694446461314,2025-08-17 05:30:00 UTC
STARLINK-5088,36.90125857303959,2025-08-17 06:06:00 UTC
STARLINK-5109,50.12239114085093,2025-08-17 05:00:00 UTC
STARLINK-5114,33.68957409608272,2025-08-17 05:13:00 UTC
STARLINK-5129,43.416528808750506,2025-08-17 06:36:00 UTC
STARLINK-5135,38.39450405616473,2025-08-17 06:41:00 UTC
STARLINK-5096,62.67967581431728,2025-08-17 06:19:00 UTC
STARLINK-5132,47.44163725074253,2025-08-17 06:30:00 UTC
STARLINK-5145,42.001548366423904,2025-08-17 04:49:00 UTC
STARLINK-5099,55.86582752570815,2025-08-17 06:25:00 UTC
STARLINK-5127,35.802211518227594,2025-08-17 04:37:00 UTC
STARLINK-5124,42.03929842718599,2025-08-17 06:00:00 UTC
STARLINK-5126,80.36582253707685,2025-08-17 05:22:00 UTC
STARLINK-5098,72.17173585169333,2025-08-17 05:33:00 UTC
STARLINK-5055,71.61986703598528,2025-08-17 05:28:00 UTC
STARLINK-5195,77.53778008809176,2025-08-17 07:16:00 UTC
STARLINK-5189,67.75585812706122,2025-08-17 04:32:00 UTC
STARLINK-5176,67.01767736806565,2025-08-17 07:11:00 UTC
STARLINK-5163,51.72991075765731,2025-08-17 07:00:00 UTC
STARLINK-5158,59.219140997702056,2025-08-17 07:05:00 UTC
STARLINK-5226,73.88450137752797,2025-08-17 07:21:00 UTC
STARLINK-5167,36.92716939538184,2025-08-17 06:43:00 UTC
STARLINK-5173,41.443545047287046,2025-08-17 06:49:00 UTC
STARLINK-5169,67.06192401150044,2025-08-17 12:34:00 UTC
STARLINK-5209,65.4156829786596,2025-08-17 12:32:00 UTC
STARLINK-5170,32.776749678527054,2025-08-17 06:38:00 UTC
STARLINK-5225,34.28055328131793,2025-08-17 08:11:00 UTC
STARLINK-5172,47.558451873770096,2025-08-17 12:07:00 UTC
STARLINK-5187,42.108030016698095,2025-08-17 08:00:00 UTC
STARLINK-5151,37.1285966087781,2025-08-17 08:05:00 UTC
STARLINK-5174,51.37075032737194,2025-08-17 07:49:00 UTC
STARLINK-5222,46.784673080899694,2025-08-17 07:54:00 UTC
STARLINK-5181,63.81191357526477,2025-08-17 07:38:00 UTC
STARLINK-5168,66.67719552268052,2025-08-17 07:32:00 UTC
STARLINK-5146,49.25860275273933,2025-08-17 07:31:00 UTC
STARLINK-5192,78.32421812648673,2025-08-17 07:27:00 UTC
STARLINK-5212,54.28326863127533,2025-08-17 07:26:00 UTC
STARLINK-5201,64.72281981161676,2025-08-17 07:12:00 UTC
STARLINK-5171,75.11548087354267,2025-08-17 12:52:00 UTC
STARLINK-5138,49.7194849074728,2025-08-17 06:32:00 UTC
STARLINK-5175,48.84107726358617,2025-08-17 07:13:00 UTC
STARLINK-5160,84.4158955444657,2025-08-17 07:04:00 UTC
STARLINK-5165,62.02397611339525,2025-08-17 06:26:00 UTC
STARLINK-5210,54.88570430857722,2025-08-17 07:08:00 UTC
STARLINK-5178,70.7380061826482,2025-08-17 06:51:00 UTC
STARLINK-5183,60.13882122964967,2025-08-17 07:02:00 UTC
STARLINK-5166,77.12368925010892,2025-08-17 06:47:00 UTC
STARLINK-5211,45.92538050875852,2025-08-17 05:14:00 UTC
STARLINK-5184,34.493448753270314,2025-08-17 07:30:00 UTC
STARLINK-5153,67.45873780087855,2025-08-17 06:57:00 UTC
STARLINK-5143,59.22547760420185,2025-08-17 06:24:00 UTC
STARLINK-5177,66.91307899110195,2025-08-17 06:29:00 UTC
STARLINK-5221,37.077380943310345,2025-08-17 07:24:00 UTC
STARLINK-5190,67.69213538859118,2025-08-17 07:54:00 UTC
STARLINK-5213,42.33209969968471,2025-08-17 06:08:00 UTC
STARLINK-5219,51.58835030261775,2025-08-17 06:18:00 UTC
STARLINK-5193,32.13926721065813,2025-08-17 07:36:00 UTC
STARLINK-5188,44.30894771235944,2025-08-17 06:12:00 UTC
STARLINK-5197,65.02783624518226,2025-08-17 04:49:00 UTC
STARLINK-5217,35.74365680572669,2025-08-17 07:32:00 UTC
STARLINK-5198,42.27514347981194,2025-08-17 07:19:00 UTC
STARLINK-5185,36.550496992422204,2025-08-17 06:02:00 UTC
STARLINK-5204,76.8901420391857,2025-08-17 12:50:00 UTC
STARLINK-5179,75.77048894218962,2025-08-17 06:46:00 UTC
STARLINK-5200,61.32496214131654,2025-08-17 12:52:00 UTC
STARLINK-5203,49.619924043880175,2025-08-17 03:57:00 UTC
STARLINK-5290,70.05302359602963,2025-08-17 09:15:00 UTC
STARLINK-5297,58.85452818434754,2025-08-17 09:42:00 UTC
STARLINK-5294,65.30439563695265,2025-08-17 09:36:00 UTC
STARLINK-5233,46.768298349130575,2025-08-17 05:56:00 UTC
STARLINK-5269,64.07520895898769,2025-08-17 09:37:00 UTC
STARLINK-5273,72.63862162982804,2025-08-17 09:25:00 UTC
STARLINK-5161,40.60133875147332,2025-08-17 08:06:00 UTC
STARLINK-5278,43.96490925456005,2025-08-17 08:11:00 UTC
STARLINK-5279,76.65791559788059,2025-08-17 09:20:00 UTC
STARLINK-5280,34.602688475237336,2025-08-17 08:00:00 UTC
STARLINK-5243,46.96473533419323,2025-08-17 08:52:00 UTC
STARLINK-5245,33.00282046137012,2025-08-17 09:34:00 UTC
STARLINK-5282,54.924713499725556,2025-08-17 08:17:00 UTC
STARLINK-5155,35.973896618940245,2025-08-17 09:28:00 UTC
STARLINK-5117,43.08323662518424,2025-08-17 09:17:00 UTC
STARLINK-5242,60.29414937391088,2025-08-17 08:22:00 UTC
STARLINK-5248,65.8788628867567,2025-08-17 12:04:00 UTC
STARLINK-5256,37.635625986652705,2025-08-17 09:26:00 UTC
STARLINK-5154,56.19832902895783,2025-08-17 09:03:00 UTC
STARLINK-5186,47.89578033014514,2025-08-17 09:12:00 UTC
STARLINK-5164,69.38615887630175,2025-08-17 08:38:00 UTC
STARLINK-5122,53.05745156650508,2025-08-17 09:06:00 UTC
STARLINK-5228,77.60305276929064,2025-08-17 08:33:00 UTC
STARLINK-5227,73.95885327018614,2025-08-17 08:49:00 UTC
STARLINK-5231,79.70940733534127,2025-08-17 06:40:00 UTC
STARLINK-5239,63.624179514730336,2025-08-17 08:27:00 UTC
STARLINK-5162,75.6675398528436,2025-08-17 08:34:00 UTC
STARLINK-5235,83.37041804396428,2025-08-17 08:44:00 UTC
STARLINK-5194,80.544459999203,2025-08-17 08:08:00 UTC
STARLINK-5240,64.89462853577585,2025-08-17 08:55:00 UTC
STARLINK-5238,83.3414490552436,2025-08-17 08:03:00 UTC
STARLINK-5281,80.06747406256412,2025-08-17 07:57:00 UTC
STARLINK-4619,68.65403009834128,2025-08-17 08:14:00 UTC
STARLINK-5268,40.53221581753612,2025-08-17 08:41:00 UTC
STARLINK-5263,64.15271071219647,2025-08-17 07:46:00 UTC
STARLINK-5271,50.0566697196348,2025-08-17 07:35:00 UTC
STARLINK-5258,65.78697794920501,2025-08-17 07:52:00 UTC
STARLINK-5237,39.62458969860756,2025-08-17 07:25:00 UTC
STARLINK-5246,34.48246296566661,2025-08-17 07:19:00 UTC
STARLINK-5244,44.821821540914804,2025-08-17 07:30:00 UTC
STARLINK-5250,36.73830140336895,2025-08-17 08:47:00 UTC
STARLINK-5199,56.74078889811297,2025-08-17 07:41:00 UTC
STARLINK-5205,41.34884362854608,2025-08-17 08:40:00 UTC
STARLINK-5247,33.445706522710566,2025-08-17 08:52:00 UTC
STARLINK-5241,55.90110124980331,2025-08-17 08:19:00 UTC
STARLINK-5249,49.31956233949811,2025-08-17 08:30:00 UTC
STARLINK-5264,76.94341136132324,2025-08-17 05:36:00 UTC
STARLINK-5262,50.83479378963175,2025-08-17 08:24:00 UTC
STARLINK-5255,61.182214610869295,2025-08-17 06:06:00 UTC
STARLINK-5259,49.56098749193247,2025-08-17 06:54:00 UTC
STARLINK-5464,72.33529568239507,2025-08-17 11:05:00 UTC
STARLINK-5215,66.24177686429961,2025-08-17 11:11:00 UTC
STARLINK-5220,67.64242256461051,2025-08-17 11:06:00 UTC
STARLINK-5202,69.53139443598526,2025-08-17 11:12:00 UTC
STARLINK-5214,46.162971044563804,2025-08-17 10:50:00 UTC
STARLINK-5191,57.22748554654649,2025-08-17 11:00:00 UTC
STARLINK-5458,33.36777308015053,2025-08-17 12:08:00 UTC
STARLINK-5471,36.07554655206829,2025-08-17 10:38:00 UTC
STARLINK-5472,32.664852545093595,2025-08-17 12:12:00 UTC
STARLINK-5444,44.87271603135354,2025-08-17 09:52:00 UTC
STARLINK-5448,38.67001234706959,2025-08-17 11:02:00 UTC
STARLINK-5451,34.102832824934346,2025-08-17 11:49:00 UTC
STARLINK-5452,42.71918574384932,2025-08-17 10:57:00 UTC
STARLINK-5453,38.93831168731844,2025-08-17 12:01:00 UTC
STARLINK-5454,47.07378792527241,2025-08-17 09:51:00 UTC
STARLINK-5465,41.04604047448163,2025-08-17 11:55:00 UTC
STARLINK-5470,69.78992031986198,2025-08-17 11:22:00 UTC
STARLINK-5468,47.15712048081865,2025-08-17 11:50:00 UTC
STARLINK-5450,52.3003867987044,2025-08-17 10:46:00 UTC
STARLINK-5447,47.21886531388934,2025-08-17 10:52:00 UTC
STARLINK-5449,72.08652046960653,2025-08-17 10:24:00 UTC
STARLINK-5443,59.1873502562043,2025-08-17 10:40:00 UTC
STARLINK-5439,64.55164823504168,2025-08-17 10:35:00 UTC
STARLINK-5442,49.317327623294425,2025-08-17 11:45:00 UTC
STARLINK-5440,33.027558971637,2025-08-17 08:34:00 UTC
STARLINK-5441,58.15968087065144,2025-08-17 11:39:00 UTC
STARLINK-5399,86.53791401337318,2025-08-17 10:18:00 UTC
STARLINK-5446,36.872439449773566,2025-08-17 08:41:00 UTC
STARLINK-5445,69.90107221957496,2025-08-17 10:07:00 UTC
STARLINK-5425,73.04001532645957,2025-08-17 10:29:00 UTC
STARLINK-5431,62.59236753661207,2025-08-17 11:29:00 UTC
STARLINK-5433,33.11428277402236,2025-08-17 10:32:00 UTC
STARLINK-5436,68.06264647980136,2025-08-17 10:13:00 UTC
STARLINK-5415,56.536846896250495,2025-08-17 10:01:00 UTC
STARLINK-5435,41.5624335661638,2025-08-17 11:57:00 UTC
STARLINK-5420,57.20856911200631,2025-08-17 09:59:00 UTC
STARLINK-5421,36.074672269685735,2025-08-17 10:27:00 UTC
STARLINK-5428,46.92062246404019,2025-08-17 10:09:00 UTC
STARLINK-5429,84.85272278690351,2025-08-17 11:17:00 UTC
STARLINK-5426,72.32084879068195,2025-08-17 07:50:00 UTC
STARLINK-5430,60.752563943280414,2025-08-17 11:34:00 UTC
STARLINK-5422,34.286571365965656,2025-08-17 11:08:00 UTC
STARLINK-5417,54.94465950952155,2025-08-17 09:56:00 UTC
STARLINK-5412,42.318879741916156,2025-08-17 09:44:00 UTC
STARLINK-5410,42.972696465369225,2025-08-17 09:45:00 UTC
STARLINK-5413,67.53278292440339,2025-08-17 09:08:00 UTC
STARLINK-5414,33.92678918197001,2025-08-17 09:34:00 UTC
STARLINK-5408,76.70082968726373,2025-08-17 10:06:00 UTC
STARLINK-5424,36.20615915417862,2025-08-17 10:46:00 UTC
STARLINK-5382,83.6890160389991,2025-08-17 12:02:00 UTC
STARLINK-5385,66.52087096254996,2025-08-17 11:43:00 UTC
STARLINK-5101,64.48998335380631,2025-08-17 11:37:00 UTC
STARLINK-5106,79.27920721551412,2025-08-17 11:57:00 UTC
STARLINK-4643,69.90759180261576,2025-08-17 11:52:00 UTC
STARLINK-4801,57.9318498306612,2025-08-17 09:59:00 UTC
STARLINK-5107,62.97058446295112,2025-08-17 11:38:00 UTC
STARLINK-5383,63.476439347989995,2025-08-17 08:04:00 UTC
STARLINK-5381,66.59370768373275,2025-08-17 07:59:00 UTC
STARLINK-5394,72.29716537134216,2025-08-17 07:51:00 UTC
STARLINK-5395,63.01276044260956,2025-08-17 11:42:00 UTC
STARLINK-5393,81.84473507121552,2025-08-17 06:37:00 UTC
STARLINK-5391,61.06180333870292,2025-08-17 08:01:00 UTC
STARLINK-5386,71.41112658282341,2025-08-17 07:49:00 UTC
STARLINK-5389,68.72107572545342,2025-08-17 07:56:00 UTC
STARLINK-5384,73.60926636769636,2025-08-17 07:44:00 UTC
STARLINK-5369,75.09993425170795,2025-08-17 07:46:00 UTC
STARLINK-5372,73.16107391537611,2025-08-17 07:34:00 UTC
STARLINK-5368,75.6431024520576,2025-08-17 07:20:00 UTC
STARLINK-4659,69.66917505274591,2025-08-17 07:39:00 UTC
STARLINK-5387,73.1351662227936,2025-08-17 12:13:00 UTC
STARLINK-5304,79.39177413422195,2025-08-17 07:29:00 UTC
STARLINK-5388,84.65838810207813,2025-08-17 12:05:00 UTC
STARLINK-5082,68.97624813754214,2025-08-17 07:16:00 UTC
STARLINK-5360,86.00258727797166,2025-08-17 12:08:00 UTC
STARLINK-5061,69.63608950216437,2025-08-17 06:11:00 UTC
STARLINK-5432,66.40415564297531,2025-08-17 07:08:00 UTC
STARLINK-5434,56.52031140919966,2025-08-17 06:35:00 UTC
STARLINK-5087,72.0629272959188,2025-08-17 07:02:00 UTC
STARLINK-5084,65.86694747146082,2025-08-17 07:07:00 UTC
STARLINK-5418,79.36203000515542,2025-08-17 06:51:00 UTC
STARLINK-5427,65.49892331177186,2025-08-17 06:56:00 UTC
STARLINK-5416,83.92649159965879,2025-08-17 06:47:00 UTC
STARLINK-5086,80.47891537949087,2025-08-17 11:19:00 UTC
STARLINK-5078,72.95650601131803,2025-08-17 06:33:00 UTC
STARLINK-5407,85.61706558164303,2025-08-17 06:37:00 UTC
STARLINK-5409,80.93543528679159,2025-08-17 11:24:00 UTC
STARLINK-5406,77.9335171047636,2025-08-17 11:16:00 UTC
STARLINK-5400,75.05463323813291,2025-08-17 06:39:00 UTC
STARLINK-5403,62.81428434940875,2025-08-17 07:14:00 UTC
STARLINK-5405,74.02677778454361,2025-08-17 06:27:00 UTC
STARLINK-5359,85.81699252350111,2025-08-17 11:11:00 UTC
STARLINK-5411,74.0692357792759,2025-08-17 06:31:00 UTC
STARLINK-5398,70.76412331869723,2025-08-17 10:56:00 UTC
STARLINK-5396,75.95030994276175,2025-08-17 11:14:00 UTC
STARLINK-5379,68.174262218218,2025-08-17 10:49:00 UTC
STARLINK-5402,79.74051041283843,2025-08-17 11:04:00 UTC
STARLINK-5401,67.19932014353475,2025-08-17 10:52:00 UTC
STARLINK-5397,78.5930894048716,2025-08-17 11:06:00 UTC
STARLINK-5390,63.08165101047725,2025-08-17 10:42:00 UTC
STARLINK-5091,62.25118109803437,2025-08-17 10:44:00 UTC
STARLINK-5277,27.87203672511579,2025-08-17 06:38:00 UTC
STARLINK-5306,32.807304092142516,2025-08-17 06:44:00 UTC
STARLINK-5310,32.91769106040301,2025-08-17 07:58:00 UTC
STARLINK-5291,86.30766181704458,2025-08-17 07:21:00 UTC
STARLINK-5236,45.25528691349468,2025-08-17 06:27:00 UTC
STARLINK-5260,62.745734703904496,2025-08-17 06:15:00 UTC
STARLINK-5261,59.92082603119601,2025-08-17 06:15:00 UTC
STARLINK-5299,29.104077723796486,2025-08-17 08:04:00 UTC
STARLINK-5289,53.26546484203519,2025-08-17 07:39:00 UTC
STARLINK-5331,44.5071430953994,2025-08-17 06:57:00 UTC
STARLINK-5298,38.68593519618165,2025-08-17 07:52:00 UTC
STARLINK-5330,77.94539454785713,2025-08-17 07:15:00 UTC
STARLINK-5317,44.36838493455936,2025-08-17 07:45:00 UTC
STARLINK-5337,69.62727665492123,2025-08-17 07:15:00 UTC
STARLINK-5332,49.257664353271956,2025-08-17 05:03:00 UTC
STARLINK-5338,70.37868003063736,2025-08-17 06:02:00 UTC
STARLINK-5341,74.12235394473318,2025-08-17 04:38:00 UTC
STARLINK-5311,54.850250042247396,2025-08-17 05:44:00 UTC
STARLINK-5320,66.37085846784122,2025-08-17 06:09:00 UTC
STARLINK-5266,78.8797288176713,2025-08-17 05:56:00 UTC
STARLINK-5327,52.98980529207628,2025-08-17 06:21:00 UTC
STARLINK-5325,47.48834284211024,2025-08-17 05:40:00 UTC
STARLINK-5287,54.054307299628114,2025-08-17 05:44:00 UTC
STARLINK-5286,74.31181458537586,2025-08-17 07:27:00 UTC
STARLINK-5293,38.154063894718846,2025-08-17 06:50:00 UTC
STARLINK-5285,28.862501432190147,2025-08-17 05:19:00 UTC
STARLINK-5284,38.6085556704617,2025-08-17 05:32:00 UTC
STARLINK-5270,24.75826150297849,2025-08-17 05:13:00 UTC
STARLINK-5308,27.839524710899884,2025-08-17 06:46:00 UTC
STARLINK-5321,33.00507865776649,2025-08-17 05:25:00 UTC
STARLINK-5322,61.61350583072821,2025-08-17 07:08:00 UTC
STARLINK-5318,31.012642654094083,2025-08-17 06:41:00 UTC
STARLINK-5316,39.20760936943245,2025-08-17 06:33:00 UTC
STARLINK-5295,39.14556172018756,2025-08-17 04:13:00 UTC
STARLINK-5288,46.65275002867293,2025-08-17 04:19:00 UTC
STARLINK-5315,83.22251042831488,2025-08-17 04:44:00 UTC
STARLINK-5309,29.250259907434774,2025-08-17 04:01:00 UTC
STARLINK-5312,33.97034268536824,2025-08-17 04:07:00 UTC
STARLINK-5296,48.665505738736904,2025-08-17 05:03:00 UTC
STARLINK-5313,28.22757922273256,2025-08-17 05:27:00 UTC
STARLINK-5305,25.169393156495037,2025-08-17 05:32:00 UTC
STARLINK-4623,65.63048390742122,2025-08-17 05:50:00 UTC
STARLINK-5257,71.8744391637282,2025-08-17 04:50:00 UTC
STARLINK-5265,32.166723967805154,2025-08-17 05:21:00 UTC
STARLINK-5180,36.674451818752786,2025-08-17 05:15:00 UTC
STARLINK-5196,43.41010167626151,2025-08-17 05:08:00 UTC
STARLINK-5027,0.10862275132427943,2025-08-17 03:05:00 UTC
STARLINK-5581,2.069527792217764,2025-08-17 03:21:00 UTC
STARLINK-5085,54.74877830727859,2025-08-17 07:02:00 UTC
STARLINK-4786,39.15593278494285,2025-08-17 09:09:00 UTC
STARLINK-5274,50.73408906424229,2025-08-17 08:57:00 UTC
STARLINK-5283,45.15647447320256,2025-08-17 09:04:00 UTC
STARLINK-5224,25.72641842147679,2025-08-17 08:10:00 UTC
STARLINK-5275,25.488434581431104,2025-08-17 09:28:00 UTC
STARLINK-5276,33.97540048628268,2025-08-17 09:16:00 UTC
STARLINK-5632,32.50481655210913,2025-08-17 08:03:00 UTC
STARLINK-5076,29.505430767526875,2025-08-17 09:22:00 UTC
STARLINK-5071,44.83023238340508,2025-08-17 08:15:00 UTC
STARLINK-5597,27.603295055003787,2025-08-17 07:56:00 UTC
STARLINK-5607,60.89752082085814,2025-08-17 08:27:00 UTC
STARLINK-5623,38.46681590655331,2025-08-17 08:09:00 UTC
STARLINK-5630,73.57034162260743,2025-08-17 08:33:00 UTC
STARLINK-5019,52.93445430122834,2025-08-17 08:21:00 UTC
STARLINK-5092,82.5843405603989,2025-08-17 08:39:00 UTC
STARLINK-5633,38.06679120814479,2025-08-17 09:27:00 UTC
STARLINK-5605,79.3404417254414,2025-08-17 08:45:00 UTC
STARLINK-5060,31.703989269306753,2025-08-17 09:21:00 UTC
STARLINK-5620,62.13642295014092,2025-08-17 09:45:00 UTC
STARLINK-5624,79.05182044730395,2025-08-17 09:57:00 UTC
STARLINK-5030,61.694050608268654,2025-08-17 10:10:00 UTC
STARLINK-5629,69.42026743139463,2025-08-17 09:51:00 UTC
STARLINK-5604,62.64351593313485,2025-08-17 07:33:00 UTC
STARLINK-5598,69.92907553109907,2025-08-17 10:03:00 UTC
STARLINK-5006,44.00125814891045,2025-08-17 09:33:00 UTC
STARLINK-5068,40.9649802044406,2025-08-17 10:28:00 UTC
STARLINK-5615,54.72021261062909,2025-08-17 10:16:00 UTC
STARLINK-5638,30.22028418176248,2025-08-17 10:41:00 UTC
STARLINK-5073,48.3356806364787,2025-08-17 10:22:00 UTC
STARLINK-5064,26.040052022319344,2025-08-17 09:15:00 UTC
STARLINK-5645,35.36478120626166,2025-08-17 10:34:00 UTC
STARLINK-5642,30.745996023324842,2025-08-17 11:59:00 UTC
STARLINK-5643,26.464865366423968,2025-08-17 10:47:00 UTC
STARLINK-5637,27.303090307821673,2025-08-17 10:34:00 UTC
STARLINK-5570,35.17214911768914,2025-08-17 11:52:00 UTC
STARLINK-5621,36.1198556258893,2025-08-17 10:45:00 UTC
STARLINK-5626,26.071909943649565,2025-08-17 10:33:00 UTC
STARLINK-5640,42.27679365937905,2025-08-17 10:51:00 UTC
STARLINK-5074,62.54060058391952,2025-08-17 08:51:00 UTC
STARLINK-5634,49.90178592081666,2025-08-17 10:57:00 UTC
STARLINK-5699,13.335679826826576,2025-08-17 03:05:00 UTC
STARLINK-5686,15.015149858505156,2025-08-17 03:09:00 UTC
STARLINK-5636,1.3183926694417132,2025-08-17 04:16:00 UTC
STARLINK-5058,1.068807520307096,2025-08-17 04:18:00 UTC
STARLINK-5682,0.5931423721729026,2025-08-17 04:21:00 UTC
STARLINK-5020,3.5813182589213,2025-08-17 04:02:00 UTC
STARLINK-5669,2.4992302528623314,2025-08-17 04:08:00 UTC
STARLINK-5678,3.302478664837763,2025-08-17 04:04:00 UTC
STARLINK-5646,1.7763755658721667,2025-08-17 04:13:00 UTC
STARLINK-5673,6.17772805134802,2025-08-17 03:46:00 UTC
STARLINK-5677,4.77583510497799,2025-08-17 03:55:00 UTC
STARLINK-5676,7.963580431092203,2025-08-17 03:37:00 UTC
STARLINK-5674,7.090500170567713,2025-08-17 03:42:00 UTC
STARLINK-5628,12.132966819748857,2025-08-17 03:17:00 UTC
STARLINK-5679,5.297963162192413,2025-08-17 03:52:00 UTC
STARLINK-5672,8.597260301520695,2025-08-17 03:34:00 UTC
STARLINK-5681,7.80622843730057,2025-08-17 03:38:00 UTC
STARLINK-5708,9.975916079982273,2025-08-17 03:26:00 UTC
STARLINK-5711,10.64161637608246,2025-08-17 03:24:00 UTC
STARLINK-5705,1.7578543741341177,2025-08-17 03:24:00 UTC
STARLINK-5687,55.25348789487474,2025-08-17 12:28:00 UTC
STARLINK-5689,10.873063828394303,2025-08-17 04:16:00 UTC
STARLINK-5650,13.254793630264857,2025-08-17 03:12:00 UTC
STARLINK-5685,3.4438518414557238,2025-08-17 03:13:00 UTC
STARLINK-5691,3.215050730289246,2025-08-17 03:15:00 UTC
STARLINK-5688,0.950757270786733,2025-08-17 03:29:00 UTC
STARLINK-5690,15.444146508788943,2025-08-17 03:55:00 UTC
STARLINK-5694,12.419954760741696,2025-08-17 04:09:00 UTC
STARLINK-5692,16.151662838327127,2025-08-17 03:54:00 UTC
STARLINK-5696,19.79998692987493,2025-08-17 03:40:00 UTC
STARLINK-5695,13.463480625389186,2025-08-17 04:04:00 UTC
STARLINK-5704,18.93627000263483,2025-08-17 03:44:00 UTC
STARLINK-5701,13.051053240505494,2025-08-17 04:05:00 UTC
STARLINK-5706,23.782328581582654,2025-08-17 03:29:00 UTC
STARLINK-5371,17.41762842432852,2025-08-17 03:49:00 UTC
STARLINK-5373,18.242014687983716,2025-08-17 03:46:00 UTC
STARLINK-5364,0.20777328145579896,2025-08-17 03:30:00 UTC
STARLINK-5013,22.21742427411033,2025-08-17 03:34:00 UTC
STARLINK-5362,20.55301448328451,2025-08-17 03:39:00 UTC
STARLINK-5344,28.590427130563224,2025-08-17 03:16:00 UTC
STARLINK-5100,4.1744232802667085,2025-08-17 03:09:00 UTC
STARLINK-5363,29.76079238821834,2025-08-17 03:14:00 UTC
STARLINK-5365,9.729427293949174,2025-08-17 03:05:00 UTC
STARLINK-5366,7.157513152893571,2025-08-17 04:30:00 UTC
STARLINK-5141,32.37115962648873,2025-08-17 03:09:00 UTC
STARLINK-5367,6.584921783191411,2025-08-17 04:34:00 UTC
STARLINK-5749,73.23733119450807,2025-08-17 03:35:00 UTC
STARLINK-5737,85.34072819786533,2025-08-17 03:38:00 UTC
STARLINK-5739,70.30766070430035,2025-08-17 03:30:00 UTC
STARLINK-5732,71.24996327999561,2025-08-17 03:23:00 UTC
STARLINK-5738,73.20809953778027,2025-08-17 03:25:00 UTC
STARLINK-5747,62.97148269626076,2025-08-17 03:10:00 UTC
STARLINK-5745,64.85125738954974,2025-08-17 03:18:00 UTC
STARLINK-5751,8.587332783226262,2025-08-17 04:24:00 UTC
STARLINK-5752,65.56922334499201,2025-08-17 03:13:00 UTC
STARLINK-5754,49.279455341711994,2025-08-17 04:23:00 UTC
STARLINK-5757,8.967273634167645,2025-08-17 04:22:00 UTC
STARLINK-5753,53.62609494775618,2025-08-17 03:05:00 UTC
STARLINK-5741,56.76029361327381,2025-08-17 03:25:00 UTC
STARLINK-5742,41.83168479792309,2025-08-17 04:35:00 UTC
STARLINK-5736,42.667995786979304,2025-08-17 04:32:00 UTC
STARLINK-5769,44.22126130653381,2025-08-17 03:41:00 UTC
STARLINK-5767,50.63011791032833,2025-08-17 04:20:00 UTC
STARLINK-5727,46.19796034114268,2025-08-17 04:28:00 UTC
STARLINK-5728,58.63695167421225,2025-08-17 04:10:00 UTC
STARLINK-5697,52.39232036479657,2025-08-17 04:18:00 UTC
STARLINK-5762,69.3170974915185,2025-08-17 04:00:00 UTC
STARLINK-5760,56.40854925739415,2025-08-17 04:15:00 UTC
STARLINK-5759,76.82205209108368,2025-08-17 03:53:00 UTC
STARLINK-5703,64.33339312480636,2025-08-17 04:05:00 UTC
STARLINK-5750,81.12464381978145,2025-08-17 03:48:00 UTC
STARLINK-5729,69.15127756818322,2025-08-17 03:45:00 UTC
STARLINK-5743,47.7910780688089,2025-08-17 03:37:00 UTC
STARLINK-5756,37.975429385767676,2025-08-17 03:51:00 UTC
STARLINK-5761,41.50526574107742,2025-08-17 03:46:00 UTC
STARLINK-5755,52.33992815782666,2025-08-17 03:28:00 UTC
STARLINK-5744,89.37958370882201,2025-08-17 03:40:00 UTC
STARLINK-5764,42.184242709460925,2025-08-17 03:43:00 UTC
STARLINK-5735,49.54899643833898,2025-08-17 03:33:00 UTC
STARLINK-5748,7.628674577365506,2025-08-17 04:29:00 UTC
STARLINK-5725,56.23040742329366,2025-08-17 03:26:00 UTC
STARLINK-5700,63.19296211854574,2025-08-17 03:16:00 UTC
STARLINK-5726,67.69089240102858,2025-08-17 03:13:00 UTC
STARLINK-5719,57.564783552495655,2025-08-17 03:21:00 UTC
STARLINK-5722,16.955018510200826,2025-08-17 04:41:00 UTC
STARLINK-5730,17.759288759885454,2025-08-17 04:38:00 UTC
STARLINK-5734,18.599482879139682,2025-08-17 04:34:00 UTC
STARLINK-5715,70.35872579840563,2025-08-17 03:08:00 UTC
STARLINK-5714,33.73159496006258,2025-08-17 03:07:00 UTC
STARLINK-5712,19.527178897384125,2025-08-17 04:31:00 UTC
STARLINK-5710,24.49733186452414,2025-08-17 04:17:00 UTC
STARLINK-5721,21.506305034659633,2025-08-17 04:26:00 UTC
STARLINK-5717,24.7671175467768,2025-08-17 04:17:00 UTC
STARLINK-5720,27.03934520489909,2025-08-17 04:11:00 UTC
STARLINK-5718,28.24735119482347,2025-08-17 04:07:00 UTC
STARLINK-5709,22.008262668758057,2025-08-17 04:23:00 UTC
STARLINK-5702,30.192341729011098,2025-08-17 04:03:00 UTC
STARLINK-5698,33.19987323437479,2025-08-17 03:57:00 UTC
STARLINK-5484,47.22504266826671,2025-08-17 03:30:00 UTC
STARLINK-5497,53.265192826748326,2025-08-17 03:37:00 UTC
STARLINK-5303,40.83261483754913,2025-08-17 03:24:00 UTC
STARLINK-5558,35.058442301963744,2025-08-17 04:26:00 UTC
STARLINK-5546,30.59057456240128,2025-08-17 03:12:00 UTC
STARLINK-5498,26.466799852118783,2025-08-17 03:06:00 UTC
STARLINK-5500,30.829667934890093,2025-08-17 03:12:00 UTC
STARLINK-5495,3.5305662085598284,2025-08-17 04:20:00 UTC
STARLINK-5218,30.47268416674322,2025-08-17 04:32:00 UTC
STARLINK-5062,36.30993548304545,2025-08-17 03:07:00 UTC
STARLINK-5507,26.41496501259259,2025-08-17 04:38:00 UTC
STARLINK-5508,4.878156967650764,2025-08-17 04:14:00 UTC
STARLINK-5069,6.418066658892353,2025-08-17 04:08:00 UTC
STARLINK-5065,30.892100984296054,2025-08-17 03:13:00 UTC
STARLINK-5483,22.671317863710737,2025-08-17 03:25:00 UTC
STARLINK-5502,0.9303192524360572,2025-08-17 04:32:00 UTC
STARLINK-5510,13.710927588743088,2025-08-17 03:44:00 UTC
STARLINK-5501,2.190357971217934,2025-08-17 04:26:00 UTC
STARLINK-5469,9.78155403549166,2025-08-17 03:56:00 UTC
STARLINK-5494,4.92826520184146,2025-08-17 04:14:00 UTC
STARLINK-5506,9.621073632753967,2025-08-17 03:05:00 UTC
STARLINK-5487,7.827316970715605,2025-08-17 04:02:00 UTC
STARLINK-5067,15.993158209588584,2025-08-17 03:38:00 UTC
STARLINK-5070,26.46166129414295,2025-08-17 03:19:00 UTC
STARLINK-5326,18.672104939339008,2025-08-17 03:31:00 UTC
STARLINK-5307,11.6606608192442,2025-08-17 03:50:00 UTC
STARLINK-5467,1.8024304975748298,2025-08-17 03:08:00 UTC
STARLINK-5460,0.05809548842460181,2025-08-17 03:05:00 UTC
STARLINK-5462,0.5706205869331551,2025-08-17 03:14:00 UTC
STARLINK-5300,9.387353692304503,2025-08-17 12:33:00 UTC
STARLINK-5324,4.4572892914262265,2025-08-17 12:14:00 UTC
STARLINK-5592,79.0010021766853,2025-08-17 06:32:00 UTC
STARLINK-5594,77.39073538606962,2025-08-17 06:38:00 UTC
STARLINK-5602,56.05014858134025,2025-08-17 06:49:00 UTC
STARLINK-5601,74.8987652732165,2025-08-17 06:38:00 UTC
STARLINK-5579,34.04741279802683,2025-08-17 05:55:00 UTC
STARLINK-5539,59.60923170670835,2025-08-17 06:19:00 UTC
STARLINK-5580,52.285123766617126,2025-08-17 06:13:00 UTC
STARLINK-5573,46.265998229148146,2025-08-17 06:07:00 UTC
STARLINK-5577,69.05142850193988,2025-08-17 06:26:00 UTC
STARLINK-5613,31.054185560159045,2025-08-17 07:09:00 UTC
STARLINK-5617,34.42600555287003,2025-08-17 05:55:00 UTC
STARLINK-5612,25.369492034780947,2025-08-17 05:42:00 UTC
STARLINK-5619,36.40656042461673,2025-08-17 07:03:00 UTC
STARLINK-5614,43.05359484944198,2025-08-17 06:56:00 UTC
STARLINK-5544,29.255359832618847,2025-08-17 05:49:00 UTC
STARLINK-5072,27.019607582272144,2025-08-17 07:15:00 UTC
STARLINK-5532,52.067017996336425,2025-08-17 06:50:00 UTC
STARLINK-5611,40.02282724565761,2025-08-17 04:43:00 UTC
STARLINK-5603,25.952251559981825,2025-08-17 04:24:00 UTC
STARLINK-5593,36.65785992617723,2025-08-17 07:03:00 UTC
STARLINK-5499,29.59817253577314,2025-08-17 04:30:00 UTC
STARLINK-5595,33.37636710035097,2025-08-17 04:36:00 UTC
STARLINK-5599,44.130902269944535,2025-08-17 05:38:00 UTC
STARLINK-5606,38.69591215585249,2025-08-17 04:43:00 UTC
STARLINK-5584,31.909200876546638,2025-08-17 05:50:00 UTC
STARLINK-5557,37.49494622788729,2025-08-17 05:44:00 UTC
STARLINK-5591,51.58461977972186,2025-08-17 05:32:00 UTC
STARLINK-5835,68.927229835983,2025-08-17 05:07:00 UTC
STARLINK-5833,27.369821460274096,2025-08-17 05:56:00 UTC
STARLINK-5812,59.47309101805828,2025-08-17 05:26:00 UTC
STARLINK-5809,64.26530211259733,2025-08-17 05:19:00 UTC
STARLINK-5810,48.19486029734302,2025-08-17 04:49:00 UTC
STARLINK-5814,77.69299946671367,2025-08-17 05:07:00 UTC
STARLINK-5816,67.42711814130037,2025-08-17 05:01:00 UTC
STARLINK-5817,40.34852169998688,2025-08-17 04:20:00 UTC
STARLINK-5819,57.391396077979074,2025-08-17 04:55:00 UTC
STARLINK-5820,77.06813185422993,2025-08-17 05:13:00 UTC
STARLINK-5826,49.707854848913485,2025-08-17 04:14:00 UTC
STARLINK-5825,50.687716491079506,2025-08-17 04:13:00 UTC
STARLINK-5797,79.39099833476875,2025-08-17 03:49:00 UTC
STARLINK-5818,62.01438977818075,2025-08-17 04:07:00 UTC
STARLINK-5823,78.06739647464727,2025-08-17 03:49:00 UTC
STARLINK-5811,73.27526179527547,2025-08-17 04:01:00 UTC
STARLINK-5804,86.62812784937876,2025-08-17 03:55:00 UTC
STARLINK-5815,35.70703618463088,2025-08-17 03:18:00 UTC
STARLINK-5813,40.310917478383644,2025-08-17 03:24:00 UTC
STARLINK-5807,64.23845595788843,2025-08-17 03:43:00 UTC
STARLINK-5856,64.35068023378803,2025-08-17 10:21:00 UTC
STARLINK-5859,37.272420194133325,2025-08-17 09:57:00 UTC
STARLINK-5796,59.91775885491346,2025-08-17 10:15:00 UTC
STARLINK-5855,77.18750452279183,2025-08-17 06:04:00 UTC
STARLINK-5867,49.65991199222857,2025-08-17 10:09:00 UTC
STARLINK-5871,36.183294752188665,2025-08-17 09:57:00 UTC
STARLINK-5862,28.02444911400683,2025-08-17 08:26:00 UTC
STARLINK-5861,28.9284454908817,2025-08-17 11:10:00 UTC
STARLINK-5863,24.924665653934614,2025-08-17 11:16:00 UTC
STARLINK-5854,28.065189580987905,2025-08-17 09:44:00 UTC
STARLINK-5849,25.08474587056219,2025-08-17 09:57:00 UTC
STARLINK-5922,34.234030368604046,2025-08-17 11:04:00 UTC
STARLINK-5921,33.128184380567745,2025-08-17 09:45:00 UTC
STARLINK-5919,47.23891115526709,2025-08-17 10:52:00 UTC
STARLINK-5930,55.38550830622609,2025-08-17 10:46:00 UTC
STARLINK-5896,70.58900212641127,2025-08-17 09:02:00 UTC
STARLINK-5897,66.53680922866894,2025-08-17 10:39:00 UTC
STARLINK-5848,59.94433014725388,2025-08-17 08:02:00 UTC
STARLINK-5852,38.60398057315253,2025-08-17 09:39:00 UTC
STARLINK-5927,65.49374782983773,2025-08-17 09:03:00 UTC
STARLINK-5920,45.53213979631066,2025-08-17 09:33:00 UTC
STARLINK-5882,51.58264730302703,2025-08-17 08:09:00 UTC
STARLINK-5913,56.41245183242,2025-08-17 09:27:00 UTC
STARLINK-5909,65.78818100236776,2025-08-17 09:21:00 UTC
STARLINK-5918,72.48872145124905,2025-08-17 09:09:00 UTC
STARLINK-5864,76.53345112803292,2025-08-17 09:15:00 UTC
STARLINK-5914,28.516657287088282,2025-08-17 09:52:00 UTC
STARLINK-5917,38.27224991918619,2025-08-17 08:38:00 UTC
STARLINK-5932,51.71860664256568,2025-08-17 08:50:00 UTC
STARLINK-5926,45.235268422353926,2025-08-17 08:44:00 UTC
STARLINK-5925,58.37976524135753,2025-08-17 08:57:00 UTC
STARLINK-5857,58.73613788101491,2025-08-17 08:56:00 UTC
STARLINK-5851,33.56707310866523,2025-08-17 08:32:00 UTC
STARLINK-5900,62.39146328740289,2025-08-17 07:38:00 UTC
STARLINK-5899,85.64274450338004,2025-08-17 07:50:00 UTC
STARLINK-5911,51.557054304873304,2025-08-17 07:32:00 UTC
STARLINK-5908,33.28121580434977,2025-08-17 08:32:00 UTC
STARLINK-5893,62.95087182447032,2025-08-17 07:38:00 UTC
STARLINK-5892,28.252098758404834,2025-08-17 08:33:00 UTC
STARLINK-5878,37.93305257565789,2025-08-17 07:19:00 UTC
STARLINK-5883,38.29369826323193,2025-08-17 08:21:00 UTC
STARLINK-5884,43.47960549192698,2025-08-17 07:26:00 UTC
STARLINK-5928,33.27390709826428,2025-08-17 07:13:00 UTC
STARLINK-5929,29.03780478710582,2025-08-17 07:07:00 UTC
STARLINK-5938,44.71846972270477,2025-08-17 07:26:00 UTC
STARLINK-5933,32.887208463665175,2025-08-17 08:27:00 UTC
STARLINK-5906,74.38551155191026,2025-08-17 07:44:00 UTC
STARLINK-5924,25.20561960976674,2025-08-17 07:01:00 UTC
STARLINK-5895,74.81050672328364,2025-08-17 07:44:00 UTC
STARLINK-5894,44.755042759209495,2025-08-17 08:15:00 UTC
STARLINK-5905,64.0344235443734,2025-08-17 06:34:00 UTC
STARLINK-5915,50.14349045422557,2025-08-17 06:07:00 UTC
STARLINK-5916,75.93046764308627,2025-08-17 07:16:00 UTC
STARLINK-5947,54.77436882004131,2025-08-17 06:17:00 UTC
STARLINK-5946,58.08842010140304,2025-08-17 06:29:00 UTC
STARLINK-5948,58.58532097538448,2025-08-17 07:34:00 UTC
STARLINK-5969,54.28290976332829,2025-08-17 06:22:00 UTC
STARLINK-5956,50.43210800080997,2025-08-17 07:44:00 UTC
STARLINK-5957,52.640040555990765,2025-08-17 06:12:00 UTC
STARLINK-5903,62.00253892465368,2025-08-17 07:24:00 UTC
STARLINK-5902,70.07411568064711,2025-08-17 07:18:00 UTC
STARLINK-5901,59.539904788085686,2025-08-17 07:29:00 UTC
STARLINK-5910,75.36582602281135,2025-08-17 06:59:00 UTC
STARLINK-5944,73.86116741399158,2025-08-17 07:14:00 UTC
STARLINK-5799,68.86558297678324,2025-08-17 07:04:00 UTC
STARLINK-5789,70.27604855767395,2025-08-17 07:22:00 UTC
STARLINK-5787,81.78368204165376,2025-08-17 06:54:00 UTC
STARLINK-5801,78.04007330743171,2025-08-17 07:09:00 UTC
STARLINK-5794,72.90834427671881,2025-08-17 06:47:00 UTC
STARLINK-5806,68.00391546306943,2025-08-17 06:53:00 UTC
STARLINK-5803,57.97228076191287,2025-08-17 06:26:00 UTC
STARLINK-5964,74.69048849492353,2025-08-17 06:49:00 UTC
STARLINK-5968,67.81879256799488,2025-08-17 06:43:00 UTC
STARLINK-5936,62.30375455947021,2025-08-17 06:42:00 UTC
STARLINK-5940,54.2688659028438,2025-08-17 06:50:00 UTC
STARLINK-5941,62.95118668444991,2025-08-17 06:37:00 UTC
STARLINK-5942,64.02814523323958,2025-08-17 06:40:00 UTC
STARLINK-5939,56.910103960068064,2025-08-17 06:45:00 UTC
STARLINK-5943,88.01312464636115,2025-08-17 06:15:00 UTC
STARLINK-5934,70.77859277525366,2025-08-17 06:32:00 UTC
STARLINK-5945,83.9231820326623,2025-08-17 06:17:00 UTC
STARLINK-5949,66.59130259029548,2025-08-17 06:37:00 UTC
STARLINK-5912,80.72004532380468,2025-08-17 06:22:00 UTC
STARLINK-5907,65.62986180792359,2025-08-17 06:27:00 UTC
STARLINK-5783,78.53129379924738,2025-08-17 06:02:00 UTC
STARLINK-5771,69.33578568770513,2025-08-17 06:09:00 UTC
STARLINK-5772,64.66718250272783,2025-08-17 05:47:00 UTC
STARLINK-5766,53.587250474449746,2025-08-17 06:52:00 UTC
STARLINK-5770,75.24597206127537,2025-08-17 06:00:00 UTC
STARLINK-5777,80.5567411049046,2025-08-17 06:05:00 UTC
STARLINK-5779,63.77894518938585,2025-08-17 05:40:00 UTC
STARLINK-5774,74.25192729427997,2025-08-17 05:55:00 UTC
STARLINK-5781,57.68999190718472,2025-08-17 05:35:00 UTC
STARLINK-5785,66.52407396660647,2025-08-17 05:45:00 UTC
STARLINK-5786,51.317245781832796,2025-08-17 05:22:00 UTC
STARLINK-5782,52.15923614514451,2025-08-17 05:20:00 UTC
STARLINK-5792,57.06669585046019,2025-08-17 05:31:00 UTC
STARLINK-5790,52.02556184245257,2025-08-17 05:25:00 UTC
STARLINK-5758,52.03361625681747,2025-08-17 06:00:00 UTC
STARLINK-5793,51.4173176546514,2025-08-17 05:16:00 UTC
STARLINK-5795,58.238175808158374,2025-08-17 05:53:00 UTC
STARLINK-5798,60.47747480086823,2025-08-17 05:50:00 UTC
STARLINK-5800,64.81012835881253,2025-08-17 05:46:00 UTC
STARLINK-6109,70.37276290890641,2025-08-17 09:03:00 UTC
STARLINK-6090,79.62749872255897,2025-08-17 09:13:00 UTC
STARLINK-6089,73.36999630388468,2025-08-17 09:00:00 UTC
STARLINK-6077,84.3371060018783,2025-08-17 05:50:00 UTC
STARLINK-6088,83.88137108428418,2025-08-17 09:08:00 UTC
STARLINK-6076,59.866430242713875,2025-08-17 08:45:00 UTC
STARLINK-6095,56.75868772159852,2025-08-17 08:44:00 UTC
STARLINK-6075,53.57381119099855,2025-08-17 08:35:00 UTC
STARLINK-6096,56.37147324462416,2025-08-17 08:38:00 UTC
STARLINK-6062,55.063275756911786,2025-08-17 08:40:00 UTC
STARLINK-6066,54.19130811001632,2025-08-17 10:00:00 UTC
STARLINK-6030,58.816936105418584,2025-08-17 09:52:00 UTC
STARLINK-6081,53.029173101644794,2025-08-17 08:34:00 UTC
STARLINK-6083,56.01819511947524,2025-08-17 09:57:00 UTC
STARLINK-6082,52.28504118709377,2025-08-17 10:05:00 UTC
STARLINK-6084,69.2227897808399,2025-08-17 09:35:00 UTC
STARLINK-6080,59.97829120385973,2025-08-17 09:43:00 UTC
STARLINK-6113,70.93656599335996,2025-08-17 09:28:00 UTC
STARLINK-6101,68.35970049316067,2025-08-17 09:22:00 UTC
STARLINK-6114,62.682711043248624,2025-08-17 09:38:00 UTC
STARLINK-6107,61.827294440222566,2025-08-17 12:28:00 UTC
STARLINK-6105,80.28172269018067,2025-08-17 06:50:00 UTC
STARLINK-6091,66.64375830222849,2025-08-17 12:44:00 UTC
STARLINK-6079,76.42122465200961,2025-08-17 12:55:00 UTC
STARLINK-6092,71.3167176480622,2025-08-17 12:49:00 UTC
STARLINK-6094,72.75633959096808,2025-08-17 09:30:00 UTC
STARLINK-6115,66.60247209281388,2025-08-17 12:30:00 UTC
STARLINK-6126,72.85541274453736,2025-08-17 12:50:00 UTC
STARLINK-6119,67.68659284784363,2025-08-17 12:36:00 UTC
STARLINK-6124,57.83427050046576,2025-08-17 12:26:00 UTC
STARLINK-6104,64.75973487427551,2025-08-17 08:52:00 UTC
STARLINK-6122,72.70639144831267,2025-08-17 12:39:00 UTC
STARLINK-6121,69.66756032479552,2025-08-17 09:10:00 UTC
STARLINK-6117,61.71915201776365,2025-08-17 08:57:00 UTC
STARLINK-6120,70.93154452393082,2025-08-17 08:34:00 UTC
STARLINK-6071,61.372999083359495,2025-08-17 08:53:00 UTC
STARLINK-5566,82.97761948570268,2025-08-17 08:21:00 UTC
STARLINK-5564,63.205753609405775,2025-08-17 08:48:00 UTC
STARLINK-5489,65.18820774668639,2025-08-17 08:42:00 UTC
STARLINK-5090,74.17880331137603,2025-08-17 08:08:00 UTC
STARLINK-4774,80.80285134005806,2025-08-17 08:31:00 UTC
STARLINK-5375,70.87902670419989,2025-08-17 08:28:00 UTC
STARLINK-5377,75.3481057285478,2025-08-17 08:06:00 UTC
STARLINK-5376,87.58394986587172,2025-08-17 08:23:00 UTC
STARLINK-5016,74.47468132725635,2025-08-17 13:00:00 UTC
STARLINK-5374,69.39731952170192,2025-08-17 08:18:00 UTC
STARLINK-5111,73.71639851391359,2025-08-17 13:04:00 UTC
STARLINK-5140,87.23274906005166,2025-08-17 10:27:00 UTC
STARLINK-5089,83.61181987930195,2025-08-17 10:32:00 UTC
STARLINK-30107,45.16732058590755,2025-08-17 11:48:00 UTC
STARLINK-30106,75.8396674021463,2025-08-17 12:37:00 UTC
STARLINK-30095,50.973352056194344,2025-08-17 11:49:00 UTC
STARLINK-30103,78.61282778166043,2025-08-17 12:32:00 UTC
STARLINK-30113,73.83139433020952,2025-08-17 12:42:00 UTC
STARLINK-30098,71.22739036311516,2025-08-17 12:28:00 UTC
STARLINK-30090,69.65308533425024,2025-08-17 12:17:00 UTC
STARLINK-30049,64.9089012013679,2025-08-17 12:13:00 UTC
STARLINK-30083,64.49240124402868,2025-08-17 10:28:00 UTC
STARLINK-30089,60.55229135416416,2025-08-17 10:31:00 UTC
STARLINK-30086,43.05766291405759,2025-08-17 11:43:00 UTC
STARLINK-30109,50.417990848971584,2025-08-17 11:53:00 UTC
STARLINK-30108,50.57792692046399,2025-08-17 11:05:00 UTC
STARLINK-30104,79.85576126097484,2025-08-17 12:23:00 UTC
STARLINK-30101,34.24432156307592,2025-08-17 11:28:00 UTC
STARLINK-30111,64.87586832690444,2025-08-17 12:59:00 UTC
STARLINK-30099,68.18882916492902,2025-08-17 12:52:00 UTC
STARLINK-30094,66.47615796043586,2025-08-17 12:49:00 UTC
STARLINK-30112,60.159552971957034,2025-08-17 13:04:00 UTC
STARLINK-6038,87.76551463288922,2025-08-17 07:52:00 UTC
STARLINK-5954,74.50708923364601,2025-08-17 07:47:00 UTC
STARLINK-6039,68.27864189195506,2025-08-17 07:44:00 UTC
STARLINK-5988,70.85556947222196,2025-08-17 07:52:00 UTC
STARLINK-5876,53.00193365888991,2025-08-17 07:36:00 UTC
STARLINK-6033,70.84101230144002,2025-08-17 07:49:00 UTC
STARLINK-6035,59.53954961744731,2025-08-17 07:39:00 UTC
STARLINK-6034,59.25766701219967,2025-08-17 07:42:00 UTC
STARLINK-5981,42.14458644878781,2025-08-17 07:28:00 UTC
STARLINK-5980,65.07668889597777,2025-08-17 07:42:00 UTC
STARLINK-5997,34.7764298567383,2025-08-17 07:21:00 UTC
STARLINK-5992,46.65648703696212,2025-08-17 07:31:00 UTC
STARLINK-5984,39.50855400437115,2025-08-17 07:26:00 UTC
STARLINK-5991,32.160706650128674,2025-08-17 07:18:00 UTC
STARLINK-5093,48.79897449549172,2025-08-17 07:34:00 UTC
STARLINK-5553,29.72838111445646,2025-08-17 07:15:00 UTC
STARLINK-5548,33.226368321257546,2025-08-17 07:21:00 UTC
STARLINK-5559,24.426143388964295,2025-08-17 07:08:00 UTC
STARLINK-5562,36.9428229752444,2025-08-17 07:23:00 UTC
STARLINK-5561,26.010001905923186,2025-08-17 07:10:00 UTC
STARLINK-5554,27.340846975925235,2025-08-17 07:13:00 UTC
STARLINK-5552,25.078225653171287,2025-08-17 08:37:00 UTC
STARLINK-5540,26.03315597002415,2025-08-17 07:10:00 UTC
STARLINK-5543,24.072161138038936,2025-08-17 07:07:00 UTC
STARLINK-5955,22.927190591625294,2025-08-17 08:40:00 UTC
STARLINK-5976,31.07057076786959,2025-08-17 08:29:00 UTC
STARLINK-5974,26.70430949631559,2025-08-17 08:34:00 UTC
STARLINK-5979,33.435943079710114,2025-08-17 08:26:00 UTC
STARLINK-5837,28.631918567880057,2025-08-17 08:32:00 UTC
STARLINK-5829,35.27106540381022,2025-08-17 08:24:00 UTC
STARLINK-5888,26.148977933789215,2025-08-17 08:35:00 UTC
STARLINK-5887,45.10288251385933,2025-08-17 08:16:00 UTC
STARLINK-5886,41.02663471673683,2025-08-17 08:18:00 UTC
STARLINK-5891,49.41803613998617,2025-08-17 08:13:00 UTC
STARLINK-5885,38.95276348002353,2025-08-17 08:21:00 UTC
STARLINK-5874,76.17641601568796,2025-08-17 07:55:00 UTC
STARLINK-5877,35.7807396498412,2025-08-17 08:24:00 UTC
STARLINK-5533,63.39563906916796,2025-08-17 08:05:00 UTC
STARLINK-5535,56.27822553361326,2025-08-17 08:08:00 UTC
STARLINK-5538,56.65767292871054,2025-08-17 08:05:00 UTC
STARLINK-5482,50.02668104751663,2025-08-17 08:11:00 UTC
STARLINK-5551,67.20533800199684,2025-08-17 08:03:00 UTC
STARLINK-5549,60.89323593876975,2025-08-17 08:03:00 UTC
STARLINK-5550,74.56631271580937,2025-08-17 08:00:00 UTC
STARLINK-5972,75.52604298862867,2025-08-17 07:57:00 UTC
STARLINK-6156,82.03442772797901,2025-08-17 11:47:00 UTC
STARLINK-6158,79.59437634832634,2025-08-17 11:40:00 UTC
STARLINK-6188,53.787872030698125,2025-08-17 11:07:00 UTC
STARLINK-6189,79.53413565033514,2025-08-17 11:34:00 UTC
STARLINK-6191,72.98551918737998,2025-08-17 11:41:00 UTC
STARLINK-6157,59.31065860535353,2025-08-17 11:17:00 UTC
STARLINK-6159,68.19485645863945,2025-08-17 11:28:00 UTC
STARLINK-6160,53.899401631070155,2025-08-17 11:09:00 UTC
STARLINK-6166,55.74164592818842,2025-08-17 11:12:00 UTC
STARLINK-6153,51.99860844782024,2025-08-17 12:37:00 UTC
STARLINK-6173,49.18325621326212,2025-08-17 11:03:00 UTC
STARLINK-5836,56.48659111778351,2025-08-17 12:27:00 UTC
STARLINK-6178,64.68479706777023,2025-08-17 12:12:00 UTC
STARLINK-6176,77.52067718326083,2025-08-17 11:32:00 UTC
STARLINK-6145,53.92067762512456,2025-08-17 12:32:00 UTC
STARLINK-6298,59.010373683777345,2025-08-17 12:22:00 UTC
STARLINK-6301,69.53348940058537,2025-08-17 10:48:00 UTC
STARLINK-6303,62.01176858088639,2025-08-17 12:17:00 UTC
STARLINK-6305,66.68377703147773,2025-08-17 10:31:00 UTC
STARLINK-6273,71.3061967044791,2025-08-17 10:36:00 UTC
STARLINK-6302,56.96397524085415,2025-08-17 10:24:00 UTC
STARLINK-6271,69.80350745238293,2025-08-17 10:39:00 UTC
STARLINK-6288,52.41287870246125,2025-08-17 10:17:00 UTC
STARLINK-6277,55.61929903149013,2025-08-17 10:24:00 UTC
STARLINK-6267,51.195321779292094,2025-08-17 11:50:00 UTC
STARLINK-6256,69.31185659789999,2025-08-17 10:24:00 UTC
STARLINK-6284,49.16561303231312,2025-08-17 11:53:00 UTC
STARLINK-6287,53.37991587270125,2025-08-17 11:36:00 UTC
STARLINK-6285,53.058444064835356,2025-08-17 11:45:00 UTC
STARLINK-6283,60.16453909257389,2025-08-17 11:24:00 UTC
STARLINK-6282,54.72824216968094,2025-08-17 11:40:00 UTC
STARLINK-6289,70.88124856550134,2025-08-17 11:12:00 UTC
STARLINK-6241,57.17343786049091,2025-08-17 11:31:00 UTC
STARLINK-6281,71.03082641655365,2025-08-17 11:10:00 UTC
STARLINK-6279,61.1405473425564,2025-08-17 11:29:00 UTC
STARLINK-6278,77.55477293692314,2025-08-17 11:02:00 UTC
STARLINK-6258,64.00017829984293,2025-08-17 11:15:00 UTC
STARLINK-5136,80.37608633579869,2025-08-17 10:55:00 UTC
STARLINK-6268,61.69539828317864,2025-08-17 10:11:00 UTC
STARLINK-6260,63.26682410022762,2025-08-17 10:32:00 UTC
STARLINK-6261,81.42712594663145,2025-08-17 10:56:00 UTC
STARLINK-5356,74.8703547488773,2025-08-17 10:12:00 UTC
STARLINK-5350,85.88557485622063,2025-08-17 10:51:00 UTC
STARLINK-6272,80.66960305713525,2025-08-17 10:07:00 UTC
STARLINK-6270,61.666082700077155,2025-08-17 10:38:00 UTC
STARLINK-6236,83.34911956391777,2025-08-17 09:57:00 UTC
STARLINK-6239,69.56191216765662,2025-08-17 10:02:00 UTC
STARLINK-6242,65.35929722233259,2025-08-17 09:48:00 UTC
STARLINK-6224,73.95432043462414,2025-08-17 09:52:00 UTC
STARLINK-5352,49.45969638918764,2025-08-17 10:58:00 UTC
STARLINK-5724,56.69494738710547,2025-08-17 10:42:00 UTC
STARLINK-6238,61.996167606682064,2025-08-17 09:37:00 UTC
STARLINK-6264,61.0914878279736,2025-08-17 09:32:00 UTC
STARLINK-5990,18.327586272750857,2025-08-17 12:57:00 UTC
STARLINK-5970,15.73068774892278,2025-08-17 12:51:00 UTC
STARLINK-5935,3.202680962320219,2025-08-17 13:04:00 UTC
STARLINK-5959,11.428185652943395,2025-08-17 12:39:00 UTC
STARLINK-5987,9.255804712664744,2025-08-17 12:33:00 UTC
STARLINK-5995,15.59789389505907,2025-08-17 12:51:00 UTC
STARLINK-5994,13.298364201778039,2025-08-17 12:45:00 UTC
STARLINK-6050,18.260303600431975,2025-08-17 12:57:00 UTC
STARLINK-6048,3.2326517458587616,2025-08-17 12:09:00 UTC
STARLINK-6047,7.552023975260782,2025-08-17 12:27:00 UTC
STARLINK-6037,1.9347550486178737,2025-08-17 12:03:00 UTC
STARLINK-6045,50.64155182923094,2025-08-17 10:57:00 UTC
STARLINK-6051,21.242134043293635,2025-08-17 13:03:00 UTC
STARLINK-6043,5.973205602681562,2025-08-17 12:21:00 UTC
STARLINK-6054,65.61634274277519,2025-08-17 11:10:00 UTC
STARLINK-6053,3.269016080705516,2025-08-17 12:09:00 UTC
STARLINK-6055,83.71321208704782,2025-08-17 12:40:00 UTC
STARLINK-5998,0.6299187685618599,2025-08-17 11:56:00 UTC
STARLINK-5518,51.173398383555785,2025-08-17 12:58:00 UTC
STARLINK-5523,71.82934421357692,2025-08-17 12:46:00 UTC
STARLINK-5521,70.2592403201396,2025-08-17 12:34:00 UTC
STARLINK-5038,58.85013097309214,2025-08-17 12:22:00 UTC
STARLINK-5524,61.677317559633444,2025-08-17 12:52:00 UTC
STARLINK-5541,47.93400318737384,2025-08-17 12:16:00 UTC
STARLINK-5545,61.46946649614251,2025-08-17 12:27:00 UTC
STARLINK-5534,25.91688792339626,2025-08-17 11:51:00 UTC
STARLINK-6041,40.88664478170825,2025-08-17 12:09:00 UTC
STARLINK-6044,16.24650707162067,2025-08-17 11:33:00 UTC
STARLINK-6214,29.09225697308527,2025-08-17 12:13:00 UTC
STARLINK-6222,22.064457108401385,2025-08-17 11:45:00 UTC
STARLINK-6220,35.121329575673194,2025-08-17 12:03:00 UTC
STARLINK-5868,29.975801008008755,2025-08-17 11:57:00 UTC
STARLINK-6221,25.59536443735362,2025-08-17 11:51:00 UTC
STARLINK-6210,42.09832121516756,2025-08-17 13:04:00 UTC
STARLINK-6201,18.734115705075933,2025-08-17 11:39:00 UTC
STARLINK-6196,58.421893553765585,2025-08-17 11:03:00 UTC
STARLINK-6204,27.125379604543927,2025-08-17 12:05:00 UTC
STARLINK-5923,42.475236403376684,2025-08-17 11:46:00 UTC
STARLINK-5873,29.88924402012957,2025-08-17 10:39:00 UTC
STARLINK-5842,46.26665090592813,2025-08-17 11:40:00 UTC
STARLINK-5846,57.508222268418756,2025-08-17 11:34:00 UTC
STARLINK-5841,51.51910214494818,2025-08-17 09:39:00 UTC
STARLINK-5530,57.85609024425125,2025-08-17 11:34:00 UTC
STARLINK-5529,69.93028563942403,2025-08-17 11:22:00 UTC
STARLINK-5526,72.05443120059053,2025-08-17 11:18:00 UTC
STARLINK-5527,71.16778198498665,2025-08-17 11:10:00 UTC
STARLINK-5522,65.35291677912703,2025-08-17 11:28:00 UTC
STARLINK-5775,55.563117638171434,2025-08-17 12:02:00 UTC
STARLINK-5716,52.03968158261643,2025-08-17 11:57:00 UTC
STARLINK-5763,50.7669190410469,2025-08-17 11:55:00 UTC
STARLINK-5340,69.7694753255217,2025-08-17 12:07:00 UTC
STARLINK-5333,67.38950982019708,2025-08-17 10:29:00 UTC
STARLINK-5335,46.89562289636156,2025-08-17 11:49:00 UTC
STARLINK-5334,36.86375727852856,2025-08-17 11:36:00 UTC
STARLINK-5339,42.31139879681103,2025-08-17 11:45:00 UTC
STARLINK-5351,34.68457655126884,2025-08-17 11:31:00 UTC
STARLINK-5349,41.48976267858066,2025-08-17 11:41:00 UTC
STARLINK-5329,33.871282011645825,2025-08-17 11:29:00 UTC
STARLINK-5348,63.751088739964544,2025-08-17 13:04:00 UTC
STARLINK-5342,36.24680977221979,2025-08-17 11:32:00 UTC
STARLINK-5345,74.64667017774875,2025-08-17 12:51:00 UTC
STARLINK-5346,66.95453527508644,2025-08-17 13:00:00 UTC
STARLINK-6313,79.38363594356129,2025-08-17 12:44:00 UTC
STARLINK-6344,70.23262142204088,2025-08-17 12:54:00 UTC
STARLINK-6333,62.2343854059746,2025-08-17 12:09:00 UTC
STARLINK-6327,76.45502243663519,2025-08-17 12:46:00 UTC
STARLINK-6328,65.46572150833741,2025-08-17 12:16:00 UTC
STARLINK-6323,85.33153004883758,2025-08-17 12:29:00 UTC
STARLINK-6329,57.953437600330695,2025-08-17 12:07:00 UTC
STARLINK-6317,73.15607823933392,2025-08-17 12:19:00 UTC
STARLINK-6335,65.35520773381117,2025-08-17 12:08:00 UTC
STARLINK-6337,65.27214151298932,2025-08-17 12:11:00 UTC
STARLINK-6307,73.33382581471378,2025-08-17 11:57:00 UTC
STARLINK-6318,51.0444667948729,2025-08-17 11:42:00 UTC
STARLINK-6280,81.73976542973318,2025-08-17 11:52:00 UTC
STARLINK-6319,70.22195351572921,2025-08-17 12:07:00 UTC
STARLINK-6310,71.17650619822072,2025-08-17 11:42:00 UTC
STARLINK-6308,66.8230496139842,2025-08-17 12:01:00 UTC
STARLINK-6309,17.019069994937563,2025-08-17 11:36:00 UTC
STARLINK-6312,19.616594872001137,2025-08-17 13:04:00 UTC
STARLINK-6311,15.881360937510358,2025-08-17 11:32:00 UTC
STARLINK-6314,75.66639859186736,2025-08-17 11:37:00 UTC
STARLINK-6135,61.739174450397385,2025-08-17 12:57:00 UTC
STARLINK-6136,53.247606401938,2025-08-17 12:52:00 UTC
STARLINK-6249,58.13398225653941,2025-08-17 12:53:00 UTC
STARLINK-6266,65.70356797925012,2025-08-17 13:02:00 UTC
STARLINK-6226,22.409444341224955,2025-08-17 11:50:00 UTC
STARLINK-6086,45.13794671921815,2025-08-17 12:36:00 UTC
STARLINK-6187,52.963049026248015,2025-08-17 12:48:00 UTC
STARLINK-6291,21.438125290340682,2025-08-17 11:47:00 UTC
STARLINK-6244,48.03339972693275,2025-08-17 12:42:00 UTC
STARLINK-6263,34.52034908302275,2025-08-17 12:19:00 UTC
STARLINK-6255,41.70626527016728,2025-08-17 12:31:00 UTC
STARLINK-6199,31.38696008726145,2025-08-17 12:12:00 UTC
STARLINK-5802,35.858875522894564,2025-08-17 12:21:00 UTC
STARLINK-6074,30.11765431781067,2025-08-17 12:10:00 UTC
STARLINK-6295,31.543371833234488,2025-08-17 12:13:00 UTC
STARLINK-6252,24.622601332121548,2025-08-17 11:56:00 UTC
STARLINK-5302,26.57288461897037,2025-08-17 12:01:00 UTC
STARLINK-6265,22.814494602656776,2025-08-17 11:51:00 UTC
STARLINK-6286,51.347994967154456,2025-08-17 12:46:00 UTC
STARLINK-6197,52.501470351557586,2025-08-17 04:10:00 UTC
STARLINK-6198,44.31411564239977,2025-08-17 11:22:00 UTC
STARLINK-5978,14.591733989081039,2025-08-17 12:20:00 UTC
STARLINK-6342,67.1904913968717,2025-08-17 04:32:00 UTC
STARLINK-6275,53.347444811644614,2025-08-17 04:26:00 UTC
STARLINK-6296,73.9766074003756,2025-08-17 10:33:00 UTC
STARLINK-6190,59.2741583619292,2025-08-17 04:56:00 UTC
STARLINK-6292,76.33344744357727,2025-08-17 10:27:00 UTC
STARLINK-6274,26.918190659222198,2025-08-17 11:03:00 UTC
STARLINK-5582,67.03989383624165,2025-08-17 03:13:00 UTC
STARLINK-6304,25.879579186984305,2025-08-17 12:35:00 UTC
STARLINK-6231,64.5942287764515,2025-08-17 11:58:00 UTC
STARLINK-5963,57.271590770990066,2025-08-17 03:07:00 UTC
STARLINK-5989,48.83471236947057,2025-08-17 12:46:00 UTC
STARLINK-6352,29.994519394944778,2025-08-17 12:29:00 UTC
STARLINK-6357,41.18378590084701,2025-08-17 12:17:00 UTC
STARLINK-6354,34.68998845543767,2025-08-17 12:23:00 UTC
STARLINK-5931,64.73150267324377,2025-08-17 12:58:00 UTC
STARLINK-6341,46.725705914971215,2025-08-17 12:11:00 UTC
STARLINK-6326,61.64531601638867,2025-08-17 11:34:00 UTC
STARLINK-6336,58.04305640066235,2025-08-17 12:04:00 UTC
STARLINK-6325,60.066487977885764,2025-08-17 10:18:00 UTC
STARLINK-6345,42.37505944891548,2025-08-17 10:03:00 UTC
STARLINK-5977,55.48860596362498,2025-08-17 03:37:00 UTC
STARLINK-6046,74.08042617788975,2025-08-17 13:04:00 UTC
STARLINK-6052,31.835966458634395,2025-08-17 04:02:00 UTC
STARLINK-6060,70.80323508407945,2025-08-17 11:52:00 UTC
STARLINK-6061,38.56954965799783,2025-08-17 11:16:00 UTC
STARLINK-6049,58.28856709725849,2025-08-17 12:52:00 UTC
STARLINK-6058,52.59185612407098,2025-08-17 03:07:00 UTC
STARLINK-5953,35.711596154230875,2025-08-17 12:34:00 UTC
STARLINK-6036,40.85539200905114,2025-08-17 12:39:00 UTC
STARLINK-6087,50.15690061398361,2025-08-17 11:27:00 UTC
STARLINK-6070,80.3455153596048,2025-08-17 11:52:00 UTC
STARLINK-6029,35.90411827533095,2025-08-17 03:56:00 UTC
STARLINK-6069,69.69470061763253,2025-08-17 11:40:00 UTC
STARLINK-6064,80.51187220285343,2025-08-17 11:46:00 UTC
STARLINK-6072,47.056765657398806,2025-08-17 10:52:00 UTC
STARLINK-6073,36.704923495661205,2025-08-17 11:15:00 UTC
STARLINK-6042,52.61705370110207,2025-08-17 08:11:00 UTC
STARLINK-6040,82.66259495500077,2025-08-17 03:25:00 UTC
STARLINK-6031,42.876556603857125,2025-08-17 03:50:00 UTC
STARLINK-6063,39.53247530817449,2025-08-17 10:58:00 UTC
STARLINK-6065,51.92168636618782,2025-08-17 11:28:00 UTC
STARLINK-6056,73.7602331048595,2025-08-17 03:19:00 UTC
STARLINK-6059,68.17480164672907,2025-08-17 03:32:00 UTC
STARLINK-6067,33.19232405448747,2025-08-17 11:10:00 UTC
STARLINK-5982,48.742297541246664,2025-08-17 03:44:00 UTC
STARLINK-6028,83.7051722763931,2025-08-17 03:19:00 UTC
STARLINK-30119,80.91653531481039,2025-08-17 10:20:00 UTC
STARLINK-30120,69.47466569377919,2025-08-17 10:16:00 UTC
STARLINK-30084,67.09007154782928,2025-08-17 10:10:00 UTC
STARLINK-30114,78.74253060213292,2025-08-17 10:36:00 UTC
STARLINK-30151,62.51468979118259,2025-08-17 10:00:00 UTC
STARLINK-30152,61.28191529477678,2025-08-17 09:55:00 UTC
STARLINK-30128,79.2695445872668,2025-08-17 04:15:00 UTC
STARLINK-30131,72.89884103549912,2025-08-17 03:58:00 UTC
STARLINK-30069,60.386739914795974,2025-08-17 09:49:00 UTC
STARLINK-30144,60.11617446769123,2025-08-17 06:22:00 UTC
STARLINK-30142,59.48822253008396,2025-08-17 06:17:00 UTC
STARLINK-30133,65.25566154730889,2025-08-17 06:12:00 UTC
STARLINK-30123,73.36970750502786,2025-08-17 08:42:00 UTC
STARLINK-30076,65.75321081503066,2025-08-17 06:08:00 UTC
STARLINK-30073,57.78879403367334,2025-08-17 04:58:00 UTC
STARLINK-30078,75.14078101021452,2025-08-17 09:54:00 UTC
STARLINK-30135,73.40943806145543,2025-08-17 10:26:00 UTC
STARLINK-30137,65.23292768111136,2025-08-17 10:06:00 UTC
STARLINK-30136,82.18121101189448,2025-08-17 05:43:00 UTC
STARLINK-6206,62.83637580076056,2025-08-17 08:13:00 UTC
STARLINK-6209,64.73973217666732,2025-08-17 04:40:00 UTC
STARLINK-6182,62.34181142424252,2025-08-17 08:12:00 UTC
STARLINK-5707,61.1756801316528,2025-08-17 04:45:00 UTC
STARLINK-6177,78.19287660649117,2025-08-17 04:20:00 UTC
STARLINK-5853,59.7854418618437,2025-08-17 04:42:00 UTC
STARLINK-6175,72.83106360008334,2025-08-17 04:21:00 UTC
STARLINK-6171,62.39591381522058,2025-08-17 04:36:00 UTC
STARLINK-5515,86.31864395516475,2025-08-17 04:11:00 UTC
STARLINK-5095,70.28519310232727,2025-08-17 04:31:00 UTC
STARLINK-5496,87.38505375310885,2025-08-17 04:09:00 UTC
STARLINK-6180,77.41947192192131,2025-08-17 04:16:00 UTC
STARLINK-6181,68.1362121727412,2025-08-17 08:53:00 UTC
STARLINK-6169,74.46342915814556,2025-08-17 04:05:00 UTC
STARLINK-5528,70.39641952817345,2025-08-17 08:54:00 UTC
STARLINK-6213,78.71577457275527,2025-08-17 03:59:00 UTC
STARLINK-6219,77.67361222700978,2025-08-17 08:42:00 UTC
STARLINK-6216,76.99390812657236,2025-08-17 08:57:00 UTC
STARLINK-6144,89.61449775011106,2025-08-17 08:44:00 UTC
STARLINK-6208,81.69041545635626,2025-08-17 08:39:00 UTC
STARLINK-6202,74.30077153909005,2025-08-17 08:32:00 UTC
STARLINK-6200,76.92936871037462,2025-08-17 08:38:00 UTC
STARLINK-6205,69.38523661356317,2025-08-17 08:22:00 UTC
STARLINK-6203,67.86390729280949,2025-08-17 08:27:00 UTC
STARLINK-6207,70.98483129475628,2025-08-17 03:27:00 UTC
STARLINK-6185,64.98628578773754,2025-08-17 08:18:00 UTC
STARLINK-6195,73.44360100597262,2025-08-17 03:22:00 UTC
STARLINK-6192,71.79588980438004,2025-08-17 08:24:00 UTC
STARLINK-6193,86.09410476930894,2025-08-17 07:50:00 UTC
STARLINK-6183,73.48425466378382,2025-08-17 03:17:00 UTC
STARLINK-6098,75.63357378548729,2025-08-17 03:12:00 UTC
STARLINK-6110,82.98919678104676,2025-08-17 03:14:00 UTC
STARLINK-6186,79.23449488039854,2025-08-17 08:00:00 UTC
STARLINK-5999,85.64502787918207,2025-08-17 03:19:00 UTC
STARLINK-6179,79.50774018766782,2025-08-17 07:52:00 UTC
STARLINK-6116,74.23689104623728,2025-08-17 03:07:00 UTC
STARLINK-5805,79.5374339066223,2025-08-17 07:45:00 UTC
STARLINK-5950,69.69387030775542,2025-08-17 08:05:00 UTC
STARLINK-5961,65.58530983211006,2025-08-17 07:34:00 UTC
STARLINK-5965,83.04435564269863,2025-08-17 07:55:00 UTC
STARLINK-5973,64.61580829110686,2025-08-17 03:47:00 UTC
STARLINK-5971,75.2315916477737,2025-08-17 07:40:00 UTC
STARLINK-5951,64.09490741276234,2025-08-17 07:24:00 UTC
STARLINK-5966,68.94204874025772,2025-08-17 07:31:00 UTC
STARLINK-5960,58.74570623052527,2025-08-17 03:52:00 UTC
STARLINK-5958,67.54389049817509,2025-08-17 07:29:00 UTC
STARLINK-5937,67.22703331503885,2025-08-17 03:33:00 UTC
STARLINK-5952,57.64335582521196,2025-08-17 03:57:00 UTC
STARLINK-5731,72.37459465305325,2025-08-17 03:32:00 UTC
STARLINK-5733,63.40833143549281,2025-08-17 03:37:00 UTC
STARLINK-5746,66.72081227447843,2025-08-17 03:42:00 UTC
STARLINK-5808,11.32226585241566,2025-08-17 04:14:00 UTC
STARLINK-5850,65.42663797649541,2025-08-17 09:58:00 UTC
STARLINK-5845,72.79846172875065,2025-08-17 06:09:00 UTC
STARLINK-5839,69.26313420675105,2025-08-17 06:14:00 UTC
STARLINK-5860,65.67451843270095,2025-08-17 06:19:00 UTC
STARLINK-5865,81.22554428811894,2025-08-17 05:54:00 UTC
STARLINK-5881,68.85742307044737,2025-08-17 05:38:00 UTC
STARLINK-6237,71.27891340352916,2025-08-17 06:06:00 UTC
STARLINK-6353,70.74779511928054,2025-08-17 05:39:00 UTC
STARLINK-6223,75.49187411654916,2025-08-17 10:37:00 UTC
STARLINK-6217,76.79537521011201,2025-08-17 05:44:00 UTC
STARLINK-6211,60.94251891790161,2025-08-17 06:24:00 UTC
STARLINK-6227,59.08220378603955,2025-08-17 06:29:00 UTC
STARLINK-5869,83.0662402679114,2025-08-17 10:24:00 UTC
STARLINK-5536,71.49313777643812,2025-08-17 05:18:00 UTC
STARLINK-5832,72.12982225749359,2025-08-17 10:11:00 UTC
STARLINK-5822,76.55070214108204,2025-08-17 06:04:00 UTC
STARLINK-5830,59.30766752986495,2025-08-17 09:57:00 UTC
STARLINK-5827,71.93800219158267,2025-08-17 10:16:00 UTC
STARLINK-5824,80.63364875238723,2025-08-17 05:59:00 UTC
STARLINK-5844,66.73296454373677,2025-08-17 10:06:00 UTC
STARLINK-5821,74.47373133085995,2025-08-17 04:46:00 UTC
STARLINK-5828,74.14255848812634,2025-08-17 05:13:00 UTC
STARLINK-5834,87.22572160384698,2025-08-17 04:58:00 UTC
STARLINK-5843,78.63153921611121,2025-08-17 05:07:00 UTC
STARLINK-5838,76.82586300902895,2025-08-17 05:12:00 UTC
STARLINK-5773,68.55650234011071,2025-08-17 10:02:00 UTC
STARLINK-5542,71.56179123080346,2025-08-17 09:44:00 UTC
STARLINK-6155,71.95491105831192,2025-08-17 05:03:00 UTC
STARLINK-6194,73.8070119255082,2025-08-17 04:49:00 UTC
STARLINK-6246,84.41540600274163,2025-08-17 05:02:00 UTC
STARLINK-6245,83.23940426223525,2025-08-17 09:35:00 UTC
STARLINK-6243,83.44291342666776,2025-08-17 04:54:00 UTC
STARLINK-6184,84.70477096682332,2025-08-17 09:30:00 UTC
STARLINK-6248,73.5696183741478,2025-08-17 09:39:00 UTC
STARLINK-6253,68.45560806677386,2025-08-17 09:18:00 UTC
STARLINK-6240,86.18665156614371,2025-08-17 09:31:00 UTC
STARLINK-6232,69.28215438486512,2025-08-17 09:11:00 UTC
STARLINK-6247,75.17759088075168,2025-08-17 09:27:00 UTC
STARLINK-6251,62.538943149761394,2025-08-17 09:07:00 UTC
STARLINK-6257,74.48442654570485,2025-08-17 09:21:00 UTC
STARLINK-6259,59.6671161441714,2025-08-17 05:29:00 UTC
STARLINK-6254,64.30233189828324,2025-08-17 09:04:00 UTC
STARLINK-6262,60.84800847949681,2025-08-17 05:34:00 UTC
STARLINK-6225,62.057830052621505,2025-08-17 09:00:00 UTC
STARLINK-6229,61.554607268292926,2025-08-17 05:24:00 UTC
STARLINK-6235,61.3486124567559,2025-08-17 05:22:00 UTC
STARLINK-5768,2.3575378183159086,2025-08-17 12:56:00 UTC
STARLINK-5791,2.9722848208324266,2025-08-17 13:04:00 UTC
STARLINK-5765,1.302373627272868,2025-08-17 12:49:00 UTC
STARLINK-5778,5.723007174384128,2025-08-17 11:34:00 UTC
STARLINK-5780,3.121503151010907,2025-08-17 13:01:00 UTC
STARLINK-5776,2.8150837089986753,2025-08-17 12:59:00 UTC
STARLINK-6164,3.5634285159012697,2025-08-17 13:04:00 UTC
STARLINK-5879,1.5740448757143914,2025-08-17 12:02:00 UTC
STARLINK-6106,1.4385340392626194,2025-08-17 12:50:00 UTC
STARLINK-5525,66.50255659829202,2025-08-17 05:08:00 UTC
STARLINK-5520,65.84676789665963,2025-08-17 05:03:00 UTC
STARLINK-5880,56.92523518865251,2025-08-17 04:39:00 UTC
STARLINK-5875,64.92434766082182,2025-08-17 04:59:00 UTC
STARLINK-5870,61.70112144742995,2025-08-17 04:49:00 UTC
STARLINK-5519,64.75698777877538,2025-08-17 04:54:00 UTC
STARLINK-5983,59.100934897740935,2025-08-17 04:44:00 UTC
STARLINK-6294,63.45559803685325,2025-08-17 04:57:00 UTC
STARLINK-6350,51.32330582412973,2025-08-17 04:28:00 UTC
STARLINK-5996,54.65195350575531,2025-08-17 04:34:00 UTC
STARLINK-6230,51.30413512683608,2025-08-17 06:03:00 UTC
STARLINK-6233,52.01503577262329,2025-08-17 04:33:00 UTC
STARLINK-6250,53.982901665347015,2025-08-17 05:54:00 UTC
STARLINK-5840,76.51939745604672,2025-08-17 05:19:00 UTC
STARLINK-5872,81.07024946475487,2025-08-17 05:18:00 UTC
STARLINK-5866,72.251966529766,2025-08-17 05:30:00 UTC
STARLINK-6368,81.46195659736625,2025-08-17 05:14:00 UTC
STARLINK-6360,73.03959306013888,2025-08-17 05:33:00 UTC
STARLINK-6315,55.75708046001987,2025-08-17 03:47:00 UTC
STARLINK-6365,72.3957706309846,2025-08-17 05:25:00 UTC
STARLINK-6334,48.76623721303426,2025-08-17 03:36:00 UTC
STARLINK-6330,82.66802741705226,2025-08-17 05:13:00 UTC
STARLINK-6351,57.03764563957818,2025-08-17 05:03:00 UTC
STARLINK-6349,50.43929733185769,2025-08-17 03:42:00 UTC
STARLINK-6306,48.63789069996657,2025-08-17 03:37:00 UTC
STARLINK-6346,52.53100480342467,2025-08-17 03:40:00 UTC
STARLINK-5610,56.6264158050346,2025-08-17 05:07:00 UTC
STARLINK-5587,51.487410805805474,2025-08-17 05:10:00 UTC
STARLINK-5049,84.75271775095936,2025-08-17 04:27:00 UTC
STARLINK-5039,59.56042835018795,2025-08-17 05:00:00 UTC
STARLINK-5514,65.19529037300451,2025-08-17 04:56:00 UTC
STARLINK-5517,69.34376966668735,2025-08-17 04:52:00 UTC
STARLINK-5488,76.33617853022062,2025-08-17 04:37:00 UTC
STARLINK-5513,69.60313915384543,2025-08-17 04:47:00 UTC
STARLINK-5511,69.7198555126969,2025-08-17 04:26:00 UTC
STARLINK-5516,65.96563538008014,2025-08-17 04:45:00 UTC
STARLINK-5490,67.8670305572175,2025-08-17 04:17:00 UTC
STARLINK-5481,74.8523778407629,2025-08-17 04:20:00 UTC
STARLINK-5512,55.93583615204373,2025-08-17 03:50:00 UTC
STARLINK-5503,78.16315888617373,2025-08-17 04:31:00 UTC
STARLINK-5476,70.49778935230647,2025-08-17 04:12:00 UTC
STARLINK-5026,65.44282371384917,2025-08-17 04:02:00 UTC
STARLINK-5485,69.9010249440136,2025-08-17 05:40:00 UTC
STARLINK-5504,75.32237456825192,2025-08-17 04:15:00 UTC
STARLINK-5509,68.36154078218796,2025-08-17 05:38:00 UTC
STARLINK-5858,57.44262413348319,2025-08-17 03:56:00 UTC
STARLINK-5890,56.836863848472944,2025-08-17 03:52:00 UTC
STARLINK-30198,16.713904435448928,2025-08-17 11:35:00 UTC
STARLINK-30239,15.06290643062993,2025-08-17 11:29:00 UTC
STARLINK-30210,27.003827961227252,2025-08-17 11:30:00 UTC
STARLINK-30235,59.38047580049027,2025-08-17 12:55:00 UTC
STARLINK-30238,55.639644775442754,2025-08-17 12:13:00 UTC
STARLINK-30234,54.782180860298965,2025-08-17 10:48:00 UTC
STARLINK-30241,35.47709263462309,2025-08-17 11:36:00 UTC
STARLINK-30236,42.592837545627134,2025-08-17 12:36:00 UTC
STARLINK-30201,39.66435421787973,2025-08-17 12:31:00 UTC
STARLINK-30233,37.09540479989766,2025-08-17 12:24:00 UTC
STARLINK-30232,64.50048783352429,2025-08-17 12:23:00 UTC
STARLINK-30177,72.58081535453982,2025-08-17 12:53:00 UTC
STARLINK-30200,42.915036399268544,2025-08-17 11:46:00 UTC
STARLINK-30209,30.69412682955327,2025-08-17 11:35:00 UTC
STARLINK-30194,46.02488588704194,2025-08-17 10:46:00 UTC
STARLINK-30163,45.02009630006424,2025-08-17 12:36:00 UTC
STARLINK-30184,57.67887408155881,2025-08-17 12:16:00 UTC
STARLINK-30175,34.134272971712065,2025-08-17 11:41:00 UTC
STARLINK-6138,12.068524136757015,2025-08-17 12:58:00 UTC
STARLINK-6212,5.261759940611064,2025-08-17 13:04:00 UTC
STARLINK-6234,10.188272539725283,2025-08-17 13:04:00 UTC
STARLINK-5831,13.27332067316408,2025-08-17 13:03:00 UTC
STARLINK-5585,12.806880260828418,2025-08-17 13:01:00 UTC
STARLINK-5589,10.864369477866973,2025-08-17 12:53:00 UTC
STARLINK-6316,7.560382601824512,2025-08-17 12:36:00 UTC
STARLINK-6320,0.18157548419879774,2025-08-17 11:52:00 UTC
STARLINK-6322,9.938193340991727,2025-08-17 12:48:00 UTC
STARLINK-6374,8.519485293528009,2025-08-17 12:41:00 UTC
STARLINK-6332,10.558239927315439,2025-08-17 12:51:00 UTC
STARLINK-6321,5.188026823395125,2025-08-17 12:23:00 UTC
STARLINK-6377,6.604472419093208,2025-08-17 12:31:00 UTC
STARLINK-6375,1.1905774525669002,2025-08-17 11:58:00 UTC
STARLINK-6379,5.735490482457478,2025-08-17 12:26:00 UTC
STARLINK-6380,3.5516237072981323,2025-08-17 12:13:00 UTC
STARLINK-6373,4.352907858168667,2025-08-17 12:18:00 UTC
STARLINK-6378,3.314928491673532,2025-08-17 12:11:00 UTC
STARLINK-6362,8.945417591412948,2025-08-17 11:54:00 UTC
STARLINK-6297,6.999265508896592,2025-08-17 11:44:00 UTC
STARLINK-6293,4.799091197872352,2025-08-17 11:31:00 UTC
STARLINK-6276,7.960930071257268,2025-08-17 11:49:00 UTC
STARLINK-6355,5.120723045407622,2025-08-17 13:04:00 UTC
STARLINK-5600,6.3390150548668185,2025-08-17 11:40:00 UTC
STARLINK-6299,29.19345661193682,2025-08-17 13:00:00 UTC
STARLINK-6347,7.2645913449754955,2025-08-17 11:45:00 UTC
STARLINK-6348,25.392789091077038,2025-08-17 12:50:00 UTC
STARLINK-6340,30.663061956535458,2025-08-17 13:04:00 UTC
STARLINK-6343,23.408877000963997,2025-08-17 12:45:00 UTC
STARLINK-6356,27.42247236948425,2025-08-17 12:55:00 UTC
STARLINK-6338,23.207061796953422,2025-08-17 12:44:00 UTC
STARLINK-5007,17.89315027138127,2025-08-17 12:28:00 UTC
STARLINK-6174,19.87644515739209,2025-08-17 12:34:00 UTC
STARLINK-6215,39.30857627996112,2025-08-17 12:26:00 UTC
STARLINK-6218,17.166948717621885,2025-08-17 12:25:00 UTC
STARLINK-6168,20.98862721482035,2025-08-17 12:38:00 UTC
STARLINK-5353,14.635493837678137,2025-08-17 12:16:00 UTC
STARLINK-6032,20.12762599668607,2025-08-17 12:36:00 UTC
STARLINK-5975,11.912348446509444,2025-08-17 12:04:00 UTC
STARLINK-6370,7.68333954966216,2025-08-17 11:47:00 UTC
STARLINK-6369,50.70030378976633,2025-08-17 12:45:00 UTC
STARLINK-6363,13.91851945657933,2025-08-17 12:14:00 UTC
STARLINK-6367,10.527596590149788,2025-08-17 11:58:00 UTC
STARLINK-6358,12.093710977301521,2025-08-17 12:05:00 UTC
STARLINK-6364,69.91353958837004,2025-08-17 12:41:00 UTC
STARLINK-6361,11.239298644382808,2025-08-17 12:01:00 UTC
STARLINK-6366,73.70819111566539,2025-08-17 12:40:00 UTC
STARLINK-6371,18.794556222439738,2025-08-17 11:41:00 UTC
STARLINK-30240,13.620211839300344,2025-08-17 13:04:00 UTC
STARLINK-30192,12.51137660952112,2025-08-17 13:00:00 UTC
STARLINK-30195,11.526090495889044,2025-08-17 12:55:00 UTC
STARLINK-30207,12.601617100822587,2025-08-17 12:07:00 UTC
STARLINK-30205,8.273241148672835,2025-08-17 12:40:00 UTC
STARLINK-30222,5.661490811455174,2025-08-17 12:25:00 UTC
STARLINK-30172,7.485681455934617,2025-08-17 12:35:00 UTC
STARLINK-30182,6.373795136264331,2025-08-17 12:30:00 UTC
STARLINK-30191,33.196145392231394,2025-08-17 12:53:00 UTC
STARLINK-30193,3.85570290909432,2025-08-17 12:15:00 UTC
STARLINK-30208,3.1427036675804727,2025-08-17 12:10:00 UTC
STARLINK-30224,2.3543571391115217,2025-08-17 12:05:00 UTC
STARLINK-30043,0.8233595984760388,2025-08-17 11:55:00 UTC
STARLINK-30221,1.4678159617407684,2025-08-17 12:00:00 UTC
STARLINK-30189,1.0601977645697134,2025-08-17 12:50:00 UTC
STARLINK-30105,70.86759413795804,2025-08-17 03:51:00 UTC
STARLINK-30183,16.783185837082335,2025-08-17 12:57:00 UTC
STARLINK-30196,3.4602906111739387,2025-08-17 13:02:00 UTC
STARLINK-30225,2.6653455345573325,2025-08-17 12:57:00 UTC
STARLINK-30217,9.527730934382998,2025-08-17 12:45:00 UTC
STARLINK-30216,1.8644994189173487,2025-08-17 12:52:00 UTC
STARLINK-30165,8.349347896807357,2025-08-17 04:28:00 UTC
STARLINK-30140,9.534796941218987,2025-08-17 04:22:00 UTC
STARLINK-30185,10.398074442058883,2025-08-17 04:18:00 UTC
STARLINK-30077,11.660849659117867,2025-08-17 04:12:00 UTC
STARLINK-30229,7.567650474774123,2025-08-17 04:32:00 UTC
STARLINK-30088,12.36595488997232,2025-08-17 04:09:00 UTC
STARLINK-30091,15.274326275663643,2025-08-17 03:57:00 UTC
STARLINK-30116,14.547515580341978,2025-08-17 03:59:00 UTC
STARLINK-30092,17.77260360723342,2025-08-17 03:48:00 UTC
STARLINK-30039,18.92384936268019,2025-08-17 03:43:00 UTC
STARLINK-30171,22.49443887024281,2025-08-17 03:33:00 UTC
STARLINK-30186,21.097779592976032,2025-08-17 03:37:00 UTC
STARLINK-30204,24.607725326117702,2025-08-17 03:27:00 UTC
STARLINK-30187,26.136863959805908,2025-08-17 03:22:00 UTC
STARLINK-30155,32.09046725634514,2025-08-17 03:08:00 UTC
STARLINK-30161,21.753244794100823,2025-08-17 03:05:00 UTC
STARLINK-30176,5.476669801567707,2025-08-17 04:39:00 UTC
STARLINK-30154,58.87131456296742,2025-08-17 05:04:00 UTC
STARLINK-30145,78.99896289239666,2025-08-17 04:40:00 UTC
STARLINK-30226,85.38591275542665,2025-08-17 04:34:00 UTC
STARLINK-30203,70.76810565994433,2025-08-17 04:20:00 UTC
STARLINK-30169,74.92044781209682,2025-08-17 03:27:00 UTC
STARLINK-30164,60.04598424122146,2025-08-17 04:04:00 UTC
STARLINK-30072,60.560696302697266,2025-08-17 03:53:00 UTC
STARLINK-30228,29.226288207893568,2025-08-17 04:07:00 UTC
STARLINK-30230,64.67882225459138,2025-08-17 04:09:00 UTC
STARLINK-30213,56.13789329145605,2025-08-17 03:48:00 UTC
STARLINK-30227,65.50099036501335,2025-08-17 03:12:00 UTC
STARLINK-30212,52.13869569042079,2025-08-17 03:43:00 UTC
STARLINK-30219,52.30298771353103,2025-08-17 03:39:00 UTC
STARLINK-30074,59.440769943096036,2025-08-17 03:59:00 UTC
STARLINK-30082,59.171056373761054,2025-08-17 05:00:00 UTC
STARLINK-30153,63.66638757616264,2025-08-17 04:53:00 UTC
STARLINK-30147,54.04148816121109,2025-08-17 05:10:00 UTC
STARLINK-30157,36.44277895770879,2025-08-17 03:50:00 UTC
STARLINK-30168,50.947821824041334,2025-08-17 05:14:00 UTC
STARLINK-30231,68.92621269953914,2025-08-17 04:49:00 UTC
STARLINK-30081,76.1640482285214,2025-08-17 04:28:00 UTC
STARLINK-30149,67.17728449673862,2025-08-17 04:15:00 UTC
STARLINK-30259,56.137040596398556,2025-08-17 04:17:00 UTC
STARLINK-30256,56.374391457065194,2025-08-17 04:12:00 UTC
STARLINK-30261,63.656392523271094,2025-08-17 04:06:00 UTC
STARLINK-30260,64.40646395447793,2025-08-17 04:02:00 UTC
STARLINK-30253,85.13945687808304,2025-08-17 03:46:00 UTC
STARLINK-30257,74.001528546311,2025-08-17 03:51:00 UTC
STARLINK-30250,84.14112264463282,2025-08-17 03:41:00 UTC
STARLINK-30269,72.17827734984094,2025-08-17 03:21:00 UTC
STARLINK-30266,62.22793568800444,2025-08-17 03:07:00 UTC
STARLINK-30270,68.57154710853665,2025-08-17 03:16:00 UTC
STARLINK-30268,79.30922843166074,2025-08-17 03:37:00 UTC
STARLINK-30251,72.56572717629909,2025-08-17 03:28:00 UTC
STARLINK-30254,63.33652983055129,2025-08-17 12:48:00 UTC
STARLINK-30264,3.3750364960838914,2025-08-17 12:36:00 UTC
STARLINK-30166,77.10633448425823,2025-08-17 08:56:00 UTC
STARLINK-30223,72.56597284152716,2025-08-17 08:25:00 UTC
STARLINK-30218,81.47404307874919,2025-08-17 08:36:00 UTC
STARLINK-30138,65.83292475581776,2025-08-17 08:31:00 UTC
STARLINK-30255,70.5605837939699,2025-08-17 04:30:00 UTC
STARLINK-30252,66.79821204831836,2025-08-17 03:46:00 UTC
STARLINK-30258,67.14769363221424,2025-08-17 08:17:00 UTC
STARLINK-30174,58.858668270661795,2025-08-17 08:06:00 UTC
STARLINK-30248,59.36090184429182,2025-08-17 08:11:00 UTC
STARLINK-30052,63.27989091326982,2025-08-17 04:38:00 UTC
STARLINK-30245,67.46576757894383,2025-08-17 04:33:00 UTC
STARLINK-30041,70.68800452804854,2025-08-17 04:29:00 UTC
STARLINK-30244,72.20014640028535,2025-08-17 04:22:00 UTC
STARLINK-30246,76.47566260887193,2025-08-17 04:18:00 UTC
STARLINK-30075,86.34432869258134,2025-08-17 04:13:00 UTC
STARLINK-30148,85.75430906749304,2025-08-17 04:08:00 UTC
STARLINK-30249,82.48385499687572,2025-08-17 04:03:00 UTC
STARLINK-30141,75.27300860530521,2025-08-17 08:47:00 UTC
STARLINK-30150,77.35480252133429,2025-08-17 08:51:00 UTC
STARLINK-30056,81.7754498127993,2025-08-17 08:46:00 UTC
STARLINK-30100,68.88049015819378,2025-08-17 08:41:00 UTC
STARLINK-30309,88.4786308842821,2025-08-17 09:38:00 UTC
STARLINK-30306,83.38755270348297,2025-08-17 09:33:00 UTC
STARLINK-30323,73.9233455366086,2025-08-17 04:25:00 UTC
STARLINK-30329,73.28517851749335,2025-08-17 09:28:00 UTC
STARLINK-30330,67.05478963368381,2025-08-17 09:23:00 UTC
STARLINK-30311,69.9808444535952,2025-08-17 09:13:00 UTC
STARLINK-30328,61.68937004290087,2025-08-17 04:35:00 UTC
STARLINK-30326,83.1827959761398,2025-08-17 04:55:00 UTC
STARLINK-30324,58.35008956881337,2025-08-17 09:02:00 UTC
STARLINK-30312,60.49358088650805,2025-08-17 08:58:00 UTC
STARLINK-30263,67.36780855302179,2025-08-17 05:26:00 UTC
STARLINK-30280,78.90435169354792,2025-08-17 05:10:00 UTC
STARLINK-30247,75.63575801488427,2025-08-17 05:15:00 UTC
STARLINK-30277,39.58912937958006,2025-08-17 03:51:00 UTC
STARLINK-30265,59.40032253375543,2025-08-17 05:30:00 UTC
STARLINK-30286,73.31407587611518,2025-08-17 05:06:00 UTC
STARLINK-30243,76.64999788267536,2025-08-17 04:45:00 UTC
STARLINK-30299,72.94534183905398,2025-08-17 05:00:00 UTC
STARLINK-30294,66.45575178914008,2025-08-17 08:16:00 UTC
STARLINK-30276,80.79077484131395,2025-08-17 04:50:00 UTC
STARLINK-30289,63.95934593897341,2025-08-17 08:21:00 UTC
STARLINK-30267,50.656230637471104,2025-08-17 08:05:00 UTC
STARLINK-30298,45.73870375649637,2025-08-17 08:09:00 UTC
STARLINK-30301,61.188150980703135,2025-08-17 12:00:00 UTC
STARLINK-30275,33.36131114974815,2025-08-17 06:58:00 UTC
STARLINK-30278,30.616579551273094,2025-08-17 06:51:00 UTC
STARLINK-30271,42.157566558343866,2025-08-17 07:11:00 UTC
STARLINK-30322,33.69106940791315,2025-08-17 06:57:00 UTC
STARLINK-30296,44.86959972696492,2025-08-17 08:10:00 UTC
STARLINK-30274,79.52649349770309,2025-08-17 07:47:00 UTC
STARLINK-30316,36.790581597800426,2025-08-17 08:18:00 UTC
STARLINK-30317,50.13676430096921,2025-08-17 07:15:00 UTC
STARLINK-30313,72.35220171932261,2025-08-17 07:51:00 UTC
STARLINK-30303,29.708954802882662,2025-08-17 08:24:00 UTC
STARLINK-30320,31.764858729732257,2025-08-17 07:31:00 UTC
STARLINK-30321,38.251111580975866,2025-08-17 07:02:00 UTC
STARLINK-30283,53.1969313300048,2025-08-17 08:00:00 UTC
STARLINK-30273,39.670501074191414,2025-08-17 07:07:00 UTC
STARLINK-30297,58.68560156312203,2025-08-17 07:56:00 UTC
STARLINK-30295,39.751567773854006,2025-08-17 08:15:00 UTC
STARLINK-30288,71.23624479569476,2025-08-17 11:13:00 UTC
STARLINK-30347,76.88701659359695,2025-08-17 05:48:00 UTC
STARLINK-30332,73.79265442827264,2025-08-17 11:08:00 UTC
STARLINK-30345,60.846383926877785,2025-08-17 10:48:00 UTC
STARLINK-30333,60.7000441103805,2025-08-17 07:16:00 UTC
STARLINK-30336,59.66708044193419,2025-08-17 07:20:00 UTC
STARLINK-30346,67.78396817828978,2025-08-17 07:05:00 UTC
STARLINK-30342,27.54018677318586,2025-08-17 06:26:00 UTC
STARLINK-30327,80.76055903671113,2025-08-17 05:58:00 UTC
STARLINK-30315,78.37913484945037,2025-08-17 06:50:00 UTC
STARLINK-30287,69.34130081231802,2025-08-17 07:00:00 UTC
STARLINK-30335,72.88221795511555,2025-08-17 06:55:00 UTC
STARLINK-30318,66.03495194342956,2025-08-17 07:10:00 UTC
STARLINK-30348,75.28636935232919,2025-08-17 06:39:00 UTC
STARLINK-30349,71.52826626217626,2025-08-17 06:30:00 UTC
STARLINK-30341,67.01243619477431,2025-08-17 10:58:00 UTC
STARLINK-30300,69.285828594442,2025-08-17 06:46:00 UTC
STARLINK-30281,71.81629316643796,2025-08-17 11:18:00 UTC
STARLINK-30325,82.02696820134574,2025-08-17 06:35:00 UTC
STARLINK-30338,67.7745920925921,2025-08-17 11:22:00 UTC
STARLINK-30334,74.06923584244433,2025-08-17 11:28:00 UTC
STARLINK-30375,59.725710851438784,2025-08-17 08:46:00 UTC
STARLINK-30310,55.77242961441246,2025-08-17 10:46:00 UTC
STARLINK-30365,71.25246140685178,2025-08-17 09:59:00 UTC
STARLINK-30371,53.76489539017977,2025-08-17 09:25:00 UTC
STARLINK-30352,52.59836320108273,2025-08-17 10:51:00 UTC
STARLINK-30344,64.79884469630332,2025-08-17 09:44:00 UTC
STARLINK-30351,67.96307988189739,2025-08-17 10:15:00 UTC
STARLINK-30242,59.4743407012072,2025-08-17 12:24:00 UTC
STARLINK-30331,59.29144888162262,2025-08-17 08:42:00 UTC
STARLINK-30364,75.11127920701554,2025-08-17 09:51:00 UTC
STARLINK-30308,69.84945915933596,2025-08-17 10:10:00 UTC
STARLINK-30361,69.85175187972219,2025-08-17 09:45:00 UTC
STARLINK-30363,55.74168174012237,2025-08-17 08:41:00 UTC
STARLINK-30362,68.1670547293096,2025-08-17 09:41:00 UTC
STARLINK-30350,63.93379575850331,2025-08-17 10:27:00 UTC
STARLINK-30307,67.57488807939072,2025-08-17 09:43:00 UTC
STARLINK-30356,57.52461238966183,2025-08-17 09:31:00 UTC
STARLINK-30366,57.40015180039108,2025-08-17 10:41:00 UTC
STARLINK-30357,51.61173719740074,2025-08-17 10:57:00 UTC
STARLINK-30370,54.572946596444496,2025-08-17 08:37:00 UTC
STARLINK-30368,75.6250369487978,2025-08-17 09:56:00 UTC
STARLINK-30343,51.17936426811259,2025-08-17 09:21:00 UTC
STARLINK-30397,50.398901196860855,2025-08-17 12:41:00 UTC
STARLINK-30354,67.03304726657038,2025-08-17 11:20:00 UTC
STARLINK-30383,51.95282232548506,2025-08-17 12:35:00 UTC
STARLINK-30384,57.326994096051195,2025-08-17 12:25:00 UTC
STARLINK-30305,52.8686000763985,2025-08-17 12:31:00 UTC
STARLINK-30360,61.08017731808837,2025-08-17 12:21:00 UTC
STARLINK-30355,67.54225354558214,2025-08-17 12:10:00 UTC
STARLINK-30385,77.608335154198,2025-08-17 11:03:00 UTC
STARLINK-30359,72.81897724844686,2025-08-17 10:54:00 UTC
STARLINK-30380,77.23770434139307,2025-08-17 11:33:00 UTC
STARLINK-30369,68.01830175555352,2025-08-17 12:06:00 UTC
STARLINK-30376,76.28663452725702,2025-08-17 11:35:00 UTC
STARLINK-30389,75.77920841954459,2025-08-17 11:56:00 UTC
STARLINK-30388,84.00199955085884,2025-08-17 11:50:00 UTC
STARLINK-30381,61.37695668914464,2025-08-17 11:15:00 UTC
STARLINK-30382,88.5930718061185,2025-08-17 11:45:00 UTC
STARLINK-30378,58.41906190750626,2025-08-17 11:11:00 UTC
STARLINK-30387,73.0612669238772,2025-08-17 10:58:00 UTC
STARLINK-30372,77.7643720886117,2025-08-17 11:30:00 UTC
STARLINK-30373,52.24007674863234,2025-08-17 08:27:00 UTC
STARLINK-30367,72.9877909264415,2025-08-17 11:26:00 UTC
STARLINK-30304,49.24324271254317,2025-08-17 05:43:00 UTC
STARLINK-30374,6.886916271126095,2025-08-17 11:43:00 UTC
STARLINK-30394,5.959401243291571,2025-08-17 11:38:00 UTC
STARLINK-30379,5.077881359151218,2025-08-17 11:33:00 UTC
STARLINK-30395,9.634912512499604,2025-08-17 13:04:00 UTC
STARLINK-30403,30.637168297297865,2025-08-17 13:03:00 UTC
STARLINK-30413,19.45516945864682,2025-08-17 12:33:00 UTC
STARLINK-30398,28.38674279330618,2025-08-17 12:58:00 UTC
STARLINK-30386,25.833231928067512,2025-08-17 12:52:00 UTC
STARLINK-30391,24.47429618476059,2025-08-17 12:48:00 UTC
STARLINK-30401,22.725866269139527,2025-08-17 12:43:00 UTC
STARLINK-30390,20.096619173440985,2025-08-17 12:36:00 UTC
STARLINK-30409,14.783620836174496,2025-08-17 12:17:00 UTC
STARLINK-30415,16.42589312471896,2025-08-17 12:23:00 UTC
STARLINK-30407,66.1079342371934,2025-08-17 09:57:00 UTC
STARLINK-30408,16.073083660039966,2025-08-17 12:22:00 UTC
STARLINK-30377,10.274512732426038,2025-08-17 11:57:00 UTC
STARLINK-30422,11.122936496686359,2025-08-17 12:02:00 UTC
STARLINK-30402,12.694592161428277,2025-08-17 12:08:00 UTC
STARLINK-30411,13.53327322398238,2025-08-17 12:12:00 UTC
STARLINK-30418,9.058814033281736,2025-08-17 11:52:00 UTC
STARLINK-30285,69.75279951246527,2025-08-17 05:42:00 UTC
STARLINK-30410,66.34431462209263,2025-08-17 12:38:00 UTC
STARLINK-30435,76.86267564957285,2025-08-17 12:42:00 UTC
STARLINK-30423,83.94340733084131,2025-08-17 12:49:00 UTC
STARLINK-30292,56.64223668861967,2025-08-17 13:00:00 UTC
STARLINK-30416,58.534594325589936,2025-08-17 12:28:00 UTC
STARLINK-30426,76.1850743720883,2025-08-17 12:53:00 UTC
STARLINK-30430,57.50207224141073,2025-08-17 05:46:00 UTC
STARLINK-30425,61.06625489215924,2025-08-17 12:58:00 UTC
STARLINK-30405,66.85242216985722,2025-08-17 12:33:00 UTC
STARLINK-30431,34.395338303226595,2025-08-17 04:54:00 UTC
STARLINK-30404,54.70444395000349,2025-08-17 13:01:00 UTC
STARLINK-30412,41.885293089825865,2025-08-17 05:02:00 UTC
STARLINK-30392,38.881540047236996,2025-08-17 04:58:00 UTC
STARLINK-30291,65.68818223229691,2025-08-17 05:32:00 UTC
STARLINK-30424,69.01455529563887,2025-08-17 04:00:00 UTC
STARLINK-30290,54.71665302594383,2025-08-17 05:13:00 UTC
STARLINK-30414,53.18711546863825,2025-08-17 05:11:00 UTC
STARLINK-30272,76.61625935796503,2025-08-17 05:37:00 UTC
STARLINK-30447,0.2048916613933362,2025-08-17 13:04:00 UTC
STARLINK-30473,1.802072911341128,2025-08-17 03:22:00 UTC
STARLINK-30479,0.20320968408263942,2025-08-17 03:33:00 UTC
STARLINK-30481,1.1113331741673296,2025-08-17 03:27:00 UTC
STARLINK-30457,4.6626914560070665,2025-08-17 03:05:00 UTC
STARLINK-30462,2.590775926879123,2025-08-17 03:17:00 UTC
STARLINK-30466,3.3380296367044577,2025-08-17 03:13:00 UTC
STARLINK-30428,4.188193623299931,2025-08-17 03:07:00 UTC
STARLINK-30482,3.2110378126801256,2025-08-17 03:05:00 UTC
STARLINK-30450,4.185971177732398,2025-08-17 04:00:00 UTC
STARLINK-30483,42.5964689673161,2025-08-17 12:40:00 UTC
STARLINK-30454,5.909471498886481,2025-08-17 03:50:00 UTC
STARLINK-30501,6.812765992180301,2025-08-17 03:45:00 UTC
STARLINK-30499,25.685687835724483,2025-08-17 12:11:00 UTC
STARLINK-30496,8.717089484793442,2025-08-17 03:35:00 UTC
STARLINK-30485,9.55448439912836,2025-08-17 03:31:00 UTC
STARLINK-30492,10.643564410832838,2025-08-17 03:25:00 UTC
STARLINK-30440,11.890946140922507,2025-08-17 03:20:00 UTC
STARLINK-30452,12.990339072518315,2025-08-17 03:15:00 UTC
STARLINK-30468,14.286062238015429,2025-08-17 03:10:00 UTC
STARLINK-30459,58.937213924902096,2025-08-17 11:48:00 UTC
STARLINK-30448,1.2639521888501315,2025-08-17 03:05:00 UTC
STARLINK-30471,2.0263836679335996,2025-08-17 04:10:00 UTC
STARLINK-30712,43.23592551034986,2025-08-17 12:36:00 UTC
STARLINK-30716,48.41284139830513,2025-08-17 11:42:00 UTC
STARLINK-30400,40.457922797409864,2025-08-17 12:41:00 UTC
STARLINK-30710,31.84837850591125,2025-08-17 10:46:00 UTC
STARLINK-30714,58.4412798509128,2025-08-17 11:51:00 UTC
STARLINK-30711,49.819012906865055,2025-08-17 11:47:00 UTC
STARLINK-30715,33.152791571486254,2025-08-17 12:11:00 UTC
STARLINK-30455,69.68037834311538,2025-08-17 11:56:00 UTC
STARLINK-30456,42.880825937550156,2025-08-17 11:38:00 UTC
STARLINK-30708,37.4005865634062,2025-08-17 12:45:00 UTC
STARLINK-30705,30.868766872162496,2025-08-17 11:23:00 UTC
STARLINK-30706,39.02436508483461,2025-08-17 11:33:00 UTC
STARLINK-30709,33.45426324331757,2025-08-17 11:49:00 UTC
STARLINK-30707,34.33627083452739,2025-08-17 11:28:00 UTC
STARLINK-30701,30.916047096145782,2025-08-17 12:56:00 UTC
STARLINK-30399,34.78280294415361,2025-08-17 12:50:00 UTC
STARLINK-30713,56.27184078307891,2025-08-17 12:26:00 UTC
STARLINK-30700,56.12112615686396,2025-08-17 11:47:00 UTC
STARLINK-30703,52.95759128573093,2025-08-17 11:08:00 UTC
STARLINK-30702,62.153728745251456,2025-08-17 11:14:00 UTC
STARLINK-30396,13.856049451088118,2025-08-17 04:02:00 UTC
STARLINK-30524,27.18332513560665,2025-08-17 03:20:00 UTC
STARLINK-30521,22.678932782308845,2025-08-17 03:31:00 UTC
STARLINK-30528,24.710852976860984,2025-08-17 03:25:00 UTC
STARLINK-30495,11.810488560047437,2025-08-17 04:10:00 UTC
STARLINK-30484,3.486700080152059,2025-08-17 04:09:00 UTC
STARLINK-30498,9.840156316167993,2025-08-17 04:20:00 UTC
STARLINK-30505,28.88043547890702,2025-08-17 03:05:00 UTC
STARLINK-30502,8.720431737349324,2025-08-17 04:25:00 UTC
STARLINK-30489,25.36326755402,2025-08-17 03:24:00 UTC
STARLINK-30503,6.1900584814886095,2025-08-17 04:38:00 UTC
STARLINK-30512,16.616087342206043,2025-08-17 03:50:00 UTC
STARLINK-30509,53.66782103224941,2025-08-17 03:30:00 UTC
STARLINK-30511,61.07525339590932,2025-08-17 03:20:00 UTC
STARLINK-30508,65.82715103873477,2025-08-17 03:14:00 UTC
STARLINK-30510,71.6200528951847,2025-08-17 03:10:00 UTC
STARLINK-30507,75.94419755617588,2025-08-17 03:05:00 UTC
STARLINK-30515,17.394578171192336,2025-08-17 04:40:00 UTC
STARLINK-30516,18.968033443546435,2025-08-17 04:35:00 UTC
STARLINK-30519,19.987509032100053,2025-08-17 04:31:00 UTC
STARLINK-30537,63.195658799674035,2025-08-17 03:51:00 UTC
STARLINK-30534,66.9085925402643,2025-08-17 07:28:00 UTC
STARLINK-30536,62.98845975970523,2025-08-17 03:40:00 UTC
STARLINK-30538,77.66143218095534,2025-08-17 03:31:00 UTC
STARLINK-30517,73.04827340781392,2025-08-17 03:27:00 UTC
STARLINK-30523,70.9239159719721,2025-08-17 03:36:00 UTC
STARLINK-30531,71.37228359161699,2025-08-17 07:44:00 UTC
STARLINK-30552,69.96898287509222,2025-08-17 03:15:00 UTC
STARLINK-30545,71.59422922540385,2025-08-17 03:10:00 UTC
STARLINK-30535,74.41052840141873,2025-08-17 03:06:00 UTC
STARLINK-30540,58.09151167992027,2025-08-17 07:23:00 UTC
STARLINK-30546,73.87113113426155,2025-08-17 08:03:00 UTC
STARLINK-30539,70.06118139868943,2025-08-17 07:58:00 UTC
STARLINK-30530,72.98351209447922,2025-08-17 07:48:00 UTC
STARLINK-30526,62.5230870939186,2025-08-17 06:33:00 UTC
STARLINK-30527,10.034687947835494,2025-08-17 12:31:00 UTC
STARLINK-30522,71.23717685909988,2025-08-17 03:21:00 UTC
STARLINK-30486,75.86408388192667,2025-08-17 07:55:00 UTC
STARLINK-30520,71.03134716764545,2025-08-17 07:40:00 UTC
STARLINK-30497,69.4974423166364,2025-08-17 07:33:00 UTC
STARLINK-30525,60.950515124757146,2025-08-17 03:56:00 UTC
STARLINK-30562,40.460332637616204,2025-08-17 04:34:00 UTC
STARLINK-30533,69.3934379802342,2025-08-17 05:18:00 UTC
STARLINK-30559,45.659588635029294,2025-08-17 04:47:00 UTC
STARLINK-30555,78.23412982235278,2025-08-17 05:07:00 UTC
STARLINK-30547,59.477345215613276,2025-08-17 05:24:00 UTC
STARLINK-30550,77.88397447084753,2025-08-17 10:42:00 UTC
STARLINK-30548,35.11086892837434,2025-08-17 05:46:00 UTC
STARLINK-30529,29.99376233161998,2025-08-17 04:19:00 UTC
STARLINK-30554,65.29134808886566,2025-08-17 04:58:00 UTC
STARLINK-30568,55.489555694559954,2025-08-17 04:41:00 UTC
STARLINK-30575,58.0823788631299,2025-08-17 04:50:00 UTC
STARLINK-30577,52.049657131923865,2025-08-17 04:35:00 UTC
STARLINK-30566,50.54802629297536,2025-08-17 04:26:00 UTC
STARLINK-30544,63.66066434229228,2025-08-17 05:41:00 UTC
STARLINK-30553,56.87495480781602,2025-08-17 05:56:00 UTC
STARLINK-30541,52.15376314039788,2025-08-17 06:01:00 UTC
STARLINK-30573,57.056167689063344,2025-08-17 05:52:00 UTC
STARLINK-30582,68.01428844716689,2025-08-17 05:36:00 UTC
STARLINK-30558,65.63423479010102,2025-08-17 04:57:00 UTC
STARLINK-30579,68.51077264456723,2025-08-17 03:58:00 UTC
STARLINK-30588,85.5105663126167,2025-08-17 05:26:00 UTC
STARLINK-30585,81.23215940872785,2025-08-17 05:12:00 UTC
STARLINK-30587,77.85630805837152,2025-08-17 05:31:00 UTC
STARLINK-30576,50.62565931975031,2025-08-17 04:32:00 UTC
STARLINK-30571,71.56959255668866,2025-08-17 05:02:00 UTC
STARLINK-30567,63.488245388808345,2025-08-17 04:52:00 UTC
STARLINK-30569,71.02551059720714,2025-08-17 05:21:00 UTC
STARLINK-30532,77.3326387072038,2025-08-17 05:16:00 UTC
STARLINK-30513,65.61580744358864,2025-08-17 09:11:00 UTC
STARLINK-30506,74.5641387543349,2025-08-17 05:06:00 UTC
STARLINK-30604,78.51985146123506,2025-08-17 08:30:00 UTC
STARLINK-30500,80.7685660294053,2025-08-17 08:44:00 UTC
STARLINK-30613,71.46432762015192,2025-08-17 08:19:00 UTC
STARLINK-30597,83.83410809390689,2025-08-17 08:35:00 UTC
STARLINK-30598,65.94203717867494,2025-08-17 08:14:00 UTC
STARLINK-30603,63.701206935885125,2025-08-17 08:09:00 UTC
STARLINK-30602,81.04496117900908,2025-08-17 03:56:00 UTC
STARLINK-30610,60.07995295363091,2025-08-17 08:04:00 UTC
STARLINK-30551,58.363436897029274,2025-08-17 04:36:00 UTC
STARLINK-30586,65.76298693559482,2025-08-17 04:31:00 UTC
STARLINK-30609,66.07000730103134,2025-08-17 04:26:00 UTC
STARLINK-30583,66.88714982831603,2025-08-17 04:23:00 UTC
STARLINK-30557,66.31774076940327,2025-08-17 04:20:00 UTC
STARLINK-30591,81.77269095184349,2025-08-17 04:11:00 UTC
STARLINK-30584,70.54154002186849,2025-08-17 04:06:00 UTC
STARLINK-30590,71.57790075122406,2025-08-17 04:16:00 UTC
STARLINK-30608,84.36903855009356,2025-08-17 04:01:00 UTC
STARLINK-30615,81.59400353778027,2025-08-17 03:54:00 UTC
STARLINK-30578,75.83999952706168,2025-08-17 08:24:00 UTC
STARLINK-30574,69.41066803406031,2025-08-17 03:51:00 UTC
STARLINK-30570,66.50079292803711,2025-08-17 08:49:00 UTC
STARLINK-30581,81.43180721342985,2025-08-17 08:39:00 UTC
STARLINK-30594,47.399705366111085,2025-08-17 05:21:00 UTC
STARLINK-30614,55.48442144654062,2025-08-17 05:17:00 UTC
STARLINK-30607,40.998780513809955,2025-08-17 03:45:00 UTC
STARLINK-30600,40.21862122312144,2025-08-17 05:31:00 UTC
STARLINK-30605,65.4950794152221,2025-08-17 05:11:00 UTC
STARLINK-30592,67.57267805007442,2025-08-17 05:06:00 UTC
STARLINK-30589,43.52747827620861,2025-08-17 04:27:00 UTC
STARLINK-30617,46.942915755005025,2025-08-17 04:32:00 UTC
STARLINK-30616,38.234235485447876,2025-08-17 03:29:00 UTC
STARLINK-30612,50.000203706902454,2025-08-17 03:43:00 UTC
STARLINK-30421,51.3428291005943,2025-08-17 03:47:00 UTC
STARLINK-30611,59.47518942854341,2025-08-17 04:20:00 UTC
STARLINK-30606,44.70674108282447,2025-08-17 05:26:00 UTC
STARLINK-30596,76.39363173567106,2025-08-17 04:51:00 UTC
STARLINK-30595,29.513385906004775,2025-08-17 04:07:00 UTC
STARLINK-30593,31.571340768635924,2025-08-17 05:41:00 UTC
STARLINK-30353,35.686167128355464,2025-08-17 04:17:00 UTC
STARLINK-30572,34.596268590878516,2025-08-17 05:35:00 UTC
STARLINK-30580,86.55970501082705,2025-08-17 04:56:00 UTC
STARLINK-30493,32.70040588154618,2025-08-17 04:12:00 UTC
STARLINK-30601,36.970730625705556,2025-08-17 04:22:00 UTC
STARLINK-30795,73.47110526218928,2025-08-17 07:27:00 UTC
STARLINK-30765,68.17409419841712,2025-08-17 07:54:00 UTC
STARLINK-30768,71.33800208333746,2025-08-17 07:22:00 UTC
STARLINK-30799,70.25241003299159,2025-08-17 07:52:00 UTC
STARLINK-30759,68.10178973983825,2025-08-17 07:19:00 UTC
STARLINK-30781,75.78418274282352,2025-08-17 07:17:00 UTC
STARLINK-30754,69.31047564002094,2025-08-17 07:50:00 UTC
STARLINK-30766,69.35140689691954,2025-08-17 12:15:00 UTC
STARLINK-30767,76.09797356473679,2025-08-17 12:10:00 UTC
STARLINK-30790,73.55287959824587,2025-08-17 12:05:00 UTC
STARLINK-30787,73.07096122209433,2025-08-17 12:00:00 UTC
STARLINK-30756,79.40984665699021,2025-08-17 07:42:00 UTC
STARLINK-30783,78.04729065288778,2025-08-17 11:55:00 UTC
STARLINK-30757,73.04524501659621,2025-08-17 11:50:00 UTC
STARLINK-30770,83.60866228451809,2025-08-17 07:38:00 UTC
STARLINK-30758,74.42713124777067,2025-08-17 11:48:00 UTC
STARLINK-30761,72.87588367205292,2025-08-17 07:32:00 UTC
STARLINK-30772,62.67861578905536,2025-08-17 11:45:00 UTC
STARLINK-30776,61.07716153050621,2025-08-17 11:40:00 UTC
STARLINK-30782,58.87149071947803,2025-08-17 11:34:00 UTC
STARLINK-30769,61.19268133013017,2025-08-17 08:02:00 UTC
STARLINK-30775,60.467564314351264,2025-08-17 08:08:00 UTC
STARLINK-30780,68.47957798089743,2025-08-17 07:57:00 UTC
STARLINK-30802,42.40212847985606,2025-08-17 08:01:00 UTC
STARLINK-30834,50.61197703326918,2025-08-17 08:07:00 UTC
STARLINK-30833,41.332844214794505,2025-08-17 07:58:00 UTC
STARLINK-30831,34.65023731163066,2025-08-17 09:10:00 UTC
STARLINK-30797,56.57067485740479,2025-08-17 08:12:00 UTC
STARLINK-30804,34.36422243959344,2025-08-17 07:48:00 UTC
STARLINK-30784,44.790736540624444,2025-08-17 08:02:00 UTC
STARLINK-30803,37.959176347546126,2025-08-17 09:05:00 UTC
STARLINK-30829,36.92137196243988,2025-08-17 07:52:00 UTC
STARLINK-30788,31.535230128138114,2025-08-17 07:43:00 UTC
STARLINK-30779,31.260959304885716,2025-08-17 09:15:00 UTC
STARLINK-30773,54.33533363712248,2025-08-17 08:52:00 UTC
STARLINK-30816,58.41042593872906,2025-08-17 08:47:00 UTC
STARLINK-30763,55.27035717917326,2025-08-17 07:21:00 UTC
STARLINK-30815,43.392809367102224,2025-08-17 09:01:00 UTC
STARLINK-30814,61.60162123962566,2025-08-17 08:17:00 UTC
STARLINK-30789,49.16008852814232,2025-08-17 08:56:00 UTC
STARLINK-30811,80.27104272049196,2025-08-17 08:26:00 UTC
STARLINK-30812,66.93340681124768,2025-08-17 08:21:00 UTC
STARLINK-30771,64.71799506574175,2025-08-17 08:42:00 UTC
STARLINK-30764,74.4673022831421,2025-08-17 08:37:00 UTC
STARLINK-30752,85.70458658614199,2025-08-17 08:33:00 UTC
STARLINK-30753,65.65031900382925,2025-08-17 12:33:00 UTC
STARLINK-30824,63.29028378006384,2025-08-17 12:33:00 UTC
STARLINK-30791,76.29419390342484,2025-08-17 12:58:00 UTC
STARLINK-30810,61.68484655759973,2025-08-17 12:23:00 UTC
STARLINK-30819,63.701163224949106,2025-08-17 08:55:00 UTC
STARLINK-30806,78.24680886688412,2025-08-17 08:16:00 UTC
STARLINK-30821,74.65607466684011,2025-08-17 12:53:00 UTC
STARLINK-30778,76.3879173019474,2025-08-17 12:48:00 UTC
STARLINK-30809,64.41739162184497,2025-08-17 08:46:00 UTC
STARLINK-30801,69.07999151760946,2025-08-17 08:39:00 UTC
STARLINK-30793,75.8060543585724,2025-08-17 12:42:00 UTC
STARLINK-30755,77.03758711740632,2025-08-17 08:26:00 UTC
STARLINK-30760,75.08361011292982,2025-08-17 12:39:00 UTC
STARLINK-30826,76.13182885857312,2025-08-17 08:25:00 UTC
STARLINK-30796,79.11028492442993,2025-08-17 08:29:00 UTC
STARLINK-30820,67.93169228455145,2025-08-17 08:35:00 UTC
STARLINK-30785,82.76541988184027,2025-08-17 08:15:00 UTC
STARLINK-30807,69.08956561447583,2025-08-17 08:19:00 UTC
STARLINK-30822,76.15091693297931,2025-08-17 08:10:00 UTC
STARLINK-30830,71.61977007418561,2025-08-17 08:03:00 UTC
STARLINK-30827,84.14739956339112,2025-08-17 13:02:00 UTC
STARLINK-30798,60.81146932472816,2025-08-17 12:27:00 UTC
STARLINK-30762,72.57430457915073,2025-08-17 08:04:00 UTC
STARLINK-30800,55.03109020086432,2025-08-17 11:03:00 UTC
STARLINK-30845,70.25228908868688,2025-08-17 11:50:00 UTC
STARLINK-30841,68.66515895448191,2025-08-17 11:18:00 UTC
STARLINK-30839,52.12683346629924,2025-08-17 12:29:00 UTC
STARLINK-30846,50.05843876245763,2025-08-17 12:33:00 UTC
STARLINK-30838,56.30788577062297,2025-08-17 12:18:00 UTC
STARLINK-30837,49.72569289358321,2025-08-17 10:59:00 UTC
STARLINK-30813,58.15368166273976,2025-08-17 12:13:00 UTC
STARLINK-30805,62.65316004757508,2025-08-17 12:08:00 UTC
STARLINK-30851,64.19702105254161,2025-08-17 12:04:00 UTC
STARLINK-30818,74.19199225050653,2025-08-17 11:53:00 UTC
STARLINK-30794,54.332281302581684,2025-08-17 12:23:00 UTC
STARLINK-30835,75.84154577311408,2025-08-17 11:44:00 UTC
STARLINK-30792,83.27482477215591,2025-08-17 11:39:00 UTC
STARLINK-30836,84.21095739947486,2025-08-17 11:33:00 UTC
STARLINK-30855,63.94564243763387,2025-08-17 11:13:00 UTC
STARLINK-30840,59.906951717947635,2025-08-17 11:09:00 UTC
STARLINK-30875,67.18720769301959,2025-08-17 11:58:00 UTC
STARLINK-30872,74.14737444042308,2025-08-17 04:59:00 UTC
STARLINK-30865,66.09358716051395,2025-08-17 10:39:00 UTC
STARLINK-30874,78.44904631206896,2025-08-17 11:28:00 UTC
STARLINK-30871,73.49104430126081,2025-08-17 11:23:00 UTC
STARLINK-30879,51.81824237351975,2025-08-17 10:20:00 UTC
STARLINK-30907,28.829552185357176,2025-08-17 04:08:00 UTC
STARLINK-30896,5.9533200767728065,2025-08-17 13:04:00 UTC
STARLINK-30832,60.8888479820468,2025-08-17 03:11:00 UTC
STARLINK-30903,24.338952431025724,2025-08-17 04:20:00 UTC
STARLINK-30905,31.47646112298576,2025-08-17 04:03:00 UTC
STARLINK-30842,20.127971547736408,2025-08-17 03:36:00 UTC
STARLINK-30858,28.568247911943356,2025-08-17 04:09:00 UTC
STARLINK-30878,22.062331557091813,2025-08-17 03:05:00 UTC
STARLINK-30897,25.731268012158377,2025-08-17 04:16:00 UTC
STARLINK-30885,32.50038371340841,2025-08-17 04:01:00 UTC
STARLINK-30890,35.81520637572903,2025-08-17 03:54:00 UTC
STARLINK-30909,35.601734479048034,2025-08-17 03:54:00 UTC
STARLINK-30904,30.453882538993938,2025-08-17 03:57:00 UTC
STARLINK-30918,44.53222159360167,2025-08-17 03:40:00 UTC
STARLINK-30892,40.75149375465843,2025-08-17 03:46:00 UTC
STARLINK-30891,47.93493654350508,2025-08-17 03:34:00 UTC
STARLINK-30889,44.32930698309584,2025-08-17 03:38:00 UTC
STARLINK-30870,50.62462053577306,2025-08-17 03:31:00 UTC
STARLINK-30888,21.222739171766047,2025-08-17 04:29:00 UTC
STARLINK-30859,26.747037392500204,2025-08-17 04:13:00 UTC
STARLINK-30884,53.957844850104436,2025-08-17 03:22:00 UTC
STARLINK-30852,30.61759633825369,2025-08-17 04:04:00 UTC
STARLINK-30911,47.29711062671406,2025-08-17 11:00:00 UTC
STARLINK-30894,35.381715632504175,2025-08-17 11:17:00 UTC
STARLINK-30910,31.958188067408067,2025-08-17 11:22:00 UTC
STARLINK-30914,45.521075738848175,2025-08-17 11:04:00 UTC
STARLINK-30920,45.798816892395955,2025-08-17 10:14:00 UTC
STARLINK-30882,29.410458238810634,2025-08-17 11:26:00 UTC
STARLINK-30915,48.838185387827146,2025-08-17 04:19:00 UTC
STARLINK-30923,38.847133454507706,2025-08-17 10:03:00 UTC
STARLINK-30927,66.47173299168067,2025-08-17 10:23:00 UTC
STARLINK-30921,35.840171744025575,2025-08-17 09:58:00 UTC
STARLINK-30825,38.800158913176205,2025-08-17 11:12:00 UTC
STARLINK-30930,52.411421047298745,2025-08-17 10:56:00 UTC
STARLINK-30929,56.152575898933485,2025-08-17 10:52:00 UTC
STARLINK-30898,72.29117650586143,2025-08-17 10:37:00 UTC
STARLINK-30913,57.206739314443,2025-08-17 10:17:00 UTC
STARLINK-30938,61.39131668560056,2025-08-17 10:20:00 UTC
STARLINK-30868,42.49721600616208,2025-08-17 10:07:00 UTC
STARLINK-30916,69.50190884389524,2025-08-17 10:28:00 UTC
STARLINK-30937,27.036474127303347,2025-08-17 11:12:00 UTC
STARLINK-30939,31.98368374614621,2025-08-17 09:53:00 UTC
STARLINK-30887,66.83219493985263,2025-08-17 10:47:00 UTC
STARLINK-30934,46.09862261781208,2025-08-17 10:09:00 UTC
STARLINK-30964,53.3538134930733,2025-08-17 06:11:00 UTC
STARLINK-30844,56.92840423333633,2025-08-17 07:37:00 UTC
STARLINK-30876,62.06988883395272,2025-08-17 07:32:00 UTC
STARLINK-30952,63.48760606754246,2025-08-17 07:26:00 UTC
STARLINK-30925,69.55270094296472,2025-08-17 07:21:00 UTC
STARLINK-30954,48.82140819025883,2025-08-17 06:05:00 UTC
STARLINK-30906,53.76426382095696,2025-08-17 06:16:00 UTC
STARLINK-30919,59.65669453299264,2025-08-17 06:24:00 UTC
STARLINK-30931,70.22035872048312,2025-08-17 05:57:00 UTC
STARLINK-30922,74.59654361217783,2025-08-17 06:51:00 UTC
STARLINK-30949,82.24954558392237,2025-08-17 06:56:00 UTC
STARLINK-30967,87.3580777055341,2025-08-17 07:01:00 UTC
STARLINK-30955,57.13971632843417,2025-08-17 06:20:00 UTC
STARLINK-30895,68.35087540355664,2025-08-17 06:41:00 UTC
STARLINK-30917,21.98986394484785,2025-08-17 03:59:00 UTC
STARLINK-30899,63.35138901134013,2025-08-17 06:31:00 UTC
STARLINK-30902,49.28777587119201,2025-08-17 06:01:00 UTC
STARLINK-30900,72.12447734140653,2025-08-17 06:47:00 UTC
STARLINK-30908,56.42102748168589,2025-08-17 06:18:00 UTC
STARLINK-30869,56.43816849690113,2025-08-17 05:29:00 UTC
STARLINK-30969,57.57764519622059,2025-08-17 05:33:00 UTC
STARLINK-30951,53.806416665136915,2025-08-17 05:23:00 UTC
STARLINK-30942,58.877082240110255,2025-08-17 06:38:00 UTC
STARLINK-30959,68.39651893604601,2025-08-17 06:29:00 UTC
STARLINK-30971,56.240032116405395,2025-08-17 06:43:00 UTC
STARLINK-30963,68.07507892232404,2025-08-17 06:23:00 UTC
STARLINK-30961,76.49981861699185,2025-08-17 06:18:00 UTC
STARLINK-30975,68.92953401431592,2025-08-17 05:50:00 UTC
STARLINK-30976,73.57045674449365,2025-08-17 06:04:00 UTC
STARLINK-30926,75.79764541586654,2025-08-17 05:58:00 UTC
STARLINK-30943,71.26980765463921,2025-08-17 04:23:00 UTC
STARLINK-30946,61.36260767898381,2025-08-17 05:39:00 UTC
STARLINK-30944,71.95148211618735,2025-08-17 06:13:00 UTC
STARLINK-30928,68.707373480573,2025-08-17 06:09:00 UTC
STARLINK-30957,64.86661173165172,2025-08-17 05:48:00 UTC
STARLINK-30966,63.67014962586788,2025-08-17 05:43:00 UTC
STARLINK-30935,49.510645902221505,2025-08-17 06:54:00 UTC
STARLINK-30960,64.31197690403239,2025-08-17 03:21:00 UTC
STARLINK-30958,72.30786789906607,2025-08-17 06:30:00 UTC
STARLINK-30962,71.63267322117333,2025-08-17 05:54:00 UTC
STARLINK-30977,51.74154796449562,2025-08-17 06:48:00 UTC
STARLINK-30947,80.40332517721338,2025-08-17 07:57:00 UTC
STARLINK-30941,75.60453828636099,2025-08-17 07:49:00 UTC
STARLINK-30980,71.44983818299573,2025-08-17 07:41:00 UTC
STARLINK-30965,61.37072932047207,2025-08-17 07:22:00 UTC
STARLINK-30990,69.47057472834582,2025-08-17 07:36:00 UTC
STARLINK-30984,63.62873960717781,2025-08-17 08:06:00 UTC
STARLINK-30956,50.56436142102647,2025-08-17 05:14:00 UTC
STARLINK-30997,68.1639389308191,2025-08-17 03:30:00 UTC
STARLINK-30991,65.68194067343829,2025-08-17 08:02:00 UTC
STARLINK-30979,64.85010982803946,2025-08-17 07:26:00 UTC
STARLINK-31005,63.20121134137221,2025-08-17 07:20:00 UTC
STARLINK-30987,63.28606470818705,2025-08-17 07:16:00 UTC
STARLINK-31000,60.11978407853225,2025-08-17 03:49:00 UTC
STARLINK-30993,63.72720090614286,2025-08-17 03:44:00 UTC
STARLINK-30978,64.49103424939416,2025-08-17 03:36:00 UTC
STARLINK-30986,76.69016266413625,2025-08-17 03:24:00 UTC
STARLINK-30985,68.66777205024137,2025-08-17 03:18:00 UTC
STARLINK-30981,75.94801460568868,2025-08-17 03:14:00 UTC
STARLINK-31002,78.3329194577961,2025-08-17 03:09:00 UTC
STARLINK-31026,80.2001551241432,2025-08-17 05:58:00 UTC
STARLINK-31020,72.1028406286034,2025-08-17 05:52:00 UTC
STARLINK-30989,64.27101402998737,2025-08-17 06:16:00 UTC
STARLINK-30968,61.73669431479602,2025-08-17 06:11:00 UTC
STARLINK-30982,72.52807463640876,2025-08-17 06:05:00 UTC
STARLINK-30998,66.82493384368392,2025-08-17 06:02:00 UTC
STARLINK-30983,71.39414516781275,2025-08-17 09:58:00 UTC
STARLINK-31028,81.14057299049368,2025-08-17 05:51:00 UTC
STARLINK-31011,78.3804843127867,2025-08-17 05:56:00 UTC
STARLINK-31021,57.81478260674052,2025-08-17 06:20:00 UTC
STARLINK-31010,64.53983590232409,2025-08-17 09:47:00 UTC
STARLINK-31003,82.91805593454269,2025-08-17 05:46:00 UTC
STARLINK-31015,69.1801814932088,2025-08-17 05:41:00 UTC
STARLINK-31023,76.68317658880873,2025-08-17 05:36:00 UTC
STARLINK-30932,73.66542710820175,2025-08-17 05:31:00 UTC
STARLINK-30992,80.28177724054243,2025-08-17 10:29:00 UTC
STARLINK-30948,85.04150884220367,2025-08-17 10:24:00 UTC
STARLINK-31013,71.36924023608177,2025-08-17 10:18:00 UTC
STARLINK-31001,62.08055417794523,2025-08-17 09:53:00 UTC
STARLINK-31004,73.1118127914941,2025-08-17 10:13:00 UTC
STARLINK-30988,70.82698859741438,2025-08-17 10:09:00 UTC
STARLINK-31009,73.09228978459029,2025-08-17 10:03:00 UTC
STARLINK-31035,31.364076104231525,2025-08-17 13:04:00 UTC
STARLINK-31036,4.448932496568648,2025-08-17 12:44:00 UTC
STARLINK-30936,5.2579694750542885,2025-08-17 12:08:00 UTC
STARLINK-31014,0.8705572429813041,2025-08-17 12:25:00 UTC
STARLINK-31055,1.6601856590442894,2025-08-17 12:29:00 UTC
STARLINK-31045,60.378325412754805,2025-08-17 03:32:00 UTC
STARLINK-31030,2.2178554938861805,2025-08-17 12:33:00 UTC
STARLINK-31049,3.200924841760352,2025-08-17 12:38:00 UTC
STARLINK-31057,4.347064412663907,2025-08-17 12:44:00 UTC
STARLINK-31050,4.8784245154606865,2025-08-17 12:46:00 UTC
STARLINK-31063,23.81016459709093,2025-08-17 13:02:00 UTC
STARLINK-31053,6.16787585728884,2025-08-17 12:52:00 UTC
STARLINK-30999,10.008780801824857,2025-08-17 12:27:00 UTC
STARLINK-31046,8.23871369765185,2025-08-17 13:02:00 UTC
STARLINK-31044,52.32999954491424,2025-08-17 10:49:00 UTC
STARLINK-31062,61.362545008553816,2025-08-17 09:35:00 UTC
STARLINK-31096,66.33666323209034,2025-08-17 10:17:00 UTC
STARLINK-31094,60.84289001963714,2025-08-17 10:35:00 UTC
STARLINK-31075,68.59345261255524,2025-08-17 10:14:00 UTC
STARLINK-30857,66.50150212092174,2025-08-17 10:19:00 UTC
STARLINK-31059,53.417488599884315,2025-08-17 06:19:00 UTC
STARLINK-31087,70.16103998421201,2025-08-17 10:09:00 UTC
STARLINK-31079,64.17682413469448,2025-08-17 09:29:00 UTC
STARLINK-31052,69.32543692233,2025-08-17 09:58:00 UTC
STARLINK-31074,70.38594433232845,2025-08-17 09:53:00 UTC
STARLINK-31071,64.93175151693195,2025-08-17 06:25:00 UTC
STARLINK-31080,83.06045530814455,2025-08-17 09:50:00 UTC
STARLINK-31088,76.02084706486355,2025-08-17 09:44:00 UTC
STARLINK-31038,63.60484579782477,2025-08-17 09:33:00 UTC
STARLINK-31082,64.4291890674617,2025-08-17 09:38:00 UTC
STARLINK-31069,61.86055055358934,2025-08-17 09:29:00 UTC
STARLINK-31067,57.39099352205908,2025-08-17 09:24:00 UTC
STARLINK-31085,52.7699441428084,2025-08-17 09:18:00 UTC
STARLINK-31089,55.72962769597447,2025-08-17 10:44:00 UTC
STARLINK-31061,50.53565538128198,2025-08-17 10:54:00 UTC
STARLINK-31054,69.89787960840812,2025-08-17 06:21:00 UTC
STARLINK-31134,63.31693535754776,2025-08-17 10:13:00 UTC
STARLINK-31133,73.55619883679772,2025-08-17 06:16:00 UTC
STARLINK-31068,81.31780199768457,2025-08-17 06:08:00 UTC
STARLINK-31129,74.90670720425481,2025-08-17 06:06:00 UTC
STARLINK-30774,85.52571237726646,2025-08-17 06:00:00 UTC
STARLINK-31086,62.36556244597161,2025-08-17 10:19:00 UTC
STARLINK-31065,78.28465576122215,2025-08-17 10:36:00 UTC
STARLINK-31092,80.0669585706607,2025-08-17 05:55:00 UTC
STARLINK-31091,76.69042157047097,2025-08-17 06:06:00 UTC
STARLINK-31084,79.1882985638183,2025-08-17 06:04:00 UTC
STARLINK-31064,79.99076319225915,2025-08-17 10:53:00 UTC
STARLINK-31081,86.30608932972048,2025-08-17 10:51:00 UTC
STARLINK-31022,78.84283872935828,2025-08-17 10:58:00 UTC
STARLINK-31025,85.35321548978573,2025-08-17 10:37:00 UTC
STARLINK-31018,56.21659072718461,2025-08-17 06:40:00 UTC
STARLINK-31008,56.51429713506061,2025-08-17 06:42:00 UTC
STARLINK-31077,57.967127261647015,2025-08-17 06:34:00 UTC
STARLINK-31078,64.5799467484758,2025-08-17 06:28:00 UTC
STARLINK-31070,59.682187836203234,2025-08-17 10:07:00 UTC
STARLINK-31090,57.09262631083087,2025-08-17 09:35:00 UTC
STARLINK-31113,71.2990145193496,2025-08-17 11:31:00 UTC
STARLINK-31128,76.7674677858302,2025-08-17 11:57:00 UTC
STARLINK-31083,65.24268698783403,2025-08-17 11:25:00 UTC
STARLINK-30828,85.07322810096301,2025-08-17 07:15:00 UTC
STARLINK-31104,61.70141741384801,2025-08-17 11:20:00 UTC
STARLINK-31131,67.5315075239443,2025-08-17 06:39:00 UTC
STARLINK-31124,69.08740444191105,2025-08-17 11:37:00 UTC
STARLINK-31126,55.90161910323568,2025-08-17 11:14:00 UTC
STARLINK-31066,17.018566867435613,2025-08-17 12:20:00 UTC
STARLINK-31058,73.4357751885332,2025-08-17 11:43:00 UTC
STARLINK-31125,72.29155495450175,2025-08-17 07:18:00 UTC
STARLINK-31110,85.54849783216787,2025-08-17 11:47:00 UTC
STARLINK-31112,70.36789960604354,2025-08-17 11:58:00 UTC
STARLINK-31147,69.51065059098617,2025-08-17 07:22:00 UTC
STARLINK-31144,61.44516535726744,2025-08-17 11:18:00 UTC
STARLINK-31095,64.52666315573376,2025-08-17 07:42:00 UTC
STARLINK-31107,55.787283137799754,2025-08-17 11:14:00 UTC
STARLINK-31121,65.02658241347602,2025-08-17 11:24:00 UTC
STARLINK-31137,81.99159185653164,2025-08-17 07:20:00 UTC
STARLINK-31139,67.05450018565085,2025-08-17 07:21:00 UTC
STARLINK-31106,81.93323316354973,2025-08-17 07:08:00 UTC
STARLINK-11072 [DTC],69.36596818473689,2025-08-17 08:36:00 UTC
STARLINK-11075 [DTC],59.73479183008694,2025-08-17 08:45:00 UTC
STARLINK-11077 [DTC],67.54059174041585,2025-08-17 08:51:00 UTC
STARLINK-11079 [DTC],62.609432153234934,2025-08-17 08:30:00 UTC
STARLINK-11076 [DTC],47.592825400429035,2025-08-17 08:22:00 UTC
STARLINK-11078 [DTC],39.12501784140685,2025-08-17 08:15:00 UTC
STARLINK-31031,34.90062426259966,2025-08-17 09:50:00 UTC
STARLINK-31029,82.87087940029171,2025-08-17 09:09:00 UTC
STARLINK-30973,68.25977591604135,2025-08-17 09:18:00 UTC
STARLINK-31100,67.41325132459205,2025-08-17 09:23:00 UTC
STARLINK-31102,29.57618130413283,2025-08-17 08:21:00 UTC
STARLINK-31098,63.547822257039584,2025-08-17 09:26:00 UTC
STARLINK-31093,48.92496019796432,2025-08-17 09:37:00 UTC
STARLINK-31097,53.537653483645606,2025-08-17 09:33:00 UTC
STARLINK-31051,45.4206932379989,2025-08-17 09:40:00 UTC
STARLINK-31027,71.49578234027484,2025-08-17 09:14:00 UTC
STARLINK-30972,74.22651766273675,2025-08-17 09:20:00 UTC
STARLINK-31040,40.20874953051218,2025-08-17 09:45:00 UTC
STARLINK-31033,51.902953277472974,2025-08-17 09:30:00 UTC
STARLINK-30893,32.7566024476299,2025-08-17 08:26:00 UTC
STARLINK-30856,33.97129480892043,2025-08-17 08:28:00 UTC
STARLINK-31115,52.553938455041845,2025-08-17 12:42:00 UTC
STARLINK-31204,80.48005073776102,2025-08-17 10:09:00 UTC
STARLINK-31180,21.15516328408502,2025-08-17 11:42:00 UTC
STARLINK-31164,48.56799354348248,2025-08-17 12:38:00 UTC
STARLINK-31152,44.330692619014386,2025-08-17 12:33:00 UTC
STARLINK-31157,40.85632482115874,2025-08-17 12:27:00 UTC
STARLINK-31076,38.64231611064,2025-08-17 12:22:00 UTC
STARLINK-31101,32.905378453654976,2025-08-17 12:12:00 UTC
STARLINK-31108,35.48015599644132,2025-08-17 12:18:00 UTC
STARLINK-31042,32.02815115714211,2025-08-17 12:09:00 UTC
STARLINK-31159,29.345546430117665,2025-08-17 12:03:00 UTC
STARLINK-31148,27.312052989283778,2025-08-17 11:59:00 UTC
STARLINK-31151,24.595352874983515,2025-08-17 11:52:00 UTC
STARLINK-31156,23.153819617034646,2025-08-17 11:49:00 UTC
STARLINK-31167,75.84486573830357,2025-08-17 06:42:00 UTC
STARLINK-31176,19.906762107189692,2025-08-17 11:39:00 UTC
STARLINK-31181,68.1858275471321,2025-08-17 05:59:00 UTC
STARLINK-31183,16.660011571136767,2025-08-17 11:27:00 UTC
STARLINK-31165,18.024961834808018,2025-08-17 11:32:00 UTC
STARLINK-31160,63.402737231663096,2025-08-17 12:58:00 UTC
STARLINK-31179,68.6303892125485,2025-08-17 13:03:00 UTC
STARLINK-31127,58.498704815270706,2025-08-17 11:37:00 UTC
STARLINK-31114,40.93441718721638,2025-08-17 11:51:00 UTC
STARLINK-31140,70.54387780595529,2025-08-17 11:29:00 UTC
STARLINK-31145,56.6554636677267,2025-08-17 11:19:00 UTC
STARLINK-31146,80.33330784482605,2025-08-17 11:25:00 UTC
STARLINK-31143,69.3741026060244,2025-08-17 11:18:00 UTC
STARLINK-31135,55.60117257521873,2025-08-17 11:35:00 UTC
STARLINK-31136,67.21039384595355,2025-08-17 11:33:00 UTC
STARLINK-31073,57.00591760394649,2025-08-17 11:42:00 UTC
STARLINK-31122,47.52384061223146,2025-08-17 11:52:00 UTC
STARLINK-31123,57.363422746402634,2025-08-17 11:11:00 UTC
STARLINK-31117,38.697409995522406,2025-08-17 12:03:00 UTC
STARLINK-31132,69.32317132020822,2025-08-17 05:27:00 UTC
STARLINK-31120,32.13602610841988,2025-08-17 10:44:00 UTC
STARLINK-31142,39.26490500537605,2025-08-17 11:59:00 UTC
STARLINK-31099,43.029978265724054,2025-08-17 11:58:00 UTC
STARLINK-31060,40.026453310318075,2025-08-17 10:45:00 UTC
STARLINK-31047,30.911362666789984,2025-08-17 11:12:00 UTC
STARLINK-31039,51.412497932056496,2025-08-17 11:46:00 UTC
STARLINK-31034,75.65286768464874,2025-08-17 11:50:00 UTC
STARLINK-31024,39.62190419456625,2025-08-17 11:53:00 UTC
STARLINK-31189,79.64123141283676,2025-08-17 12:32:00 UTC
STARLINK-31185,65.95291150509675,2025-08-17 12:18:00 UTC
STARLINK-31166,69.12767439577209,2025-08-17 12:42:00 UTC
STARLINK-31187,62.59505927375986,2025-08-17 12:12:00 UTC
STARLINK-31162,59.42985327842765,2025-08-17 12:55:00 UTC
STARLINK-31184,65.23249462158307,2025-08-17 12:48:00 UTC
STARLINK-31192,73.61875507371303,2025-08-17 12:34:00 UTC
STARLINK-31161,65.97119739484019,2025-08-17 12:51:00 UTC
STARLINK-31195,48.970729268559325,2025-08-17 11:51:00 UTC
STARLINK-31193,37.132432598816244,2025-08-17 13:04:00 UTC
STARLINK-31168,34.62654503244382,2025-08-17 11:30:00 UTC
STARLINK-31191,70.8808601054291,2025-08-17 12:42:00 UTC
STARLINK-31170,38.67486151720331,2025-08-17 11:38:00 UTC
STARLINK-31141,32.96810218635031,2025-08-17 11:28:00 UTC
STARLINK-31188,35.584801811078094,2025-08-17 11:31:00 UTC
STARLINK-31138,86.85885234716139,2025-08-17 12:28:00 UTC
STARLINK-31163,73.76060716551969,2025-08-17 12:30:00 UTC
STARLINK-31174,66.73912203725824,2025-08-17 12:28:00 UTC
STARLINK-31169,69.35308568270264,2025-08-17 12:48:00 UTC
STARLINK-31233,65.8936978001416,2025-08-17 07:43:00 UTC
STARLINK-31271,32.141563593595215,2025-08-17 06:44:00 UTC
STARLINK-31222,48.37165315632756,2025-08-17 07:03:00 UTC
STARLINK-31258,53.22414856515872,2025-08-17 07:52:00 UTC
STARLINK-31253,76.4897087323131,2025-08-17 07:24:00 UTC
STARLINK-31232,60.34210278764877,2025-08-17 07:17:00 UTC
STARLINK-31263,37.86317531131233,2025-08-17 07:42:00 UTC
STARLINK-31171,37.69193541130837,2025-08-17 05:19:00 UTC
STARLINK-31246,75.24968989818976,2025-08-17 07:38:00 UTC
STARLINK-31251,58.211594188235715,2025-08-17 07:49:00 UTC
STARLINK-31249,45.62726693524554,2025-08-17 07:59:00 UTC
STARLINK-31250,55.904080689295455,2025-08-17 07:26:00 UTC
STARLINK-31248,34.35715630408187,2025-08-17 08:59:00 UTC
STARLINK-31236,36.763322034441366,2025-08-17 08:08:00 UTC
STARLINK-31228,39.75209436641466,2025-08-17 08:04:00 UTC
STARLINK-31280,31.666014878290913,2025-08-17 08:12:00 UTC
STARLINK-31269,29.311496264635036,2025-08-17 07:05:00 UTC
STARLINK-31264,50.78088914255943,2025-08-17 05:48:00 UTC
STARLINK-31273,30.899973859400074,2025-08-17 06:43:00 UTC
STARLINK-31262,61.209153826565384,2025-08-17 05:59:00 UTC
STARLINK-31306,56.156940921418695,2025-08-17 07:45:00 UTC
STARLINK-31326,37.527170454252506,2025-08-17 07:30:00 UTC
STARLINK-31300,64.71525463992623,2025-08-17 07:49:00 UTC
STARLINK-31296,33.34913750959821,2025-08-17 07:09:00 UTC
STARLINK-31328,31.28145729648458,2025-08-17 07:52:00 UTC
STARLINK-31260,65.75994749701883,2025-08-17 08:00:00 UTC
STARLINK-31323,65.89858725050627,2025-08-17 08:06:00 UTC
STARLINK-31209,72.46048167991519,2025-08-17 08:10:00 UTC
STARLINK-31315,42.64288390528845,2025-08-17 05:54:00 UTC
STARLINK-31318,35.22130733686698,2025-08-17 07:26:00 UTC
STARLINK-31320,61.6405801705441,2025-08-17 08:15:00 UTC
STARLINK-31321,57.709714170872246,2025-08-17 08:19:00 UTC
STARLINK-31007,51.576872361437815,2025-08-17 08:24:00 UTC
STARLINK-31230,60.70336272283134,2025-08-17 08:11:00 UTC
STARLINK-31245,50.894426863849716,2025-08-17 12:57:00 UTC
STARLINK-31254,30.80737581910319,2025-08-17 08:54:00 UTC
STARLINK-31255,49.58824520364597,2025-08-17 08:29:00 UTC
STARLINK-31243,43.443639470324115,2025-08-17 08:34:00 UTC
STARLINK-31218,38.959008250264056,2025-08-17 08:39:00 UTC
STARLINK-31221,68.66364646508993,2025-08-17 07:16:00 UTC
STARLINK-31190,33.7767578100862,2025-08-17 08:49:00 UTC
STARLINK-31317,58.649425514673716,2025-08-17 06:54:00 UTC
STARLINK-31378,61.55081332953835,2025-08-17 06:58:00 UTC
STARLINK-31350,45.31915605440578,2025-08-17 06:44:00 UTC
STARLINK-31337,40.39026028623317,2025-08-17 06:39:00 UTC
STARLINK-31362,37.460161889688735,2025-08-17 07:51:00 UTC
STARLINK-31383,40.65382340541142,2025-08-17 07:49:00 UTC
STARLINK-31390,43.089841451199646,2025-08-17 07:43:00 UTC
STARLINK-31377,41.22995226043964,2025-08-17 07:48:00 UTC
STARLINK-31372,49.29781645141425,2025-08-17 07:38:00 UTC
STARLINK-31371,51.01643503096249,2025-08-17 07:36:00 UTC
STARLINK-31345,57.88554436083689,2025-08-17 07:29:00 UTC
STARLINK-31354,56.41877823161284,2025-08-17 07:33:00 UTC
STARLINK-31346,71.52635173859092,2025-08-17 06:55:00 UTC
STARLINK-31336,42.87301406227853,2025-08-17 07:46:00 UTC
STARLINK-31359,60.645236603855516,2025-08-17 04:51:00 UTC
STARLINK-31331,74.14818011566759,2025-08-17 07:15:00 UTC
STARLINK-31116,67.8685373133558,2025-08-17 07:19:00 UTC
STARLINK-31311,68.77953454010492,2025-08-17 06:56:00 UTC
STARLINK-31294,36.2966880729042,2025-08-17 07:55:00 UTC
STARLINK-31330,62.70173083310497,2025-08-17 07:16:00 UTC
STARLINK-31293,72.30696263040738,2025-08-17 07:05:00 UTC
STARLINK-31373,36.025153091134854,2025-08-17 05:43:00 UTC
STARLINK-31449,32.4963227941545,2025-08-17 05:39:00 UTC
STARLINK-31314,41.255897110359925,2025-08-17 05:49:00 UTC
STARLINK-31356,58.218348272198284,2025-08-17 11:29:00 UTC
STARLINK-31335,43.66762228309897,2025-08-17 06:40:00 UTC
STARLINK-31368,39.58781568463483,2025-08-17 05:47:00 UTC
STARLINK-31333,69.40647182487692,2025-08-17 05:22:00 UTC
STARLINK-31351,76.80226509100852,2025-08-17 06:14:00 UTC
STARLINK-31365,84.19582951795493,2025-08-17 06:24:00 UTC
STARLINK-31361,79.76339074196625,2025-08-17 06:18:00 UTC
STARLINK-31369,66.9539383014018,2025-08-17 06:31:00 UTC
STARLINK-31324,69.30403930953565,2025-08-17 06:33:00 UTC
STARLINK-31358,36.94866793677361,2025-08-17 05:44:00 UTC
STARLINK-31355,61.689660536731395,2025-08-17 06:38:00 UTC
STARLINK-31380,54.88139060770452,2025-08-17 06:43:00 UTC
STARLINK-31353,53.8329574377191,2025-08-17 06:39:00 UTC
STARLINK-31339,47.188952167205265,2025-08-17 06:47:00 UTC
STARLINK-31384,41.40657121600707,2025-08-17 06:57:00 UTC
STARLINK-31379,35.55758815823267,2025-08-17 07:03:00 UTC
STARLINK-31385,64.03865099689355,2025-08-17 06:27:00 UTC
STARLINK-31229,30.661697989106845,2025-08-17 07:13:00 UTC
STARLINK-30996,85.80491867895446,2025-08-17 03:29:00 UTC
STARLINK-31006,70.19586248755398,2025-08-17 04:49:00 UTC
STARLINK-31178,67.5312094125794,2025-08-17 03:27:00 UTC
STARLINK-31227,86.25523519198484,2025-08-17 03:23:00 UTC
STARLINK-30863,72.7315103306922,2025-08-17 07:51:00 UTC
STARLINK-31206,73.40036052214643,2025-08-17 04:00:00 UTC
STARLINK-31224,84.48329280002856,2025-08-17 08:00:00 UTC
STARLINK-31186,67.6882308386764,2025-08-17 03:12:00 UTC
STARLINK-31211,70.27457896645636,2025-08-17 07:52:00 UTC
STARLINK-30862,78.91201333460982,2025-08-17 07:27:00 UTC
STARLINK-31210,60.0344352674374,2025-08-17 03:37:00 UTC
STARLINK-31231,65.25275397810681,2025-08-17 03:29:00 UTC
STARLINK-31207,63.4150795607364,2025-08-17 03:24:00 UTC
STARLINK-31217,15.363541322323641,2025-08-17 03:22:00 UTC
STARLINK-31208,68.63362141762693,2025-08-17 07:54:00 UTC
STARLINK-31235,70.53922227011249,2025-08-17 03:19:00 UTC
STARLINK-31220,76.94474904985432,2025-08-17 07:48:00 UTC
STARLINK-31225,68.62720414851798,2025-08-17 07:57:00 UTC
STARLINK-31240,58.84547472984878,2025-08-17 07:14:00 UTC
STARLINK-31202,58.75214418911385,2025-08-17 07:22:00 UTC
STARLINK-31234,59.42030117862144,2025-08-17 03:46:00 UTC
STARLINK-31153,80.85373867550898,2025-08-17 03:14:00 UTC
STARLINK-31241,56.340723613164016,2025-08-17 07:10:00 UTC
STARLINK-31205,56.56209486528381,2025-08-17 03:42:00 UTC
STARLINK-31265,69.39352921407628,2025-08-17 03:09:00 UTC
STARLINK-31276,33.70686330289507,2025-08-17 03:59:00 UTC
STARLINK-31259,31.8615441115299,2025-08-17 04:03:00 UTC
STARLINK-31281,28.586900576777357,2025-08-17 04:10:00 UTC
STARLINK-31274,73.27982968756706,2025-08-17 03:16:00 UTC
STARLINK-31257,20.438249396404593,2025-08-17 04:30:00 UTC
STARLINK-31292,25.96357491721894,2025-08-17 04:16:00 UTC
STARLINK-31286,23.471968507146492,2025-08-17 04:22:00 UTC
STARLINK-31261,58.87998320091994,2025-08-17 03:26:00 UTC
STARLINK-31290,11.642301810805689,2025-08-17 04:06:00 UTC
STARLINK-31279,44.090843015435375,2025-08-17 03:47:00 UTC
STARLINK-31266,21.08814037077441,2025-08-17 04:27:00 UTC
STARLINK-31313,19.81842807757642,2025-08-17 04:31:00 UTC
STARLINK-31307,21.677893189910556,2025-08-17 04:26:00 UTC
STARLINK-31310,36.48268617212799,2025-08-17 03:56:00 UTC
STARLINK-31343,50.012404055387904,2025-08-17 03:37:00 UTC
STARLINK-31295,70.71697878286622,2025-08-17 03:05:00 UTC
STARLINK-31291,17.743342893030132,2025-08-17 04:39:00 UTC
STARLINK-31312,61.44707705746504,2025-08-17 09:32:00 UTC
STARLINK-31308,70.75117870814509,2025-08-17 10:09:00 UTC
STARLINK-31270,74.0354385698458,2025-08-17 08:44:00 UTC
STARLINK-31341,54.601813625940075,2025-08-17 08:19:00 UTC
STARLINK-31338,53.218993147042276,2025-08-17 08:16:00 UTC
STARLINK-31334,47.43825636232101,2025-08-17 08:12:00 UTC
STARLINK-31297,64.76435358905087,2025-08-17 08:48:00 UTC
STARLINK-31182,62.277161863777735,2025-08-17 12:50:00 UTC
STARLINK-31327,66.44463968006617,2025-08-17 08:54:00 UTC
STARLINK-31256,65.79749915333242,2025-08-17 12:56:00 UTC
STARLINK-31272,70.07433007614722,2025-08-17 13:02:00 UTC
STARLINK-31278,54.09083064601447,2025-08-17 08:09:00 UTC
STARLINK-31309,60.763635966787085,2025-08-17 08:16:00 UTC
STARLINK-31325,65.39244603928378,2025-08-17 08:20:00 UTC
STARLINK-31342,66.66699514771827,2025-08-17 08:26:00 UTC
STARLINK-31298,66.10759852568593,2025-08-17 08:28:00 UTC
STARLINK-31322,62.90804531764444,2025-08-17 09:10:00 UTC
STARLINK-31329,72.05275094400177,2025-08-17 08:58:00 UTC
STARLINK-31340,77.19514715083321,2025-08-17 10:47:00 UTC
STARLINK-31344,67.44675446443591,2025-08-17 09:04:00 UTC
STARLINK-31348,76.83020173909473,2025-08-17 10:10:00 UTC
STARLINK-31289,67.95577800765466,2025-08-17 08:38:00 UTC
STARLINK-31283,73.46556488350252,2025-08-17 09:56:00 UTC
STARLINK-31439,61.79696639995637,2025-08-17 07:56:00 UTC
STARLINK-31410,71.4497827393347,2025-08-17 07:44:00 UTC
STARLINK-31395,59.25461132445327,2025-08-17 11:46:00 UTC
STARLINK-31486,59.869078703284806,2025-08-17 08:03:00 UTC
STARLINK-31411,60.86902302587601,2025-08-17 11:59:00 UTC
STARLINK-31382,64.39784731936584,2025-08-17 11:56:00 UTC
STARLINK-31394,64.47346959948449,2025-08-17 07:26:00 UTC
STARLINK-31403,60.332963329655755,2025-08-17 06:51:00 UTC
STARLINK-31514,74.24582092165954,2025-08-17 07:48:00 UTC
STARLINK-31478,77.39400805868175,2025-08-17 12:29:00 UTC
STARLINK-31498,57.81510299718148,2025-08-17 08:12:00 UTC
STARLINK-31563,65.64737460741132,2025-08-17 12:14:00 UTC
STARLINK-31551,78.86296385548471,2025-08-17 11:53:00 UTC
STARLINK-31536,68.14676159989202,2025-08-17 07:40:00 UTC
STARLINK-31548,55.755250633313324,2025-08-17 08:21:00 UTC
STARLINK-31542,62.58583194395656,2025-08-17 11:51:00 UTC
STARLINK-31554,70.92839131479107,2025-08-17 08:00:00 UTC
STARLINK-31558,59.89767184428222,2025-08-17 11:55:00 UTC
STARLINK-31275,68.97493371690891,2025-08-17 08:05:00 UTC
STARLINK-31590,56.67984891076472,2025-08-17 08:18:00 UTC
STARLINK-31567,70.38311590255842,2025-08-17 12:19:00 UTC
STARLINK-31503,81.44026160174455,2025-08-17 12:25:00 UTC
STARLINK-31603,43.02748505807094,2025-08-17 04:49:00 UTC
STARLINK-31602,48.29253072127287,2025-08-17 03:53:00 UTC
STARLINK-31577,33.551167592259155,2025-08-17 04:56:00 UTC
STARLINK-31522,46.65059754860388,2025-08-17 04:45:00 UTC
STARLINK-31586,69.54800976483251,2025-08-17 04:07:00 UTC
STARLINK-31247,64.44123559649393,2025-08-17 04:27:00 UTC
STARLINK-31591,50.82673463357272,2025-08-17 03:57:00 UTC
STARLINK-31576,41.220963575675334,2025-08-17 03:44:00 UTC
STARLINK-31601,31.30258145041064,2025-08-17 03:28:00 UTC
STARLINK-31520,69.22353437625323,2025-08-17 04:23:00 UTC
STARLINK-31496,44.35870562325041,2025-08-17 03:11:00 UTC
STARLINK-31492,39.83184666249151,2025-08-17 04:52:00 UTC
STARLINK-31517,54.178998655917454,2025-08-17 03:57:00 UTC
STARLINK-31604,59.01621708682438,2025-08-17 04:03:00 UTC
STARLINK-31434,30.215765689955322,2025-08-17 05:00:00 UTC
STARLINK-31417,42.33021070873046,2025-08-17 04:50:00 UTC
STARLINK-31499,37.33204135102993,2025-08-17 03:38:00 UTC
STARLINK-31421,32.7911179515434,2025-08-17 03:31:00 UTC
STARLINK-31518,45.296292413133585,2025-08-17 03:48:00 UTC
STARLINK-31523,62.891075767107786,2025-08-17 04:11:00 UTC
STARLINK-31516,33.816268635011475,2025-08-17 03:34:00 UTC
STARLINK-31490,45.47648606916076,2025-08-17 04:47:00 UTC
STARLINK-31420,48.99160781471276,2025-08-17 04:42:00 UTC
STARLINK-31304,51.107660259831,2025-08-17 11:00:00 UTC
STARLINK-31305,75.13628712754281,2025-08-17 11:15:00 UTC
STARLINK-31459,53.58758360095417,2025-08-17 11:38:00 UTC
STARLINK-31438,70.04225167515233,2025-08-17 10:29:00 UTC
STARLINK-31467,55.89772606151043,2025-08-17 11:34:00 UTC
STARLINK-31444,55.67391774082554,2025-08-17 10:26:00 UTC
STARLINK-31505,54.35300476308005,2025-08-17 11:45:00 UTC
STARLINK-31494,78.57440685709007,2025-08-17 11:11:00 UTC
STARLINK-31303,59.049030584338716,2025-08-17 10:55:00 UTC
STARLINK-31408,50.51402426775836,2025-08-17 10:33:00 UTC
STARLINK-31427,59.764737265462934,2025-08-17 10:38:00 UTC
STARLINK-31423,47.41756044386292,2025-08-17 10:29:00 UTC
STARLINK-31433,62.91852362284219,2025-08-17 11:29:00 UTC
STARLINK-31285,73.300718208043,2025-08-17 11:05:00 UTC
STARLINK-31268,69.1300797642152,2025-08-17 10:59:00 UTC
STARLINK-31284,69.78918609622028,2025-08-17 11:23:00 UTC
STARLINK-31424,50.264696310624224,2025-08-17 11:38:00 UTC
STARLINK-31405,48.879287770268796,2025-08-17 11:56:00 UTC
STARLINK-31426,47.344313756452564,2025-08-17 12:00:00 UTC
STARLINK-31407,68.88416152200766,2025-08-17 10:04:00 UTC
STARLINK-31393,69.3327723666121,2025-08-17 10:20:00 UTC
STARLINK-31425,69.62086531710962,2025-08-17 11:17:00 UTC
STARLINK-31659,84.63325770851347,2025-08-17 05:50:00 UTC
STARLINK-31629,80.2489948169217,2025-08-17 05:58:00 UTC
STARLINK-31652,51.56830694583149,2025-08-17 05:39:00 UTC
STARLINK-31655,32.67035105488412,2025-08-17 04:09:00 UTC
STARLINK-31637,46.76962507724867,2025-08-17 05:30:00 UTC
STARLINK-31506,71.87201135099784,2025-08-17 05:53:00 UTC
STARLINK-31288,39.438164917459325,2025-08-17 04:40:00 UTC
STARLINK-31639,50.83127834321907,2025-08-17 05:34:00 UTC
STARLINK-31598,30.234977214573686,2025-08-17 05:11:00 UTC
STARLINK-31645,62.35627567600609,2025-08-17 06:09:00 UTC
STARLINK-31646,55.595662715873104,2025-08-17 06:19:00 UTC
STARLINK-31648,63.44643513417583,2025-08-17 05:44:00 UTC
STARLINK-31579,78.93298354468925,2025-08-17 06:04:00 UTC
STARLINK-31627,34.620972758773036,2025-08-17 06:38:00 UTC
STARLINK-31609,64.31423598599382,2025-08-17 06:14:00 UTC
STARLINK-31616,46.75141849280911,2025-08-17 06:24:00 UTC
STARLINK-31630,68.24192172931433,2025-08-17 05:00:00 UTC
STARLINK-31623,38.79503430790406,2025-08-17 05:21:00 UTC
STARLINK-31595,68.65158332560326,2025-08-17 05:49:00 UTC
STARLINK-31402,73.02696410772536,2025-08-17 10:57:00 UTC
STARLINK-31578,10.44327493164785,2025-08-17 11:47:00 UTC
STARLINK-31530,7.270491984185623,2025-08-17 11:35:00 UTC
STARLINK-31565,11.472531275242789,2025-08-17 12:23:00 UTC
STARLINK-31570,9.344661068627605,2025-08-17 11:45:00 UTC
STARLINK-31611,9.766305623286058,2025-08-17 11:47:00 UTC
STARLINK-31632,11.428221179733255,2025-08-17 12:37:00 UTC
STARLINK-31599,17.33111676243633,2025-08-17 12:14:00 UTC
STARLINK-31614,30.806047946213038,2025-08-17 12:51:00 UTC
STARLINK-31493,20.89989815491448,2025-08-17 12:27:00 UTC
STARLINK-31634,38.31673017222911,2025-08-17 13:04:00 UTC
STARLINK-31633,37.29858492876496,2025-08-17 13:01:00 UTC
STARLINK-31594,12.59216316463029,2025-08-17 12:42:00 UTC
STARLINK-31572,13.828699249880687,2025-08-17 12:47:00 UTC
STARLINK-31573,11.419708825193375,2025-08-17 11:52:00 UTC
STARLINK-31588,13.797046405261865,2025-08-17 12:01:00 UTC
STARLINK-31596,15.209029831184836,2025-08-17 12:07:00 UTC
STARLINK-31612,25.52366453578103,2025-08-17 12:38:00 UTC
STARLINK-31550,8.77776543653954,2025-08-17 11:42:00 UTC
STARLINK-31473,20.439752511187105,2025-08-17 12:24:00 UTC
STARLINK-31562,8.73670107562158,2025-08-17 13:04:00 UTC
STARLINK-31600,12.746238512239508,2025-08-17 12:29:00 UTC
STARLINK-31628,33.58782265309056,2025-08-17 12:55:00 UTC
STARLINK-31641,56.643992875242894,2025-08-17 03:33:00 UTC
STARLINK-31430,43.670737742678085,2025-08-17 11:33:00 UTC
STARLINK-31695,74.60997054863785,2025-08-17 03:33:00 UTC
STARLINK-31716,73.34305683444796,2025-08-17 07:48:00 UTC
STARLINK-31710,73.99830612266847,2025-08-17 03:48:00 UTC
STARLINK-31698,66.80036361717423,2025-08-17 03:28:00 UTC
STARLINK-31680,52.86368709096053,2025-08-17 03:30:00 UTC
STARLINK-31713,49.02245559743946,2025-08-17 11:25:00 UTC
STARLINK-31705,71.6220564978526,2025-08-17 03:44:00 UTC
STARLINK-31715,51.368982144318316,2025-08-17 03:19:00 UTC
STARLINK-31717,57.05482342844946,2025-08-17 03:59:00 UTC
STARLINK-31688,54.463280423308525,2025-08-17 11:20:00 UTC
STARLINK-31714,58.54404363487042,2025-08-17 10:39:00 UTC
STARLINK-31643,67.062426287046,2025-08-17 03:53:00 UTC
STARLINK-31647,70.32654717485912,2025-08-17 10:44:00 UTC
STARLINK-31649,76.21729600150236,2025-08-17 03:37:00 UTC
STARLINK-31644,65.11851432199997,2025-08-17 11:16:00 UTC
STARLINK-31626,47.6668460754333,2025-08-17 03:14:00 UTC
STARLINK-31443,41.143291238050615,2025-08-17 09:29:00 UTC
STARLINK-31607,60.33009753002152,2025-08-17 03:23:00 UTC
STARLINK-31608,69.1966206643164,2025-08-17 10:43:00 UTC
STARLINK-31534,69.55783664408258,2025-08-17 09:38:00 UTC
STARLINK-31544,58.051274583248315,2025-08-17 05:56:00 UTC
STARLINK-31545,67.77437349061252,2025-08-17 09:55:00 UTC
STARLINK-31507,77.26965265019884,2025-08-17 05:09:00 UTC
STARLINK-31543,66.84895784409517,2025-08-17 05:44:00 UTC
STARLINK-31366,74.37483889909153,2025-08-17 05:26:00 UTC
STARLINK-31374,81.34174337315982,2025-08-17 06:42:00 UTC
STARLINK-31400,66.52976524285808,2025-08-17 09:46:00 UTC
STARLINK-31391,66.7021702044669,2025-08-17 09:52:00 UTC
STARLINK-31387,56.15883600708673,2025-08-17 05:52:00 UTC
STARLINK-31396,59.136254077520995,2025-08-17 05:13:00 UTC
STARLINK-31412,87.36274727029294,2025-08-17 05:20:00 UTC
STARLINK-31483,71.4677505033735,2025-08-17 05:38:00 UTC
STARLINK-31568,68.93012697185036,2025-08-17 05:42:00 UTC
STARLINK-31615,55.07453684754606,2025-08-17 05:32:00 UTC
STARLINK-31457,57.88675778283506,2025-08-17 08:55:00 UTC
STARLINK-31398,72.0549559980166,2025-08-17 05:14:00 UTC
STARLINK-31399,79.35282599303592,2025-08-17 10:03:00 UTC
STARLINK-31401,59.3726723825985,2025-08-17 05:27:00 UTC
STARLINK-31414,75.36718615039511,2025-08-17 05:31:00 UTC
STARLINK-31415,62.441790706635466,2025-08-17 09:30:00 UTC
STARLINK-31466,53.20696394952422,2025-08-17 09:22:00 UTC
STARLINK-11087 [DTC],49.565583061132514,2025-08-17 03:47:00 UTC
STARLINK-11090 [DTC],28.493492869064,2025-08-17 03:24:00 UTC
STARLINK-11093 [DTC],33.61422611611395,2025-08-17 03:31:00 UTC
STARLINK-11083 [DTC],36.79993428320865,2025-08-17 03:38:00 UTC
STARLINK-11085 [DTC],24.149652656925817,2025-08-17 03:16:00 UTC
STARLINK-11089 [DTC],57.255001560726186,2025-08-17 03:53:00 UTC
STARLINK-31757,75.33203759356208,2025-08-17 05:20:00 UTC
STARLINK-31773,35.59317314169718,2025-08-17 04:52:00 UTC
STARLINK-31772,48.35094925332176,2025-08-17 04:56:00 UTC
STARLINK-31613,75.42908803267443,2025-08-17 05:14:00 UTC
STARLINK-31780,76.47165346114542,2025-08-17 05:26:00 UTC
STARLINK-31740,58.00479187700836,2025-08-17 13:01:00 UTC
STARLINK-31580,43.92001645487162,2025-08-17 05:01:00 UTC
STARLINK-31696,63.73698207421035,2025-08-17 05:10:00 UTC
STARLINK-31700,54.36790946483917,2025-08-17 05:01:00 UTC
STARLINK-31706,55.3615982911545,2025-08-17 13:03:00 UTC
STARLINK-31711,58.54088576447543,2025-08-17 05:06:00 UTC
STARLINK-31708,42.128613275270496,2025-08-17 04:53:00 UTC
STARLINK-31693,72.22724347306836,2025-08-17 05:30:00 UTC
STARLINK-31622,60.20881278376759,2025-08-17 08:03:00 UTC
STARLINK-31319,60.39501457477537,2025-08-17 04:08:00 UTC
STARLINK-31625,59.59225616155229,2025-08-17 04:29:00 UTC
STARLINK-31631,65.28520781934817,2025-08-17 03:47:00 UTC
STARLINK-31620,56.98773267236456,2025-08-17 04:19:00 UTC
STARLINK-31511,58.507141083598206,2025-08-17 07:56:00 UTC
STARLINK-31364,69.22680992079353,2025-08-17 03:59:00 UTC
STARLINK-31597,60.18341095780862,2025-08-17 04:23:00 UTC
STARLINK-31621,57.08040636587661,2025-08-17 04:33:00 UTC
STARLINK-31462,69.57598708923999,2025-08-17 04:10:00 UTC
STARLINK-31592,66.72605308739553,2025-08-17 08:09:00 UTC
STARLINK-31267,62.054722814935396,2025-08-17 07:49:00 UTC
STARLINK-31381,62.94945992266382,2025-08-17 07:49:00 UTC
STARLINK-31546,66.29720779081211,2025-08-17 04:02:00 UTC
STARLINK-31575,55.135226202455826,2025-08-17 04:14:00 UTC
STARLINK-31610,84.00092959511436,2025-08-17 03:58:00 UTC
STARLINK-31581,56.94122890834272,2025-08-17 03:59:00 UTC
STARLINK-31566,77.91643205558229,2025-08-17 04:05:00 UTC
STARLINK-31515,67.44017620373701,2025-08-17 04:17:00 UTC
STARLINK-31531,71.08778252556449,2025-08-17 05:09:00 UTC
STARLINK-31753,49.985813236466235,2025-08-17 04:08:00 UTC
STARLINK-31733,72.86578187737852,2025-08-17 05:03:00 UTC
STARLINK-31657,50.950618297393994,2025-08-17 05:29:00 UTC
STARLINK-31754,63.40192066974135,2025-08-17 05:13:00 UTC
STARLINK-31638,54.41879112123004,2025-08-17 05:27:00 UTC
STARLINK-31670,64.49861887760126,2025-08-17 05:54:00 UTC
STARLINK-31712,69.1866048282557,2025-08-17 05:56:00 UTC
STARLINK-31684,82.12501965173126,2025-08-17 05:18:00 UTC
STARLINK-31678,73.35073386468163,2025-08-17 05:30:00 UTC
STARLINK-31744,89.31812681111518,2025-08-17 05:25:00 UTC
STARLINK-31719,62.69576973203804,2025-08-17 04:28:00 UTC
STARLINK-31728,47.117850288523776,2025-08-17 05:36:00 UTC
STARLINK-31720,68.26199380373284,2025-08-17 04:53:00 UTC
STARLINK-31731,78.06880581582081,2025-08-17 05:02:00 UTC
STARLINK-31742,64.52792816595041,2025-08-17 05:15:00 UTC
STARLINK-31512,35.99502331654379,2025-08-17 03:12:00 UTC
STARLINK-31458,57.01457541303026,2025-08-17 05:23:00 UTC
STARLINK-31357,62.41490338062364,2025-08-17 04:39:00 UTC
STARLINK-31508,78.53115010237654,2025-08-17 04:46:00 UTC
STARLINK-31535,74.1122938534207,2025-08-17 05:36:00 UTC
STARLINK-31533,71.15135464609517,2025-08-17 04:58:00 UTC
STARLINK-31524,74.71647781430221,2025-08-17 04:21:00 UTC
STARLINK-31635,81.51170255184758,2025-08-17 03:21:00 UTC
STARLINK-31650,42.851254087024635,2025-08-17 04:14:00 UTC
STARLINK-31658,4.678775079423955,2025-08-17 03:27:00 UTC
STARLINK-31669,68.35298147778352,2025-08-17 03:37:00 UTC
STARLINK-31671,32.98519135625872,2025-08-17 04:31:00 UTC
STARLINK-31674,62.44561128771255,2025-08-17 03:54:00 UTC
STARLINK-31679,34.49637113235973,2025-08-17 03:44:00 UTC
STARLINK-31370,36.07987677225943,2025-08-17 04:27:00 UTC
STARLINK-31404,35.79955648024613,2025-08-17 03:05:00 UTC
STARLINK-31453,21.44836487016808,2025-08-17 03:47:00 UTC
STARLINK-31476,39.902970835878044,2025-08-17 04:21:00 UTC
STARLINK-31376,23.00893385679876,2025-08-17 03:57:00 UTC
STARLINK-31538,65.42770821474079,2025-08-17 03:42:00 UTC
STARLINK-31564,85.27734138916205,2025-08-17 03:31:00 UTC
STARLINK-31452,30.03568303343313,2025-08-17 04:36:00 UTC
STARLINK-31618,50.39732928555144,2025-08-17 03:53:00 UTC
STARLINK-31513,25.564453184001977,2025-08-17 04:34:00 UTC
STARLINK-31392,47.64652365404143,2025-08-17 04:09:00 UTC
STARLINK-31619,68.47164987048744,2025-08-17 03:48:00 UTC
STARLINK-31624,7.740352429495604,2025-08-17 03:10:00 UTC
STARLINK-31509,64.74784544051424,2025-08-17 03:09:00 UTC
STARLINK-31734,57.139524431985066,2025-08-17 04:54:00 UTC
STARLINK-31738,56.31620212438841,2025-08-17 05:19:00 UTC
STARLINK-31721,72.53171819675954,2025-08-17 05:22:00 UTC
STARLINK-31737,52.87970849893342,2025-08-17 05:43:00 UTC
STARLINK-31725,63.5699811783385,2025-08-17 04:13:00 UTC
STARLINK-31539,46.87738070849964,2025-08-17 04:20:00 UTC
STARLINK-31397,60.59179767432147,2025-08-17 04:42:00 UTC
STARLINK-31481,81.71728538650828,2025-08-17 05:04:00 UTC
STARLINK-31540,65.6627054637657,2025-08-17 05:28:00 UTC
STARLINK-31574,52.89158588725931,2025-08-17 04:27:00 UTC
STARLINK-31556,53.61553916149991,2025-08-17 04:30:00 UTC
STARLINK-31582,66.11663362773517,2025-08-17 04:48:00 UTC
STARLINK-31519,69.54488318140339,2025-08-17 05:09:00 UTC
STARLINK-31736,59.94923777745427,2025-08-17 04:10:00 UTC
STARLINK-31675,56.15802978870593,2025-08-17 05:33:00 UTC
STARLINK-31722,84.75764729560649,2025-08-17 05:04:00 UTC
STARLINK-31741,81.53372379615872,2025-08-17 05:16:00 UTC
STARLINK-31699,59.41905276620697,2025-08-17 05:37:00 UTC
STARLINK-31750,45.22173478897575,2025-08-17 04:16:00 UTC
STARLINK-31723,44.84768684982378,2025-08-17 05:49:00 UTC
STARLINK-31724,20.046257059654224,2025-08-17 04:19:00 UTC
STARLINK-31730,66.81351954437586,2025-08-17 04:54:00 UTC
STARLINK-31718,57.28444522783057,2025-08-17 04:37:00 UTC
STARLINK-31747,56.33918917754138,2025-08-17 05:42:00 UTC
STARLINK-31388,61.29036273843482,2025-08-17 06:27:00 UTC
STARLINK-31332,56.18667553596483,2025-08-17 07:17:00 UTC
STARLINK-31689,68.28398306302064,2025-08-17 06:18:00 UTC
STARLINK-31471,55.240986505820665,2025-08-17 06:11:00 UTC
STARLINK-31470,58.297196654533586,2025-08-17 06:09:00 UTC
STARLINK-31587,59.35460747968763,2025-08-17 06:21:00 UTC
STARLINK-31606,70.04623301616778,2025-08-17 06:56:00 UTC
STARLINK-31666,65.4497721206333,2025-08-17 06:02:00 UTC
STARLINK-31683,46.960197215820465,2025-08-17 07:27:00 UTC
STARLINK-31751,77.65402589807842,2025-08-17 06:42:00 UTC
STARLINK-31510,59.414202432199055,2025-08-17 06:07:00 UTC
STARLINK-31663,67.86641500848782,2025-08-17 06:33:00 UTC
STARLINK-31692,57.537460289194954,2025-08-17 06:15:00 UTC
STARLINK-31685,75.12339569043246,2025-08-17 07:01:00 UTC
STARLINK-31686,62.95343467898241,2025-08-17 07:06:00 UTC
STARLINK-31668,75.18049367770129,2025-08-17 06:49:00 UTC
STARLINK-31690,51.19822966234983,2025-08-17 07:23:00 UTC
STARLINK-31701,52.6430140887124,2025-08-17 06:07:00 UTC
STARLINK-31697,44.94272525936684,2025-08-17 05:55:00 UTC
STARLINK-31662,57.8457912778751,2025-08-17 06:15:00 UTC
STARLINK-31702,70.70413986950722,2025-08-17 06:39:00 UTC
STARLINK-31704,64.66417461861671,2025-08-17 03:36:00 UTC
STARLINK-31770,58.38263929353794,2025-08-17 08:10:00 UTC
STARLINK-31778,62.367511458018846,2025-08-17 08:15:00 UTC
STARLINK-31776,64.93576342315922,2025-08-17 04:49:00 UTC
STARLINK-31765,69.98985161794474,2025-08-17 04:09:00 UTC
STARLINK-31767,60.79385557749199,2025-08-17 04:41:00 UTC
STARLINK-31782,57.12415930489099,2025-08-17 08:22:00 UTC
STARLINK-31755,58.26547331820479,2025-08-17 08:28:00 UTC
STARLINK-31585,68.228255180661,2025-08-17 08:22:00 UTC
STARLINK-31667,88.0429995421693,2025-08-17 08:28:00 UTC
STARLINK-31729,63.990643970616155,2025-08-17 08:06:00 UTC
STARLINK-31448,56.50620788826778,2025-08-17 04:23:00 UTC
STARLINK-31748,65.94541361161109,2025-08-17 03:56:00 UTC
STARLINK-31746,61.74375544960759,2025-08-17 08:34:00 UTC
STARLINK-31762,60.39340579080796,2025-08-17 04:35:00 UTC
STARLINK-31761,82.4568775209917,2025-08-17 08:39:00 UTC
STARLINK-31768,62.79516462042267,2025-08-17 04:32:00 UTC
STARLINK-31769,58.148542082984925,2025-08-17 08:17:00 UTC
STARLINK-31784,60.870679944190215,2025-08-17 04:55:00 UTC
STARLINK-31777,57.34354063183575,2025-08-17 05:00:00 UTC
STARLINK-31771,62.104804459573245,2025-08-17 04:38:00 UTC
STARLINK-31758,76.58328719962938,2025-08-17 08:36:00 UTC
STARLINK-31774,56.23242160099415,2025-08-17 07:52:00 UTC
STARLINK-31763,58.36754175226617,2025-08-17 08:21:00 UTC
STARLINK-31749,46.99953298667434,2025-08-17 11:43:00 UTC
STARLINK-31781,46.99703395636751,2025-08-17 10:49:00 UTC
STARLINK-31541,79.33591680722644,2025-08-17 10:21:00 UTC
STARLINK-31797,70.99129874128553,2025-08-17 10:32:00 UTC
STARLINK-31798,59.9814316555693,2025-08-17 11:21:00 UTC
STARLINK-31802,65.55384967055736,2025-08-17 11:08:00 UTC
STARLINK-31791,49.22649287231252,2025-08-17 10:14:00 UTC
STARLINK-31727,53.075097137754,2025-08-17 11:26:00 UTC
STARLINK-31807,65.50299807169866,2025-08-17 11:15:00 UTC
STARLINK-31806,70.28984297888354,2025-08-17 10:47:00 UTC
STARLINK-31804,46.89802140533903,2025-08-17 10:09:00 UTC
STARLINK-31660,86.30228717399712,2025-08-17 12:48:00 UTC
STARLINK-31800,72.87829317384733,2025-08-17 11:05:00 UTC
STARLINK-31789,62.19263552226765,2025-08-17 10:26:00 UTC
STARLINK-31795,66.74241242907712,2025-08-17 11:11:00 UTC
STARLINK-31796,69.36885209170863,2025-08-17 10:36:00 UTC
STARLINK-31801,54.62435236953014,2025-08-17 11:32:00 UTC
STARLINK-31790,41.09106506978104,2025-08-17 09:44:00 UTC
STARLINK-31787,78.44657799323282,2025-08-17 10:42:00 UTC
STARLINK-31277,74.57617500831964,2025-08-17 10:53:00 UTC
STARLINK-31799,80.99554223129294,2025-08-17 10:13:00 UTC
STARLINK-31764,57.34060082878865,2025-08-17 10:22:00 UTC
STARLINK-31589,73.52199378701378,2025-08-17 08:51:00 UTC
STARLINK-31665,86.45169703010845,2025-08-17 04:08:00 UTC
STARLINK-31912,69.171545711377,2025-08-17 04:37:00 UTC
STARLINK-31904,83.68673648191928,2025-08-17 04:22:00 UTC
STARLINK-31858,72.62402987732392,2025-08-17 08:41:00 UTC
STARLINK-31881,69.09053536456092,2025-08-17 08:58:00 UTC
STARLINK-31885,66.55854410132916,2025-08-17 04:19:00 UTC
STARLINK-31880,75.78945857505776,2025-08-17 08:56:00 UTC
STARLINK-31886,71.18989880784954,2025-08-17 04:32:00 UTC
STARLINK-31909,64.01551494790812,2025-08-17 08:48:00 UTC
STARLINK-31910,66.24381241031239,2025-08-17 08:46:00 UTC
STARLINK-31902,66.2736611344229,2025-08-17 04:42:00 UTC
STARLINK-31913,84.18907093734438,2025-08-17 08:49:00 UTC
STARLINK-31866,76.1383235487503,2025-08-17 08:17:00 UTC
STARLINK-31917,69.30380804074977,2025-08-17 04:16:00 UTC
STARLINK-31860,73.70772075090011,2025-08-17 04:13:00 UTC
STARLINK-31854,65.99867895753717,2025-08-17 06:29:00 UTC
STARLINK-31842,66.867407542526,2025-08-17 04:25:00 UTC
STARLINK-31871,75.80299558395552,2025-08-17 09:03:00 UTC
STARLINK-31875,74.681608754099,2025-08-17 04:02:00 UTC
STARLINK-31877,68.56331872653814,2025-08-17 04:25:00 UTC
STARLINK-31884,78.22395076133718,2025-08-17 09:07:00 UTC
STARLINK-32108,60.07233289469767,2025-08-17 06:19:00 UTC
STARLINK-32080,63.28751311661908,2025-08-17 10:12:00 UTC
STARLINK-32091,68.15803338403764,2025-08-17 09:51:00 UTC
STARLINK-32085,59.79069232792141,2025-08-17 06:02:00 UTC
STARLINK-32100,57.46566481906027,2025-08-17 04:57:00 UTC
STARLINK-32089,71.04701415800666,2025-08-17 05:38:00 UTC
STARLINK-32103,55.356524016514896,2025-08-17 08:59:00 UTC
STARLINK-32105,84.41838053743719,2025-08-17 05:29:00 UTC
STARLINK-32106,77.86780459001312,2025-08-17 09:35:00 UTC
STARLINK-32090,64.67831564774674,2025-08-17 10:04:00 UTC
STARLINK-32088,72.3641179504052,2025-08-17 09:47:00 UTC
STARLINK-32107,63.401555048699066,2025-08-17 09:48:00 UTC
STARLINK-32104,65.38451348675285,2025-08-17 09:46:00 UTC
STARLINK-32094,69.11402245974013,2025-08-17 09:54:00 UTC
STARLINK-32099,75.17988741938744,2025-08-17 05:35:00 UTC
STARLINK-32096,68.10806632749555,2025-08-17 05:56:00 UTC
STARLINK-32102,78.514365378976,2025-08-17 05:43:00 UTC
STARLINK-32092,58.50234894833473,2025-08-17 06:10:00 UTC
STARLINK-32093,54.472367981539975,2025-08-17 06:07:00 UTC
STARLINK-32087,65.32234124419385,2025-08-17 05:49:00 UTC
STARLINK-32086,77.11796432829655,2025-08-17 05:23:00 UTC
STARLINK-32098,57.54630765854545,2025-08-17 09:42:00 UTC
STARLINK-11107 [DTC],49.864533856951844,2025-08-17 11:47:00 UTC
STARLINK-11088 [DTC],29.68540322194362,2025-08-17 11:33:00 UTC
STARLINK-11092 [DTC],24.26307298503776,2025-08-17 11:25:00 UTC
STARLINK-11082 [DTC],26.185214163366187,2025-08-17 12:53:00 UTC
STARLINK-11108 [DTC],30.54785734885976,2025-08-17 12:45:00 UTC
STARLINK-11100 [DTC],35.51494840553029,2025-08-17 12:39:00 UTC
STARLINK-11094 [DTC],40.39652087063014,2025-08-17 12:31:00 UTC
STARLINK-11101 [DTC],52.611233503214706,2025-08-17 12:16:00 UTC
STARLINK-11099 [DTC],52.41763181435699,2025-08-17 12:23:00 UTC
STARLINK-11084 [DTC],71.42543938545867,2025-08-17 12:09:00 UTC
STARLINK-11103 [DTC],57.0778798189587,2025-08-17 12:02:00 UTC
STARLINK-11096 [DTC],36.23935345313562,2025-08-17 11:40:00 UTC
STARLINK-11095 [DTC],63.689075308647936,2025-08-17 11:55:00 UTC
STARLINK-31834,23.91249384047643,2025-08-17 04:13:00 UTC
STARLINK-31843,16.706116297919902,2025-08-17 04:29:00 UTC
STARLINK-31766,34.199855172381284,2025-08-17 03:57:00 UTC
STARLINK-31836,28.761464288169837,2025-08-17 04:04:00 UTC
STARLINK-31820,19.879460533631878,2025-08-17 04:22:00 UTC
STARLINK-31642,18.76626017001991,2025-08-17 04:24:00 UTC
STARLINK-31827,15.31764748008452,2025-08-17 04:33:00 UTC
STARLINK-31472,27.03960041608344,2025-08-17 12:27:00 UTC
STARLINK-31817,17.382339877620474,2025-08-17 12:00:00 UTC
STARLINK-31841,66.92694460073588,2025-08-17 11:13:00 UTC
STARLINK-31833,37.990949522181616,2025-08-17 12:48:00 UTC
STARLINK-31849,46.34912137786768,2025-08-17 12:35:00 UTC
STARLINK-31661,36.605069842352115,2025-08-17 12:17:00 UTC
STARLINK-31707,24.608783635018447,2025-08-17 12:21:00 UTC
STARLINK-31821,31.604634603861648,2025-08-17 12:38:00 UTC
STARLINK-31819,29.88773152308276,2025-08-17 12:33:00 UTC
STARLINK-31726,15.565914984190057,2025-08-17 11:54:00 UTC
STARLINK-31759,48.11484662500974,2025-08-17 13:02:00 UTC
STARLINK-31818,40.80748055320307,2025-08-17 12:52:00 UTC
STARLINK-31816,10.43108320241238,2025-08-17 11:36:00 UTC
STARLINK-31809,39.73839762590834,2025-08-17 12:22:00 UTC
STARLINK-31779,19.591299095711772,2025-08-17 12:07:00 UTC
STARLINK-31805,14.3117900627734,2025-08-17 11:49:00 UTC
STARLINK-31681,43.85324647987024,2025-08-17 12:28:00 UTC
STARLINK-31636,20.570933889488483,2025-08-17 12:10:00 UTC
STARLINK-31640,30.041058029782654,2025-08-17 12:35:00 UTC
STARLINK-31677,46.2746199774279,2025-08-17 13:00:00 UTC
STARLINK-31783,9.988682072816724,2025-08-17 11:34:00 UTC
STARLINK-31808,12.789861264687259,2025-08-17 11:43:00 UTC
STARLINK-31822,22.348705831845205,2025-08-17 12:16:00 UTC
STARLINK-11118 [DTC],47.52546952000585,2025-08-17 11:48:00 UTC
STARLINK-11132 [DTC],64.20746460296955,2025-08-17 11:33:00 UTC
STARLINK-11131 [DTC],74.61517995292472,2025-08-17 11:26:00 UTC
STARLINK-11114 [DTC],57.617870764302076,2025-08-17 11:18:00 UTC
STARLINK-11105 [DTC],47.59152489895008,2025-08-17 11:11:00 UTC
STARLINK-11097 [DTC],44.50946298745117,2025-08-17 04:38:00 UTC
STARLINK-11098 [DTC],46.92919797068113,2025-08-17 04:34:00 UTC
STARLINK-11117 [DTC],57.698369295294384,2025-08-17 04:29:00 UTC
STARLINK-11110 [DTC],67.73782132580597,2025-08-17 04:16:00 UTC
STARLINK-11104 [DTC],65.92347122720717,2025-08-17 04:09:00 UTC
STARLINK-11111 [DTC],45.468435112096145,2025-08-17 03:54:00 UTC
STARLINK-11106 [DTC],59.152580329499266,2025-08-17 04:01:00 UTC
STARLINK-31739,70.82157529082356,2025-08-17 12:15:00 UTC
STARLINK-31828,55.02245776272432,2025-08-17 12:38:00 UTC
STARLINK-31826,47.21075647978292,2025-08-17 12:42:00 UTC
STARLINK-31830,43.15743163978961,2025-08-17 12:47:00 UTC
STARLINK-31829,61.737530779905775,2025-08-17 12:33:00 UTC
STARLINK-31786,39.226929124483235,2025-08-17 12:54:00 UTC
STARLINK-31835,60.20719794013018,2025-08-17 12:29:00 UTC
STARLINK-31363,0.597549647615086,2025-08-17 12:08:00 UTC
STARLINK-31868,0.8703620610473928,2025-08-17 12:09:00 UTC
STARLINK-31862,2.8056873783948424,2025-08-17 12:33:00 UTC
STARLINK-31870,2.1235609766036427,2025-08-17 12:28:00 UTC
STARLINK-31888,4.305403718694897,2025-08-17 12:42:00 UTC
STARLINK-31863,3.8651406574326996,2025-08-17 12:39:00 UTC
STARLINK-31873,6.5835462506585625,2025-08-17 12:55:00 UTC
STARLINK-31865,7.343765720524532,2025-08-17 12:59:00 UTC
STARLINK-31823,7.422286237825852,2025-08-17 13:04:00 UTC
STARLINK-31814,0.7200714484525647,2025-08-17 12:22:00 UTC
STARLINK-31947,1.0322248493082644,2025-08-17 03:35:00 UTC
STARLINK-31855,1.865101394562716,2025-08-17 03:29:00 UTC
STARLINK-31887,3.5241027654410417,2025-08-17 03:05:00 UTC
STARLINK-31857,3.3511309504774554,2025-08-17 03:20:00 UTC
STARLINK-31851,0.18387887974512196,2025-08-17 03:41:00 UTC
STARLINK-31922,2.388156261661329,2025-08-17 03:26:00 UTC
STARLINK-31889,5.548472378893006,2025-08-17 03:10:00 UTC
STARLINK-31691,4.328727395785893,2025-08-17 03:14:00 UTC
STARLINK-31654,2.7844435746349023,2025-08-17 03:10:00 UTC
STARLINK-31442,9.281864668289247,2025-08-17 03:19:00 UTC
STARLINK-31584,1.078556954582219,2025-08-17 03:49:00 UTC
STARLINK-31931,9.30338114767463,2025-08-17 03:05:00 UTC
STARLINK-31938,3.436834265298999,2025-08-17 03:34:00 UTC
STARLINK-31934,0.7943270928159677,2025-08-17 03:37:00 UTC
STARLINK-31943,6.582594287410096,2025-08-17 03:33:00 UTC
STARLINK-31926,0.9316044001725561,2025-08-17 03:05:00 UTC
STARLINK-31974,83.03374244621115,2025-08-17 09:55:00 UTC
STARLINK-31975,79.10736110361225,2025-08-17 09:59:00 UTC
STARLINK-31976,52.10481223555473,2025-08-17 10:53:00 UTC
STARLINK-31965,65.20711329061437,2025-08-17 10:16:00 UTC
STARLINK-31969,75.13886493777557,2025-08-17 09:52:00 UTC
STARLINK-31951,62.1263132469521,2025-08-17 09:32:00 UTC
STARLINK-31949,70.55047353008345,2025-08-17 09:50:00 UTC
STARLINK-31977,86.18724116621014,2025-08-17 09:21:00 UTC
STARLINK-31963,65.45823413061166,2025-08-17 10:11:00 UTC
STARLINK-31961,66.91938401738282,2025-08-17 09:48:00 UTC
STARLINK-31964,51.84971366060012,2025-08-17 09:16:00 UTC
STARLINK-31905,62.01468432474702,2025-08-17 10:08:00 UTC
STARLINK-31928,53.266085900138435,2025-08-17 10:28:00 UTC
STARLINK-31953,65.95689087591842,2025-08-17 10:02:00 UTC
STARLINK-31942,67.67797275528325,2025-08-17 09:38:00 UTC
STARLINK-31676,75.33450837057677,2025-08-17 10:05:00 UTC
STARLINK-31908,67.10123922101076,2025-08-17 09:42:00 UTC
STARLINK-31914,62.754938051776094,2025-08-17 10:22:00 UTC
STARLINK-31850,59.64979871309254,2025-08-17 09:24:00 UTC
STARLINK-31924,78.97637103695763,2025-08-17 09:43:00 UTC
STARLINK-31898,67.62032978989711,2025-08-17 09:58:00 UTC
STARLINK-31861,77.53482126311751,2025-08-17 09:36:00 UTC
STARLINK-31920,57.93513810645641,2025-08-17 11:50:00 UTC
STARLINK-31872,48.009658693015254,2025-08-17 05:08:00 UTC
STARLINK-31972,64.36635743094362,2025-08-17 04:41:00 UTC
STARLINK-31958,73.54393029307622,2025-08-17 03:15:00 UTC
STARLINK-31959,62.133195279883296,2025-08-17 03:55:00 UTC
STARLINK-31957,55.36446711493753,2025-08-17 03:46:00 UTC
STARLINK-31968,61.38590724839522,2025-08-17 03:58:00 UTC
STARLINK-31970,77.87949863332499,2025-08-17 04:35:00 UTC
STARLINK-31932,54.66673301020962,2025-08-17 03:33:00 UTC
STARLINK-31956,77.94023105197856,2025-08-17 04:26:00 UTC
STARLINK-31960,62.426183750045574,2025-08-17 04:02:00 UTC
STARLINK-31432,55.79323713972787,2025-08-17 04:58:00 UTC
STARLINK-31853,69.17804513576401,2025-08-17 04:30:00 UTC
STARLINK-31971,56.710594524874836,2025-08-17 03:38:00 UTC
STARLINK-31962,50.48383189054424,2025-08-17 05:04:00 UTC
STARLINK-31879,48.87730414329646,2025-08-17 03:40:00 UTC
STARLINK-31876,66.88768959561807,2025-08-17 04:20:00 UTC
STARLINK-31955,61.87676775931812,2025-08-17 04:08:00 UTC
STARLINK-31946,45.89483240522772,2025-08-17 03:35:00 UTC
STARLINK-31948,51.638625909829585,2025-08-17 03:27:00 UTC
STARLINK-31900,59.44070849975208,2025-08-17 03:52:00 UTC
STARLINK-31973,56.35789132926573,2025-08-17 04:52:00 UTC
STARLINK-31966,68.55514178557539,2025-08-17 04:46:00 UTC
STARLINK-11145 [DTC],26.1468522647843,2025-08-17 07:59:00 UTC
STARLINK-11113 [DTC],27.250040097066545,2025-08-17 06:31:00 UTC
STARLINK-11123 [DTC],36.38279393268055,2025-08-17 07:39:00 UTC
STARLINK-11138 [DTC],65.54076654388197,2025-08-17 07:15:00 UTC
STARLINK-11130 [DTC],40.95279153264562,2025-08-17 07:37:00 UTC
STARLINK-11124 [DTC],65.53642059895307,2025-08-17 07:22:00 UTC
STARLINK-11143 [DTC],79.8394736242797,2025-08-17 07:07:00 UTC
STARLINK-11133 [DTC],57.99837656657901,2025-08-17 07:00:00 UTC
STARLINK-11144 [DTC],51.49134313241272,2025-08-17 06:53:00 UTC
STARLINK-11134 [DTC],39.90873667205256,2025-08-17 06:46:00 UTC
STARLINK-11142 [DTC],32.47149494869537,2025-08-17 06:38:00 UTC
STARLINK-31878,33.687025212852014,2025-08-17 11:25:00 UTC
STARLINK-11129 [DTC],32.319874017124064,2025-08-17 08:46:00 UTC
STARLINK-11140 [DTC],40.4545025128323,2025-08-17 08:39:00 UTC
STARLINK-11122 [DTC],43.673524613840854,2025-08-17 08:31:00 UTC
STARLINK-11149 [DTC],56.47723821934204,2025-08-17 08:24:00 UTC
STARLINK-11120 [DTC],59.788688077558334,2025-08-17 08:17:00 UTC
STARLINK-11086 [DTC],60.441344314092056,2025-08-17 08:10:00 UTC
STARLINK-11148 [DTC],64.7023087549075,2025-08-17 08:02:00 UTC
STARLINK-11116 [DTC],50.22521647218512,2025-08-17 07:54:00 UTC
STARLINK-11155 [DTC],40.35200401936191,2025-08-17 07:47:00 UTC
STARLINK-11163 [DTC],33.12602583095696,2025-08-17 07:41:00 UTC
STARLINK-11135 [DTC],26.688800625821234,2025-08-17 08:54:00 UTC
STARLINK-11151 [DTC],28.719492365321397,2025-08-17 07:33:00 UTC
STARLINK-11137 [DTC],24.26715404338458,2025-08-17 07:26:00 UTC
STARLINK-11181 [DTC],45.52773177745297,2025-08-17 10:09:00 UTC
STARLINK-11176 [DTC],48.610972840482226,2025-08-17 03:36:00 UTC
STARLINK-11167 [DTC],57.22069822681279,2025-08-17 03:29:00 UTC
STARLINK-11166 [DTC],70.92832322877767,2025-08-17 03:22:00 UTC
STARLINK-11165 [DTC],79.7846739322525,2025-08-17 03:14:00 UTC
STARLINK-11169 [DTC],67.38831785382705,2025-08-17 03:07:00 UTC
STARLINK-11102 [DTC],32.17089626030595,2025-08-17 11:00:00 UTC
STARLINK-11141 [DTC],35.60731118437791,2025-08-17 10:55:00 UTC
STARLINK-11153 [DTC],47.08127003319822,2025-08-17 10:46:00 UTC
STARLINK-11170 [DTC],68.41280074415022,2025-08-17 10:38:00 UTC
STARLINK-11171 [DTC],58.25064827750259,2025-08-17 10:32:00 UTC
STARLINK-11186 [DTC],74.94368785281102,2025-08-17 10:24:00 UTC
STARLINK-11184 [DTC],59.719778033056826,2025-08-17 10:16:00 UTC
STARLINK-32032,40.55081584623504,2025-08-17 11:00:00 UTC
STARLINK-31441,20.509067326961784,2025-08-17 11:55:00 UTC
STARLINK-32044,64.84888824292437,2025-08-17 13:03:00 UTC
STARLINK-31239,63.750289823891485,2025-08-17 12:44:00 UTC
STARLINK-32007,39.28555841164639,2025-08-17 12:24:00 UTC
STARLINK-32028,27.55486992014714,2025-08-17 12:09:00 UTC
STARLINK-32016,55.274596390596415,2025-08-17 12:38:00 UTC
STARLINK-32003,18.03493625813065,2025-08-17 11:49:00 UTC
STARLINK-32026,24.487933761407835,2025-08-17 12:03:00 UTC
STARLINK-31732,73.25278119333993,2025-08-17 12:52:00 UTC
STARLINK-31996,13.110376665002368,2025-08-17 11:35:00 UTC
STARLINK-31999,62.84234390085034,2025-08-17 12:43:00 UTC
STARLINK-31954,48.16121593923027,2025-08-17 12:33:00 UTC
STARLINK-32013,44.29318327574845,2025-08-17 12:29:00 UTC
STARLINK-32009,69.8491298463564,2025-08-17 12:47:00 UTC
STARLINK-32018,30.61921425147968,2025-08-17 12:14:00 UTC
STARLINK-32045,35.03407408483367,2025-08-17 12:19:00 UTC
STARLINK-32035,21.971315713933002,2025-08-17 11:59:00 UTC
STARLINK-32042,16.049255950473803,2025-08-17 11:44:00 UTC
STARLINK-32040,19.108886600379982,2025-08-17 11:52:00 UTC
STARLINK-32001,11.606269482376426,2025-08-17 11:30:00 UTC
STARLINK-32015,67.86908019895459,2025-08-17 12:59:00 UTC
STARLINK-32024,14.545890101485073,2025-08-17 11:40:00 UTC
STARLINK-11201 [DTC],76.58199967412098,2025-08-17 05:18:00 UTC
STARLINK-11198 [DTC],62.030474077049625,2025-08-17 05:11:00 UTC
STARLINK-11112 [DTC],74.4228424415697,2025-08-17 05:09:00 UTC
STARLINK-11210 [DTC],49.36270289628039,2025-08-17 04:56:00 UTC
STARLINK-11203 [DTC],42.3870125324484,2025-08-17 12:50:00 UTC
STARLINK-11177 [DTC],47.76866480002131,2025-08-17 12:43:00 UTC
STARLINK-11127 [DTC],46.57625792310921,2025-08-17 12:46:00 UTC
STARLINK-11164 [DTC],79.12899891435883,2025-08-17 12:28:00 UTC
STARLINK-11119 [DTC],43.421283304770135,2025-08-17 12:06:00 UTC
STARLINK-11157 [DTC],58.34464041608426,2025-08-17 12:13:00 UTC
STARLINK-11162 [DTC],48.227644905301545,2025-08-17 05:33:00 UTC
STARLINK-11161 [DTC],56.848530123104425,2025-08-17 05:25:00 UTC
STARLINK-11160 [DTC],67.52051743319757,2025-08-17 12:23:00 UTC
STARLINK-31846,59.24839354164261,2025-08-17 12:04:00 UTC
STARLINK-31840,77.47135248801922,2025-08-17 12:14:00 UTC
STARLINK-31813,71.50488041370922,2025-08-17 12:10:00 UTC
STARLINK-31845,74.11084668398618,2025-08-17 12:07:00 UTC
STARLINK-31838,66.56532571362581,2025-08-17 12:24:00 UTC
STARLINK-31785,57.37666720369301,2025-08-17 11:58:00 UTC
STARLINK-31792,48.124207495925575,2025-08-17 11:41:00 UTC
STARLINK-32043,39.29270959394694,2025-08-17 07:19:00 UTC
STARLINK-32112,60.52078393555622,2025-08-17 08:07:00 UTC
STARLINK-32050,53.88794035503987,2025-08-17 08:15:00 UTC
STARLINK-32025,37.925771396942146,2025-08-17 08:31:00 UTC
STARLINK-31867,73.51605242407548,2025-08-17 07:59:00 UTC
STARLINK-31694,69.82669771701578,2025-08-17 08:03:00 UTC
STARLINK-32036,68.34075172047311,2025-08-17 08:01:00 UTC
STARLINK-32031,68.8369190161166,2025-08-17 07:52:00 UTC
STARLINK-32027,42.25111824692386,2025-08-17 08:25:00 UTC
STARLINK-32033,66.50735866861218,2025-08-17 07:47:00 UTC
STARLINK-32029,61.07875839149558,2025-08-17 07:38:00 UTC
STARLINK-32127,44.7306586212648,2025-08-17 08:22:00 UTC
STARLINK-32019,32.78119425070058,2025-08-17 08:37:00 UTC
STARLINK-32021,80.81291562376974,2025-08-17 07:10:00 UTC
STARLINK-32022,42.166801088124586,2025-08-17 07:23:00 UTC
STARLINK-32014,30.76394492343128,2025-08-17 07:09:00 UTC
STARLINK-32004,33.69182114226613,2025-08-17 07:14:00 UTC
STARLINK-32147,65.00996885207162,2025-08-17 08:08:00 UTC
STARLINK-32131,68.63806717211881,2025-08-17 07:43:00 UTC
STARLINK-32145,31.771436284654516,2025-08-17 08:41:00 UTC
STARLINK-32137,45.97658517345733,2025-08-17 07:28:00 UTC
STARLINK-32048,53.48501792760051,2025-08-17 07:33:00 UTC
STARLINK-32129,53.228060690570956,2025-08-17 08:17:00 UTC
STARLINK-11168 [DTC],24.991291266633535,2025-08-17 07:43:00 UTC
STARLINK-11187 [DTC],24.678729259407994,2025-08-17 09:12:00 UTC
STARLINK-11180 [DTC],27.826420155604687,2025-08-17 09:07:00 UTC
STARLINK-11197 [DTC],35.78234473938136,2025-08-17 08:56:00 UTC
STARLINK-11194 [DTC],48.641038403407535,2025-08-17 08:49:00 UTC
STARLINK-11189 [DTC],60.961545553461136,2025-08-17 08:42:00 UTC
STARLINK-11183 [DTC],79.05227470533433,2025-08-17 08:34:00 UTC
STARLINK-11179 [DTC],79.77845310807265,2025-08-17 08:29:00 UTC
STARLINK-11175 [DTC],63.44032202894488,2025-08-17 08:20:00 UTC
STARLINK-11173 [DTC],48.347089462216,2025-08-17 08:12:00 UTC
STARLINK-11172 [DTC],38.06492527595524,2025-08-17 08:05:00 UTC
STARLINK-11152 [DTC],35.24535777081056,2025-08-17 07:58:00 UTC
STARLINK-11193 [DTC],28.461947387487566,2025-08-17 07:50:00 UTC
STARLINK-31869,32.54118977355018,2025-08-17 07:22:00 UTC
STARLINK-32023,65.35037289556625,2025-08-17 08:13:00 UTC
STARLINK-32046,45.490157790545354,2025-08-17 07:39:00 UTC
STARLINK-32049,73.2462108211631,2025-08-17 07:59:00 UTC
STARLINK-32002,48.30591185318879,2025-08-17 07:41:00 UTC
STARLINK-32020,40.948908197520424,2025-08-17 08:36:00 UTC
STARLINK-32041,45.04085043679019,2025-08-17 07:35:00 UTC
STARLINK-32138,4.09076380682556,2025-08-17 12:02:00 UTC
STARLINK-32212,8.24255042923054,2025-08-17 12:20:00 UTC
STARLINK-32166,10.565518117888939,2025-08-17 12:29:00 UTC
STARLINK-32200,7.518275949862255,2025-08-17 12:17:00 UTC
STARLINK-32207,6.573644823768737,2025-08-17 12:13:00 UTC
STARLINK-32125,13.495880775636435,2025-08-17 12:36:00 UTC
STARLINK-32160,8.480608226120713,2025-08-17 12:21:00 UTC
STARLINK-32148,1.568288229308718,2025-08-17 11:48:00 UTC
STARLINK-32121,2.3536488400775766,2025-08-17 11:52:00 UTC
STARLINK-32120,11.903136380371492,2025-08-17 12:34:00 UTC
STARLINK-32205,5.934274730985755,2025-08-17 12:10:00 UTC
STARLINK-32158,23.04289278777914,2025-08-17 13:00:00 UTC
STARLINK-32167,13.82835770353876,2025-08-17 12:38:00 UTC
STARLINK-32144,0.684861829632515,2025-08-17 11:43:00 UTC
STARLINK-32211,9.505461434866433,2025-08-17 12:25:00 UTC
STARLINK-32164,11.146074949752961,2025-08-17 12:31:00 UTC
STARLINK-32128,20.036474773432367,2025-08-17 12:54:00 UTC
STARLINK-32206,7.067875864529838,2025-08-17 12:15:00 UTC
STARLINK-32155,5.102944755410749,2025-08-17 12:06:00 UTC
STARLINK-32152,18.18539558983591,2025-08-17 12:50:00 UTC
STARLINK-32154,15.14440696497945,2025-08-17 12:41:00 UTC
STARLINK-32135,14.963968732374674,2025-08-17 13:04:00 UTC
STARLINK-32156,19.13550755022565,2025-08-17 12:52:00 UTC
STARLINK-32010,4.374229596110286,2025-08-17 12:03:00 UTC
STARLINK-32118,15.600550945002873,2025-08-17 12:43:00 UTC
STARLINK-32038,16.225530630909862,2025-08-17 12:45:00 UTC
STARLINK-32113,17.134888176710508,2025-08-17 12:47:00 UTC
STARLINK-32037,0.13067057876087507,2025-08-17 11:40:00 UTC
STARLINK-32123,12.900089259579817,2025-08-17 11:47:00 UTC
STARLINK-32122,8.543603882594253,2025-08-17 13:04:00 UTC
STARLINK-31656,12.408842336121756,2025-08-17 12:33:00 UTC
STARLINK-32114,5.633083815070212,2025-08-17 12:09:00 UTC
STARLINK-31997,8.607645311723246,2025-08-17 12:19:00 UTC
STARLINK-32000,0.9602702433102432,2025-08-17 11:45:00 UTC
STARLINK-32141,21.29534113545328,2025-08-17 12:57:00 UTC
STARLINK-32142,10.223080720246593,2025-08-17 12:26:00 UTC
STARLINK-32149,1.8723482511387297,2025-08-17 11:50:00 UTC
STARLINK-32159,9.887794842396534,2025-08-17 12:24:00 UTC
STARLINK-32150,2.647311090491911,2025-08-17 11:54:00 UTC
STARLINK-32126,6.272188912629667,2025-08-17 12:12:00 UTC
STARLINK-32143,3.3990294781481696,2025-08-17 11:58:00 UTC
STARLINK-32034,0.06508538929417378,2025-08-17 11:40:00 UTC
STARLINK-32124,3.042766179828642,2025-08-17 11:57:00 UTC
STARLINK-32151,88.07799255029038,2025-08-17 12:04:00 UTC
STARLINK-32134,22.459859583161595,2025-08-17 13:00:00 UTC
STARLINK-11147 [DTC],27.71007074224904,2025-08-17 06:49:00 UTC
STARLINK-11128 [DTC],24.134210993658453,2025-08-17 06:42:00 UTC
STARLINK-11227 [DTC],27.942972256945577,2025-08-17 08:10:00 UTC
STARLINK-11224 [DTC],32.818809743928504,2025-08-17 08:02:00 UTC
STARLINK-11115 [DTC],42.883536272075084,2025-08-17 07:55:00 UTC
STARLINK-11109 [DTC],50.700377342343685,2025-08-17 07:48:00 UTC
STARLINK-11223 [DTC],75.03597352283498,2025-08-17 07:33:00 UTC
STARLINK-11192 [DTC],60.22834735751131,2025-08-17 07:41:00 UTC
STARLINK-11213 [DTC],57.89815309840658,2025-08-17 07:25:00 UTC
STARLINK-11200 [DTC],58.5115269304295,2025-08-17 07:17:00 UTC
STARLINK-11206 [DTC],37.666968699631994,2025-08-17 07:03:00 UTC
STARLINK-11205 [DTC],30.377945623057816,2025-08-17 06:57:00 UTC
STARLINK-32191,65.50638631416807,2025-08-17 06:32:00 UTC
STARLINK-32194,43.600193512047,2025-08-17 06:55:00 UTC
STARLINK-32192,50.97050853815533,2025-08-17 05:58:00 UTC
STARLINK-32189,45.96108976788628,2025-08-17 06:51:00 UTC
STARLINK-32190,65.70611946108097,2025-08-17 06:36:00 UTC
STARLINK-32182,43.05173367355058,2025-08-17 06:53:00 UTC
STARLINK-32199,53.32171791987313,2025-08-17 06:41:00 UTC
STARLINK-32198,41.47993767275906,2025-08-17 06:55:00 UTC
STARLINK-32285,32.78667164592543,2025-08-17 06:30:00 UTC
STARLINK-32278,30.38183006037501,2025-08-17 08:03:00 UTC
STARLINK-32287,33.473642277108404,2025-08-17 07:59:00 UTC
STARLINK-32290,31.459196946771815,2025-08-17 08:02:00 UTC
STARLINK-32275,79.23981518119969,2025-08-17 07:17:00 UTC
STARLINK-32227,35.46047416192594,2025-08-17 07:54:00 UTC
STARLINK-32256,32.52677177063157,2025-08-17 08:00:00 UTC
STARLINK-32267,43.52041568185682,2025-08-17 07:45:00 UTC
STARLINK-32270,57.05588122112014,2025-08-17 07:32:00 UTC
STARLINK-32188,71.7466001898626,2025-08-17 07:22:00 UTC
STARLINK-32230,47.036255486951774,2025-08-17 07:41:00 UTC
STARLINK-32243,60.153702050513616,2025-08-17 07:25:00 UTC
STARLINK-32271,36.172791458747206,2025-08-17 07:55:00 UTC
STARLINK-32266,50.46968406690209,2025-08-17 06:45:00 UTC
STARLINK-32220,53.86966680039054,2025-08-17 07:35:00 UTC
STARLINK-32263,34.91545380991284,2025-08-17 06:35:00 UTC
STARLINK-32268,33.40532707109607,2025-08-17 07:58:00 UTC
STARLINK-32223,64.45562803275317,2025-08-17 07:27:00 UTC
STARLINK-32180,55.81259367845266,2025-08-17 07:30:00 UTC
STARLINK-32281,51.62229098604428,2025-08-17 06:49:00 UTC
STARLINK-32277,47.0294847967273,2025-08-17 07:39:00 UTC
STARLINK-32269,67.67781410589605,2025-08-17 07:15:00 UTC
STARLINK-11228 [DTC],62.4369956975057,2025-08-17 03:33:00 UTC
STARLINK-11182 [DTC],44.21801285106657,2025-08-17 03:11:00 UTC
STARLINK-11234 [DTC],24.166967457031504,2025-08-17 03:05:00 UTC
STARLINK-11232 [DTC],16.739878015122837,2025-08-17 04:32:00 UTC
STARLINK-11139 [DTC],19.587655259047107,2025-08-17 04:24:00 UTC
STARLINK-11158 [DTC],25.874662706716013,2025-08-17 04:17:00 UTC
STARLINK-11199 [DTC],31.5238734520831,2025-08-17 04:10:00 UTC
STARLINK-11081 [DTC],36.406486910440506,2025-08-17 04:03:00 UTC
STARLINK-11150 [DTC],44.5398022461696,2025-08-17 03:56:00 UTC
STARLINK-11136 [DTC],60.20634978706199,2025-08-17 03:48:00 UTC
STARLINK-11196 [DTC],69.43240736050807,2025-08-17 03:41:00 UTC
STARLINK-11174 [DTC],61.88984843178369,2025-08-17 03:26:00 UTC
STARLINK-11191 [DTC],53.172292349623746,2025-08-17 03:19:00 UTC
STARLINK-32244,30.18772933945532,2025-08-17 10:46:00 UTC
STARLINK-32186,34.79919217890107,2025-08-17 10:41:00 UTC
STARLINK-32178,48.36835574905616,2025-08-17 10:27:00 UTC
STARLINK-32234,38.36910557906192,2025-08-17 10:36:00 UTC
STARLINK-32265,42.114023616014805,2025-08-17 10:32:00 UTC
STARLINK-32197,57.67118122712077,2025-08-17 09:05:00 UTC
STARLINK-32255,56.06606375389579,2025-08-17 10:17:00 UTC
STARLINK-32236,60.76356101653694,2025-08-17 10:12:00 UTC
STARLINK-32250,48.274739013257445,2025-08-17 07:56:00 UTC
STARLINK-32226,46.233673026282716,2025-08-17 07:54:00 UTC
STARLINK-32254,32.13831990917758,2025-08-17 07:35:00 UTC
STARLINK-32193,44.04057454764006,2025-08-17 07:51:00 UTC
STARLINK-32242,35.75702677370364,2025-08-17 07:40:00 UTC
STARLINK-32196,29.825697097538896,2025-08-17 07:30:00 UTC
STARLINK-32232,38.267599976494374,2025-08-17 07:47:00 UTC
STARLINK-32246,29.188937691867494,2025-08-17 09:07:00 UTC
STARLINK-32183,32.59439153312031,2025-08-17 09:03:00 UTC
STARLINK-32233,43.812922862986895,2025-08-17 08:50:00 UTC
STARLINK-32222,39.0249298504118,2025-08-17 08:54:00 UTC
STARLINK-32229,47.98825123175687,2025-08-17 08:47:00 UTC
STARLINK-32241,52.750601353666916,2025-08-17 08:43:00 UTC
STARLINK-32240,53.795283682393276,2025-08-17 08:40:00 UTC
STARLINK-32231,74.19352722696044,2025-08-17 08:29:00 UTC
STARLINK-32195,62.52169261372905,2025-08-17 08:35:00 UTC
STARLINK-32177,65.94797603814273,2025-08-17 08:24:00 UTC
STARLINK-32252,70.65686324885306,2025-08-17 08:15:00 UTC
STARLINK-32237,83.34323867910726,2025-08-17 08:19:00 UTC
STARLINK-32249,58.06756220940481,2025-08-17 08:07:00 UTC
STARLINK-32228,67.41909249113526,2025-08-17 08:10:00 UTC
STARLINK-32247,41.11955849709546,2025-08-17 08:12:00 UTC
STARLINK-32101,84.57568199385462,2025-08-17 08:18:00 UTC
STARLINK-31844,40.97668123588094,2025-08-17 07:36:00 UTC
STARLINK-32204,47.30914995610465,2025-08-17 06:38:00 UTC
STARLINK-32130,67.28605350326893,2025-08-17 07:12:00 UTC
STARLINK-32173,31.81905710671623,2025-08-17 06:19:00 UTC
STARLINK-31911,79.68105715394019,2025-08-17 06:58:00 UTC
STARLINK-31994,33.54605125756279,2025-08-17 07:46:00 UTC
STARLINK-32169,45.78800989794022,2025-08-17 07:29:00 UTC
STARLINK-32209,36.14170218231875,2025-08-17 06:27:00 UTC
STARLINK-32170,54.02449137347268,2025-08-17 07:23:00 UTC
STARLINK-31497,55.464030347183446,2025-08-17 06:47:00 UTC
STARLINK-32161,33.50836330265592,2025-08-17 06:22:00 UTC
STARLINK-32210,35.86437234639294,2025-08-17 07:41:00 UTC
STARLINK-32202,68.56201338632806,2025-08-17 07:08:00 UTC
STARLINK-31930,31.320793775411893,2025-08-17 07:51:00 UTC
STARLINK-32162,52.61246597180408,2025-08-17 07:26:00 UTC
STARLINK-32208,47.500525717321,2025-08-17 07:31:00 UTC
STARLINK-32165,57.975161289925595,2025-08-17 07:17:00 UTC
STARLINK-31923,86.80192831770324,2025-08-17 07:01:00 UTC
STARLINK-31988,66.76422271910802,2025-08-17 06:52:00 UTC
STARLINK-31983,43.51264625823011,2025-08-17 06:33:00 UTC
STARLINK-31874,54.018917085663304,2025-08-17 06:42:00 UTC
STARLINK-32039,29.614985274075387,2025-08-17 08:05:00 UTC
STARLINK-11247 [DTC],62.60318034289907,2025-08-17 05:24:00 UTC
STARLINK-11259 [DTC],48.23221678318556,2025-08-17 05:15:00 UTC
STARLINK-11188 [DTC],38.83953818949006,2025-08-17 05:07:00 UTC
STARLINK-11272 [DTC],28.328232719049897,2025-08-17 04:53:00 UTC
STARLINK-11261 [DTC],33.199673947468035,2025-08-17 05:01:00 UTC
STARLINK-11263 [DTC],24.91396856012276,2025-08-17 04:46:00 UTC
STARLINK-11235 [DTC],26.473380452734684,2025-08-17 06:13:00 UTC
STARLINK-11080 [DTC],30.753248298461287,2025-08-17 06:06:00 UTC
STARLINK-11249 [DTC],37.73472554286777,2025-08-17 05:59:00 UTC
STARLINK-11146 [DTC],47.09745957627156,2025-08-17 05:51:00 UTC
STARLINK-11255 [DTC],62.654296197528595,2025-08-17 05:44:00 UTC
STARLINK-11254 [DTC],77.52943785870359,2025-08-17 05:37:00 UTC
STARLINK-11266 [DTC],67.89774220949501,2025-08-17 05:27:00 UTC
STARLINK-32253,78.91399767073979,2025-08-17 11:40:00 UTC
STARLINK-32179,76.11320225557846,2025-08-17 04:29:00 UTC
STARLINK-32272,67.60990698075244,2025-08-17 04:19:00 UTC
STARLINK-32280,70.34616280964157,2025-08-17 11:31:00 UTC
STARLINK-32289,53.228626240401084,2025-08-17 04:10:00 UTC
STARLINK-32304,47.24932972022561,2025-08-17 04:05:00 UTC
STARLINK-32235,42.74150404540939,2025-08-17 04:01:00 UTC
STARLINK-32315,47.440145994897534,2025-08-17 12:09:00 UTC
STARLINK-11242 [DTC],26.730309155149214,2025-08-17 05:47:00 UTC
STARLINK-11256 [DTC],24.02474461828654,2025-08-17 07:15:00 UTC
STARLINK-11159 [DTC],35.6963069131654,2025-08-17 07:00:00 UTC
STARLINK-11264 [DTC],42.44105118289478,2025-08-17 06:53:00 UTC
STARLINK-11226 [DTC],61.10440922608354,2025-08-17 06:46:00 UTC
STARLINK-11229 [DTC],61.284116338911225,2025-08-17 06:38:00 UTC
STARLINK-11265 [DTC],28.457505785163075,2025-08-17 07:12:00 UTC
STARLINK-11250 [DTC],79.51680914825181,2025-08-17 06:31:00 UTC
STARLINK-11190 [DTC],68.73271491674384,2025-08-17 06:24:00 UTC
STARLINK-11225 [DTC],52.40987073336656,2025-08-17 06:17:00 UTC
STARLINK-11273 [DTC],43.35499183376858,2025-08-17 06:09:00 UTC
STARLINK-11248 [DTC],36.862682540825894,2025-08-17 06:02:00 UTC
STARLINK-11271 [DTC],29.6459913720641,2025-08-17 05:54:00 UTC
STARLINK-32371,88.97408464229208,2025-08-17 12:45:00 UTC
STARLINK-32369,68.38427938019025,2025-08-17 05:41:00 UTC
STARLINK-32317,50.80418815544326,2025-08-17 05:09:00 UTC
STARLINK-32367,77.51537142463354,2025-08-17 05:23:00 UTC
STARLINK-32345,51.56671464357192,2025-08-17 05:11:00 UTC
STARLINK-32356,60.89150941058912,2025-08-17 12:31:00 UTC
STARLINK-32274,64.10098568726215,2025-08-17 12:56:00 UTC
STARLINK-32373,36.663283003127475,2025-08-17 04:56:00 UTC
STARLINK-11239 [DTC],6.2513345498401875,2025-08-17 11:36:00 UTC
STARLINK-11245 [DTC],47.140402737320414,2025-08-17 12:49:00 UTC
STARLINK-11244 [DTC],32.12066475072171,2025-08-17 12:35:00 UTC
STARLINK-11243 [DTC],38.47618375861964,2025-08-17 12:41:00 UTC
STARLINK-11238 [DTC],26.21311838077008,2025-08-17 12:27:00 UTC
STARLINK-11240 [DTC],22.362173791704738,2025-08-17 12:20:00 UTC
STARLINK-11251 [DTC],18.225956753453318,2025-08-17 12:13:00 UTC
STARLINK-11204 [DTC],15.433242585134003,2025-08-17 12:06:00 UTC
STARLINK-11246 [DTC],13.089709821376763,2025-08-17 11:58:00 UTC
STARLINK-11207 [DTC],10.67676624391175,2025-08-17 11:51:00 UTC
STARLINK-11237 [DTC],8.681835597304847,2025-08-17 11:43:00 UTC
STARLINK-11253 [DTC],75.38137517293177,2025-08-17 13:04:00 UTC
STARLINK-11241 [DTC],54.30571822096158,2025-08-17 12:56:00 UTC
STARLINK-32259,6.328698454228462,2025-08-17 04:24:00 UTC
STARLINK-32262,6.428588945482822,2025-08-17 03:33:00 UTC
STARLINK-32258,11.377132607898108,2025-08-17 04:03:00 UTC
STARLINK-32251,8.763278362279427,2025-08-17 04:13:00 UTC
STARLINK-32224,10.258394289214671,2025-08-17 04:08:00 UTC
STARLINK-32184,7.46471042716773,2025-08-17 04:19:00 UTC
STARLINK-32288,4.4394650485353475,2025-08-17 04:33:00 UTC
STARLINK-32276,5.476674056004044,2025-08-17 04:28:00 UTC
STARLINK-11289 [DTC],31.594651911601748,2025-08-17 08:36:00 UTC
STARLINK-11282 [DTC],60.06359378838386,2025-08-17 08:57:00 UTC
STARLINK-11283 [DTC],31.139429614720736,2025-08-17 09:48:00 UTC
STARLINK-11267 [DTC],37.3454318762069,2025-08-17 09:41:00 UTC
STARLINK-11269 [DTC],40.94747260754697,2025-08-17 09:34:00 UTC
STARLINK-11281 [DTC],55.38939503187795,2025-08-17 09:26:00 UTC
STARLINK-11260 [DTC],70.05940037386905,2025-08-17 07:49:00 UTC
STARLINK-11287 [DTC],55.20947240363691,2025-08-17 09:21:00 UTC
STARLINK-11270 [DTC],86.44809643500753,2025-08-17 09:11:00 UTC
STARLINK-11290 [DTC],70.92277663668385,2025-08-17 09:04:00 UTC
STARLINK-11274 [DTC],48.64270371289192,2025-08-17 08:50:00 UTC
STARLINK-11288 [DTC],38.3401229170962,2025-08-17 08:42:00 UTC
STARLINK-32279,5.740731052694654,2025-08-17 13:00:00 UTC
STARLINK-32336,4.710860576443775,2025-08-17 12:55:00 UTC
STARLINK-32284,6.4568959549341205,2025-08-17 13:04:00 UTC
STARLINK-32282,1.4078446592937284,2025-08-17 12:38:00 UTC
STARLINK-32360,24.50197664295761,2025-08-17 12:55:00 UTC
STARLINK-32357,64.68439275386451,2025-08-17 11:55:00 UTC
STARLINK-32347,2.8713461256069257,2025-08-17 12:46:00 UTC
STARLINK-11286 [DTC],45.97275580521725,2025-08-17 11:30:00 UTC
STARLINK-11252 [DTC],58.07423276268745,2025-08-17 11:22:00 UTC
STARLINK-11284 [DTC],55.59145455912314,2025-08-17 11:14:00 UTC
STARLINK-11230 [DTC],80.88444316801149,2025-08-17 11:07:00 UTC
STARLINK-11294 [DTC],72.93845142549637,2025-08-17 11:00:00 UTC
STARLINK-11268 [DTC],49.191786800884756,2025-08-17 10:53:00 UTC
STARLINK-11156 [DTC],42.88787670812389,2025-08-17 10:45:00 UTC
STARLINK-11231 [DTC],29.073199863703458,2025-08-17 10:33:00 UTC
STARLINK-11299 [DTC],27.41743406104688,2025-08-17 10:31:00 UTC
STARLINK-11154 [DTC],24.054280259711295,2025-08-17 11:59:00 UTC
STARLINK-11297 [DTC],29.23897962241042,2025-08-17 11:49:00 UTC
STARLINK-11233 [DTC],32.58159460119012,2025-08-17 11:44:00 UTC
STARLINK-11236 [DTC],38.233452632852234,2025-08-17 11:37:00 UTC
STARLINK-11209 [DTC],43.71091921838531,2025-08-17 09:07:00 UTC
STARLINK-11257 [DTC],34.00814818454827,2025-08-17 08:59:00 UTC
STARLINK-11309 [DTC],31.653887065391995,2025-08-17 08:53:00 UTC
STARLINK-11292 [DTC],25.862182456057074,2025-08-17 08:46:00 UTC
STARLINK-11302 [DTC],23.579846314818724,2025-08-17 08:38:00 UTC
STARLINK-11277 [DTC],33.7388668445619,2025-08-17 09:59:00 UTC
STARLINK-11279 [DTC],41.34603777164561,2025-08-17 09:51:00 UTC
STARLINK-11091 [DTC],28.270488446230985,2025-08-17 10:07:00 UTC
STARLINK-11291 [DTC],51.08915023377748,2025-08-17 09:44:00 UTC
STARLINK-11304 [DTC],59.27478124328571,2025-08-17 09:37:00 UTC
STARLINK-11307 [DTC],74.17133860370942,2025-08-17 09:29:00 UTC
STARLINK-11298 [DTC],63.89263857100261,2025-08-17 09:22:00 UTC
STARLINK-11310 [DTC],61.56620608671451,2025-08-17 09:19:00 UTC
STARLINK-32386,64.73321198543347,2025-08-17 07:56:00 UTC
STARLINK-32392,55.51786627040441,2025-08-17 08:23:00 UTC
STARLINK-32436,68.31539692776215,2025-08-17 07:57:00 UTC
STARLINK-32425,30.02308387407574,2025-08-17 07:19:00 UTC
STARLINK-32342,37.87701165983937,2025-08-17 08:42:00 UTC
STARLINK-32423,35.3969263014094,2025-08-17 08:45:00 UTC
STARLINK-32248,42.59797537622484,2025-08-17 07:34:00 UTC
STARLINK-11300 [DTC],7.0559279595509485,2025-08-17 03:05:00 UTC
STARLINK-11319 [DTC],0.06088081412310593,2025-08-17 03:40:00 UTC
STARLINK-11318 [DTC],1.2656133279905615,2025-08-17 03:34:00 UTC
STARLINK-11311 [DTC],2.5843585140229615,2025-08-17 03:26:00 UTC
STARLINK-11306 [DTC],3.963494081873948,2025-08-17 03:19:00 UTC
STARLINK-11313 [DTC],5.542375248269247,2025-08-17 03:12:00 UTC
STARLINK-32431,63.66602901573597,2025-08-17 06:40:00 UTC
STARLINK-32432,73.27925145766808,2025-08-17 06:44:00 UTC
STARLINK-32382,80.21555005176599,2025-08-17 06:49:00 UTC
STARLINK-32435,71.33559137085535,2025-08-17 07:00:00 UTC
STARLINK-32474,54.5209555116995,2025-08-17 06:30:00 UTC
STARLINK-32447,55.292832495662246,2025-08-17 06:35:00 UTC
STARLINK-32446,70.68903082520623,2025-08-17 06:55:00 UTC
STARLINK-32174,8.989446718839893,2025-08-17 04:27:00 UTC
STARLINK-32139,49.47593749026505,2025-08-17 03:52:00 UTC
STARLINK-32140,69.30922717158224,2025-08-17 03:26:00 UTC
STARLINK-32201,49.91580310566513,2025-08-17 03:17:00 UTC
STARLINK-32030,38.58454710125572,2025-08-17 04:01:00 UTC
STARLINK-31837,63.06897082141772,2025-08-17 03:42:00 UTC
STARLINK-32136,28.464303561747467,2025-08-17 04:14:00 UTC
STARLINK-32047,69.4235699987331,2025-08-17 03:37:00 UTC
STARLINK-31756,17.27731345082839,2025-08-17 04:38:00 UTC
STARLINK-32172,80.26658976798417,2025-08-17 03:32:00 UTC
STARLINK-32338,67.44541906951605,2025-08-17 03:21:00 UTC
STARLINK-32306,61.42721192421239,2025-08-17 03:17:00 UTC
STARLINK-32297,60.199097998241534,2025-08-17 03:12:00 UTC
STARLINK-32260,56.03447491429911,2025-08-17 03:07:00 UTC
STARLINK-32305,44.05153083138796,2025-08-17 03:56:00 UTC
STARLINK-32296,15.521964841015468,2025-08-17 04:40:00 UTC
STARLINK-32298,17.34070997017312,2025-08-17 04:35:00 UTC
STARLINK-32293,20.091814757618835,2025-08-17 04:31:00 UTC
STARLINK-32313,24.501181777208878,2025-08-17 04:21:00 UTC
STARLINK-32319,20.81111479092146,2025-08-17 04:29:00 UTC
STARLINK-32351,55.43152766756654,2025-08-17 03:36:00 UTC
STARLINK-32261,36.62260780786667,2025-08-17 04:03:00 UTC
STARLINK-32358,59.299070109028065,2025-08-17 03:40:00 UTC
STARLINK-11354 [DTC],36.36110629467697,2025-08-17 05:44:00 UTC
STARLINK-11323 [DTC],23.891952979043776,2025-08-17 05:29:00 UTC
STARLINK-11338 [DTC],27.858224142210116,2025-08-17 05:36:00 UTC
STARLINK-11362 [DTC],30.33806458504022,2025-08-17 06:50:00 UTC
STARLINK-11295 [DTC],26.72733287111891,2025-08-17 06:57:00 UTC
STARLINK-11331 [DTC],36.03548662466044,2025-08-17 06:42:00 UTC
STARLINK-11325 [DTC],44.07429079556031,2025-08-17 13:02:00 UTC
STARLINK-11332 [DTC],46.75219260010911,2025-08-17 13:03:00 UTC
STARLINK-11350 [DTC],60.55183079756453,2025-08-17 06:21:00 UTC
STARLINK-11357 [DTC],83.90881473022255,2025-08-17 06:14:00 UTC
STARLINK-11322 [DTC],64.72601753992306,2025-08-17 06:05:00 UTC
STARLINK-11364 [DTC],54.258614949782874,2025-08-17 05:58:00 UTC
STARLINK-11349 [DTC],44.263606964881895,2025-08-17 05:51:00 UTC
STARLINK-32406,30.603038806595833,2025-08-17 12:17:00 UTC
STARLINK-32445,43.04307786134816,2025-08-17 10:58:00 UTC
STARLINK-32411,30.708824846468552,2025-08-17 12:15:00 UTC
STARLINK-32424,38.46745969312278,2025-08-17 10:53:00 UTC
STARLINK-32389,34.51722315452713,2025-08-17 12:07:00 UTC
STARLINK-32476,35.15510052392405,2025-08-17 10:49:00 UTC
STARLINK-32366,46.9646862528546,2025-08-17 11:02:00 UTC
STARLINK-11356 [DTC],40.65809550615208,2025-08-17 09:44:00 UTC
STARLINK-11376 [DTC],31.87593705886588,2025-08-17 09:36:00 UTC
STARLINK-11372 [DTC],27.142576396394983,2025-08-17 09:29:00 UTC
STARLINK-11375 [DTC],24.53605842378346,2025-08-17 10:57:00 UTC
STARLINK-11285 [DTC],26.509108351101688,2025-08-17 10:51:00 UTC
STARLINK-11275 [DTC],33.14963576659951,2025-08-17 10:43:00 UTC
STARLINK-11342 [DTC],36.690283729070636,2025-08-17 10:36:00 UTC
STARLINK-11374 [DTC],46.38898005248746,2025-08-17 10:27:00 UTC
STARLINK-11373 [DTC],53.39207403792031,2025-08-17 10:21:00 UTC
STARLINK-11368 [DTC],73.76381812687572,2025-08-17 10:13:00 UTC
STARLINK-11370 [DTC],61.851033355712595,2025-08-17 10:05:00 UTC
STARLINK-11361 [DTC],63.561253661433916,2025-08-17 09:58:00 UTC
STARLINK-11360 [DTC],51.26448144475761,2025-08-17 09:51:00 UTC
STARLINK-32325,3.7342553653203177,2025-08-17 12:50:00 UTC
STARLINK-32409,9.032320038669063,2025-08-17 13:04:00 UTC
STARLINK-32422,3.1796814773929376,2025-08-17 12:18:00 UTC
STARLINK-32397,7.503184715172034,2025-08-17 12:58:00 UTC
STARLINK-32302,47.40794456011082,2025-08-17 12:42:00 UTC
STARLINK-32364,53.38772699617164,2025-08-17 11:18:00 UTC
STARLINK-32331,58.07994722760642,2025-08-17 11:36:00 UTC
STARLINK-32398,72.30326607375433,2025-08-17 11:36:00 UTC
STARLINK-32365,47.39626837813665,2025-08-17 11:08:00 UTC
STARLINK-32333,76.2224204451805,2025-08-17 11:54:00 UTC
STARLINK-32399,45.416299496040565,2025-08-17 10:37:00 UTC
STARLINK-32421,80.32786825106382,2025-08-17 11:47:00 UTC
STARLINK-32403,62.84986278951817,2025-08-17 11:30:00 UTC
STARLINK-32390,77.07742718278381,2025-08-17 11:57:00 UTC
STARLINK-32348,61.60029243982479,2025-08-17 11:43:00 UTC
STARLINK-32455,84.03312480794699,2025-08-17 12:06:00 UTC
STARLINK-32396,68.94749254604284,2025-08-17 11:47:00 UTC
STARLINK-32355,67.32802606660351,2025-08-17 12:08:00 UTC
STARLINK-32370,48.56784911531228,2025-08-17 12:36:00 UTC
STARLINK-32405,66.13122840257265,2025-08-17 12:15:00 UTC
STARLINK-32419,85.72232210031588,2025-08-17 11:51:00 UTC
STARLINK-32320,62.80572187324704,2025-08-17 12:22:00 UTC
STARLINK-32341,71.38813272844794,2025-08-17 11:40:00 UTC
STARLINK-32339,49.12328207419838,2025-08-17 12:31:00 UTC
STARLINK-32327,54.13310050109112,2025-08-17 11:13:00 UTC
STARLINK-32264,82.18508698412882,2025-08-17 12:00:00 UTC
STARLINK-32337,57.39327922022134,2025-08-17 11:24:00 UTC
STARLINK-32349,53.2057023843696,2025-08-17 04:00:00 UTC
STARLINK-32461,44.137771372297436,2025-08-17 03:47:00 UTC
STARLINK-32299,29.33695330788663,2025-08-17 03:26:00 UTC
STARLINK-32335,35.615276037647114,2025-08-17 04:55:00 UTC
STARLINK-32387,58.130562074328594,2025-08-17 04:33:00 UTC
STARLINK-32515,61.93648694663886,2025-08-17 04:30:00 UTC
STARLINK-32533,51.758845544409574,2025-08-17 04:35:00 UTC
STARLINK-32540,1.0173992472641071,2025-08-17 12:36:00 UTC
STARLINK-11402 [DTC],8.759168787966038,2025-08-17 12:45:00 UTC
STARLINK-11316 [DTC],11.492648872806123,2025-08-17 12:52:00 UTC
STARLINK-11401 [DTC],6.714629995329676,2025-08-17 12:37:00 UTC
STARLINK-11321 [DTC],5.205591672379637,2025-08-17 12:30:00 UTC
STARLINK-11314 [DTC],4.030503604132209,2025-08-17 12:25:00 UTC
STARLINK-11324 [DTC],2.4431548723424186,2025-08-17 12:16:00 UTC
STARLINK-11328 [DTC],1.1169695172361958,2025-08-17 12:09:00 UTC
STARLINK-11301 [DTC],5.661254095920321,2025-08-17 13:04:00 UTC
STARLINK-11351 [DTC],14.336899626615928,2025-08-17 13:00:00 UTC
STARLINK-32410,3.350692020491599,2025-08-17 04:26:00 UTC
STARLINK-32377,5.695522279499159,2025-08-17 04:15:00 UTC
STARLINK-32292,24.326480439152334,2025-08-17 03:05:00 UTC
STARLINK-32501,21.657649184747275,2025-08-17 03:27:00 UTC
STARLINK-32383,26.09524299555296,2025-08-17 03:18:00 UTC
STARLINK-32239,16.984573068752066,2025-08-17 03:38:00 UTC
STARLINK-32489,8.722366419880009,2025-08-17 04:02:00 UTC
STARLINK-32303,5.422838337697995,2025-08-17 03:05:00 UTC
STARLINK-32434,4.980585059163212,2025-08-17 03:42:00 UTC
STARLINK-32460,1.8749261848384062,2025-08-17 03:57:00 UTC
STARLINK-32541,8.471457301775379,2025-08-17 03:37:00 UTC
STARLINK-32555,5.242373784277448,2025-08-17 03:54:00 UTC
STARLINK-32547,1.599397691609401,2025-08-17 03:59:00 UTC
STARLINK-32616,9.55492478703263,2025-08-17 03:18:00 UTC
STARLINK-32579,9.655825717935002,2025-08-17 03:31:00 UTC
STARLINK-32537,4.632170871528762,2025-08-17 03:58:00 UTC
STARLINK-32564,6.256143325629361,2025-08-17 03:48:00 UTC
STARLINK-32536,3.67371536344293,2025-08-17 04:04:00 UTC
STARLINK-32624,3.097264831888408,2025-08-17 03:50:00 UTC
STARLINK-32622,1.297759565358172,2025-08-17 04:01:00 UTC
STARLINK-32620,11.547748166259238,2025-08-17 03:08:00 UTC
STARLINK-32567,6.561072796943566,2025-08-17 03:18:00 UTC
STARLINK-32354,7.331194066635739,2025-08-17 03:43:00 UTC
STARLINK-32361,4.291602358922379,2025-08-17 03:46:00 UTC
STARLINK-32500,10.677033767753239,2025-08-17 03:25:00 UTC
STARLINK-11423 [DTC],0.3372501092633409,2025-08-17 13:03:00 UTC
STARLINK-32572,29.78817170493164,2025-08-17 04:11:00 UTC
STARLINK-32585,68.29169357867957,2025-08-17 03:29:00 UTC
STARLINK-32574,59.72289638715155,2025-08-17 03:45:00 UTC
STARLINK-32583,70.32106947219836,2025-08-17 03:19:00 UTC
STARLINK-32273,25.95479250790515,2025-08-17 04:18:00 UTC
STARLINK-32359,59.876571768393184,2025-08-17 03:10:00 UTC
STARLINK-32566,28.134149837131396,2025-08-17 04:14:00 UTC
STARLINK-32499,17.672189238607817,2025-08-17 11:47:00 UTC
STARLINK-32372,21.08656700652168,2025-08-17 11:57:00 UTC
STARLINK-32452,44.67335718000776,2025-08-17 12:14:00 UTC
STARLINK-32458,39.06726594161936,2025-08-17 11:38:00 UTC
STARLINK-32487,42.561602570718435,2025-08-17 12:42:00 UTC
STARLINK-32513,61.73913376295333,2025-08-17 12:59:00 UTC
STARLINK-32514,48.89117557191326,2025-08-17 12:20:00 UTC
STARLINK-32498,73.40287432635567,2025-08-17 12:38:00 UTC
STARLINK-32518,70.69019369543386,2025-08-17 12:59:00 UTC
STARLINK-32471,37.66343127883133,2025-08-17 12:05:00 UTC
STARLINK-32450,41.7353005738484,2025-08-17 12:10:00 UTC
STARLINK-32613,12.454617396989136,2025-08-17 11:30:00 UTC
STARLINK-32610,54.65019783060786,2025-08-17 12:57:00 UTC
STARLINK-32612,57.20291345217952,2025-08-17 13:03:00 UTC
STARLINK-32601,19.125183505736484,2025-08-17 11:52:00 UTC
STARLINK-32593,15.008555175371171,2025-08-17 11:40:00 UTC
STARLINK-32586,38.71365669566663,2025-08-17 12:37:00 UTC
STARLINK-32611,35.56812768099578,2025-08-17 12:31:00 UTC
STARLINK-32607,51.284933147928456,2025-08-17 12:51:00 UTC
STARLINK-32606,44.755860169153415,2025-08-17 12:46:00 UTC
STARLINK-32578,25.751671624868422,2025-08-17 12:09:00 UTC
STARLINK-32517,13.693195710424636,2025-08-17 11:35:00 UTC
STARLINK-32522,32.42760058504807,2025-08-17 12:24:00 UTC
STARLINK-32560,23.20887420205752,2025-08-17 12:03:00 UTC
STARLINK-32520,45.401246230334586,2025-08-17 05:37:00 UTC
STARLINK-32539,72.2131099114747,2025-08-17 04:20:00 UTC
STARLINK-32334,30.26619902020542,2025-08-17 05:52:00 UTC
STARLINK-32504,44.924573424164926,2025-08-17 04:39:00 UTC
STARLINK-32493,52.88539995447343,2025-08-17 05:28:00 UTC
STARLINK-32561,52.0211866633601,2025-08-17 04:48:00 UTC
STARLINK-32512,35.36219102649775,2025-08-17 04:25:00 UTC
STARLINK-11465 [DTC],4.267567450752337,2025-08-17 03:05:00 UTC
STARLINK-11426 [DTC],1.755261178849168,2025-08-17 04:28:00 UTC
STARLINK-11454 [DTC],13.144649472638353,2025-08-17 03:42:00 UTC
STARLINK-11473 [DTC],8.57683466806383,2025-08-17 03:59:00 UTC
STARLINK-11429 [DTC],15.584938939933192,2025-08-17 03:37:00 UTC
STARLINK-11470 [DTC],18.63903612485017,2025-08-17 03:30:00 UTC
STARLINK-11427 [DTC],10.570543223197967,2025-08-17 03:52:00 UTC
STARLINK-11456 [DTC],30.739608887239335,2025-08-17 03:11:00 UTC
STARLINK-11474 [DTC],3.0847971250832056,2025-08-17 04:21:00 UTC
STARLINK-11463 [DTC],22.200972921206525,2025-08-17 03:22:00 UTC
STARLINK-11472 [DTC],5.0825868822504,2025-08-17 04:14:00 UTC
STARLINK-11467 [DTC],26.75646335475223,2025-08-17 03:15:00 UTC
STARLINK-11460 [DTC],6.638423379706625,2025-08-17 04:07:00 UTC
STARLINK-32604,30.31293807170548,2025-08-17 06:00:00 UTC
STARLINK-32553,29.37696494495046,2025-08-17 07:36:00 UTC
STARLINK-32603,43.8369914993699,2025-08-17 07:19:00 UTC
STARLINK-32444,51.154832763964095,2025-08-17 07:10:00 UTC
STARLINK-32619,33.75932323319681,2025-08-17 06:06:00 UTC
STARLINK-32580,44.2198079486182,2025-08-17 05:47:00 UTC
STARLINK-32617,50.04422856516276,2025-08-17 05:54:00 UTC
STARLINK-11384 [DTC],39.55304456961905,2025-08-17 08:56:00 UTC
STARLINK-11379 [DTC],42.036822017840706,2025-08-17 10:24:00 UTC
STARLINK-11387 [DTC],46.29450602218844,2025-08-17 10:16:00 UTC
STARLINK-11389 [DTC],51.38833602156657,2025-08-17 10:08:00 UTC
STARLINK-11388 [DTC],57.36397633619068,2025-08-17 10:00:00 UTC
STARLINK-11345 [DTC],65.60918143220323,2025-08-17 09:52:00 UTC
STARLINK-11381 [DTC],74.990013009151,2025-08-17 09:44:00 UTC
STARLINK-11369 [DTC],84.45691960482061,2025-08-17 09:36:00 UTC
STARLINK-11303 [DTC],82.19677499855605,2025-08-17 09:28:00 UTC
STARLINK-11367 [DTC],70.22792049529168,2025-08-17 09:20:00 UTC
STARLINK-11386 [DTC],60.2720191827547,2025-08-17 09:12:00 UTC
STARLINK-11380 [DTC],50.9103977821727,2025-08-17 09:04:00 UTC
STARLINK-33566,14.83390208517753,2025-08-17 12:21:00 UTC
STARLINK-33562,0.1320314398357822,2025-08-17 12:04:00 UTC
STARLINK-33555,4.33294955760702,2025-08-17 12:31:00 UTC
STARLINK-33542,44.28876330730183,2025-08-17 06:55:00 UTC
STARLINK-33557,18.52191193960576,2025-08-17 11:29:00 UTC
STARLINK-33559,3.436767188900922,2025-08-17 12:25:00 UTC
STARLINK-33553,1.6036667754329577,2025-08-17 12:13:00 UTC
STARLINK-33551,2.501318728233506,2025-08-17 12:19:00 UTC
STARLINK-32311,54.7072967252121,2025-08-17 09:04:00 UTC
STARLINK-32470,72.24706416970753,2025-08-17 10:51:00 UTC
STARLINK-32502,47.77175298086035,2025-08-17 11:24:00 UTC
STARLINK-32521,53.12971549801685,2025-08-17 11:02:00 UTC
STARLINK-32549,86.38538949683621,2025-08-17 10:30:00 UTC
STARLINK-32535,59.30392526809633,2025-08-17 09:58:00 UTC
STARLINK-32548,53.48105411311309,2025-08-17 10:07:00 UTC
STARLINK-32525,71.51302503485218,2025-08-17 10:39:00 UTC
STARLINK-32628,55.89602968024693,2025-08-17 11:05:00 UTC
STARLINK-32626,48.21295540931386,2025-08-17 09:56:00 UTC
STARLINK-32608,65.796694880067,2025-08-17 10:57:00 UTC
STARLINK-32488,62.72949167249731,2025-08-17 10:12:00 UTC
STARLINK-32490,69.91328925671431,2025-08-17 10:36:00 UTC
STARLINK-32557,56.861874945579196,2025-08-17 09:26:00 UTC
STARLINK-32568,46.27376482527277,2025-08-17 11:30:00 UTC
STARLINK-32462,49.554713293866186,2025-08-17 09:48:00 UTC
STARLINK-32463,77.83975620549224,2025-08-17 10:45:00 UTC
STARLINK-32550,50.863747416472535,2025-08-17 10:00:00 UTC
STARLINK-32507,78.65636359563939,2025-08-17 10:23:00 UTC
STARLINK-32245,52.12071929629553,2025-08-17 11:18:00 UTC
STARLINK-32546,58.43786004851949,2025-08-17 09:54:00 UTC
STARLINK-32545,69.01697982965439,2025-08-17 10:18:00 UTC
STARLINK-32554,61.35115334919655,2025-08-17 11:01:00 UTC
STARLINK-32570,55.513628432768314,2025-08-17 11:12:00 UTC
STARLINK-32529,47.04432288441276,2025-08-17 11:21:00 UTC
STARLINK-32464,57.75256961681519,2025-08-17 11:33:00 UTC
STARLINK-32482,75.17425509814953,2025-08-17 12:14:00 UTC
STARLINK-32454,61.75969960328634,2025-08-17 12:05:00 UTC
STARLINK-32485,77.13560479508689,2025-08-17 12:02:00 UTC
STARLINK-32388,55.14594546628267,2025-08-17 11:59:00 UTC
STARLINK-32374,51.67432976289353,2025-08-17 12:46:00 UTC
STARLINK-32384,50.89390215627269,2025-08-17 12:48:00 UTC
STARLINK-32295,51.237322206128184,2025-08-17 11:27:00 UTC
STARLINK-32479,62.15437177976506,2025-08-17 12:30:00 UTC
STARLINK-32468,60.29174093178042,2025-08-17 12:32:00 UTC
STARLINK-32629,77.98857396895714,2025-08-17 11:51:00 UTC
STARLINK-32644,49.01964525995021,2025-08-17 11:23:00 UTC
STARLINK-32623,86.30316686583177,2025-08-17 12:17:00 UTC
STARLINK-32639,47.092314372577526,2025-08-17 12:58:00 UTC
STARLINK-32625,53.65877532541674,2025-08-17 11:29:00 UTC
STARLINK-32635,67.8810381985266,2025-08-17 12:11:00 UTC
STARLINK-32532,68.20158740701456,2025-08-17 12:19:00 UTC
STARLINK-32503,47.01746434764245,2025-08-17 11:53:00 UTC
STARLINK-32508,57.280358146193194,2025-08-17 12:37:00 UTC
STARLINK-32524,61.343914735373296,2025-08-17 12:36:00 UTC
STARLINK-32484,50.578668598625526,2025-08-17 11:28:00 UTC
STARLINK-32497,78.0616403984229,2025-08-17 12:24:00 UTC
STARLINK-32526,74.06464385889291,2025-08-17 12:29:00 UTC
STARLINK-32257,1.8150848902200931,2025-08-17 03:08:00 UTC
STARLINK-32552,0.5893436248667179,2025-08-17 03:14:00 UTC
STARLINK-32602,4.444846409722046,2025-08-17 12:54:00 UTC
STARLINK-32688,0.8544023137184862,2025-08-17 03:23:00 UTC
STARLINK-32672,3.4793343429358057,2025-08-17 03:06:00 UTC
STARLINK-32647,0.28867142371152743,2025-08-17 03:27:00 UTC
STARLINK-32665,1.6701570693784105,2025-08-17 03:17:00 UTC
STARLINK-32675,2.5212368861980434,2025-08-17 03:12:00 UTC
STARLINK-11394 [DTC],23.613125278974138,2025-08-17 05:19:00 UTC
STARLINK-11490 [DTC],27.622052038092477,2025-08-17 03:53:00 UTC
STARLINK-11466 [DTC],35.8175135752587,2025-08-17 04:06:00 UTC
STARLINK-11468 [DTC],47.65126228371703,2025-08-17 04:20:00 UTC
STARLINK-11488 [DTC],31.555592590862386,2025-08-17 03:58:00 UTC
STARLINK-11483 [DTC],55.0714849488896,2025-08-17 04:42:00 UTC
STARLINK-11492 [DTC],44.11825175879834,2025-08-17 04:13:00 UTC
STARLINK-11471 [DTC],47.29950042358634,2025-08-17 04:50:00 UTC
STARLINK-11475 [DTC],43.42584263499116,2025-08-17 04:57:00 UTC
STARLINK-11469 [DTC],27.077697958249804,2025-08-17 05:11:00 UTC
STARLINK-11476 [DTC],84.30451140072279,2025-08-17 04:35:00 UTC
STARLINK-11485 [DTC],34.729885036887346,2025-08-17 05:04:00 UTC
STARLINK-11481 [DTC],54.4486218453019,2025-08-17 04:27:00 UTC
STARLINK-32650,35.185904338849,2025-08-17 07:51:00 UTC
STARLINK-32636,83.00199118837334,2025-08-17 08:29:00 UTC
STARLINK-32643,33.85405547311707,2025-08-17 07:15:00 UTC
STARLINK-32652,39.56418228552694,2025-08-17 09:04:00 UTC
STARLINK-32631,43.77149913026358,2025-08-17 07:28:00 UTC
STARLINK-32641,52.792779451479596,2025-08-17 08:16:00 UTC
STARLINK-32632,30.396495376655526,2025-08-17 07:41:00 UTC
STARLINK-11496 [DTC],84.49300271838084,2025-08-17 10:29:00 UTC
STARLINK-11501 [DTC],38.86234299535235,2025-08-17 09:46:00 UTC
STARLINK-11491 [DTC],41.952896787908514,2025-08-17 11:14:00 UTC
STARLINK-11479 [DTC],53.61079922773326,2025-08-17 10:02:00 UTC
STARLINK-11489 [DTC],53.84370230362609,2025-08-17 10:57:00 UTC
STARLINK-11494 [DTC],85.19298391656241,2025-08-17 10:26:00 UTC
STARLINK-11333 [DTC],57.73282817914533,2025-08-17 10:42:00 UTC
STARLINK-11504 [DTC],75.17956551220969,2025-08-17 10:18:00 UTC
STARLINK-11495 [DTC],49.53371519132094,2025-08-17 11:06:00 UTC
STARLINK-11498 [DTC],45.45108330859126,2025-08-17 09:54:00 UTC
STARLINK-11484 [DTC],63.75204085387529,2025-08-17 10:13:00 UTC
STARLINK-11487 [DTC],60.65873439474929,2025-08-17 10:50:00 UTC
STARLINK-11499 [DTC],43.221371880366355,2025-08-17 11:07:00 UTC
STARLINK-33548,8.449218406136062,2025-08-17 12:52:00 UTC
STARLINK-33547,7.129033982177335,2025-08-17 12:45:00 UTC
STARLINK-33565,0.05040921233093539,2025-08-17 12:01:00 UTC
STARLINK-32648,84.29588735489065,2025-08-17 06:14:00 UTC
STARLINK-32594,64.88046941407347,2025-08-17 06:46:00 UTC
STARLINK-32621,51.238451951576295,2025-08-17 05:53:00 UTC
STARLINK-32597,54.42940689965116,2025-08-17 06:35:00 UTC
STARLINK-32649,39.20888220647697,2025-08-17 07:22:00 UTC
STARLINK-32633,50.694193459700514,2025-08-17 06:28:00 UTC
STARLINK-32646,69.98951691201346,2025-08-17 06:07:00 UTC
STARLINK-32706,51.99804247865513,2025-08-17 07:13:00 UTC
STARLINK-32678,67.61445802821126,2025-08-17 06:07:00 UTC
STARLINK-32696,58.10223852566037,2025-08-17 07:08:00 UTC
STARLINK-32700,61.6466630193638,2025-08-17 06:27:00 UTC
STARLINK-32698,47.3757577750173,2025-08-17 07:17:00 UTC
STARLINK-32634,66.18858094625931,2025-08-17 06:28:00 UTC
STARLINK-32651,50.21237376532503,2025-08-17 06:25:00 UTC
STARLINK-32627,49.620662323317354,2025-08-17 07:15:00 UTC
STARLINK-32596,60.610408271697224,2025-08-17 07:03:00 UTC
STARLINK-32519,30.31887897919295,2025-08-17 06:56:00 UTC
STARLINK-32527,44.44798154178197,2025-08-17 05:46:00 UTC
STARLINK-32481,74.0041167566238,2025-08-17 06:14:00 UTC
STARLINK-32645,56.399118581086135,2025-08-17 06:34:00 UTC
STARLINK-32654,44.639825769360094,2025-08-17 06:19:00 UTC
STARLINK-32692,55.433467786061634,2025-08-17 03:06:00 UTC
STARLINK-32680,74.96869436155491,2025-08-17 03:05:00 UTC
STARLINK-32638,59.11177822274822,2025-08-17 03:26:00 UTC
STARLINK-32283,26.94508911227903,2025-08-17 04:14:00 UTC
STARLINK-32676,58.52527665908485,2025-08-17 03:42:00 UTC
STARLINK-32659,65.81818662167723,2025-08-17 03:20:00 UTC
STARLINK-32614,37.67100796987311,2025-08-17 04:39:00 UTC
STARLINK-32418,31.567627054275377,2025-08-17 04:18:00 UTC
STARLINK-32702,86.04094184183755,2025-08-17 08:40:00 UTC
STARLINK-32712,74.0136902474085,2025-08-17 08:59:00 UTC
STARLINK-32674,32.38497589659993,2025-08-17 09:40:00 UTC
STARLINK-32711,79.46919906772358,2025-08-17 08:54:00 UTC
STARLINK-32697,55.28239406983142,2025-08-17 08:35:00 UTC
STARLINK-32693,44.16072219332781,2025-08-17 09:11:00 UTC
STARLINK-32721,44.14716527638053,2025-08-17 08:25:00 UTC
STARLINK-32709,44.0177515744486,2025-08-17 09:24:00 UTC
STARLINK-32689,35.27474784293329,2025-08-17 09:34:00 UTC
STARLINK-32724,47.12959818262109,2025-08-17 08:27:00 UTC
STARLINK-32291,64.63549227786933,2025-08-17 08:40:00 UTC
STARLINK-32736,85.02999116643755,2025-08-17 08:51:00 UTC
STARLINK-32737,48.29824485669708,2025-08-17 08:19:00 UTC
STARLINK-32683,52.37420118352734,2025-08-17 09:18:00 UTC
STARLINK-32726,45.98656853063083,2025-08-17 08:26:00 UTC
STARLINK-32730,35.651079910205496,2025-08-17 08:15:00 UTC
STARLINK-32719,30.06183923326171,2025-08-17 08:10:00 UTC
STARLINK-32723,49.95329471865509,2025-08-17 08:29:00 UTC
STARLINK-32722,41.04750374250897,2025-08-17 08:21:00 UTC
STARLINK-32720,65.92782847980733,2025-08-17 09:07:00 UTC
STARLINK-32656,41.699678055482266,2025-08-17 09:29:00 UTC
STARLINK-32690,36.28960809636038,2025-08-17 08:16:00 UTC
STARLINK-11518 [DTC],24.541968783196687,2025-08-17 03:27:00 UTC
STARLINK-11455 [DTC],20.25238064834392,2025-08-17 03:35:00 UTC
STARLINK-11459 [DTC],12.280009433161217,2025-08-17 03:59:00 UTC
STARLINK-11178 [DTC],33.442514084550005,2025-08-17 03:11:00 UTC
STARLINK-11506 [DTC],16.736218510002715,2025-08-17 03:43:00 UTC
STARLINK-11486 [DTC],28.44547670491921,2025-08-17 03:19:00 UTC
STARLINK-11511 [DTC],7.121414335527818,2025-08-17 04:23:00 UTC
STARLINK-11505 [DTC],10.439432050670066,2025-08-17 04:07:00 UTC
STARLINK-11497 [DTC],5.6723939990060295,2025-08-17 04:31:00 UTC
STARLINK-11477 [DTC],6.97716580623336,2025-08-17 04:24:00 UTC
STARLINK-11500 [DTC],14.377358836324548,2025-08-17 03:51:00 UTC
STARLINK-11464 [DTC],21.380808054966728,2025-08-17 03:05:00 UTC
STARLINK-11502 [DTC],8.750366167512079,2025-08-17 04:15:00 UTC
STARLINK-32657,68.63805883604381,2025-08-17 07:18:00 UTC
STARLINK-32734,50.23975467897856,2025-08-17 07:55:00 UTC
STARLINK-32733,62.23792702719763,2025-08-17 06:53:00 UTC
STARLINK-32707,64.76766633691986,2025-08-17 07:39:00 UTC
STARLINK-32705,57.48431371276678,2025-08-17 06:23:00 UTC
STARLINK-32743,58.198192334565086,2025-08-17 06:42:00 UTC
STARLINK-32753,73.29786923587932,2025-08-17 07:06:00 UTC
STARLINK-32699,62.80156792295826,2025-08-17 07:09:00 UTC
STARLINK-32713,16.21148995577905,2025-08-17 03:18:00 UTC
STARLINK-32732,5.179150421506971,2025-08-17 04:06:00 UTC
STARLINK-32328,10.519865267115726,2025-08-17 03:41:00 UTC
STARLINK-32332,14.787553731125069,2025-08-17 03:24:00 UTC
STARLINK-32717,0.9134960891432782,2025-08-17 04:33:00 UTC
STARLINK-32757,12.402005408558926,2025-08-17 03:34:00 UTC
STARLINK-32731,8.331903118122996,2025-08-17 03:53:00 UTC
STARLINK-32694,3.29944494551703,2025-08-17 04:18:00 UTC
STARLINK-32708,13.89212731214039,2025-08-17 03:28:00 UTC
STARLINK-32718,4.199324798453343,2025-08-17 04:12:00 UTC
STARLINK-32729,2.35661685104639,2025-08-17 04:24:00 UTC
STARLINK-32739,19.297304661487647,2025-08-17 03:09:00 UTC
STARLINK-32714,8.637741085611326,2025-08-17 03:51:00 UTC
STARLINK-32685,10.942983744454155,2025-08-17 03:40:00 UTC
STARLINK-32691,19.734940795647063,2025-08-17 03:07:00 UTC
STARLINK-32788,5.9454811813038235,2025-08-17 03:05:00 UTC
STARLINK-32768,3.917966353882362,2025-08-17 04:14:00 UTC
STARLINK-32792,6.129105343462148,2025-08-17 04:01:00 UTC
STARLINK-32725,5.748444982168348,2025-08-17 04:03:00 UTC
STARLINK-32681,1.220317930966168,2025-08-17 03:19:00 UTC
STARLINK-32679,7.526627629312448,2025-08-17 03:57:00 UTC
STARLINK-32749,1.4396259346780078,2025-08-17 04:30:00 UTC
STARLINK-32744,9.813482566514953,2025-08-17 03:45:00 UTC
STARLINK-32701,17.877930045823852,2025-08-17 03:13:00 UTC
STARLINK-11452 [DTC],45.65477837945524,2025-08-17 12:04:00 UTC
STARLINK-11443 [DTC],59.72420743838444,2025-08-17 11:16:00 UTC
STARLINK-11440 [DTC],46.13802103351417,2025-08-17 10:52:00 UTC
STARLINK-11514 [DTC],49.82696306923275,2025-08-17 11:58:00 UTC
STARLINK-11508 [DTC],57.42880724437697,2025-08-17 11:48:00 UTC
STARLINK-11510 [DTC],52.058977105034714,2025-08-17 11:00:00 UTC
STARLINK-11512 [DTC],80.20138219726137,2025-08-17 11:24:00 UTC
STARLINK-11450 [DTC],42.03248836705094,2025-08-17 12:12:00 UTC
STARLINK-11507 [DTC],39.112706877581374,2025-08-17 10:44:00 UTC
STARLINK-11482 [DTC],74.20416753191466,2025-08-17 11:32:00 UTC
STARLINK-11528 [DTC],67.96673020790809,2025-08-17 11:09:00 UTC
STARLINK-11516 [DTC],44.51190511799173,2025-08-17 11:56:00 UTC
STARLINK-11527 [DTC],61.21582108738893,2025-08-17 11:40:00 UTC
STARLINK-32741,2.3911627594588176,2025-08-17 13:02:00 UTC
STARLINK-32785,0.24800316602533282,2025-08-17 13:02:00 UTC
STARLINK-32752,24.12623387537347,2025-08-17 03:09:00 UTC
STARLINK-32760,20.332662181096353,2025-08-17 03:21:00 UTC
STARLINK-32715,17.0340601883502,2025-08-17 03:31:00 UTC
STARLINK-32764,14.160049609394349,2025-08-17 03:42:00 UTC
STARLINK-32773,5.2637389777165895,2025-08-17 04:21:00 UTC
STARLINK-32750,10.413282471448733,2025-08-17 03:54:00 UTC
STARLINK-32771,7.469995627015462,2025-08-17 04:09:00 UTC
STARLINK-32766,2.8244992879918382,2025-08-17 04:36:00 UTC
STARLINK-11547 [DTC],7.3187323449259765,2025-08-17 13:01:00 UTC
STARLINK-11513 [DTC],4.300769068931927,2025-08-17 12:44:00 UTC
STARLINK-11420 [DTC],5.751674362067435,2025-08-17 12:53:00 UTC
STARLINK-11521 [DTC],0.6813414087789239,2025-08-17 12:20:00 UTC
STARLINK-11258 [DTC],1.8380054202101876,2025-08-17 12:28:00 UTC
STARLINK-11529 [DTC],3.0554673646322397,2025-08-17 12:36:00 UTC
STARLINK-32747,5.8365516060453695,2025-08-17 03:22:00 UTC
STARLINK-32778,2.9069381408294985,2025-08-17 03:40:00 UTC
STARLINK-32710,1.5342355481053143,2025-08-17 03:45:00 UTC
STARLINK-32742,0.7030805104652788,2025-08-17 03:51:00 UTC
STARLINK-32806,80.97280389532969,2025-08-17 11:44:00 UTC
STARLINK-32329,53.00007771821264,2025-08-17 11:15:00 UTC
STARLINK-32774,57.709400124419666,2025-08-17 12:35:00 UTC
STARLINK-32802,52.874292775528716,2025-08-17 12:22:00 UTC
STARLINK-32796,58.205459886877485,2025-08-17 12:19:00 UTC
STARLINK-32805,60.799360146113,2025-08-17 12:07:00 UTC
STARLINK-32770,48.97484734984136,2025-08-17 12:38:00 UTC
STARLINK-32775,54.6285458785929,2025-08-17 11:15:00 UTC
STARLINK-32800,83.92493826132713,2025-08-17 12:11:00 UTC
STARLINK-32758,47.906304699781735,2025-08-17 12:54:00 UTC
STARLINK-32746,60.96347913579448,2025-08-17 12:15:00 UTC
STARLINK-32780,70.20330040647369,2025-08-17 12:05:00 UTC
STARLINK-32765,73.65175753452657,2025-08-17 11:33:00 UTC
STARLINK-32762,54.66613864845745,2025-08-17 12:39:00 UTC
STARLINK-32761,50.37944365458605,2025-08-17 12:42:00 UTC
STARLINK-32763,47.06882353322831,2025-08-17 12:35:00 UTC
STARLINK-32759,69.3221366444767,2025-08-17 11:53:00 UTC
STARLINK-32756,68.14264982192074,2025-08-17 12:09:00 UTC
STARLINK-32751,63.55732236801586,2025-08-17 11:58:00 UTC
STARLINK-32740,45.36013901417522,2025-08-17 12:39:00 UTC
STARLINK-32745,70.3765377982618,2025-08-17 11:42:00 UTC
STARLINK-33596,29.549891933043373,2025-08-17 08:56:00 UTC
STARLINK-33589,30.006292069162576,2025-08-17 08:54:00 UTC
STARLINK-33575,51.32710826486742,2025-08-17 08:27:00 UTC
STARLINK-33584,71.78715912101755,2025-08-17 08:07:00 UTC
STARLINK-33577,48.258724270172145,2025-08-17 07:37:00 UTC
STARLINK-33597,32.77777263079397,2025-08-17 07:23:00 UTC
STARLINK-33579,40.48342915885847,2025-08-17 07:29:00 UTC
STARLINK-33592,46.71635645085262,2025-08-17 08:32:00 UTC
STARLINK-33595,74.50629327560539,2025-08-17 07:54:00 UTC
STARLINK-33572,61.76131246150156,2025-08-17 08:18:00 UTC
STARLINK-33601,76.79645543250595,2025-08-17 08:08:00 UTC
STARLINK-33569,56.98764921966043,2025-08-17 07:43:00 UTC
STARLINK-33594,43.515586417939204,2025-08-17 07:32:00 UTC
STARLINK-33598,54.845973902056414,2025-08-17 07:46:00 UTC
STARLINK-33600,34.89818839760652,2025-08-17 08:47:00 UTC
STARLINK-33567,71.07266701668566,2025-08-17 08:03:00 UTC
STARLINK-33574,66.61816244043938,2025-08-17 07:53:00 UTC
STARLINK-33576,47.39041141925049,2025-08-17 08:30:00 UTC
STARLINK-33570,69.76640289927366,2025-08-17 07:51:00 UTC
STARLINK-33591,50.93067873830546,2025-08-17 08:25:00 UTC
STARLINK-33573,50.5865199171467,2025-08-17 07:41:00 UTC
STARLINK-33568,62.808985312941466,2025-08-17 08:16:00 UTC
STARLINK-33593,59.19667359999693,2025-08-17 07:47:00 UTC
STARLINK-33588,50.84295220801498,2025-08-17 08:19:00 UTC
STARLINK-33585,38.136212415290814,2025-08-17 07:27:00 UTC
STARLINK-33582,73.6974834780482,2025-08-17 08:00:00 UTC
STARLINK-33581,34.49106456676142,2025-08-17 08:48:00 UTC
STARLINK-32883,62.06442569767587,2025-08-17 06:57:00 UTC
STARLINK-32886,56.82865997067683,2025-08-17 06:56:00 UTC
STARLINK-32848,72.60667609631896,2025-08-17 07:03:00 UTC
STARLINK-32787,55.84819913424019,2025-08-17 06:52:00 UTC
STARLINK-32851,62.24111399146478,2025-08-17 07:01:00 UTC
STARLINK-32847,34.8915974182757,2025-08-17 06:33:00 UTC
STARLINK-32837,47.25411404379077,2025-08-17 06:47:00 UTC
STARLINK-32855,32.05021900751908,2025-08-17 06:29:00 UTC
STARLINK-32843,68.76515265197256,2025-08-17 07:24:00 UTC
STARLINK-32845,39.52502362758949,2025-08-17 06:38:00 UTC
STARLINK-32854,85.6292430585823,2025-08-17 07:12:00 UTC
STARLINK-32824,41.65754086521548,2025-08-17 06:41:00 UTC
STARLINK-32853,34.245160212393984,2025-08-17 06:32:00 UTC
STARLINK-32856,75.6031284205028,2025-08-17 07:08:00 UTC
STARLINK-32844,66.69385453462533,2025-08-17 07:12:00 UTC
STARLINK-32782,49.83532718982506,2025-08-17 06:50:00 UTC
STARLINK-32842,60.75443118299314,2025-08-17 07:02:00 UTC
STARLINK-32823,37.58570685620092,2025-08-17 06:36:00 UTC
STARLINK-32852,72.50339697498521,2025-08-17 07:21:00 UTC
STARLINK-32825,35.063962692951826,2025-08-17 07:44:00 UTC
STARLINK-32704,65.66757836865504,2025-08-17 07:07:00 UTC
STARLINK-32838,66.86413206056605,2025-08-17 04:52:00 UTC
STARLINK-32727,62.91723663524473,2025-08-17 07:11:00 UTC
STARLINK-11548 [DTC],58.42070592156025,2025-08-17 03:37:00 UTC
STARLINK-11480 [DTC],55.00611802455488,2025-08-17 07:22:00 UTC
STARLINK-11559 [DTC],72.07339690239704,2025-08-17 03:22:00 UTC
STARLINK-11549 [DTC],65.08799037781417,2025-08-17 07:47:00 UTC
STARLINK-11554 [DTC],64.13372768686109,2025-08-17 07:55:00 UTC
STARLINK-11520 [DTC],50.80846189456776,2025-08-17 03:46:00 UTC
STARLINK-11546 [DTC],58.296936760264096,2025-08-17 03:32:00 UTC
STARLINK-11533 [DTC],59.379100530937336,2025-08-17 07:31:00 UTC
STARLINK-11557 [DTC],47.18436421734533,2025-08-17 07:07:00 UTC
STARLINK-11556 [DTC],43.22406483327158,2025-08-17 07:06:00 UTC
STARLINK-11524 [DTC],72.07783434209846,2025-08-17 03:14:00 UTC
STARLINK-11551 [DTC],52.126100810914586,2025-08-17 07:15:00 UTC
STARLINK-11531 [DTC],60.72649712739437,2025-08-17 07:38:00 UTC
STARLINK-32755,57.62893495048583,2025-08-17 07:32:00 UTC
STARLINK-32797,74.94358857540273,2025-08-17 07:36:00 UTC
STARLINK-32794,58.9002242396102,2025-08-17 11:34:00 UTC
STARLINK-32807,74.44039689254924,2025-08-17 07:02:00 UTC
STARLINK-32804,65.1491045203923,2025-08-17 07:46:00 UTC
STARLINK-32799,76.66196135534686,2025-08-17 07:25:00 UTC
STARLINK-32781,71.41047091921692,2025-08-17 07:46:00 UTC
STARLINK-32809,83.79525753182764,2025-08-17 12:07:00 UTC
STARLINK-32868,29.046866216500852,2025-08-17 03:22:00 UTC
STARLINK-32867,26.35262262762073,2025-08-17 03:26:00 UTC
STARLINK-32860,40.847952207589664,2025-08-17 03:09:00 UTC
STARLINK-32873,40.80474395589035,2025-08-17 03:08:00 UTC
STARLINK-32866,23.176195275763053,2025-08-17 03:32:00 UTC
STARLINK-32869,15.95141075852206,2025-08-17 03:49:00 UTC
STARLINK-32831,11.757201664276671,2025-08-17 04:02:00 UTC
STARLINK-32859,35.345508042686376,2025-08-17 03:15:00 UTC
STARLINK-32864,12.562201500395998,2025-08-17 03:59:00 UTC
STARLINK-32808,4.57326951504933,2025-08-17 04:32:00 UTC
STARLINK-32862,11.220496347704728,2025-08-17 03:05:00 UTC
STARLINK-32841,9.697105882614961,2025-08-17 04:09:00 UTC
STARLINK-32695,25.331058737098388,2025-08-17 03:28:00 UTC
STARLINK-32846,13.817269056650591,2025-08-17 03:55:00 UTC
STARLINK-32822,8.574785689142715,2025-08-17 04:14:00 UTC
STARLINK-32813,3.5712802458449127,2025-08-17 04:37:00 UTC
STARLINK-32861,24.18424305731631,2025-08-17 03:30:00 UTC
STARLINK-32814,8.289978197026805,2025-08-17 04:15:00 UTC
STARLINK-32849,36.209411259900165,2025-08-17 03:15:00 UTC
STARLINK-32833,13.003975240293121,2025-08-17 03:57:00 UTC
STARLINK-32793,5.836937096571177,2025-08-17 04:26:00 UTC
STARLINK-32834,12.282725915353247,2025-08-17 04:00:00 UTC
STARLINK-32878,69.81016902896539,2025-08-17 04:14:00 UTC
STARLINK-32892,66.56548741652375,2025-08-17 04:20:00 UTC
STARLINK-32909,49.73619448614338,2025-08-17 04:34:00 UTC
STARLINK-32901,64.82702682741919,2025-08-17 03:48:00 UTC
STARLINK-32890,43.73150902222788,2025-08-17 04:42:00 UTC
STARLINK-32893,56.62860907262744,2025-08-17 03:20:00 UTC
STARLINK-32902,53.65897921638228,2025-08-17 03:14:00 UTC
STARLINK-32661,69.04863954754282,2025-08-17 03:53:00 UTC
STARLINK-11552 [DTC],66.75166031469901,2025-08-17 10:25:00 UTC
STARLINK-11561 [DTC],48.60855453191384,2025-08-17 06:32:00 UTC
STARLINK-11567 [DTC],65.96635470881439,2025-08-17 06:00:00 UTC
STARLINK-11569 [DTC],51.17133765703596,2025-08-17 10:01:00 UTC
STARLINK-11537 [DTC],56.63135716864469,2025-08-17 10:12:00 UTC
STARLINK-11565 [DTC],53.21281520193141,2025-08-17 06:15:00 UTC
STARLINK-11564 [DTC],73.20290811704507,2025-08-17 10:33:00 UTC
STARLINK-11566 [DTC],83.17693858033928,2025-08-17 05:53:00 UTC
STARLINK-11555 [DTC],74.55890521636115,2025-08-17 05:53:00 UTC
STARLINK-11430 [DTC],68.3693111593468,2025-08-17 06:08:00 UTC
STARLINK-11560 [DTC],56.01016433989912,2025-08-17 10:08:00 UTC
STARLINK-11562 [DTC],48.372756258459766,2025-08-17 09:53:00 UTC
STARLINK-11457 [DTC],52.10229467152132,2025-08-17 06:23:00 UTC
STARLINK-32921,69.22104364269366,2025-08-17 10:25:00 UTC
STARLINK-32917,55.500824115640015,2025-08-17 10:46:00 UTC
STARLINK-32916,60.91599981760573,2025-08-17 10:31:00 UTC
STARLINK-32905,47.41000552104362,2025-08-17 11:03:00 UTC
STARLINK-32871,58.94494769429741,2025-08-17 10:40:00 UTC
STARLINK-32920,63.01407262445305,2025-08-17 10:34:00 UTC
STARLINK-32922,49.82163760471002,2025-08-17 10:57:00 UTC
STARLINK-32891,48.98520794609487,2025-08-17 09:28:00 UTC
STARLINK-32728,42.73256154098557,2025-08-17 08:40:00 UTC
STARLINK-32857,31.893901387082977,2025-08-17 09:54:00 UTC
STARLINK-32850,72.34341041472545,2025-08-17 09:13:00 UTC
STARLINK-32875,60.05789059094606,2025-08-17 08:56:00 UTC
STARLINK-32865,57.29671276492057,2025-08-17 09:05:00 UTC
STARLINK-32884,50.419833104197224,2025-08-17 08:53:00 UTC
STARLINK-32874,34.968606984305815,2025-08-17 08:31:00 UTC
STARLINK-32880,52.92101110987848,2025-08-17 09:01:00 UTC
STARLINK-32815,50.39164093555005,2025-08-17 08:48:00 UTC
STARLINK-32879,64.03739294854144,2025-08-17 09:37:00 UTC
STARLINK-32885,51.209571330500864,2025-08-17 08:50:00 UTC
STARLINK-32896,38.70782263833497,2025-08-17 09:57:00 UTC
STARLINK-32877,49.85783911365797,2025-08-17 09:47:00 UTC
STARLINK-32889,43.0426216751398,2025-08-17 09:52:00 UTC
STARLINK-32858,32.154151567643346,2025-08-17 10:02:00 UTC
STARLINK-32882,56.490467018661185,2025-08-17 08:53:00 UTC
STARLINK-32887,47.007434459575386,2025-08-17 08:45:00 UTC
STARLINK-32836,39.55374754258089,2025-08-17 08:38:00 UTC
STARLINK-32888,51.538610998317054,2025-08-17 09:43:00 UTC
STARLINK-32897,47.847670252451515,2025-08-17 08:54:00 UTC
STARLINK-32863,70.33768615696302,2025-08-17 09:29:00 UTC
STARLINK-32894,38.49227904549311,2025-08-17 08:44:00 UTC
STARLINK-32826,32.91748762878346,2025-08-17 08:35:00 UTC
STARLINK-11543 [DTC],58.90243977470951,2025-08-17 11:07:00 UTC
STARLINK-11458 [DTC],67.87735939930661,2025-08-17 11:31:00 UTC
STARLINK-11417 [DTC],46.28958980984764,2025-08-17 10:51:00 UTC
STARLINK-11544 [DTC],79.88860874375327,2025-08-17 11:23:00 UTC
STARLINK-11582 [DTC],67.44263308368626,2025-08-17 06:57:00 UTC
STARLINK-11571 [DTC],59.1259574962365,2025-08-17 10:59:00 UTC
STARLINK-11539 [DTC],60.726637428189065,2025-08-17 06:50:00 UTC
STARLINK-11542 [DTC],66.61845985199155,2025-08-17 11:15:00 UTC
STARLINK-11573 [DTC],59.775955701000875,2025-08-17 07:13:00 UTC
STARLINK-11572 [DTC],77.80970575249447,2025-08-17 11:24:00 UTC
STARLINK-11583 [DTC],49.78059363378898,2025-08-17 07:22:00 UTC
STARLINK-11570 [DTC],48.16490830075445,2025-08-17 07:30:00 UTC
STARLINK-11576 [DTC],66.58870319383824,2025-08-17 07:06:00 UTC
STARLINK-32899,73.54683872151799,2025-08-17 10:51:00 UTC
STARLINK-32819,51.81459054457707,2025-08-17 11:43:00 UTC
STARLINK-32703,67.2763619698859,2025-08-17 10:44:00 UTC
STARLINK-32881,65.31215226223324,2025-08-17 11:25:00 UTC
STARLINK-32898,56.714696064630886,2025-08-17 10:34:00 UTC
STARLINK-32658,62.73025860510489,2025-08-17 11:31:00 UTC
STARLINK-32673,46.737027188966564,2025-08-17 11:57:00 UTC
STARLINK-32437,75.15813140462437,2025-08-17 10:57:00 UTC
STARLINK-11553 [DTC],1.8039838322912927,2025-08-17 03:07:00 UTC
STARLINK-11526 [DTC],0.16695531949920794,2025-08-17 03:15:00 UTC
STARLINK-32870,62.10136798323219,2025-08-17 05:04:00 UTC
STARLINK-32872,52.694630849319736,2025-08-17 03:59:00 UTC
STARLINK-32677,55.20197756770743,2025-08-17 05:10:00 UTC
STARLINK-32929,52.07296623117264,2025-08-17 05:16:00 UTC
STARLINK-32944,53.757968038373406,2025-08-17 04:04:00 UTC
STARLINK-32943,72.26911854404614,2025-08-17 04:37:00 UTC
STARLINK-32803,81.53754514815253,2025-08-17 04:32:00 UTC
STARLINK-32926,64.05108103490979,2025-08-17 04:22:00 UTC
STARLINK-32798,68.91690445608126,2025-08-17 12:04:00 UTC
STARLINK-32779,67.07191483382354,2025-08-17 11:53:00 UTC
STARLINK-32716,56.23060679777069,2025-08-17 03:47:00 UTC
STARLINK-32776,47.438815074189904,2025-08-17 11:43:00 UTC
STARLINK-32772,68.53866055673262,2025-08-17 11:16:00 UTC
STARLINK-32830,62.87190947458235,2025-08-17 04:14:00 UTC
STARLINK-32801,53.3532866781731,2025-08-17 04:28:00 UTC
STARLINK-32818,69.14488502832585,2025-08-17 11:31:00 UTC
STARLINK-32810,59.43761329609395,2025-08-17 11:07:00 UTC
STARLINK-32812,63.798014714509584,2025-08-17 04:08:00 UTC
STARLINK-32811,61.20611836666878,2025-08-17 04:21:00 UTC
STARLINK-32832,77.79593920493569,2025-08-17 04:07:00 UTC
STARLINK-32820,67.65822873503885,2025-08-17 03:54:00 UTC
STARLINK-32795,44.356572330302455,2025-08-17 03:40:00 UTC
STARLINK-32827,68.43745398479292,2025-08-17 11:51:00 UTC
STARLINK-32735,75.48390030344146,2025-08-17 11:58:00 UTC
STARLINK-32828,53.772084699336986,2025-08-17 04:21:00 UTC
STARLINK-32738,53.83618592227322,2025-08-17 11:02:00 UTC
STARLINK-32590,72.94392946383633,2025-08-17 11:16:00 UTC
STARLINK-32790,78.73886020008983,2025-08-17 04:00:00 UTC
STARLINK-32829,63.48914871307981,2025-08-17 11:47:00 UTC
STARLINK-32816,68.36704568705001,2025-08-17 04:39:00 UTC
STARLINK-32835,65.14591960238549,2025-08-17 04:49:00 UTC
STARLINK-11550 [DTC],46.32199179116908,2025-08-17 08:20:00 UTC
STARLINK-11563 [DTC],47.77586442553244,2025-08-17 11:41:00 UTC
STARLINK-11347 [DTC],74.91055705427658,2025-08-17 12:29:00 UTC
STARLINK-11558 [DTC],56.65409106187447,2025-08-17 07:56:00 UTC
STARLINK-11392 [DTC],76.04033691059283,2025-08-17 12:13:00 UTC
STARLINK-11406 [DTC],47.28639805814456,2025-08-17 11:50:00 UTC
STARLINK-11418 [DTC],63.95277169554143,2025-08-17 07:48:00 UTC
STARLINK-11509 [DTC],81.63363325261818,2025-08-17 12:22:00 UTC
STARLINK-11403 [DTC],69.20376079192808,2025-08-17 12:06:00 UTC
STARLINK-11409 [DTC],77.74948657898715,2025-08-17 12:15:00 UTC
STARLINK-11412 [DTC],52.67392837845108,2025-08-17 11:57:00 UTC
STARLINK-11399 [DTC],54.70221494048054,2025-08-17 08:11:00 UTC
STARLINK-11408 [DTC],63.749367358370606,2025-08-17 08:03:00 UTC
STARLINK-33635,59.94395991625432,2025-08-17 10:58:00 UTC
STARLINK-33622,45.609334722510546,2025-08-17 12:10:00 UTC
STARLINK-33628,66.16280576432122,2025-08-17 11:26:00 UTC
STARLINK-33627,71.71310844154348,2025-08-17 11:15:00 UTC
STARLINK-33620,73.7467342686834,2025-08-17 11:07:00 UTC
STARLINK-33604,56.80222669479644,2025-08-17 11:47:00 UTC
STARLINK-33624,67.68563457827385,2025-08-17 11:26:00 UTC
STARLINK-33623,68.59872504301353,2025-08-17 11:37:00 UTC
STARLINK-33586,68.69013493063805,2025-08-17 10:46:00 UTC
STARLINK-33605,49.765235774873325,2025-08-17 10:40:00 UTC
STARLINK-32839,81.94021535504689,2025-08-17 04:06:00 UTC
STARLINK-32821,81.87362739809011,2025-08-17 04:05:00 UTC
STARLINK-32817,30.284219108958535,2025-08-17 03:22:00 UTC
STARLINK-32906,42.74200482352921,2025-08-17 04:30:00 UTC
STARLINK-32895,48.67101885598898,2025-08-17 04:23:00 UTC
STARLINK-32933,54.012591605670785,2025-08-17 03:46:00 UTC
STARLINK-32932,69.70895793854974,2025-08-17 03:53:00 UTC
STARLINK-32908,47.55727902529337,2025-08-17 03:41:00 UTC
STARLINK-32505,49.967731686577046,2025-08-17 04:24:00 UTC
STARLINK-32914,58.358799012204216,2025-08-17 03:47:00 UTC
STARLINK-32918,69.02404316962237,2025-08-17 04:11:00 UTC
STARLINK-32912,31.532857629806106,2025-08-17 04:41:00 UTC
STARLINK-32910,70.19890702102005,2025-08-17 03:53:00 UTC
STARLINK-32903,35.56664418353674,2025-08-17 04:36:00 UTC
STARLINK-32925,32.05820857965434,2025-08-17 04:41:00 UTC
STARLINK-32924,25.723977777158726,2025-08-17 03:16:00 UTC
STARLINK-32900,40.98370327510324,2025-08-17 03:34:00 UTC
STARLINK-32927,56.741916969724386,2025-08-17 04:18:00 UTC
STARLINK-32907,82.28444821098908,2025-08-17 03:59:00 UTC
STARLINK-32911,43.57524677022992,2025-08-17 04:30:00 UTC
STARLINK-32923,27.28365316219683,2025-08-17 04:48:00 UTC
STARLINK-32913,35.27117311438613,2025-08-17 03:28:00 UTC
STARLINK-11629 [DTC],79.54013435128898,2025-08-17 03:13:00 UTC
STARLINK-11624 [DTC],24.702253618518416,2025-08-17 04:19:00 UTC
STARLINK-11584 [DTC],26.756382211311212,2025-08-17 04:17:00 UTC
STARLINK-11627 [DTC],63.31867546549284,2025-08-17 03:29:00 UTC
STARLINK-11632 [DTC],43.02448538038568,2025-08-17 03:53:00 UTC
STARLINK-11625 [DTC],36.524948032792146,2025-08-17 04:01:00 UTC
STARLINK-11601 [DTC],58.19190429411792,2025-08-17 03:38:00 UTC
STARLINK-11630 [DTC],30.067810441884276,2025-08-17 04:09:00 UTC
STARLINK-11590 [DTC],22.70374483233428,2025-08-17 04:25:00 UTC
STARLINK-11598 [DTC],49.70356693048713,2025-08-17 03:46:00 UTC
STARLINK-11600 [DTC],65.54021219430591,2025-08-17 03:22:00 UTC
STARLINK-11597 [DTC],73.50410079830219,2025-08-17 03:05:00 UTC
STARLINK-11591 [DTC],18.48368593576923,2025-08-17 04:33:00 UTC
STARLINK-32955,58.03859588090035,2025-08-17 06:29:00 UTC
STARLINK-32945,66.81282657029098,2025-08-17 06:41:00 UTC
STARLINK-32941,53.140351022697196,2025-08-17 06:49:00 UTC
STARLINK-32942,70.95072878544799,2025-08-17 06:51:00 UTC
STARLINK-32947,46.998976493669126,2025-08-17 07:44:00 UTC
STARLINK-32961,69.96052544369101,2025-08-17 07:11:00 UTC
STARLINK-32948,66.7564741434178,2025-08-17 06:57:00 UTC
STARLINK-32957,68.67427219805495,2025-08-17 07:19:00 UTC
STARLINK-11609 [DTC],77.88229567933077,2025-08-17 04:19:00 UTC
STARLINK-11604 [DTC],37.57287531110416,2025-08-17 04:51:00 UTC
STARLINK-11605 [DTC],67.15754524748898,2025-08-17 04:27:00 UTC
STARLINK-11610 [DTC],54.93002422811151,2025-08-17 04:35:00 UTC
STARLINK-11613 [DTC],47.7786694497201,2025-08-17 04:43:00 UTC
STARLINK-11616 [DTC],44.53927112228363,2025-08-17 03:33:00 UTC
STARLINK-11611 [DTC],61.36199618467858,2025-08-17 03:55:00 UTC
STARLINK-11628 [DTC],76.4523888609416,2025-08-17 04:03:00 UTC
STARLINK-11607 [DTC],51.71097109732199,2025-08-17 03:39:00 UTC
STARLINK-11522 [DTC],52.189489384277266,2025-08-17 03:45:00 UTC
STARLINK-11503 [DTC],43.696243613726196,2025-08-17 03:23:00 UTC
STARLINK-11579 [DTC],48.02336469072672,2025-08-17 03:31:00 UTC
STARLINK-11581 [DTC],82.74135006940755,2025-08-17 04:11:00 UTC
STARLINK-32949,58.714121531921215,2025-08-17 03:18:00 UTC
STARLINK-32952,71.47303429203617,2025-08-17 07:32:00 UTC
STARLINK-32936,76.61547783981366,2025-08-17 07:35:00 UTC
STARLINK-32937,58.90178532665493,2025-08-17 07:37:00 UTC
STARLINK-32939,83.08588649780502,2025-08-17 07:23:00 UTC
STARLINK-32919,61.44457130203775,2025-08-17 07:43:00 UTC
STARLINK-32876,62.20885689381597,2025-08-17 06:52:00 UTC
STARLINK-32915,64.7231691732221,2025-08-17 07:37:00 UTC
STARLINK-11602 [DTC],56.81314883760523,2025-08-17 04:36:00 UTC
STARLINK-11617 [DTC],61.946822728052865,2025-08-17 04:28:00 UTC
STARLINK-11618 [DTC],66.48726182079069,2025-08-17 08:29:00 UTC
STARLINK-11646 [DTC],48.826721851848234,2025-08-17 08:13:00 UTC
STARLINK-11622 [DTC],50.62498041701147,2025-08-17 04:44:00 UTC
STARLINK-11642 [DTC],67.98380253150304,2025-08-17 04:12:00 UTC
STARLINK-11639 [DTC],61.644617551161595,2025-08-17 08:45:00 UTC
STARLINK-11637 [DTC],47.37260361329625,2025-08-17 04:45:00 UTC
STARLINK-11647 [DTC],65.35122884160344,2025-08-17 08:40:00 UTC
STARLINK-11643 [DTC],84.55478235097124,2025-08-17 04:04:00 UTC
STARLINK-11635 [DTC],62.25260343565873,2025-08-17 08:20:00 UTC
STARLINK-11636 [DTC],57.274351471632905,2025-08-17 04:20:00 UTC
STARLINK-11631 [DTC],47.840413758790184,2025-08-17 08:05:00 UTC
STARLINK-32946,66.16504452323133,2025-08-17 11:48:00 UTC
STARLINK-32960,58.18024769224835,2025-08-17 07:51:00 UTC
STARLINK-32904,72.14464057753142,2025-08-17 11:51:00 UTC
STARLINK-32931,74.06949600036714,2025-08-17 07:30:00 UTC
STARLINK-32934,77.2506337823142,2025-08-17 12:00:00 UTC
STARLINK-32938,62.34474397864719,2025-08-17 07:36:00 UTC
STARLINK-32935,65.21660439441851,2025-08-17 11:27:00 UTC
STARLINK-32930,57.47034610878405,2025-08-17 11:22:00 UTC
STARLINK-11654 [DTC],3.9012860807956895,2025-08-17 11:47:00 UTC
STARLINK-11659 [DTC],2.5705860754536016,2025-08-17 11:38:00 UTC
STARLINK-11653 [DTC],8.771815519305923,2025-08-17 12:13:00 UTC
STARLINK-11641 [DTC],19.463210049210343,2025-08-17 12:51:00 UTC
STARLINK-11638 [DTC],23.196845213426997,2025-08-17 12:58:00 UTC
STARLINK-11614 [DTC],8.35968830936574,2025-08-17 12:11:00 UTC
STARLINK-11620 [DTC],13.625948188137615,2025-08-17 12:34:00 UTC
STARLINK-11619 [DTC],5.136888599700824,2025-08-17 11:54:00 UTC
STARLINK-11621 [DTC],16.968529701475607,2025-08-17 12:42:00 UTC
STARLINK-11615 [DTC],6.725966717841275,2025-08-17 12:03:00 UTC
STARLINK-11608 [DTC],13.054035949957175,2025-08-17 13:04:00 UTC
STARLINK-11623 [DTC],11.742807919104193,2025-08-17 12:27:00 UTC
STARLINK-11612 [DTC],9.861614989484575,2025-08-17 12:19:00 UTC
STARLINK-11568 [DTC],41.2727195098464,2025-08-17 04:13:00 UTC
STARLINK-11575 [DTC],72.05512457950974,2025-08-17 04:53:00 UTC
STARLINK-11585 [DTC],48.4386374911722,2025-08-17 04:29:00 UTC
STARLINK-11587 [DTC],62.01220526707802,2025-08-17 05:25:00 UTC
STARLINK-11589 [DTC],53.13028294772367,2025-08-17 05:33:00 UTC
STARLINK-11650 [DTC],69.09071126810056,2025-08-17 05:10:00 UTC
STARLINK-11648 [DTC],66.96592716527935,2025-08-17 05:09:00 UTC
STARLINK-11640 [DTC],73.39187528476302,2025-08-17 05:01:00 UTC
STARLINK-11652 [DTC],53.677717935292044,2025-08-17 04:45:00 UTC
STARLINK-11645 [DTC],66.95628999949164,2025-08-17 05:17:00 UTC
STARLINK-11633 [DTC],41.21927293076878,2025-08-17 05:41:00 UTC
STARLINK-11593 [DTC],45.15585327170013,2025-08-17 04:21:00 UTC
STARLINK-11588 [DTC],55.29567434598178,2025-08-17 04:37:00 UTC
STARLINK-33671,75.27849745176007,2025-08-17 03:07:00 UTC
STARLINK-33650,70.47282390487483,2025-08-17 08:03:00 UTC
STARLINK-33689,67.59543083013459,2025-08-17 07:53:00 UTC
STARLINK-33607,76.08771465578243,2025-08-17 03:30:00 UTC
STARLINK-33619,58.86056004644174,2025-08-17 07:40:00 UTC
STARLINK-33612,59.34753040718872,2025-08-17 04:06:00 UTC
STARLINK-33672,74.57691283022642,2025-08-17 08:04:00 UTC
STARLINK-33625,60.374464849192194,2025-08-17 07:14:00 UTC
STARLINK-33699,62.413772828927826,2025-08-17 03:37:00 UTC
STARLINK-33674,67.31586202182916,2025-08-17 03:42:00 UTC
STARLINK-32840,5.760707000049127,2025-08-17 12:25:00 UTC
STARLINK-32543,17.95902382351465,2025-08-17 13:04:00 UTC
STARLINK-33742,16.69521425146699,2025-08-17 13:04:00 UTC
STARLINK-33578,5.837288538936409,2025-08-17 12:25:00 UTC
STARLINK-33626,8.024114547543926,2025-08-17 12:32:00 UTC
STARLINK-33648,3.0189952506309004,2025-08-17 12:11:00 UTC
STARLINK-33617,3.350438214281974,2025-08-17 12:10:00 UTC
STARLINK-33618,4.871498079668067,2025-08-17 12:18:00 UTC
STARLINK-33621,13.858227443010088,2025-08-17 12:53:00 UTC
STARLINK-33634,9.647230850580122,2025-08-17 12:38:00 UTC
STARLINK-33640,1.8244720626279605,2025-08-17 12:02:00 UTC
STARLINK-33653,16.12051003828792,2025-08-17 12:59:00 UTC
STARLINK-33643,13.06274575018487,2025-08-17 12:50:00 UTC
STARLINK-33633,0.7474206519587092,2025-08-17 11:56:00 UTC
STARLINK-33658,2.423117817785474,2025-08-17 12:05:00 UTC
STARLINK-33571,5.633089923793354,2025-08-17 12:49:00 UTC
STARLINK-33629,11.58770518529041,2025-08-17 12:45:00 UTC
STARLINK-33656,15.425739386423906,2025-08-17 12:57:00 UTC
STARLINK-33531,57.222744214514044,2025-08-17 12:38:00 UTC
STARLINK-33652,79.16868663026231,2025-08-17 08:41:00 UTC
STARLINK-33707,59.06179933344259,2025-08-17 09:13:00 UTC
STARLINK-33668,64.9428922243106,2025-08-17 12:58:00 UTC
STARLINK-33676,60.953560841863805,2025-08-17 09:10:00 UTC
STARLINK-33711,84.84643194191892,2025-08-17 08:39:00 UTC
STARLINK-33708,55.946947313076066,2025-08-17 09:17:00 UTC
STARLINK-33690,54.483267485059905,2025-08-17 08:56:00 UTC
STARLINK-33694,64.5139043561499,2025-08-17 09:06:00 UTC
STARLINK-33692,60.39121001651822,2025-08-17 08:32:00 UTC
STARLINK-33693,61.247861813092314,2025-08-17 12:52:00 UTC
STARLINK-33677,58.494103179483254,2025-08-17 12:40:00 UTC
STARLINK-33647,67.9785682215371,2025-08-17 08:54:00 UTC
STARLINK-33645,64.69665628306313,2025-08-17 09:19:00 UTC
STARLINK-33670,56.04649054431855,2025-08-17 09:15:00 UTC
STARLINK-33644,67.98671923349761,2025-08-17 08:48:00 UTC
STARLINK-33664,60.56398881923441,2025-08-17 12:44:00 UTC
STARLINK-33649,63.266027462110586,2025-08-17 09:07:00 UTC
STARLINK-33535,58.02926387702932,2025-08-17 12:45:00 UTC
STARLINK-33703,57.61011135224342,2025-08-17 08:17:00 UTC
STARLINK-33709,63.79835989788276,2025-08-17 08:24:00 UTC
STARLINK-33698,69.49003807124555,2025-08-17 08:56:00 UTC
STARLINK-33606,56.222118984475756,2025-08-17 12:43:00 UTC
STARLINK-33686,72.10672042541538,2025-08-17 12:58:00 UTC
STARLINK-33675,67.92010691015292,2025-08-17 08:51:00 UTC
STARLINK-33655,77.42806290574383,2025-08-17 08:35:00 UTC
STARLINK-33608,68.81592932383737,2025-08-17 12:54:00 UTC
STARLINK-33615,73.4428244592406,2025-08-17 08:27:00 UTC
STARLINK-33682,23.597682510916677,2025-08-17 04:28:00 UTC
STARLINK-33710,19.44734291517548,2025-08-17 04:35:00 UTC
STARLINK-33733,26.882268560019842,2025-08-17 04:22:00 UTC
STARLINK-33638,35.952520391597545,2025-08-17 04:08:00 UTC
STARLINK-33726,23.27387064461128,2025-08-17 04:28:00 UTC
STARLINK-33681,32.526062683064374,2025-08-17 04:14:00 UTC
STARLINK-33730,52.84067291709227,2025-08-17 03:54:00 UTC
STARLINK-33743,42.42567264547347,2025-08-17 04:02:00 UTC
STARLINK-33715,61.215636257967645,2025-08-17 03:46:00 UTC
STARLINK-33762,20.10731207647231,2025-08-17 04:35:00 UTC
STARLINK-33753,37.66500677047791,2025-08-17 04:07:00 UTC
STARLINK-33747,65.30542770629035,2025-08-17 03:40:00 UTC
STARLINK-33659,54.05994703806188,2025-08-17 03:53:00 UTC
STARLINK-33746,69.33458207787656,2025-08-17 03:26:00 UTC
STARLINK-33799,76.40935870779211,2025-08-17 03:32:00 UTC
STARLINK-33797,64.7091149050119,2025-08-17 03:46:00 UTC
STARLINK-33798,56.28821156554664,2025-08-17 03:46:00 UTC
STARLINK-33736,56.91999838739834,2025-08-17 03:18:00 UTC
STARLINK-33740,45.45552806452374,2025-08-17 03:05:00 UTC
STARLINK-33763,57.18180309067954,2025-08-17 03:11:00 UTC
STARLINK-33784,69.56370831850472,2025-08-17 03:26:00 UTC
STARLINK-33768,38.47085263948535,2025-08-17 03:05:00 UTC
STARLINK-33761,58.094118958330355,2025-08-17 03:40:00 UTC
STARLINK-33737,28.047115842122377,2025-08-17 04:12:00 UTC
STARLINK-33795,64.27952024810375,2025-08-17 03:19:00 UTC
STARLINK-33756,46.13553958452296,2025-08-17 03:55:00 UTC
STARLINK-33780,27.27725113782937,2025-08-17 04:14:00 UTC
STARLINK-33828,28.836474947041093,2025-08-17 04:12:00 UTC
STARLINK-33819,26.325710868330322,2025-08-17 04:16:00 UTC
STARLINK-33845,41.395760427645314,2025-08-17 03:48:00 UTC
STARLINK-33829,24.40591283652211,2025-08-17 04:11:00 UTC
STARLINK-33815,13.555362071293471,2025-08-17 04:37:00 UTC
STARLINK-33833,17.945853936826854,2025-08-17 04:25:00 UTC
STARLINK-33534,20.735258631918544,2025-08-17 04:19:00 UTC
STARLINK-33838,36.185350382492736,2025-08-17 03:54:00 UTC
STARLINK-33837,73.53568812084161,2025-08-17 03:10:00 UTC
STARLINK-33818,40.2959922916054,2025-08-17 03:49:00 UTC
STARLINK-33583,56.85807400929414,2025-08-17 03:47:00 UTC
STARLINK-33811,80.49502445741965,2025-08-17 03:17:00 UTC
STARLINK-33825,54.26910849984458,2025-08-17 03:36:00 UTC
STARLINK-33792,49.23909516696067,2025-08-17 03:41:00 UTC
STARLINK-33843,24.689377332128466,2025-08-17 04:10:00 UTC
STARLINK-33809,36.51397261584552,2025-08-17 03:53:00 UTC
STARLINK-33678,22.094746090143996,2025-08-17 04:16:00 UTC
STARLINK-33764,77.07166165657698,2025-08-17 03:23:00 UTC
STARLINK-33804,31.206725755185253,2025-08-17 03:05:00 UTC
STARLINK-33751,15.532424587285961,2025-08-17 04:32:00 UTC
STARLINK-33750,13.869859736202928,2025-08-17 04:36:00 UTC
STARLINK-33786,73.44165051092634,2025-08-17 03:11:00 UTC
STARLINK-33796,43.072700929759556,2025-08-17 03:45:00 UTC
STARLINK-33785,63.51026982767808,2025-08-17 03:06:00 UTC
STARLINK-33803,33.64643741165347,2025-08-17 03:56:00 UTC
STARLINK-33807,24.879992865697453,2025-08-17 04:19:00 UTC
STARLINK-33787,20.602901220879996,2025-08-17 04:27:00 UTC
STARLINK-32950,0.8544959743096443,2025-08-17 03:21:00 UTC
STARLINK-32959,78.1866055237747,2025-08-17 04:07:00 UTC
STARLINK-32956,64.74531275572095,2025-08-17 04:18:00 UTC
STARLINK-33722,35.55061799836149,2025-08-17 04:41:00 UTC
STARLINK-33739,73.47609701298398,2025-08-17 03:55:00 UTC
STARLINK-33683,75.22771617075922,2025-08-17 03:53:00 UTC
STARLINK-33732,67.14100566695726,2025-08-17 03:33:00 UTC
STARLINK-33800,39.773935507786696,2025-08-17 04:33:00 UTC
STARLINK-33632,72.47284716568892,2025-08-17 03:49:00 UTC
STARLINK-33719,55.499028939178494,2025-08-17 03:08:00 UTC
STARLINK-33755,58.17496874724053,2025-08-17 03:10:00 UTC
STARLINK-33752,69.37034845959668,2025-08-17 03:29:00 UTC
STARLINK-33714,39.26493670667794,2025-08-17 04:35:00 UTC
STARLINK-33814,44.86577911107456,2025-08-17 04:25:00 UTC
STARLINK-33817,53.611936627134156,2025-08-17 04:13:00 UTC
STARLINK-33820,64.99031800315366,2025-08-17 04:04:00 UTC
STARLINK-33813,59.5822528975402,2025-08-17 04:06:00 UTC
STARLINK-33834,57.59298853014362,2025-08-17 03:20:00 UTC
STARLINK-33830,59.6909576401181,2025-08-17 03:16:00 UTC
STARLINK-33651,57.30071058700812,2025-08-17 03:17:00 UTC
STARLINK-33788,77.8493100437793,2025-08-17 03:43:00 UTC
STARLINK-33805,69.03854614908026,2025-08-17 03:59:00 UTC
STARLINK-33702,43.81852243085554,2025-08-17 04:28:00 UTC
STARLINK-33666,66.43230962575886,2025-08-17 03:35:00 UTC
STARLINK-33723,37.09798079900265,2025-08-17 04:37:00 UTC
STARLINK-33791,83.19874044865229,2025-08-17 03:39:00 UTC
STARLINK-33831,40.970318083439835,2025-08-17 03:05:00 UTC
STARLINK-33879,58.293649301732216,2025-08-17 06:02:00 UTC
STARLINK-33854,85.10785376845709,2025-08-17 06:38:00 UTC
STARLINK-33864,61.04081159392048,2025-08-17 06:08:00 UTC
STARLINK-33832,72.59015740333729,2025-08-17 06:24:00 UTC
STARLINK-33856,73.04477268445356,2025-08-17 06:40:00 UTC
STARLINK-33876,54.42533443630266,2025-08-17 07:03:00 UTC
STARLINK-33859,57.31727985376745,2025-08-17 06:06:00 UTC
STARLINK-33826,76.63218065596254,2025-08-17 06:46:00 UTC
STARLINK-33836,48.74953008845566,2025-08-17 05:52:00 UTC
STARLINK-33558,78.47990111737748,2025-08-17 06:32:00 UTC
STARLINK-33852,48.84678067021669,2025-08-17 05:50:00 UTC
STARLINK-33835,47.53564151425793,2025-08-17 07:11:00 UTC
STARLINK-33661,66.62694125169395,2025-08-17 06:50:00 UTC
STARLINK-33729,55.49452598147334,2025-08-17 06:00:00 UTC
STARLINK-33717,86.88544800150702,2025-08-17 06:35:00 UTC
STARLINK-33684,73.5444786426993,2025-08-17 06:23:00 UTC
STARLINK-33704,65.1975353421667,2025-08-17 06:57:00 UTC
STARLINK-33705,62.75633798726481,2025-08-17 06:51:00 UTC
STARLINK-33663,74.70894479020731,2025-08-17 06:37:00 UTC
STARLINK-33866,50.62400911024258,2025-08-17 05:47:00 UTC
STARLINK-33849,45.56592666874562,2025-08-17 05:42:00 UTC
STARLINK-33873,49.67192622147664,2025-08-17 05:45:00 UTC
STARLINK-33772,58.557148528179404,2025-08-17 06:58:00 UTC
STARLINK-33789,70.51255397559868,2025-08-17 06:48:00 UTC
STARLINK-33822,48.30023634034224,2025-08-17 05:42:00 UTC
STARLINK-33771,83.68209905038717,2025-08-17 06:46:00 UTC
STARLINK-33810,87.84560897135854,2025-08-17 06:33:00 UTC
STARLINK-33823,49.23487305087425,2025-08-17 07:14:00 UTC
STARLINK-11651 [DTC],37.83622560725978,2025-08-17 05:04:00 UTC
STARLINK-11672 [DTC],41.297116684174256,2025-08-17 06:31:00 UTC
STARLINK-11664 [DTC],53.72533402113185,2025-08-17 06:24:00 UTC
STARLINK-11666 [DTC],52.213083634271975,2025-08-17 06:22:00 UTC
STARLINK-11663 [DTC],68.01293271443302,2025-08-17 06:09:00 UTC
STARLINK-11595 [DTC],67.46063650601573,2025-08-17 06:07:00 UTC
STARLINK-11599 [DTC],62.62912329579107,2025-08-17 06:00:00 UTC
STARLINK-11603 [DTC],61.225394177427106,2025-08-17 05:50:00 UTC
STARLINK-11644 [DTC],53.4842965599917,2025-08-17 05:42:00 UTC
STARLINK-11634 [DTC],55.90449975942374,2025-08-17 05:34:00 UTC
STARLINK-11656 [DTC],48.40521338137256,2025-08-17 05:26:00 UTC
STARLINK-11655 [DTC],47.11909285933808,2025-08-17 05:19:00 UTC
STARLINK-11661 [DTC],42.53389335416435,2025-08-17 05:11:00 UTC
STARLINK-33816,81.55693386693245,2025-08-17 08:24:00 UTC
STARLINK-33861,77.00514398407077,2025-08-17 03:33:00 UTC
STARLINK-33850,73.59216605958356,2025-08-17 08:01:00 UTC
STARLINK-33887,63.55640733267492,2025-08-17 03:55:00 UTC
STARLINK-33886,76.76778904872681,2025-08-17 03:50:00 UTC
STARLINK-33840,73.95305918622135,2025-08-17 08:23:00 UTC
STARLINK-33851,54.61247965767649,2025-08-17 04:16:00 UTC
STARLINK-33853,63.49848047893781,2025-08-17 04:07:00 UTC
STARLINK-33847,79.95242184701819,2025-08-17 08:09:00 UTC
STARLINK-33880,70.58523482039453,2025-08-17 08:28:00 UTC
STARLINK-33894,62.901689159578495,2025-08-17 08:19:00 UTC
STARLINK-33922,45.36802367369951,2025-08-17 08:05:00 UTC
STARLINK-33919,34.65342213605511,2025-08-17 07:51:00 UTC
STARLINK-33908,29.812007678308543,2025-08-17 09:14:00 UTC
STARLINK-33950,49.59841617825936,2025-08-17 08:12:00 UTC
STARLINK-33939,38.83273039774639,2025-08-17 07:57:00 UTC
STARLINK-33868,75.80568005814101,2025-08-17 08:33:00 UTC
STARLINK-33937,49.14507467109852,2025-08-17 08:53:00 UTC
STARLINK-33848,34.38172650701171,2025-08-17 09:06:00 UTC
STARLINK-33995,47.46594255846459,2025-08-17 08:08:00 UTC
STARLINK-33982,80.83809407909186,2025-08-17 08:26:00 UTC
STARLINK-33915,30.6042437305585,2025-08-17 07:44:00 UTC
STARLINK-33862,30.095342528412807,2025-08-17 07:44:00 UTC
STARLINK-33920,45.081922937497474,2025-08-17 08:05:00 UTC
STARLINK-33580,34.80674692508766,2025-08-17 07:51:00 UTC
STARLINK-33783,29.603933252486446,2025-08-17 09:15:00 UTC
STARLINK-33773,41.72547086854526,2025-08-17 08:59:00 UTC
STARLINK-33745,40.47163535448749,2025-08-17 08:59:00 UTC
STARLINK-33728,47.660085392864524,2025-08-17 08:55:00 UTC
STARLINK-33749,67.34409170438283,2025-08-17 08:41:00 UTC
STARLINK-33725,35.0424256146698,2025-08-17 09:08:00 UTC
STARLINK-33641,64.69521101035052,2025-08-17 08:41:00 UTC
STARLINK-33727,51.368594819463375,2025-08-17 08:12:00 UTC
STARLINK-33757,73.49193115271767,2025-08-17 08:33:00 UTC
STARLINK-33774,37.66259391011862,2025-08-17 07:57:00 UTC
STARLINK-33767,68.32353804187288,2025-08-17 08:19:00 UTC
STARLINK-33806,79.50445992776046,2025-08-17 08:26:00 UTC
STARLINK-11677 [DTC],57.2421037145695,2025-08-17 07:17:00 UTC
STARLINK-11702 [DTC],53.243440177207304,2025-08-17 06:33:00 UTC
STARLINK-11706 [DTC],43.88148973280242,2025-08-17 06:09:00 UTC
STARLINK-11662 [DTC],79.50513212028342,2025-08-17 06:49:00 UTC
STARLINK-11681 [DTC],68.961921896092,2025-08-17 07:05:00 UTC
STARLINK-11688 [DTC],66.16803502329273,2025-08-17 06:41:00 UTC
STARLINK-11676 [DTC],41.450038405182354,2025-08-17 07:29:00 UTC
STARLINK-11705 [DTC],73.11291264690009,2025-08-17 06:57:00 UTC
STARLINK-11703 [DTC],50.1819385498118,2025-08-17 06:25:00 UTC
STARLINK-11701 [DTC],40.87596952031194,2025-08-17 06:01:00 UTC
STARLINK-11660 [DTC],48.9148718485893,2025-08-17 06:17:00 UTC
STARLINK-11699 [DTC],53.77462036213377,2025-08-17 07:21:00 UTC
STARLINK-11693 [DTC],54.76804929628032,2025-08-17 06:26:00 UTC
STARLINK-33760,58.00681539049403,2025-08-17 08:38:00 UTC
STARLINK-33941,62.67510013371575,2025-08-17 08:45:00 UTC
STARLINK-33824,83.65615909107643,2025-08-17 09:09:00 UTC
STARLINK-33808,58.53620918135751,2025-08-17 05:08:00 UTC
STARLINK-33844,85.76185177670416,2025-08-17 04:40:00 UTC
STARLINK-33907,54.566977284744084,2025-08-17 08:34:00 UTC
STARLINK-33884,68.82553114701416,2025-08-17 04:41:00 UTC
STARLINK-33841,62.2686099749101,2025-08-17 04:53:00 UTC
STARLINK-33769,69.64046986735201,2025-08-17 04:39:00 UTC
STARLINK-33914,83.95966515343964,2025-08-17 04:20:00 UTC
STARLINK-33932,54.73637225556294,2025-08-17 09:01:00 UTC
STARLINK-33930,72.25744831269209,2025-08-17 04:57:00 UTC
STARLINK-33911,74.40732374660105,2025-08-17 08:58:00 UTC
STARLINK-33938,67.11912097067365,2025-08-17 09:25:00 UTC
STARLINK-33881,76.58997933137168,2025-08-17 05:04:00 UTC
STARLINK-33846,80.27450566735305,2025-08-17 09:49:00 UTC
STARLINK-33883,86.72407550341455,2025-08-17 09:42:00 UTC
STARLINK-33842,66.79226693348502,2025-08-17 09:19:00 UTC
STARLINK-33892,67.85451869991338,2025-08-17 09:19:00 UTC
STARLINK-33933,77.67693094050516,2025-08-17 09:22:00 UTC
STARLINK-33906,70.69184390104566,2025-08-17 09:30:00 UTC
STARLINK-33923,71.5226147621276,2025-08-17 09:28:00 UTC
STARLINK-33947,65.79938778102216,2025-08-17 05:05:00 UTC
STARLINK-33882,65.72595017722679,2025-08-17 09:16:00 UTC
STARLINK-33875,57.2085290864477,2025-08-17 05:41:00 UTC
STARLINK-33869,58.85520787354622,2025-08-17 05:30:00 UTC
STARLINK-33935,71.16913850794867,2025-08-17 09:56:00 UTC
STARLINK-33916,67.14070849374457,2025-08-17 04:52:00 UTC
STARLINK-33925,56.70204189352576,2025-08-17 05:37:00 UTC
STARLINK-33870,60.04792844225535,2025-08-17 05:27:00 UTC
STARLINK-33867,85.42959679480377,2025-08-17 09:38:00 UTC
STARLINK-33918,87.42396163695336,2025-08-17 09:41:00 UTC
STARLINK-33712,62.442579307377585,2025-08-17 09:31:00 UTC
STARLINK-33827,66.73908627771213,2025-08-17 09:22:00 UTC
STARLINK-33899,61.204905578734234,2025-08-17 09:10:00 UTC
STARLINK-33900,56.677909746677564,2025-08-17 09:03:00 UTC
STARLINK-33975,67.058339453318,2025-08-17 05:26:00 UTC
STARLINK-33951,58.147867712205255,2025-08-17 05:33:00 UTC
STARLINK-33909,62.427562439301475,2025-08-17 12:35:00 UTC
STARLINK-34029,52.60604970857007,2025-08-17 12:27:00 UTC
STARLINK-34102,53.3488833054325,2025-08-17 12:25:00 UTC
STARLINK-34109,82.60160404692814,2025-08-17 13:01:00 UTC
STARLINK-34091,36.51717321389208,2025-08-17 12:02:00 UTC
STARLINK-34095,59.044037995528726,2025-08-17 12:33:00 UTC
STARLINK-34127,22.857518219038212,2025-08-17 11:34:00 UTC
STARLINK-34110,40.870095263414996,2025-08-17 12:12:00 UTC
STARLINK-34101,67.38742511851088,2025-08-17 12:41:00 UTC
STARLINK-34065,81.47230047013687,2025-08-17 12:48:00 UTC
STARLINK-34057,75.51086656864909,2025-08-17 12:53:00 UTC
STARLINK-34060,83.04816967271714,2025-08-17 12:55:00 UTC
STARLINK-34048,47.349309398829575,2025-08-17 12:22:00 UTC
STARLINK-33959,67.3281366130439,2025-08-17 12:38:00 UTC
STARLINK-34058,79.29461695675965,2025-08-17 12:47:00 UTC
STARLINK-34055,47.321217877576636,2025-08-17 12:18:00 UTC
STARLINK-33794,39.95238065305868,2025-08-17 12:08:00 UTC
STARLINK-34047,36.60437525425104,2025-08-17 12:03:00 UTC
STARLINK-34094,56.041280501519694,2025-08-17 12:19:00 UTC
STARLINK-34043,62.98773371810622,2025-08-17 12:23:00 UTC
STARLINK-34025,75.39842310720915,2025-08-17 12:44:00 UTC
STARLINK-33874,31.821577213630682,2025-08-17 11:54:00 UTC
STARLINK-33781,49.5304369003661,2025-08-17 12:22:00 UTC
STARLINK-33891,58.9927504038169,2025-08-17 12:31:00 UTC
STARLINK-33903,28.414680696988246,2025-08-17 11:48:00 UTC
STARLINK-33889,68.49784551089532,2025-08-17 13:02:00 UTC
STARLINK-33984,24.257580431579136,2025-08-17 11:37:00 UTC
STARLINK-33940,30.182958305062535,2025-08-17 11:52:00 UTC
STARLINK-33978,21.174158775336817,2025-08-17 11:30:00 UTC
STARLINK-34018,71.35825840818026,2025-08-17 11:06:00 UTC
STARLINK-34053,70.33772017298817,2025-08-17 11:04:00 UTC
STARLINK-34042,62.8178270441797,2025-08-17 06:51:00 UTC
STARLINK-34040,56.76321481665585,2025-08-17 10:43:00 UTC
STARLINK-33990,57.3101079171227,2025-08-17 10:47:00 UTC
STARLINK-34056,65.96165663935189,2025-08-17 11:15:00 UTC
STARLINK-34026,70.40577411365723,2025-08-17 11:19:00 UTC
STARLINK-33777,70.48894975492122,2025-08-17 07:03:00 UTC
STARLINK-34041,65.8947060705842,2025-08-17 11:27:00 UTC
STARLINK-34011,81.10958840273241,2025-08-17 06:40:00 UTC
STARLINK-34044,61.080276360062555,2025-08-17 07:06:00 UTC
STARLINK-34037,56.23308075478354,2025-08-17 07:21:00 UTC
STARLINK-34010,60.77783762205454,2025-08-17 10:49:00 UTC
STARLINK-34009,70.87961531727416,2025-08-17 11:21:00 UTC
STARLINK-33958,72.74301752033894,2025-08-17 11:29:00 UTC
STARLINK-33776,64.64167646460551,2025-08-17 07:10:00 UTC
STARLINK-34032,61.5871528482379,2025-08-17 07:15:00 UTC
STARLINK-34015,74.08684038779458,2025-08-17 11:32:00 UTC
STARLINK-33969,58.40331903392643,2025-08-17 10:46:00 UTC
STARLINK-34002,68.18602737347481,2025-08-17 10:59:00 UTC
STARLINK-33999,58.24496827314022,2025-08-17 07:19:00 UTC
STARLINK-33976,62.65268979544468,2025-08-17 10:52:00 UTC
STARLINK-33821,81.08277218360011,2025-08-17 11:13:00 UTC
STARLINK-33888,66.98952352817784,2025-08-17 11:01:00 UTC
STARLINK-33896,73.63126234796246,2025-08-17 11:09:00 UTC
STARLINK-33878,72.70094664427539,2025-08-17 11:14:00 UTC
STARLINK-33954,89.03244853759921,2025-08-17 11:22:00 UTC
STARLINK-33863,38.39474778483104,2025-08-17 05:56:00 UTC
STARLINK-33897,31.178284789724454,2025-08-17 06:50:00 UTC
STARLINK-34022,71.89751340975565,2025-08-17 06:26:00 UTC
STARLINK-33979,22.823756134409848,2025-08-17 05:37:00 UTC
STARLINK-34007,23.203272193159027,2025-08-17 07:01:00 UTC
STARLINK-34006,47.77049079981417,2025-08-17 06:37:00 UTC
STARLINK-33986,74.77549765631636,2025-08-17 06:14:00 UTC
STARLINK-34013,31.487310411938076,2025-08-17 05:49:00 UTC
STARLINK-34059,26.684147357390707,2025-08-17 05:43:00 UTC
STARLINK-33987,21.204796794214463,2025-08-17 05:34:00 UTC
STARLINK-34052,26.875995248117725,2025-08-17 06:55:00 UTC
STARLINK-34023,38.272676725128775,2025-08-17 06:43:00 UTC
STARLINK-34061,57.7605386366266,2025-08-17 06:32:00 UTC
STARLINK-33778,73.66698388808905,2025-08-17 06:19:00 UTC
STARLINK-33901,57.12311138263386,2025-08-17 06:08:00 UTC
STARLINK-33812,37.670255205490065,2025-08-17 05:55:00 UTC
STARLINK-33779,34.338755263585455,2025-08-17 05:52:00 UTC
STARLINK-33905,24.71057553178827,2025-08-17 05:40:00 UTC
STARLINK-34003,21.882349953480844,2025-08-17 07:03:00 UTC
STARLINK-33968,65.98298271177518,2025-08-17 06:28:00 UTC
STARLINK-33943,28.585499490244906,2025-08-17 06:54:00 UTC
STARLINK-33858,36.401630509010246,2025-08-17 06:46:00 UTC
STARLINK-33885,40.6919605261629,2025-08-17 06:41:00 UTC
STARLINK-33904,53.328386685850504,2025-08-17 06:34:00 UTC
STARLINK-33981,64.17380798619213,2025-08-17 06:23:00 UTC
STARLINK-33738,67.62684996675272,2025-08-17 06:11:00 UTC
STARLINK-34116,17.742772811358112,2025-08-17 11:35:00 UTC
STARLINK-34123,24.93950457220507,2025-08-17 11:55:00 UTC
STARLINK-34128,59.93780465630417,2025-08-17 12:49:00 UTC
STARLINK-33972,70.71439957060348,2025-08-17 13:01:00 UTC
STARLINK-33973,31.164945555923666,2025-08-17 12:07:00 UTC
STARLINK-34119,20.204939227459345,2025-08-17 11:44:00 UTC
STARLINK-34143,55.06559466197463,2025-08-17 12:44:00 UTC
STARLINK-33957,23.4603260482738,2025-08-17 11:51:00 UTC
STARLINK-34120,28.69830415589594,2025-08-17 12:00:00 UTC
STARLINK-34134,16.26329238794908,2025-08-17 11:29:00 UTC
STARLINK-34118,18.35076843659813,2025-08-17 11:38:00 UTC
STARLINK-34125,66.23790269830873,2025-08-17 12:54:00 UTC
STARLINK-33955,33.82744607180664,2025-08-17 12:10:00 UTC
STARLINK-34097,54.71808725479198,2025-08-17 12:39:00 UTC
STARLINK-34092,21.0765293432659,2025-08-17 11:45:00 UTC
STARLINK-34114,25.797818623682424,2025-08-17 11:57:00 UTC
STARLINK-33770,40.479983958193834,2025-08-17 12:24:00 UTC
STARLINK-34106,37.29143284515565,2025-08-17 12:19:00 UTC
STARLINK-34083,23.38882590719782,2025-08-17 11:51:00 UTC
STARLINK-34066,16.80300502268861,2025-08-17 11:31:00 UTC
STARLINK-34071,19.546859138801608,2025-08-17 11:40:00 UTC
STARLINK-34038,65.96736756445763,2025-08-17 12:57:00 UTC
STARLINK-34031,69.77178320030632,2025-08-17 13:03:00 UTC
STARLINK-34070,65.21116970820016,2025-08-17 12:51:00 UTC
STARLINK-34068,52.15629950948727,2025-08-17 12:36:00 UTC
STARLINK-34076,56.16058623821356,2025-08-17 12:44:00 UTC
STARLINK-33910,33.17821400469352,2025-08-17 12:11:00 UTC
STARLINK-34075,45.853950794576726,2025-08-17 12:29:00 UTC
STARLINK-34012,28.120790707747712,2025-08-17 07:46:00 UTC
STARLINK-33956,63.56548109731185,2025-08-17 08:17:00 UTC
STARLINK-33997,42.64122778294572,2025-08-17 08:05:00 UTC
STARLINK-33989,32.564450114026016,2025-08-17 09:07:00 UTC
STARLINK-33980,37.313711597427705,2025-08-17 07:59:00 UTC
STARLINK-33994,38.61503493181162,2025-08-17 09:00:00 UTC
STARLINK-33971,35.28789004246745,2025-08-17 07:56:00 UTC
STARLINK-33877,67.33583821719448,2025-08-17 08:24:00 UTC
STARLINK-33895,74.2456789313941,2025-08-17 08:36:00 UTC
STARLINK-34005,38.309469666638584,2025-08-17 07:59:00 UTC
STARLINK-34027,54.25557184060475,2025-08-17 08:11:00 UTC
STARLINK-34035,46.371161829433085,2025-08-17 08:54:00 UTC
STARLINK-33988,28.315275086736,2025-08-17 09:12:00 UTC
STARLINK-34020,78.73329843246805,2025-08-17 08:30:00 UTC
STARLINK-34021,45.69866934053456,2025-08-17 08:06:00 UTC
STARLINK-34004,65.45040346985746,2025-08-17 08:42:00 UTC
STARLINK-34014,54.83989347080806,2025-08-17 08:48:00 UTC
STARLINK-33985,71.76876432569082,2025-08-17 08:23:00 UTC
STARLINK-33996,28.12201737863525,2025-08-17 09:13:00 UTC
STARLINK-34036,28.854754916386675,2025-08-17 07:47:00 UTC
STARLINK-34039,24.50208412020442,2025-08-17 07:40:00 UTC
STARLINK-34034,24.785274776136333,2025-08-17 07:40:00 UTC
STARLINK-33983,54.57572715913384,2025-08-17 08:48:00 UTC
STARLINK-33993,62.22904417966025,2025-08-17 08:17:00 UTC
STARLINK-33962,70.62831237109366,2025-08-17 08:30:00 UTC
STARLINK-33998,71.30953382705466,2025-08-17 08:35:00 UTC
STARLINK-34159,28.05715841546205,2025-08-17 12:02:00 UTC
STARLINK-34137,18.22218141422657,2025-08-17 11:36:00 UTC
STARLINK-33974,34.139699861487834,2025-08-17 12:15:00 UTC
STARLINK-34170,30.398092331658457,2025-08-17 12:09:00 UTC
STARLINK-34187,23.511927366562784,2025-08-17 11:53:00 UTC
STARLINK-34142,24.175670467882284,2025-08-17 11:53:00 UTC
STARLINK-34144,21.99629430306854,2025-08-17 11:48:00 UTC
STARLINK-34099,28.870525736552676,2025-08-17 12:05:00 UTC
STARLINK-34107,20.050817198370538,2025-08-17 11:41:00 UTC
STARLINK-34121,16.87432072631327,2025-08-17 11:32:00 UTC
STARLINK-34103,81.10072792600899,2025-08-17 13:04:00 UTC
STARLINK-33801,68.13799263855084,2025-08-17 12:54:00 UTC
STARLINK-34135,66.92293935874599,2025-08-17 12:59:00 UTC
STARLINK-34147,58.6864325664329,2025-08-17 12:47:00 UTC
STARLINK-33960,52.50600012491601,2025-08-17 12:40:00 UTC
STARLINK-34153,48.781232026269045,2025-08-17 12:32:00 UTC
STARLINK-33963,52.15211320466767,2025-08-17 12:37:00 UTC
STARLINK-34112,44.14416348836469,2025-08-17 12:26:00 UTC
STARLINK-34084,39.47913356838128,2025-08-17 12:19:00 UTC
STARLINK-34138,45.066866411542264,2025-08-17 13:04:00 UTC
STARLINK-34115,71.9485211753147,2025-08-17 12:50:00 UTC
STARLINK-34028,32.0786172076614,2025-08-17 11:56:00 UTC
STARLINK-33942,29.582157681255893,2025-08-17 11:51:00 UTC
STARLINK-34139,26.88189123026251,2025-08-17 11:45:00 UTC
STARLINK-34090,24.47679288756801,2025-08-17 11:39:00 UTC
STARLINK-34105,22.73936291047175,2025-08-17 11:35:00 UTC
STARLINK-33642,73.56195086357904,2025-08-17 13:02:00 UTC
STARLINK-34045,89.07305410341151,2025-08-17 12:57:00 UTC
STARLINK-33871,78.79752401883076,2025-08-17 06:17:00 UTC
STARLINK-34154,58.91474966549077,2025-08-17 05:34:00 UTC
STARLINK-34158,52.1117367726086,2025-08-17 05:22:00 UTC
STARLINK-34165,49.08227856756617,2025-08-17 06:43:00 UTC
STARLINK-34150,74.29538514725338,2025-08-17 06:05:00 UTC
STARLINK-34169,52.13024577189471,2025-08-17 05:20:00 UTC
STARLINK-34152,59.62116910226217,2025-08-17 05:33:00 UTC
STARLINK-33927,65.71456985527293,2025-08-17 06:29:00 UTC
STARLINK-33898,75.77111403327311,2025-08-17 06:19:00 UTC
STARLINK-33928,56.08613399727923,2025-08-17 06:36:00 UTC
STARLINK-33758,70.60488267819531,2025-08-17 05:51:00 UTC
STARLINK-33936,52.156581763468495,2025-08-17 05:26:00 UTC
STARLINK-33931,51.75015471458234,2025-08-17 06:39:00 UTC
STARLINK-33759,49.17514141661092,2025-08-17 05:14:00 UTC
STARLINK-34163,70.65060430096645,2025-08-17 05:59:00 UTC
STARLINK-34077,47.959688152018714,2025-08-17 05:13:00 UTC
STARLINK-34113,66.94529477560542,2025-08-17 06:09:00 UTC
STARLINK-34193,80.40686937554402,2025-08-17 06:09:00 UTC
STARLINK-34078,44.912690139156446,2025-08-17 05:09:00 UTC
STARLINK-34182,67.44438041713053,2025-08-17 06:14:00 UTC
STARLINK-34192,68.22040859818897,2025-08-17 06:23:00 UTC
STARLINK-34093,48.10999054342003,2025-08-17 05:19:00 UTC
STARLINK-34016,46.13042518890383,2025-08-17 05:10:00 UTC
STARLINK-34161,53.125947522705225,2025-08-17 05:25:00 UTC
STARLINK-34162,59.16812558354676,2025-08-17 05:44:00 UTC
STARLINK-34155,72.88294091852785,2025-08-17 05:55:00 UTC
STARLINK-34141,70.59272498444948,2025-08-17 05:48:00 UTC
STARLINK-34062,49.11488076566076,2025-08-17 05:17:00 UTC
STARLINK-34051,58.594168132495135,2025-08-17 11:43:00 UTC
STARLINK-34184,69.83579140011621,2025-08-17 12:07:00 UTC
STARLINK-34087,30.560861372148945,2025-08-17 11:18:00 UTC
STARLINK-34088,48.41588712516497,2025-08-17 12:19:00 UTC
STARLINK-33992,36.814381920495116,2025-08-17 12:31:00 UTC
STARLINK-33967,56.80843467930086,2025-08-17 11:43:00 UTC
STARLINK-33953,30.449942130065804,2025-08-17 12:37:00 UTC
STARLINK-33790,83.06246260750763,2025-08-17 12:01:00 UTC
STARLINK-34030,49.62449691172208,2025-08-17 12:20:00 UTC
STARLINK-34024,77.40781805340136,2025-08-17 11:55:00 UTC
STARLINK-34019,26.29731489130255,2025-08-17 11:12:00 UTC
STARLINK-33860,41.96837703462492,2025-08-17 11:30:00 UTC
STARLINK-33946,47.78539013634404,2025-08-17 11:37:00 UTC
STARLINK-34046,41.25749010132628,2025-08-17 12:26:00 UTC
STARLINK-34085,69.32186703530242,2025-08-17 12:07:00 UTC
STARLINK-34008,63.683156569641916,2025-08-17 11:49:00 UTC
STARLINK-34079,26.994919492911162,2025-08-17 12:44:00 UTC
STARLINK-34089,36.142226405393075,2025-08-17 12:31:00 UTC
STARLINK-34117,59.61970902059719,2025-08-17 12:13:00 UTC
STARLINK-34111,83.62112256088716,2025-08-17 11:55:00 UTC
STARLINK-34049,42.33085137233699,2025-08-17 12:25:00 UTC
STARLINK-34096,81.13559280136599,2025-08-17 12:01:00 UTC
STARLINK-34081,59.037701866987156,2025-08-17 12:13:00 UTC
STARLINK-34033,49.66807528121247,2025-08-17 11:36:00 UTC
STARLINK-33952,35.723382557796356,2025-08-17 11:24:00 UTC
STARLINK-33961,63.460506851257826,2025-08-17 11:49:00 UTC
STARLINK-11741 [DTC],71.47079064480761,2025-08-17 13:04:00 UTC
STARLINK-11709 [DTC],38.63774891986695,2025-08-17 12:31:00 UTC
STARLINK-11737 [DTC],25.01667287995011,2025-08-17 12:08:00 UTC
STARLINK-11726 [DTC],18.444172192910717,2025-08-17 11:52:00 UTC
STARLINK-11700 [DTC],51.70250152693401,2025-08-17 12:49:00 UTC
STARLINK-11649 [DTC],12.650012731183516,2025-08-17 11:36:00 UTC
STARLINK-11713 [DTC],33.56153935499894,2025-08-17 12:24:00 UTC
STARLINK-11719 [DTC],55.9536781126345,2025-08-17 12:48:00 UTC
STARLINK-11733 [DTC],21.531130128415292,2025-08-17 12:00:00 UTC
STARLINK-11729 [DTC],52.69992110174228,2025-08-17 12:55:00 UTC
STARLINK-11730 [DTC],43.205177860004504,2025-08-17 12:40:00 UTC
STARLINK-11723 [DTC],28.984614287646757,2025-08-17 12:16:00 UTC
STARLINK-11715 [DTC],15.866300647000934,2025-08-17 11:44:00 UTC
STARLINK-34201,12.400492052899077,2025-08-17 12:55:00 UTC
STARLINK-34190,4.68896288108869,2025-08-17 12:16:00 UTC
STARLINK-34168,0.33732159828794883,2025-08-17 11:48:00 UTC
STARLINK-34098,2.1195780613337947,2025-08-17 12:00:00 UTC
STARLINK-34180,7.731877859245539,2025-08-17 12:33:00 UTC
STARLINK-34126,11.083460266483465,2025-08-17 12:49:00 UTC
STARLINK-34157,1.840283253627038,2025-08-17 11:58:00 UTC
STARLINK-34140,6.8122339086550845,2025-08-17 12:28:00 UTC
STARLINK-34132,9.504264385227316,2025-08-17 12:42:00 UTC
STARLINK-34178,17.039551942711068,2025-08-17 11:30:00 UTC
STARLINK-34174,51.9168914647133,2025-08-17 13:01:00 UTC
STARLINK-34146,57.277015215272534,2025-08-17 12:53:00 UTC
STARLINK-34074,64.23362407074934,2025-08-17 12:47:00 UTC
STARLINK-34082,16.010293864587926,2025-08-17 11:30:00 UTC
STARLINK-34072,51.7503521023948,2025-08-17 13:01:00 UTC
STARLINK-34104,56.67077688224742,2025-08-17 12:55:00 UTC
STARLINK-34179,67.43681402700396,2025-08-17 12:47:00 UTC
STARLINK-34176,84.19268490724822,2025-08-17 12:41:00 UTC
STARLINK-33949,83.03860835760918,2025-08-17 12:40:00 UTC
STARLINK-33970,79.43171550525908,2025-08-17 12:33:00 UTC
STARLINK-33912,70.66085511576186,2025-08-17 12:28:00 UTC
STARLINK-34156,50.44235495188737,2025-08-17 12:19:00 UTC
STARLINK-34124,45.37662587424049,2025-08-17 12:12:00 UTC
STARLINK-34145,74.21651562587073,2025-08-17 12:33:00 UTC
STARLINK-34148,46.16461705352533,2025-08-17 12:12:00 UTC
STARLINK-34136,57.37261733038991,2025-08-17 12:20:00 UTC
STARLINK-33839,38.47997864464555,2025-08-17 12:05:00 UTC
STARLINK-34064,61.12213869146332,2025-08-17 12:27:00 UTC
STARLINK-34067,32.78353740790452,2025-08-17 11:58:00 UTC
STARLINK-34080,32.807000983583876,2025-08-17 11:58:00 UTC
STARLINK-34122,28.46665135944905,2025-08-17 11:52:00 UTC
STARLINK-33964,38.44632619713443,2025-08-17 12:05:00 UTC
STARLINK-34160,27.750762106935177,2025-08-17 11:51:00 UTC
STARLINK-34151,20.66297520224476,2025-08-17 11:38:00 UTC
STARLINK-34189,20.146248041648306,2025-08-17 11:37:00 UTC
STARLINK-33991,23.15095168249136,2025-08-17 11:44:00 UTC
STARLINK-11727 [DTC],65.0435474114019,2025-08-17 09:43:00 UTC
STARLINK-11724 [DTC],47.042274680537446,2025-08-17 05:42:00 UTC
STARLINK-11725 [DTC],59.72646935876533,2025-08-17 09:18:00 UTC
STARLINK-11717 [DTC],64.12574971384215,2025-08-17 09:26:00 UTC
STARLINK-11721 [DTC],66.15370203313236,2025-08-17 05:18:00 UTC
STARLINK-11722 [DTC],46.972646700686674,2025-08-17 09:03:00 UTC
STARLINK-11679 [DTC],54.69623158440777,2025-08-17 05:25:00 UTC
STARLINK-11735 [DTC],50.87432121687731,2025-08-17 09:11:00 UTC
STARLINK-11720 [DTC],50.354071446456196,2025-08-17 05:34:00 UTC
STARLINK-11718 [DTC],60.63690846759339,2025-08-17 04:55:00 UTC
STARLINK-11716 [DTC],69.81919877600306,2025-08-17 09:34:00 UTC
STARLINK-11714 [DTC],65.97034556386335,2025-08-17 05:10:00 UTC
STARLINK-11712 [DTC],77.12387304723329,2025-08-17 05:02:00 UTC
STARLINK-34254,79.59366254791563,2025-08-17 06:46:00 UTC
STARLINK-34230,57.42714215178396,2025-08-17 10:54:00 UTC
STARLINK-34129,71.86993586173186,2025-08-17 11:05:00 UTC
STARLINK-34212,68.2758690461631,2025-08-17 07:01:00 UTC
STARLINK-34149,56.69292609797214,2025-08-17 07:17:00 UTC
STARLINK-34054,56.82672178032125,2025-08-17 07:14:00 UTC
STARLINK-34195,64.49878487516169,2025-08-17 06:56:00 UTC
STARLINK-34133,70.8898471578615,2025-08-17 06:51:00 UTC
STARLINK-34181,54.86228516263435,2025-08-17 10:40:00 UTC
STARLINK-34186,65.66782395913356,2025-08-17 10:56:00 UTC
STARLINK-34314,38.80277827596555,2025-08-17 10:46:00 UTC
STARLINK-33926,26.95574170045257,2025-08-17 11:52:00 UTC
STARLINK-34213,50.635420400067964,2025-08-17 10:55:00 UTC
STARLINK-33924,68.25079598071734,2025-08-17 11:08:00 UTC
STARLINK-34209,42.14747592712799,2025-08-17 11:37:00 UTC
STARLINK-34338,66.09756868439314,2025-08-17 11:22:00 UTC
STARLINK-34348,28.936275171648305,2025-08-17 10:35:00 UTC
STARLINK-34345,22.849810608541418,2025-08-17 10:27:00 UTC
STARLINK-33945,48.699811646071055,2025-08-17 11:34:00 UTC
STARLINK-34346,39.59492089142014,2025-08-17 11:39:00 UTC
STARLINK-34277,44.39280465941773,2025-08-17 10:51:00 UTC
STARLINK-34343,23.25241300343174,2025-08-17 10:27:00 UTC
STARLINK-34166,74.54541113377718,2025-08-17 11:15:00 UTC
STARLINK-34344,58.771871908932916,2025-08-17 11:02:00 UTC
STARLINK-34339,30.157507930214827,2025-08-17 10:38:00 UTC
STARLINK-34341,29.931945997059806,2025-08-17 11:50:00 UTC
STARLINK-34317,64.82582998394244,2025-08-17 11:24:00 UTC
STARLINK-34340,51.36706364099265,2025-08-17 10:57:00 UTC
STARLINK-34263,37.80822742793286,2025-08-17 10:45:00 UTC
STARLINK-33793,26.182674448171387,2025-08-17 10:32:00 UTC
STARLINK-34313,25.714964778579485,2025-08-17 11:55:00 UTC
STARLINK-34309,36.108541127861045,2025-08-17 11:43:00 UTC
STARLINK-34303,50.293822158476644,2025-08-17 11:32:00 UTC
STARLINK-34175,73.77376013114265,2025-08-17 11:08:00 UTC
STARLINK-33966,18.54212343730755,2025-08-17 12:06:00 UTC
STARLINK-34331,61.57470460350042,2025-08-17 12:56:00 UTC
STARLINK-34251,37.69773378717987,2025-08-17 12:34:00 UTC
STARLINK-34311,7.711447761803679,2025-08-17 11:32:00 UTC
STARLINK-34324,15.765390998060296,2025-08-17 11:59:00 UTC
STARLINK-34327,21.419986034926904,2025-08-17 12:13:00 UTC
STARLINK-33944,25.447943584472956,2025-08-17 12:20:00 UTC
STARLINK-34310,13.636497864080065,2025-08-17 11:54:00 UTC
STARLINK-34258,9.667224032313241,2025-08-17 11:39:00 UTC
STARLINK-34284,73.33311793570759,2025-08-17 13:01:00 UTC
STARLINK-34332,44.20597901430905,2025-08-17 12:41:00 UTC
STARLINK-34283,11.188009892049873,2025-08-17 11:45:00 UTC
STARLINK-34349,31.811360716020594,2025-08-17 12:27:00 UTC
STARLINK-34296,54.673756395166514,2025-08-17 12:49:00 UTC
STARLINK-34320,18.982799743250094,2025-08-17 12:07:00 UTC
STARLINK-34300,22.226178538046977,2025-08-17 12:14:00 UTC
STARLINK-34323,13.810704586989601,2025-08-17 11:54:00 UTC
STARLINK-34328,7.84784796920638,2025-08-17 11:32:00 UTC
STARLINK-34326,15.788438731976576,2025-08-17 11:59:00 UTC
STARLINK-34318,58.46793350902141,2025-08-17 12:56:00 UTC
STARLINK-34337,9.592992145114431,2025-08-17 11:39:00 UTC
STARLINK-34304,77.77776641267899,2025-08-17 13:03:00 UTC
STARLINK-34289,49.35641217202598,2025-08-17 12:49:00 UTC
STARLINK-34347,31.914841103048776,2025-08-17 12:28:00 UTC
STARLINK-34330,27.58987965051441,2025-08-17 12:21:00 UTC
STARLINK-34167,46.542804166733646,2025-08-17 12:42:00 UTC
STARLINK-34241,49.86900238243532,2025-08-17 12:57:00 UTC
STARLINK-11691 [DTC],0.6252683542697808,2025-08-17 04:04:00 UTC
STARLINK-11670 [DTC],1.293196917137308,2025-08-17 04:00:00 UTC
STARLINK-11708 [DTC],3.870831297754103,2025-08-17 03:05:00 UTC
STARLINK-11683 [DTC],3.746946980279293,2025-08-17 03:42:00 UTC
STARLINK-11684 [DTC],5.124435076037118,2025-08-17 03:35:00 UTC
STARLINK-11690 [DTC],6.322379633647589,2025-08-17 03:28:00 UTC
STARLINK-11694 [DTC],1.7639077881554242,2025-08-17 03:05:00 UTC
STARLINK-34203,45.134839782011596,2025-08-17 03:30:00 UTC
STARLINK-33865,14.389240725429207,2025-08-17 04:35:00 UTC
STARLINK-34234,41.190667232390325,2025-08-17 03:35:00 UTC
STARLINK-34256,64.08667382636114,2025-08-17 03:06:00 UTC
STARLINK-34229,26.749421735248422,2025-08-17 04:02:00 UTC
STARLINK-34224,13.21705490130687,2025-08-17 04:40:00 UTC
STARLINK-34215,42.55352876256068,2025-08-17 03:33:00 UTC
STARLINK-33893,30.697657480806974,2025-08-17 03:52:00 UTC
STARLINK-34183,24.083810699796594,2025-08-17 04:08:00 UTC
STARLINK-34211,21.566206994185016,2025-08-17 04:13:00 UTC
STARLINK-34329,3.837003458001772,2025-08-17 03:47:00 UTC
STARLINK-34352,0.9118187024335208,2025-08-17 03:05:00 UTC
STARLINK-34308,10.271048684136991,2025-08-17 03:19:00 UTC
STARLINK-34297,6.562063152105279,2025-08-17 03:34:00 UTC
STARLINK-34325,0.5740406314388933,2025-08-17 04:02:00 UTC
STARLINK-34276,12.01677845194129,2025-08-17 03:13:00 UTC
STARLINK-34333,8.245085487984342,2025-08-17 03:27:00 UTC
STARLINK-34240,13.941062569944402,2025-08-17 03:07:00 UTC
STARLINK-34319,1.9655291046763406,2025-08-17 03:54:00 UTC
STARLINK-34298,5.09963937587336,2025-08-17 03:40:00 UTC
STARLINK-34219,0.5510708063093148,2025-08-17 04:02:00 UTC
STARLINK-34342,8.42952434881549,2025-08-17 03:26:00 UTC
STARLINK-34001,6.388110319575348,2025-08-17 03:35:00 UTC
STARLINK-34334,13.720463758082815,2025-08-17 03:07:00 UTC
STARLINK-34272,9.708083723447542,2025-08-17 03:21:00 UTC
STARLINK-34293,1.8868504208812613,2025-08-17 03:05:00 UTC
STARLINK-34353,11.872446722037777,2025-08-17 03:13:00 UTC
STARLINK-34377,3.0489945837133474,2025-08-17 03:48:00 UTC
STARLINK-34359,1.6220477480690436,2025-08-17 03:56:00 UTC
STARLINK-34448,55.37071557925042,2025-08-17 03:55:00 UTC
STARLINK-34362,64.30419794658313,2025-08-17 03:31:00 UTC
STARLINK-34428,29.64447043385621,2025-08-17 03:07:00 UTC
STARLINK-34388,25.08754474700804,2025-08-17 04:18:00 UTC
STARLINK-34424,20.351635257995095,2025-08-17 04:24:00 UTC
STARLINK-34443,42.872783833052935,2025-08-17 03:19:00 UTC
STARLINK-34369,34.9206331437412,2025-08-17 04:06:00 UTC
STARLINK-34391,17.69040707654646,2025-08-17 04:30:00 UTC
STARLINK-34378,64.43762975966001,2025-08-17 03:49:00 UTC
STARLINK-34376,69.56394004420886,2025-08-17 03:36:00 UTC
STARLINK-34372,52.208650980171704,2025-08-17 03:25:00 UTC
STARLINK-34379,33.65703504549708,2025-08-17 03:12:00 UTC
STARLINK-34356,14.662929742302385,2025-08-17 04:37:00 UTC
STARLINK-34360,29.24954721286882,2025-08-17 04:12:00 UTC
STARLINK-34383,41.57137527066002,2025-08-17 04:00:00 UTC
STARLINK-34355,21.164944535628234,2025-08-17 04:23:00 UTC
STARLINK-34380,23.02691511174447,2025-08-17 04:21:00 UTC
STARLINK-34374,31.058748205754583,2025-08-17 04:09:00 UTC
STARLINK-34370,45.706088569023876,2025-08-17 03:58:00 UTC
STARLINK-34357,71.68176160000282,2025-08-17 03:40:00 UTC
STARLINK-34368,42.09446194109142,2025-08-17 03:19:00 UTC
STARLINK-34384,57.40026720459912,2025-08-17 03:29:00 UTC
STARLINK-34358,44.6816605371633,2025-08-17 03:21:00 UTC
STARLINK-34354,37.239341495314534,2025-08-17 03:17:00 UTC
STARLINK-34387,31.461544149579606,2025-08-17 03:10:00 UTC
STARLINK-33590,25.75725831944045,2025-08-17 03:05:00 UTC
STARLINK-11736 [DTC],72.16391860224277,2025-08-17 08:38:00 UTC
STARLINK-11673 [DTC],59.714490450807006,2025-08-17 12:55:00 UTC
STARLINK-11671 [DTC],46.33042517383423,2025-08-17 12:39:00 UTC
STARLINK-11594 [DTC],78.54747248557507,2025-08-17 08:46:00 UTC
STARLINK-11596 [DTC],73.28784601551253,2025-08-17 08:30:00 UTC
STARLINK-11747 [DTC],73.75145800307172,2025-08-17 13:03:00 UTC
STARLINK-11728 [DTC],59.4149258706116,2025-08-17 09:02:00 UTC
STARLINK-11696 [DTC],47.4487165757524,2025-08-17 09:18:00 UTC
STARLINK-11698 [DTC],51.15339569635942,2025-08-17 12:40:00 UTC
STARLINK-11678 [DTC],63.22737441868533,2025-08-17 08:22:00 UTC
STARLINK-11674 [DTC],53.068011270363044,2025-08-17 09:10:00 UTC
STARLINK-11707 [DTC],52.07029699840708,2025-08-17 12:47:00 UTC
STARLINK-11734 [DTC],67.15153597548105,2025-08-17 08:54:00 UTC
STARLINK-34252,62.617596052062396,2025-08-17 09:59:00 UTC
STARLINK-34050,71.22658376411731,2025-08-17 09:31:00 UTC
STARLINK-33782,53.5078705096457,2025-08-17 09:04:00 UTC
STARLINK-34207,56.08635419702536,2025-08-17 10:14:00 UTC
STARLINK-34260,83.10735496652329,2025-08-17 09:44:00 UTC
STARLINK-33855,50.90182539083858,2025-08-17 09:01:00 UTC
STARLINK-34223,56.08558476625046,2025-08-17 09:07:00 UTC
STARLINK-34216,59.4037263431175,2025-08-17 10:09:00 UTC
STARLINK-34218,77.52780423597227,2025-08-17 09:43:00 UTC
STARLINK-34017,63.738038252315675,2025-08-17 09:15:00 UTC
STARLINK-33977,75.35633419942816,2025-08-17 06:46:00 UTC
STARLINK-34426,68.06741620282418,2025-08-17 06:35:00 UTC
STARLINK-34437,32.937169097421446,2025-08-17 07:19:00 UTC
STARLINK-34407,28.65554920506242,2025-08-17 07:25:00 UTC
STARLINK-34274,33.097003370823984,2025-08-17 06:05:00 UTC
STARLINK-34301,68.36120035752073,2025-08-17 06:46:00 UTC
STARLINK-34425,42.131472391655805,2025-08-17 07:09:00 UTC
STARLINK-34389,60.71081041747946,2025-08-17 06:54:00 UTC
STARLINK-34385,26.050099152572056,2025-08-17 05:57:00 UTC
STARLINK-34431,82.8130985190175,2025-08-17 06:37:00 UTC
STARLINK-34473,59.30971350922454,2025-08-17 06:55:00 UTC
STARLINK-34270,53.24796056194022,2025-08-17 07:00:00 UTC
STARLINK-34397,24.964327711651915,2025-08-17 05:54:00 UTC
STARLINK-34454,31.3115098867887,2025-08-17 06:03:00 UTC
STARLINK-34436,56.3602781912051,2025-08-17 06:24:00 UTC
STARLINK-34291,64.36227802516251,2025-08-17 06:48:00 UTC
STARLINK-34458,46.89830964940705,2025-08-17 07:02:00 UTC
STARLINK-34243,43.018183431491074,2025-08-17 07:06:00 UTC
STARLINK-34335,61.309117061121,2025-08-17 06:29:00 UTC
STARLINK-34408,46.18590251677258,2025-08-17 06:16:00 UTC
STARLINK-34476,73.60768191406767,2025-08-17 06:45:00 UTC
STARLINK-34479,38.48111066949743,2025-08-17 06:11:00 UTC
STARLINK-34484,54.92955212805911,2025-08-17 06:24:00 UTC
STARLINK-34483,63.83198816150986,2025-08-17 06:29:00 UTC
STARLINK-34457,28.37674504901408,2025-08-17 07:25:00 UTC
STARLINK-34444,26.06507728532835,2025-08-17 07:29:00 UTC
STARLINK-11732 [DTC],37.69104435198247,2025-08-17 11:41:00 UTC
STARLINK-11731 [DTC],34.88988446936325,2025-08-17 11:34:00 UTC
STARLINK-11746 [DTC],38.554802387224285,2025-08-17 13:03:00 UTC
STARLINK-11748 [DTC],70.10868465147632,2025-08-17 12:18:00 UTC
STARLINK-11739 [DTC],40.66309042783224,2025-08-17 12:55:00 UTC
STARLINK-11738 [DTC],81.60163304041045,2025-08-17 12:13:00 UTC
STARLINK-11745 [DTC],55.69992963944129,2025-08-17 12:34:00 UTC
STARLINK-11742 [DTC],72.43615811204977,2025-08-17 12:19:00 UTC
STARLINK-11711 [DTC],73.5424683916348,2025-08-17 12:18:00 UTC
STARLINK-11743 [DTC],58.849630627898605,2025-08-17 12:06:00 UTC
STARLINK-11744 [DTC],42.48088547637978,2025-08-17 11:43:00 UTC
STARLINK-11692 [DTC],47.87591396830685,2025-08-17 11:45:00 UTC
STARLINK-11740 [DTC],63.227593585346995,2025-08-17 12:37:00 UTC
STARLINK-34299,23.27041854616577,2025-08-17 12:06:00 UTC
STARLINK-34271,17.457885320991096,2025-08-17 11:48:00 UTC
STARLINK-34100,19.204388569106253,2025-08-17 11:55:00 UTC
STARLINK-34269,32.06415285878997,2025-08-17 12:23:00 UTC
STARLINK-34351,31.347462447105894,2025-08-17 12:21:00 UTC
STARLINK-34198,30.876017550468493,2025-08-17 12:19:00 UTC
STARLINK-34279,26.811566524416595,2025-08-17 12:14:00 UTC
STARLINK-34292,15.872089294955199,2025-08-17 11:42:00 UTC
STARLINK-34278,34.33956201172787,2025-08-17 12:27:00 UTC
STARLINK-33802,20.44019491589735,2025-08-17 11:58:00 UTC
STARLINK-34419,69.30539219036858,2025-08-17 09:14:00 UTC
STARLINK-34275,26.40183164567904,2025-08-17 10:11:00 UTC
STARLINK-34225,70.84624914676455,2025-08-17 09:20:00 UTC
STARLINK-34422,26.4521136180522,2025-08-17 10:10:00 UTC
STARLINK-34514,52.40284268693606,2025-08-17 08:59:00 UTC
STARLINK-34487,79.33021363887967,2025-08-17 09:16:00 UTC
STARLINK-34461,29.734117932447997,2025-08-17 08:40:00 UTC
STARLINK-34512,44.812664612555594,2025-08-17 09:45:00 UTC
STARLINK-34503,28.31586903573218,2025-08-17 08:37:00 UTC
STARLINK-34498,34.505220223075426,2025-08-17 09:58:00 UTC
STARLINK-34434,58.402531785105815,2025-08-17 09:04:00 UTC
STARLINK-34467,44.50157970017145,2025-08-17 09:46:00 UTC
STARLINK-34468,69.20193809247071,2025-08-17 09:16:00 UTC
STARLINK-34452,74.92291290485511,2025-08-17 09:27:00 UTC
STARLINK-34432,28.094567076337967,2025-08-17 08:36:00 UTC
STARLINK-34480,38.73676269178638,2025-08-17 09:53:00 UTC
STARLINK-34495,61.91108077825982,2025-08-17 09:31:00 UTC
STARLINK-34501,43.431960949559446,2025-08-17 08:54:00 UTC
STARLINK-34441,31.595630646042267,2025-08-17 10:02:00 UTC
STARLINK-34524,55.76676216509795,2025-08-17 09:37:00 UTC
STARLINK-34506,54.94886577818065,2025-08-17 09:01:00 UTC
STARLINK-34451,29.26824656074482,2025-08-17 08:38:00 UTC
STARLINK-34472,27.248011921180197,2025-08-17 08:34:00 UTC
STARLINK-34478,41.35275632582078,2025-08-17 09:50:00 UTC
STARLINK-34396,49.86769712881992,2025-08-17 08:59:00 UTC
STARLINK-34507,85.66122852419228,2025-08-17 09:19:00 UTC
STARLINK-34493,16.002234888457068,2025-08-17 03:22:00 UTC
STARLINK-34492,18.87332060692071,2025-08-17 03:15:00 UTC
STARLINK-34474,18.74516093287338,2025-08-17 03:15:00 UTC
STARLINK-34523,21.62661263105345,2025-08-17 03:08:00 UTC
STARLINK-34496,22.128509558719355,2025-08-17 03:08:00 UTC
STARLINK-34375,3.6331374517048802,2025-08-17 03:05:00 UTC
STARLINK-34528,3.4520164675545773,2025-08-17 03:05:00 UTC
STARLINK-34526,0.5122985118258345,2025-08-17 04:23:00 UTC
STARLINK-34527,0.45008687973997596,2025-08-17 04:24:00 UTC
STARLINK-34420,1.4941068775964874,2025-08-17 04:17:00 UTC
STARLINK-34509,1.7444035054988227,2025-08-17 04:16:00 UTC
STARLINK-34409,3.112429584015572,2025-08-17 04:09:00 UTC
STARLINK-34520,3.250657312866603,2025-08-17 04:08:00 UTC
STARLINK-34477,4.348967069690958,2025-08-17 04:02:00 UTC
STARLINK-34217,4.410644367891078,2025-08-17 04:02:00 UTC
STARLINK-34307,5.78123241626113,2025-08-17 03:56:00 UTC
STARLINK-34505,5.9596532156825655,2025-08-17 03:55:00 UTC
STARLINK-34530,7.545027598357229,2025-08-17 03:48:00 UTC
STARLINK-34522,7.677294123059516,2025-08-17 03:47:00 UTC
STARLINK-34462,8.987563442916036,2025-08-17 03:42:00 UTC
STARLINK-34226,9.007015859823737,2025-08-17 03:42:00 UTC
STARLINK-34364,5.176242750281955,2025-08-17 03:49:00 UTC
STARLINK-34268,10.674981322136299,2025-08-17 03:36:00 UTC
STARLINK-34363,12.751844362359972,2025-08-17 03:29:00 UTC
STARLINK-34427,13.019179963937852,2025-08-17 03:28:00 UTC
STARLINK-34280,48.21776595104505,2025-08-17 09:09:00 UTC
STARLINK-34517,44.62895811884682,2025-08-17 09:58:00 UTC
STARLINK-34510,27.98675966270603,2025-08-17 08:48:00 UTC
STARLINK-34486,75.85811094423089,2025-08-17 09:37:00 UTC
STARLINK-34463,61.58061799982422,2025-08-17 09:22:00 UTC
STARLINK-34294,34.34207933808413,2025-08-17 10:12:00 UTC
STARLINK-34504,39.93015443799589,2025-08-17 09:02:00 UTC
STARLINK-34508,30.34515009178303,2025-08-17 10:18:00 UTC
STARLINK-34435,52.47753244306658,2025-08-17 09:51:00 UTC
STARLINK-34475,63.33096494722468,2025-08-17 09:44:00 UTC
STARLINK-34488,34.800824890365405,2025-08-17 08:55:00 UTC
STARLINK-34516,39.28734578062198,2025-08-17 10:05:00 UTC
STARLINK-34073,72.44020420136802,2025-08-17 09:30:00 UTC
STARLINK-34532,67.78677916762818,2025-08-17 09:44:00 UTC
STARLINK-34519,40.67641795965823,2025-08-17 09:02:00 UTC
STARLINK-34513,33.87615006476565,2025-08-17 08:56:00 UTC
STARLINK-34569,30.08448518065236,2025-08-17 08:49:00 UTC
STARLINK-34494,29.873616268743024,2025-08-17 10:19:00 UTC
STARLINK-34521,39.80151754056233,2025-08-17 10:05:00 UTC
STARLINK-34500,50.248709165897466,2025-08-17 09:51:00 UTC
STARLINK-34440,63.229545109265075,2025-08-17 09:44:00 UTC
STARLINK-34469,33.95286439612959,2025-08-17 10:11:00 UTC
STARLINK-34413,45.505611745683346,2025-08-17 09:58:00 UTC
STARLINK-34417,28.656136002656208,2025-08-17 09:45:00 UTC
STARLINK-34415,76.04214048511326,2025-08-17 09:37:00 UTC
STARLINK-34416,81.79712444701278,2025-08-17 09:30:00 UTC
STARLINK-34414,53.41738248429353,2025-08-17 09:09:00 UTC
STARLINK-34464,7.6032194256380805,2025-08-17 04:11:00 UTC
STARLINK-34555,9.283983039588307,2025-08-17 04:04:00 UTC
STARLINK-34390,9.569524149702158,2025-08-17 04:03:00 UTC
STARLINK-34382,7.70126800680026,2025-08-17 04:10:00 UTC
STARLINK-34395,11.135122562886393,2025-08-17 03:56:00 UTC
STARLINK-34394,11.187099540005274,2025-08-17 03:57:00 UTC
STARLINK-34287,12.939868300935458,2025-08-17 03:50:00 UTC
STARLINK-34365,15.255198702953672,2025-08-17 03:44:00 UTC
STARLINK-34442,19.016009698948654,2025-08-17 03:34:00 UTC
STARLINK-34288,13.30487190497169,2025-08-17 03:50:00 UTC
STARLINK-34539,18.233268572869793,2025-08-17 03:36:00 UTC
STARLINK-34590,15.412584752146813,2025-08-17 03:44:00 UTC
STARLINK-34573,20.52334059138095,2025-08-17 03:31:00 UTC
STARLINK-34605,31.396216802640755,2025-08-17 03:12:00 UTC
STARLINK-34525,24.129658678389735,2025-08-17 03:23:00 UTC
STARLINK-34489,28.329198060469576,2025-08-17 03:17:00 UTC
STARLINK-34502,32.8074110035016,2025-08-17 03:10:00 UTC
STARLINK-34553,34.38439406145699,2025-08-17 03:09:00 UTC
STARLINK-34551,28.56390807128877,2025-08-17 03:13:00 UTC
STARLINK-34550,25.260834875607642,2025-08-17 03:22:00 UTC
STARLINK-34485,9.776362400426592,2025-08-17 03:05:00 UTC
STARLINK-34253,2.7617729024517357,2025-08-17 04:31:00 UTC
STARLINK-34565,2.768012788187229,2025-08-17 04:31:00 UTC
STARLINK-34554,29.787690862070534,2025-08-17 03:15:00 UTC
STARLINK-34262,5.376940978792259,2025-08-17 04:18:00 UTC
STARLINK-34538,4.000300041089983,2025-08-17 04:24:00 UTC
STARLINK-34250,4.111831020835245,2025-08-17 04:24:00 UTC
STARLINK-34497,74.18700477031534,2025-08-17 11:23:00 UTC
STARLINK-34584,20.758284098451437,2025-08-17 12:10:00 UTC
STARLINK-34535,39.745374116021665,2025-08-17 11:48:00 UTC
STARLINK-34600,34.98563131911109,2025-08-17 10:59:00 UTC
STARLINK-34560,49.570512684697285,2025-08-17 11:11:00 UTC
STARLINK-34576,28.90117626589942,2025-08-17 11:59:00 UTC
STARLINK-34322,63.612355765485546,2025-08-17 11:35:00 UTC
STARLINK-34470,25.48229203658913,2025-08-17 10:47:00 UTC
STARLINK-34405,55.3053959250379,2025-08-17 11:16:00 UTC
STARLINK-34406,43.0796983072088,2025-08-17 11:06:00 UTC
STARLINK-34559,29.44701087017512,2025-08-17 10:53:00 UTC
STARLINK-34316,22.347432723633897,2025-08-17 10:42:00 UTC
STARLINK-34563,25.108109625895136,2025-08-17 12:04:00 UTC
STARLINK-34499,35.671704827213155,2025-08-17 11:52:00 UTC
STARLINK-34447,48.42744642162893,2025-08-17 11:40:00 UTC
STARLINK-34312,75.6311004362023,2025-08-17 11:29:00 UTC
STARLINK-34515,26.193665450731185,2025-08-17 12:02:00 UTC
STARLINK-34583,38.30530139239334,2025-08-17 11:49:00 UTC
STARLINK-34574,53.23997372468646,2025-08-17 11:38:00 UTC
STARLINK-34533,44.15615048275496,2025-08-17 11:08:00 UTC
STARLINK-34548,39.77596103272438,2025-08-17 11:03:00 UTC
STARLINK-34568,32.74539608856691,2025-08-17 10:56:00 UTC
STARLINK-34546,27.570690352988336,2025-08-17 10:50:00 UTC
STARLINK-34577,20.336630403211785,2025-08-17 10:38:00 UTC
STARLINK-34572,22.819670788212715,2025-08-17 10:43:00 UTC
STARLINK-34558,72.14259067997953,2025-08-17 11:32:00 UTC
STARLINK-34393,36.48592515387617,2025-08-17 06:34:00 UTC
STARLINK-34562,32.05747941233638,2025-08-17 05:18:00 UTC
STARLINK-34557,32.736612033859615,2025-08-17 05:18:00 UTC
STARLINK-34242,60.426246098261664,2025-08-17 06:11:00 UTC
STARLINK-34239,82.2270755488381,2025-08-17 05:57:00 UTC
STARLINK-34588,28.114331214388926,2025-08-17 05:11:00 UTC
STARLINK-34606,28.849315274513554,2025-08-17 05:11:00 UTC
STARLINK-34552,60.98525102152392,2025-08-17 05:45:00 UTC
STARLINK-34596,44.10796575720901,2025-08-17 06:27:00 UTC
STARLINK-34556,51.24346626528084,2025-08-17 06:20:00 UTC
STARLINK-34591,32.5478377742135,2025-08-17 06:41:00 UTC
STARLINK-34587,73.51325742738244,2025-08-17 05:59:00 UTC
STARLINK-34130,64.9765092443674,2025-08-17 05:52:00 UTC
STARLINK-34619,49.13234810491938,2025-08-17 05:38:00 UTC
STARLINK-34597,38.64774518586211,2025-08-17 06:33:00 UTC
STARLINK-34471,75.89442605432636,2025-08-17 06:06:00 UTC
STARLINK-34208,53.73148673571438,2025-08-17 06:20:00 UTC
STARLINK-34205,45.55740323552357,2025-08-17 06:26:00 UTC
STARLINK-34607,61.364334026542,2025-08-17 06:13:00 UTC
STARLINK-34236,80.50432245810768,2025-08-17 05:58:00 UTC
STARLINK-34185,58.41626907102217,2025-08-17 05:44:00 UTC
STARLINK-34581,50.92573004420387,2025-08-17 05:37:00 UTC
STARLINK-34592,30.502926060317137,2025-08-17 06:40:00 UTC
STARLINK-34589,47.58949558607842,2025-08-17 05:28:00 UTC
STARLINK-34536,36.86688808002098,2025-08-17 05:24:00 UTC
STARLINK-34595,29.331752567630975,2025-08-17 05:10:00 UTC
STARLINK-34531,31.942873371300493,2025-08-17 06:41:00 UTC
STARLINK-33965,28.718469753448485,2025-08-17 09:21:00 UTC
STARLINK-34371,85.08400356341879,2025-08-17 10:10:00 UTC
STARLINK-34401,52.24616725422742,2025-08-17 10:31:00 UTC
STARLINK-34593,56.90783682824884,2025-08-17 03:15:00 UTC
STARLINK-34598,74.47565164298001,2025-08-17 10:20:00 UTC
STARLINK-34235,33.099507015634764,2025-08-17 10:51:00 UTC
STARLINK-34635,45.4500503638512,2025-08-17 10:35:00 UTC
STARLINK-34638,65.38139325817583,2025-08-17 10:24:00 UTC
STARLINK-34534,62.90242418054508,2025-08-17 10:02:00 UTC
STARLINK-34261,62.582634754106394,2025-08-17 09:56:00 UTC
STARLINK-34566,67.67874686384933,2025-08-17 03:08:00 UTC
STARLINK-34645,65.77402114025105,2025-08-17 10:16:00 UTC
STARLINK-34639,72.42418514893949,2025-08-17 10:17:00 UTC
STARLINK-34609,56.44282505805983,2025-08-17 09:56:00 UTC
STARLINK-34246,38.476085042848695,2025-08-17 10:43:00 UTC
STARLINK-34618,33.08450066712735,2025-08-17 10:51:00 UTC
STARLINK-34541,52.05860086454947,2025-08-17 10:31:00 UTC
STARLINK-34652,65.40589408616628,2025-08-17 10:23:00 UTC
STARLINK-34612,49.233804090495404,2025-08-17 10:32:00 UTC
STARLINK-34621,67.06988544721546,2025-08-17 10:16:00 UTC
STARLINK-34657,64.5218797875241,2025-08-17 10:10:00 UTC
STARLINK-34637,62.08662119678278,2025-08-17 10:03:00 UTC
STARLINK-34547,55.221381041167945,2025-08-17 09:55:00 UTC
STARLINK-34537,60.56853518856086,2025-08-17 09:35:00 UTC
STARLINK-34585,60.669158690856065,2025-08-17 03:10:00 UTC
STARLINK-34491,37.96927342866849,2025-08-17 09:34:00 UTC
STARLINK-34582,67.81384416758596,2025-08-17 10:13:00 UTC
STARLINK-34482,35.50163538056954,2025-08-17 09:30:00 UTC
STARLINK-34723,42.03946686818454,2025-08-17 11:11:00 UTC
STARLINK-34725,44.460489073297765,2025-08-17 11:10:00 UTC
STARLINK-34709,42.0702619105791,2025-08-17 11:10:00 UTC
STARLINK-34706,46.04356283303436,2025-08-17 11:09:00 UTC
STARLINK-34736,42.910666718082375,2025-08-17 11:09:00 UTC
STARLINK-34746,47.860839418172915,2025-08-17 11:08:00 UTC
STARLINK-34748,44.936823783269475,2025-08-17 11:07:00 UTC
STARLINK-34756,24.969141432863406,2025-08-17 10:22:00 UTC
STARLINK-34757,45.461721364598866,2025-08-17 11:09:00 UTC
STARLINK-34722,47.981687271892014,2025-08-17 11:08:00 UTC
STARLINK-34564,45.04459539643907,2025-08-17 11:07:00 UTC
STARLINK-34676,49.583513945174374,2025-08-17 11:07:00 UTC
STARLINK-34682,46.78922815586766,2025-08-17 11:06:00 UTC
STARLINK-34631,51.97566700917641,2025-08-17 11:06:00 UTC
STARLINK-34578,48.58282715334691,2025-08-17 11:05:00 UTC
STARLINK-34683,53.86397443719679,2025-08-17 11:05:00 UTC
STARLINK-34654,50.269333054361454,2025-08-17 11:05:00 UTC
STARLINK-34575,55.81584980580608,2025-08-17 11:04:00 UTC
STARLINK-34570,52.44264234502612,2025-08-17 11:03:00 UTC
STARLINK-34651,28.558717129870587,2025-08-17 11:21:00 UTC
STARLINK-34684,54.57582609336153,2025-08-17 11:02:00 UTC
STARLINK-34690,59.89443320104023,2025-08-17 11:02:00 UTC
STARLINK-34628,57.2974269708965,2025-08-17 11:01:00 UTC
STARLINK-34544,61.82554857739033,2025-08-17 11:01:00 UTC
STARLINK-34647,54.22582511766503,2025-08-17 10:36:00 UTC
STARLINK-34273,58.67433925750442,2025-08-17 10:35:00 UTC
STARLINK-34713,58.437663372987224,2025-08-17 10:35:00 UTC
STARLINK-34712,60.44012534764511,2025-08-17 10:34:00 UTC
STARLINK-34702,58.617175256247045,2025-08-17 10:34:00 UTC
STARLINK-34687,64.67181609676045,2025-08-17 10:33:00 UTC
STARLINK-34642,60.45146859535211,2025-08-17 10:33:00 UTC
STARLINK-34718,66.03569361257907,2025-08-17 10:32:00 UTC
STARLINK-34711,61.00528402058464,2025-08-17 10:32:00 UTC
STARLINK-34659,67.46628762048223,2025-08-17 10:31:00 UTC
STARLINK-34571,58.04012830935294,2025-08-17 10:31:00 UTC
STARLINK-34636,69.89929960304313,2025-08-17 10:30:00 UTC
STARLINK-34695,57.021684345301374,2025-08-17 10:30:00 UTC
STARLINK-34653,73.13572504965774,2025-08-17 10:29:00 UTC
STARLINK-34611,57.33093557235489,2025-08-17 10:29:00 UTC
STARLINK-34599,32.251703891992626,2025-08-17 09:49:00 UTC
STARLINK-34069,67.01055461864621,2025-08-17 10:28:00 UTC
STARLINK-34699,59.563811837443716,2025-08-17 10:27:00 UTC
STARLINK-34700,77.28851611300169,2025-08-17 10:27:00 UTC
STARLINK-34643,79.60322307886804,2025-08-17 10:26:00 UTC
STARLINK-34199,59.209589355940516,2025-08-17 10:27:00 UTC
STARLINK-34579,59.72252974845375,2025-08-17 10:26:00 UTC
STARLINK-34543,62.66566666383907,2025-08-17 10:23:00 UTC
STARLINK-34661,33.84467503655849,2025-08-17 09:48:00 UTC
STARLINK-34248,80.79445805988573,2025-08-17 10:25:00 UTC
STARLINK-34290,59.51390007382789,2025-08-17 10:24:00 UTC
STARLINK-34220,32.043248737288856,2025-08-17 09:48:00 UTC
STARLINK-34715,82.66445566859467,2025-08-17 10:24:00 UTC
STARLINK-34705,77.59803060851719,2025-08-17 11:22:00 UTC
STARLINK-34737,61.72902490778818,2025-08-17 11:21:00 UTC
STARLINK-34775,75.37773123070879,2025-08-17 11:21:00 UTC
STARLINK-34726,59.61418287556559,2025-08-17 11:21:00 UTC
STARLINK-34529,72.18631095087954,2025-08-17 11:20:00 UTC
STARLINK-34743,60.44200565163114,2025-08-17 11:19:00 UTC
STARLINK-34730,68.95656942221167,2025-08-17 11:19:00 UTC
STARLINK-34714,57.878084515908725,2025-08-17 11:19:00 UTC
STARLINK-34755,66.87782655709016,2025-08-17 11:18:00 UTC
STARLINK-34740,55.47050606337043,2025-08-17 11:17:00 UTC
STARLINK-34742,64.18311553947947,2025-08-17 11:17:00 UTC
STARLINK-34719,54.5190972392348,2025-08-17 11:17:00 UTC
STARLINK-34373,60.57839523429554,2025-08-17 11:16:00 UTC
STARLINK-34758,51.856983730944464,2025-08-17 11:15:00 UTC
STARLINK-34753,58.8370029626999,2025-08-17 11:15:00 UTC
STARLINK-34747,50.3043594305525,2025-08-17 11:15:00 UTC
STARLINK-34630,56.500460236709735,2025-08-17 11:14:00 UTC
STARLINK-34689,52.47117482762568,2025-08-17 11:14:00 UTC
STARLINK-34586,54.53436883089152,2025-08-17 11:13:00 UTC
STARLINK-34738,49.60758591497883,2025-08-17 11:13:00 UTC
STARLINK-34744,49.719743702696725,2025-08-17 11:12:00 UTC
STARLINK-34701,51.93336693409043,2025-08-17 11:12:00 UTC
STARLINK-34761,49.91412080715586,2025-08-17 11:11:00 UTC
STARLINK-34732,47.72988846224761,2025-08-17 11:11:00 UTC
STARLINK-34617,42.43140070351821,2025-08-17 06:49:00 UTC
STARLINK-34627,47.86156514198746,2025-08-17 06:49:00 UTC
STARLINK-34549,42.50029056728342,2025-08-17 06:49:00 UTC
STARLINK-34623,49.26114796793033,2025-08-17 06:48:00 UTC
STARLINK-34232,43.968561336806566,2025-08-17 06:48:00 UTC
STARLINK-34772,50.55958835941347,2025-08-17 06:47:00 UTC
STARLINK-34778,45.069826178871566,2025-08-17 06:47:00 UTC
STARLINK-34789,52.20363145677688,2025-08-17 06:46:00 UTC
STARLINK-34858,47.14346669157628,2025-08-17 06:46:00 UTC
STARLINK-34773,53.20922825010634,2025-08-17 06:45:00 UTC
STARLINK-34727,48.622329719339255,2025-08-17 06:45:00 UTC
STARLINK-34804,54.26155024645515,2025-08-17 06:44:00 UTC
STARLINK-34655,51.31325107420297,2025-08-17 06:44:00 UTC
STARLINK-34807,54.684356086785144,2025-08-17 06:43:00 UTC
STARLINK-34731,56.240579312728016,2025-08-17 06:43:00 UTC
STARLINK-34614,49.54277012465154,2025-08-17 06:42:00 UTC
STARLINK-34677,56.791942206415854,2025-08-17 06:42:00 UTC
STARLINK-34656,58.596466851369705,2025-08-17 06:42:00 UTC
STARLINK-34671,53.637587300497046,2025-08-17 06:42:00 UTC
STARLINK-34610,54.96946608311766,2025-08-17 06:41:00 UTC
STARLINK-34286,60.13817632266831,2025-08-17 06:41:00 UTC
STARLINK-34770,57.32023180796255,2025-08-17 06:41:00 UTC
STARLINK-34776,52.91969984199811,2025-08-17 06:40:00 UTC
STARLINK-34827,62.67902495236498,2025-08-17 06:40:00 UTC
STARLINK-34721,55.24174599170105,2025-08-17 06:40:00 UTC
STARLINK-34819,62.23515496353225,2025-08-17 06:39:00 UTC
STARLINK-34820,61.83418820964182,2025-08-17 06:39:00 UTC
STARLINK-34824,55.206835238611525,2025-08-17 06:38:00 UTC
STARLINK-34788,25.595830090253855,2025-08-17 12:10:00 UTC
STARLINK-34745,25.608481589156266,2025-08-17 12:10:00 UTC
STARLINK-34779,25.87586961250634,2025-08-17 12:10:00 UTC
STARLINK-34803,24.566694153676025,2025-08-17 12:09:00 UTC
STARLINK-34717,23.74650488697556,2025-08-17 12:08:00 UTC
STARLINK-34750,24.083732637900827,2025-08-17 12:08:00 UTC
STARLINK-34708,23.121904009226515,2025-08-17 12:08:00 UTC
STARLINK-34798,23.239928438493845,2025-08-17 12:07:00 UTC
STARLINK-34793,22.05547513004949,2025-08-17 12:07:00 UTC
STARLINK-34806,22.66041688088825,2025-08-17 12:06:00 UTC
STARLINK-34739,21.611590783957713,2025-08-17 12:05:00 UTC
STARLINK-34802,21.92534065736906,2025-08-17 12:05:00 UTC
STARLINK-34810,20.829489958753506,2025-08-17 12:05:00 UTC
STARLINK-34809,21.172267238656243,2025-08-17 12:04:00 UTC
STARLINK-34794,20.00780713942891,2025-08-17 12:03:00 UTC
STARLINK-34805,20.528028166046635,2025-08-17 12:03:00 UTC
STARLINK-34735,19.724316148384034,2025-08-17 12:03:00 UTC
STARLINK-34781,19.818062363093432,2025-08-17 12:02:00 UTC
STARLINK-34780,19.502386073036956,2025-08-17 12:02:00 UTC
STARLINK-34771,47.60438189841398,2025-08-17 12:34:00 UTC
STARLINK-34634,50.94489308534992,2025-08-17 12:34:00 UTC
STARLINK-34267,45.31258895266204,2025-08-17 12:33:00 UTC
STARLINK-34561,44.68935490776572,2025-08-17 12:32:00 UTC
STARLINK-34626,46.67449977800899,2025-08-17 12:29:00 UTC
STARLINK-34247,42.39894086851477,2025-08-17 12:30:00 UTC
STARLINK-34601,46.13779676867816,2025-08-17 12:28:00 UTC
STARLINK-34792,39.508882848796375,2025-08-17 12:27:00 UTC
STARLINK-34822,39.2040975019381,2025-08-17 12:26:00 UTC
STARLINK-34686,37.500075931819765,2025-08-17 12:25:00 UTC
STARLINK-34594,37.7453968300464,2025-08-17 12:23:00 UTC
STARLINK-34665,37.00391743161616,2025-08-17 12:22:00 UTC
STARLINK-34673,35.72416363280261,2025-08-17 12:21:00 UTC
STARLINK-34648,32.20855153205875,2025-08-17 12:20:00 UTC
STARLINK-34640,31.846331425346403,2025-08-17 12:18:00 UTC
STARLINK-34266,30.876988820239646,2025-08-17 12:17:00 UTC
STARLINK-34769,29.968802742554466,2025-08-17 12:16:00 UTC
STARLINK-34768,26.20372007225697,2025-08-17 12:15:00 UTC
STARLINK-34759,25.8474927373568,2025-08-17 12:13:00 UTC
STARLINK-34741,25.53575878094381,2025-08-17 12:12:00 UTC
STARLINK-34764,23.499058464944984,2025-08-17 12:09:00 UTC
STARLINK-34815,23.24509579313487,2025-08-17 12:10:00 UTC
STARLINK-34814,21.939650206771987,2025-08-17 12:08:00 UTC
STARLINK-34285,21.325124957380975,2025-08-17 12:06:00 UTC
STARLINK-34857,19.31850192401603,2025-08-17 12:03:00 UTC
STARLINK-34887,20.159667571712333,2025-08-17 12:05:00 UTC
STARLINK-34481,17.885448949239084,2025-08-17 12:02:00 UTC
STARLINK-34545,17.406840613499572,2025-08-17 12:00:00 UTC
