STARLINK-1010
1 44716C 19074D   25222.11854167  .00197400  00000+0  18508-2 0  2222
2 44716  53.0543  25.2862 0006553 257.3194  13.7140 15.66317474    10
STARLINK-1012
1 44718C 19074F   25222.14145833  .00007387  00000+0  49516-3 0  2228
2 44718  53.0544  56.2986 0001380  84.6833 126.6017 15.06375158    12
STARLINK-1013
1 44719C 19074G   25222.13381944  .00423340  00000+0  93991-3 0  2220
2 44719  53.0460  10.0223 0002528 275.7931  96.3998 15.96764283    10
STARLINK-1017
1 44723C 19074L   25222.15048611  .00028471  00000+0  17842-2 0  2224
2 44723  53.0540  55.7301 0003128 127.9827 225.9457 15.08825921    16
STARLINK-1019
1 44724C 19074M   25222.13937500  .00009095  00000+0  60957-3 0  2224
2 44724  53.0542  56.3058 0001414  94.4669 125.5369 15.06375731    17
STARLINK-1030
1 44735C 19074Y   25222.06923611  .00269480  00000+0  13039-2 0  2220
2 44735  53.0458  41.4076 0003954 161.3225 160.9832 15.81538231    10
STARLINK-1036
1 44741C 19074AE  25222.13381944  .00012224  00000+0  81939-3 0  2229
2 44741  53.0537  76.3343 0001406  79.9319 279.8784 15.06371116    17
STARLINK-1039
1 44744C 19074AH  25222.14909722  .00033066  00000+0  21546-2 0  2227
2 44744  53.0529  96.1721 0002837 141.5410  17.9662 15.07392040    14
STARLINK-1042
1 44747C 19074AL  25222.03173611  .00018679  00000+0  46724-3 0  2227
2 44747  53.0493  21.9021 0002180 193.4269 156.3383 15.39518240    10
STARLINK-1043
1 44748C 19074AM  25222.13729167  .00015922  00000+0  10676-2 0  2226
2 44748  53.0532  96.3182 0001398  78.7001  89.9798 15.06356057    19
STARLINK-1046
1 44751C 19074AQ  25222.14145833  .00015387  00000+0  10316-2 0  2229
2 44751  53.0538  96.3005 0001401  81.8672  29.4151 15.06360388    11
STARLINK-1047
1 44752C 19074AR  25222.14631944  .00010415  00000+0  39315-3 0  2221
2 44752  53.0694  50.0166 0001348 246.5450 109.2415 15.26473161    10
STARLINK-1048
1 44753C 19074AS  25222.13798611  .00008342  00000+0  55904-3 0  2224
2 44753  53.0536  56.3134 0001408  90.3194 222.0739 15.06382899    15
STARLINK-1053
1 44758C 19074AX  25222.14215278  .00030118  00000+0  48953-3 0  2225
2 44758  53.0440  43.4889 0000418 127.7577  34.9410 15.52056739    16
STARLINK-1056
1 44761C 19074BA  25222.10118056  .00135900  00000+0  14515-2 0  2222
2 44761  53.0476  67.8956 0003030 216.1190   6.7716 15.63127974    19
STARLINK-1057
1 44762C 19074BB  25222.08590278  .00248630  00000+0  16514-2 0  2226
2 44762  53.0488  43.2189 0005990 149.5658 179.7163 15.74502176    14
STARLINK-1060
1 44765C 19074BE  25222.13173611  .00011279  00000+0  75602-3 0  2224
2 44765  53.0534  76.3391 0001353  91.3437  97.1771 15.06371250    19
STARLINK-1063
1 44768C 19074BH  25222.14076389  .00013021  00000+0  87300-3 0  2227
2 44768  53.0529  96.3003 0001334  97.0913  70.4386 15.06361917    14
STARLINK-1068
1 44772C 19074BM  25222.13590278  .00011288  00000+0  75682-3 0  2222
2 44772  53.0535  76.3238 0001318  82.0267 169.1082 15.06363575    13
STARLINK-1098
1 44917C 20001D   25222.11715278  .00238250  00000+0  74889-3 0  2220
2 44917  53.0483 178.8337 0010153  14.6915  94.2941 15.90328202    15
STARLINK-1112
1 44925C 20001M   25222.14979167  .00104140  00000+0  25160-2 0  2228
2 44925  53.0528 197.5708 0009118 358.7244  37.7121 15.40444775    11
STARLINK-1123
1 44930C 20001S   25222.14076389 -.00023141  00000+0 -15507-2 0  2225
2 44930  53.0528 216.2990 0001317  83.7759 263.7082 15.06416223    14
STARLINK-1071
1 44934C 20001W   25222.14076389  .00239280  00000+0  87723-3 0  2220
2 44934  53.0427 156.0261 0009976  38.2193 287.2043 15.87276042    14
STARLINK-1091
1 44940C 20001AC  25222.15118056  .00127510  00000+0  14356-2 0  2229
2 44940  53.0456 169.2345 0008411  41.2960  81.2517 15.61745449    13
STARLINK-1094
1 44941C 20001AD  25222.13937500 -.00020295  00000+0 -13601-2 0  2227
2 44941  53.0532 196.3047 0001307  81.6010 188.3544 15.06410090    19
STARLINK-1096
1 44942C 20001AE  25222.15187500  .00069696  00000+0  58669-3 0  2227
2 44942  52.9977 357.3430 0000658  56.8543  79.6935 15.69112559    13
STARLINK-1122
1 44949C 20001AM  25222.14006944 -.00014971  00000+0 -10034-2 0  2226
2 44949  53.0520 196.3000 0001289  78.1997  75.5444 15.06402230    10
STARLINK-1066
1 44954C 20001AS  25222.11368056  .00236390  00000+0  12503-2 0  2226
2 44954  53.0474 140.4693 0010905  51.7591  67.6549 15.79560106    19
STARLINK-1080
1 44961C 20001AZ  25222.12340278 -.00032479  00000+0 -21771-2 0  2222
2 44961  53.0529 176.3802 0001461  87.0332 346.3073 15.06414707    14
STARLINK-1107
1 44972C 20001BL  25222.13937500  .00067151  00000+0  12025-2 0  2220
2 44972  53.0160 120.5918 0000612 257.7935 237.1390 15.49296417    10
STARLINK-1115
1 44973C 20001BM  25222.10395833  .00265620  00000+0  92455-3 0  2222
2 44973  53.0254  81.4341 0003169  84.1131 150.7305 15.88369760    11
STARLINK-1131
1 45047C 20006D   25222.14215278 -.00018845  00000+0 -12634-2 0  2225
2 45047  53.0540 156.8322 0001471  86.7281  57.9803 15.06394016    19
STARLINK-1134
1 45048C 20006E   25222.12131944  .00045881  00000+0  20569-2 0  2225
2 45048  53.0490 144.7934 0002515 243.2820 248.8582 15.20653169    16
STARLINK-1156
1 45054C 20006L   25222.13243056 -.00009524  00000+0 -63906-3 0  2220
2 45054  53.0540 156.3386 0001457  78.4364 173.8664 15.06355503    17
STARLINK-1159
1 45057C 20006P   25222.12618056 -.00026187  00000+0 -17559-2 0  2224
2 45057  53.0542 156.3646 0001495  79.7587  58.6489 15.06395732    17
STARLINK-1166
1 45060C 20006S   25222.13451389 -.00011566  00000+0 -77541-3 0  2226
2 45060  53.0541 156.3298 0001500  95.8234  27.7934 15.06387774    17
STARLINK-1169
1 45061C 20006T   25222.14145833 -.00020354  00000+0 -13646-2 0  2222
2 45061  53.0536 156.2990 0001427  85.1147  36.2137 15.06395685    13
STARLINK-1171
1 45062C 20006U   25222.12895833  .00002407  00000+0  16135-3 0  2227
2 45062  53.0540 156.3509 0001547  90.2193  43.1382 15.06384024    11
STARLINK-1133
1 45064C 20006W   25222.14215278 -.00010242  00000+0 -68683-3 0  2223
2 45064  53.0540 136.2912 0001406  80.7834  54.3198 15.06374766    19
STARLINK-1172
1 45074C 20006AG  25222.12131944 -.00007468  00000+0 -50081-3 0  2228
2 45074  53.0534 136.3889 0001408  75.9347  86.0927 15.06372043    12
STARLINK-1151
1 45081C 20006AP  25222.14076389 -.00012863  00000+0 -86273-3 0  2226
2 45081  53.0540 136.3748 0001421  83.4949  24.0341 15.06373250    11
STARLINK-1190
1 45083C 20006AR  25222.15187500  .00087402  00000+0  84435-3 0  2224
2 45083  53.0527 127.4265 0001585 191.8372 157.5190 15.65711399    17
STARLINK-1173
1 45084C 20006AS  25222.14631944  .00127630  00000+0  11808-2 0  2221
2 45084  53.0517  92.9372 0005883 146.2753 356.0518 15.66722781    12
STARLINK-1179
1 45085C 20006AT  25222.11368056  .00184000  00000+0  12170-2 0  2227
2 45085  53.0454  86.7952 0006808 116.0000 117.4235 15.74654457    14
STARLINK-1185
1 45087C 20006AV  25222.13104167  .00004923  00000+0  33006-3 0  2229
2 45087  53.0528 116.3431 0001414  95.1939  89.5686 15.06367945    13
STARLINK-1176
1 45090C 20006AY  25222.13937500  .00125750  00000+0  12659-2 0  2220
2 45090  53.0514  89.9973 0008885 103.5074 135.9405 15.64591644    15
STARLINK-1142
1 45093C 20006BB  25222.11784722  .00055364  00000+0  11911-2 0  2220
2 45093  53.0423  75.9177 0002012 174.0353 212.5163 15.43995862    17
STARLINK-1146
1 45094C 20006BC  25222.13034722  .00190560  00000+0  12729-2 0  2227
2 45094  53.0507  87.8776 0007062 120.1648 118.8716 15.74417935    13
STARLINK-1147
1 45095C 20006BD  25222.14909722  .00171470  00000+0  11724-2 0  2223
2 45095  53.0470  90.0957 0004959 151.1996  72.8717 15.73918345    12
STARLINK-1184
1 45098C 20006BG  25222.13729167  .00009331  00000+0  62563-3 0  2222
2 45098  53.0538 116.3154 0001277 103.1125 275.5841 15.06362709    15
STARLINK-1193
1 45100C 20006BJ  25222.14076389  .00009784  00000+0  65549-3 0  2227
2 45100  53.0537 116.2996 0001436  87.3563 330.1910 15.06389516    17
STARLINK-1143
1 45179C 20012B   25222.12548611  .00007332  00000+0  25763-3 0  2221
2 45179  53.0566 256.0782 0004349 324.2994 158.4558 15.28823053    10
STARLINK-1200
1 45181C 20012D   25222.12340278  .00203450  00000+0  69572-3 0  2228
2 45181  53.0479 245.1358 0014084 356.7123 108.9212 15.88619873    11
STARLINK-1202
1 45183C 20012F   25222.14006944  .00001739  00000+0  11651-3 0  2222
2 45183  53.0532 276.3041 0001255  90.4581 343.2312 15.06400928    18
STARLINK-1216
1 45185C 20012H   25222.12826389  .00002358  00000+0  15806-3 0  2229
2 45185  53.0533 276.3563 0001252  86.0918 323.5586 15.06377863    17
STARLINK-1224
1 45186C 20012J   25222.14701389  .00212770  00000+0  95428-3 0  2223
2 45186  53.0444 245.5755 0012043 346.9475  84.8665 15.83103770    10
STARLINK-1225
1 45187C 20012K   25222.13381944  .00003208  00000+0  21490-3 0  2226
2 45187  53.0524 276.3345 0001296  88.7829 250.9783 15.06402645    14
STARLINK-1228
1 45188C 20012L   25222.15118056  .00217600  00000+0  73763-3 0  2224
2 45188  53.0401 184.0810 0008691   8.0702 306.0202 15.88886355    15
STARLINK-1234
1 45190C 20012N   25222.14215278 -.00001889  00000+0 -12655-3 0  2225
2 45190  53.0518 236.2930 0001133  82.1727 182.8435 15.06401148    15
STARLINK-1237
1 45192C 20012Q   25222.12270833  .00199830  00000+0  68533-3 0  2221
2 45192  53.0534 245.4828 0011627 357.7130 123.0421 15.88620631    13
STARLINK-1240
1 45194C 20012S   25222.14354167  .00188530  00000+0  10369-2 0  2226
2 45194  53.0456 244.9985 0014175 342.1558 129.5678 15.78684298    12
STARLINK-1269
1 45197C 20012V   25222.12479167  .00005002  00000+0  33521-3 0  2223
2 45197  53.0536 276.3734 0001456  87.1535 123.7248 15.06385414    12
STARLINK-1199
1 45201C 20012Z   25222.12548611  .00000100  00000+0  67167-5 0  2229
2 45201  53.0519 256.3705 0001236  78.0293 126.5202 15.06394922    16
STARLINK-1208
1 45205C 20012AD  25222.13590278  .00210380  00000+0  13079-2 0  2223
2 45205  53.0455 226.0559 0014284 352.6525 190.4005 15.75922650    18
STARLINK-1209
1 45206C 20012AE  25222.14076389 -.00001400  00000+0 -93811-4 0  2224
2 45206  53.0516 236.3033 0001247  83.7578 153.7370 15.06396277    14
STARLINK-1210
1 45207C 20012AF  25222.14562500  .00102520  00000+0  25766-2 0  2225
2 45207  53.0298 219.9957 0005362  72.7868   1.7170 15.39276116    11
STARLINK-1231
1 45212C 20012AL  25222.14770833  .00016838  00000+0  11106-2 0  2220
2 45212  53.0524 256.2379 0001707  28.0283  94.1189 15.06959253    15
STARLINK-1271
1 45217C 20012AR  25222.13868056 -.00002427  00000+0 -16265-3 0  2222
2 45217  53.0522 256.3095 0001211  84.8364 271.3552 15.06399319    18
STARLINK-1191
1 45222C 20012AW  25222.12479167 -.00002909  00000+0 -19488-3 0  2223
2 45222  53.0518 236.3717 0000854  84.4416 146.3384 15.06401308    10
STARLINK-1212
1 45223C 20012AX  25222.11715278 -.00000980  00000+0 -65700-4 0  2225
2 45223  53.0517 237.0607 0001230  82.5968   6.3395 15.06392466    17
STARLINK-1221
1 45227C 20012BB  25222.15187500  .00012670  00000+0  38088-3 0  2229
2 45227  53.0690 185.6241 0005675  63.1114 250.8647 15.33813310    12
STARLINK-1222
1 45228C 20012BC  25222.13173611 -.00002186  00000+0 -14649-3 0  2226
2 45228  53.0516 236.3396 0001251  89.0799 139.4057 15.06393978    17
STARLINK-1270
1 45237C 20012BM  25222.14354167 -.00003455  00000+0 -23147-3 0  2227
2 45237  53.0523 236.2874 0001258  80.9330 331.5827 15.06402814    13
STARLINK-1279
1 45360C 20019A   25222.13312500  .00011256  00000+0  75446-3 0  2220
2 45360  53.0557   6.3309 0001269  99.0835 121.9684 15.06374493    12
STARLINK-1306
1 45362C 20019C   25222.08590278  .00024763  00000+0  48796-3 0  2221
2 45362  53.0547  33.3032 0001248  73.1295 287.8751 15.46594906    10
STARLINK-1262
1 45366C 20019G   25222.13173611  .00007493  00000+0  50219-3 0  2223
2 45366  53.0543  36.3369 0001278  93.9787  14.5030 15.06379279    10
STARLINK-1276
1 45368C 20019J   25222.12340278  .00007817  00000+0  52398-3 0  2229
2 45368  53.0545  36.3775 0001355  81.8397  21.4605 15.06373727    11
STARLINK-1277
1 45369C 20019K   25222.14006944  .00007768  00000+0  52059-3 0  2220
2 45369  53.0543  36.9323 0001367  90.1229 143.1489 15.06380248    13
STARLINK-1281
1 45370C 20019L   25222.13243056  .00006866  00000+0  46016-3 0  2222
2 45370  53.0545  36.3359 0001283  88.3183 123.9160 15.06381579    15
STARLINK-1300
1 45374C 20019Q   25222.13659722  .00007051  00000+0  47265-3 0  2221
2 45374  53.0543  36.3157 0001296  85.4429  29.4756 15.06372070    15
STARLINK-1304
1 45376C 20019S   25222.13590278  .00007652  00000+0  51293-3 0  2226
2 45376  53.0544  36.3257 0001303  95.1948 195.9310 15.06373995    14
STARLINK-1305
1 45377C 20019T   25222.12548611  .00007428  00000+0  49791-3 0  2221
2 45377  53.0544  36.3657 0001457  97.5127 357.1141 15.06375279    15
STARLINK-1258
1 45381C 20019X   25222.15118056  .00218740  00000+0  13142-2 0  2226
2 45381  53.0529 345.3950 0009168 271.1325  81.2135 15.76776119    12
STARLINK-1266
1 45383C 20019Z   25222.11715278  .00007425  00000+0  49759-3 0  2223
2 45383  53.0555  16.4062 0001277  90.4691 348.9142 15.06382523    10
STARLINK-1267
1 45384C 20019AA  25222.12826389  .00007472  00000+0  50075-3 0  2226
2 45384  53.0546  17.0121 0001261  79.4939 139.7394 15.06380313    19
STARLINK-1272
1 45386C 20019AC  25222.14076389  .00008943  00000+0  59951-3 0  2223
2 45386  53.0550  16.3004 0001399  78.7172 168.7716 15.06369528    16
STARLINK-1274
1 45387C 20019AD  25222.13520833  .00006455  00000+0  28319-3 0  2221
2 45387  53.0523  12.3134 0002818 241.4477 131.3536 15.21428408    17
STARLINK-1280
1 45388C 20019AE  25222.12756944  .00007559  00000+0  50663-3 0  2228
2 45388  53.0542  36.3609 0001415  81.5214 144.3491 15.06379781    12
STARLINK-1283
1 45389C 20019AF  25222.12201389  .00007786  00000+0  52197-3 0  2223
2 45389  53.0552  16.3811 0001154  81.5413 224.2261 15.06367838    11
STARLINK-1284
1 45390C 20019AG  25222.11993056  .00009031  00000+0  60536-3 0  2224
2 45390  53.0554  16.3918 0001302  94.3472 340.1063 15.06374145    12
STARLINK-1292
1 45394C 20019AL  25222.10812500  .00167960  00000+0  23933-2 0  2226
2 45394  53.0557   6.2785 0006022 274.0151 202.1510 15.55509790    18
STARLINK-1307
1 45397C 20019AP  25222.12756944  .00006427  00000+0  43068-3 0  2222
2 45397  53.0548  16.3562 0001224  90.0084 225.8998 15.06384225    18
STARLINK-1312
1 45398C 20019AQ  25222.12895833  .00184300  00000+0  24896-2 0  2228
2 45398  53.0558   5.0636 0007085 269.9268  90.3047 15.56922341    11
STARLINK-1255
1 45399C 20019AR  25222.11576389  .00008210  00000+0  55045-3 0  2226
2 45399  53.0554   6.4133 0001304  97.7558 329.1009 15.06367032    18
STARLINK-1259
1 45403C 20019AV  25222.11784722  .00178010  00000+0  15841-2 0  2229
2 45403  53.0566 350.6202 0009198 283.0505 133.0397 15.67594886    17
STARLINK-1260
1 45404C 20019AW  25222.13659722  .00009823  00000+0  65846-3 0  2229
2 45404  53.0552   6.3224 0001342  93.2417 266.6426 15.06372478    18
STARLINK-1265
1 45406C 20019AY  25222.12340278  .00007421  00000+0  49740-3 0  2220
2 45406  53.0551   6.3773 0001227  90.4420 237.8685 15.06379572    12
STARLINK-1278
1 45408C 20019BA  25222.13243056  .00007766  00000+0  52044-3 0  2222
2 45408  53.0545  36.3379 0001379  91.1479 141.1086 15.06382831    16
STARLINK-1296
1 45412C 20019BE  25222.13451389  .00009396  00000+0  62979-3 0  2226
2 45412  53.0554   6.3283 0001315  96.7494 271.8077 15.06374195    15
STARLINK-1298
1 45413C 20019BF  25222.13798611  .00106170  00000+0  30516-2 0  2228
2 45413  53.0550   3.6808 0000723 336.9673 160.8092 15.35146875    13
STARLINK-1316
1 45415C 20019BH  25222.12409722  .00008713  00000+0  58416-3 0  2225
2 45415  53.0551   6.3725 0001305  78.3995  13.7087 15.06364195    10
STARLINK-1318
1 45416C 20019BJ  25222.13520833  .00377080  00000+0  10308-1 0  2226
2 45416  53.0544   1.6208 0000940  81.2982 148.3730 15.36437965    19
STARLINK-1286
1 45417C 20019BK  25222.13173611  .00006902  00000+0  46263-3 0  2228
2 45417  53.0543  36.3441 0001303  79.6114 208.8932 15.06374016    15
STARLINK-1308
1 45419C 20019BM  25222.13590278  .00005863  00000+0  39301-3 0  2222
2 45419  53.0542  36.3252 0001382  85.2661 245.8345 15.06376995    10
STARLINK-1329
1 45531C 20025A   25222.13868056  .00003051  00000+0  20448-3 0  2225
2 45531  53.0553 336.3089 0001336  95.0743  61.1224 15.06379329    16
STARLINK-1338
1 45532C 20025B   25222.14284722  .00013768  00000+0  92267-3 0  2223
2 45532  53.0551 336.2912 0001180  90.0687  28.6978 15.06375986    17
STARLINK-1350
1 45535C 20025E   25222.14145833  .00012602  00000+0  42576-3 0  2229
2 45535  53.0748 301.9740 0001853  46.7805 148.5404 15.30098461    16
STARLINK-1362
1 45538C 20025H   25222.14215278  .00009279  00000+0  62192-3 0  2225
2 45538  53.0555 336.0121 0001082 100.2579 200.0940 15.06378545    11
STARLINK-1368
1 45540C 20025K   25222.13868056  .00002078  00000+0  13919-3 0  2228
2 45540  53.0555 336.3085 0001271  89.2728 166.8155 15.06403756    18
STARLINK-1371
1 45542C 20025M   25222.13520833  .00014034  00000+0  94103-3 0  2227
2 45542  53.0553 336.3280 0001349  95.0622 302.2855 15.06355380    11
STARLINK-1373
1 45544C 20025P   25222.13798611  .00013976  00000+0  93729-3 0  2227
2 45544  53.0548 336.3167 0001290 100.9725  11.4554 15.06350955    14
STARLINK-1294
1 45551C 20025W   25222.12548611  .00074370  00000+0  16995-2 0  2221
2 45551  53.0544 295.5908 0005701  20.4448 225.8368 15.42171847    11
STARLINK-1323
1 45553C 20025Y   25222.14423611  .00148860  00000+0  10554-2 0  2228
2 45553  53.0458 288.9965 0014052 308.0248 238.5306 15.72969368    17
STARLINK-1325
1 45554C 20025Z   25222.13868056  .00244800  00000+0  75656-2 0  2229
2 45554  53.0616 285.8737 0001513  79.4516 238.1388 15.32721287    10
STARLINK-1327
1 45555C 20025AA  25222.13798611  .00011739  00000+0  78711-3 0  2228
2 45555  53.0553 316.3132 0001208 102.4712 159.9467 15.06361329    12
STARLINK-1336
1 45557C 20025AC  25222.14701389  .00129280  00000+0  11072-2 0  2224
2 45557  53.0477 292.9595 0013593 312.8905  40.7423 15.68504812    15
STARLINK-1342
1 45558C 20025AD  25222.13312500  .00157630  00000+0  10083-2 0  2228
2 45558  53.0528 292.0804 0012724 313.4572 239.1404 15.75359668    17
STARLINK-1355
1 45563C 20025AJ  25222.13659722  .00145010  00000+0  60318-3 0  2220
2 45563  53.0377 224.2202 0003677  32.6778 265.9663 15.84857184    19
STARLINK-1356
1 45564C 20025AK  25222.12479167  .00011284  00000+0  75647-3 0  2229
2 45564  53.0551 316.3723 0001181 102.2613  68.5439 15.06365917    15
STARLINK-1357
1 45565C 20025AL  25222.15048611  .00032908  00000+0  14623-2 0  2221
2 45565  53.0542 312.4210 0003792 309.4454 220.4916 15.20966634    16
STARLINK-1363
1 45568C 20025AP  25222.13034722  .00013260  00000+0  88865-3 0  2220
2 45568  53.0540 316.5925 0001308  77.2091 303.5639 15.06378066    18
STARLINK-1321
1 45573C 20025AU  25222.12895833  .00010116  00000+0  67813-3 0  2220
2 45573  53.0544 306.3526 0001263  95.5392  92.9117 15.06371197    17
STARLINK-1331
1 45578C 20025AZ  25222.14423611  .00009481  00000+0  63558-3 0  2223
2 45578  53.0546 306.2846 0001237  74.7192 316.6473 15.06367621    14
STARLINK-1337
1 45582C 20025BD  25222.14215278  .00005052  00000+0  33853-3 0  2221
2 45582  53.0547 306.2950 0001185  94.6578 105.3584 15.06388698    10
STARLINK-1364
1 45589C 20025BL  25222.13868056  .00002544  00000+0  17044-3 0  2222
2 45589  53.0553 306.3106 0001365  84.5740  76.5805 15.06396739    17
STARLINK-1365
1 45590C 20025BM  25222.13937500  .00010022  00000+0  67193-3 0  2225
2 45590  53.0554 336.3072 0001349  99.6728 340.3120 15.06364719    15
STARLINK-1443
1 45660C 20035D   25222.13659722  .00007196  00000+0  48248-3 0  2229
2 45660  53.0543 296.3208 0001472  85.7877  59.0977 15.06367650    16
STARLINK-1448
1 45665C 20035J   25222.13868056  .00007126  00000+0  47752-3 0  2228
2 45665  53.0539 296.3091 0001130  95.9612  40.2303 15.06386943    18
STARLINK-1451
1 45668C 20035M   25222.13798611  .00007830  00000+0  52492-3 0  2229
2 45668  53.0539 296.6312 0001143 100.5450  11.6298 15.06371234    19
STARLINK-1453
1 45670C 20035P   25222.13937500  .00001919  00000+0  12852-3 0  2222
2 45670  53.0531 266.3085 0001157  77.5820 347.3445 15.06402989    19
STARLINK-1454
1 45671C 20035Q   25222.13381944  .00010368  00000+0  69473-3 0  2227
2 45671  53.0543 296.3314 0001349  93.4856 236.3140 15.06384853    18
STARLINK-1456
1 45673C 20035S   25222.11993056  .00009685  00000+0  64898-3 0  2226
2 45673  53.0549 296.3949 0001100  85.5403  88.8865 15.06385966    15
STARLINK-1457
1 45674C 20035T   25222.12826389  .00009533  00000+0  63899-3 0  2224
2 45674  53.0544 296.3587 0001194  98.5482  81.0930 15.06373634    10
STARLINK-1458
1 45675C 20035U   25222.13798611  .00010829  00000+0  72583-3 0  2222
2 45675  53.0543 296.3130 0001306  66.5948 225.8870 15.06373443    10
STARLINK-1392
1 45677C 20035W   25222.14076389  .00008704  00000+0  58358-3 0  2229
2 45677  53.0541 296.2999 0001209  75.4447 332.0262 15.06365746    10
STARLINK-1402
1 45685C 20035AE  25222.12409722  .00005924  00000+0  39700-3 0  2228
2 45685  53.0534 280.7958 0001275  79.2249  85.8127 15.06384372    18
STARLINK-1404
1 45686C 20035AF  25222.12340278  .00005870  00000+0  39355-3 0  2225
2 45686  53.0535 286.3813 0001260  76.9795 111.3068 15.06367845    11
STARLINK-1413
1 45689C 20035AJ  25222.13451389  .00006374  00000+0  42734-3 0  2220
2 45689  53.0532 286.3269 0001236  76.9121  71.6404 15.06367993    18
STARLINK-1417
1 45693C 20035AN  25222.13729167  .00006209  00000+0  41621-3 0  2228
2 45693  53.0533 286.3192 0001265  75.5877 108.0511 15.06372958    15
STARLINK-1422
1 45696C 20035AR  25222.13868056  .00006665  00000+0  44659-3 0  2222
2 45696  53.0535 286.3130 0001193  87.6609  43.5180 15.06390547    18
STARLINK-1351
1 45697C 20035AS  25222.13173611 -.00000544  00000+0 -36457-4 0  2229
2 45697  53.0530 266.3405 0001303  83.2826 140.2404 15.06396950    11
STARLINK-1398
1 45699C 20035AU  25222.14493056  .00071537  00000+0  19370-2 0  2221
2 45699  53.0538 247.2281 0009296 335.6650 146.6539 15.36991729    16
STARLINK-1403
1 45701C 20035AW  25222.13590278 -.00000985  00000+0 -66036-4 0  2222
2 45701  53.0530 266.3221 0001198  96.4095 129.6975 15.06386699    12
STARLINK-1407
1 45703C 20035AY  25222.12826389  .00004671  00000+0  15832-3 0  2229
2 45703  53.0443 241.4361 0004178  74.0556  55.3946 15.29995584    18
STARLINK-1411
1 45706C 20035BB  25222.12270833  .00152580  00000+0  76013-2 0  2229
2 45706  53.0512 264.9750 0001208  68.4428 334.0238 15.16902135    13
STARLINK-1423
1 45710C 20035BF  25222.13590278  .00001541  00000+0  10321-3 0  2224
2 45710  53.0529 266.3235 0001103  78.6176   7.4348 15.06397018    17
STARLINK-1433
1 45711C 20035BG  25222.13937500 -.00000886  00000+0 -59382-4 0  2222
2 45711  53.0521 266.3093 0001293  77.5974 127.3395 15.06402977    11
STARLINK-1434
1 45712C 20035BH  25222.11715278  .00023947  00000+0  14878-2 0  2227
2 45712  53.0520 265.6921 0003718 311.7474 164.3537 15.09143642    18
STARLINK-1465
1 45731C 20038B   25222.13868056  .00014664  00000+0  98329-3 0  2226
2 45731  53.0527 106.3099 0001529  84.1690 297.0926 15.06353526    19
STARLINK-1471
1 45735C 20038F   25222.09145833  .00020647  00000+0  57469-3 0  2224
2 45735  53.0519  65.4343 0000786 148.6546  83.4627 15.36233364    16
STARLINK-1474
1 45738C 20038J   25222.14284722  .00035378  00000+0  50282-3 0  2227
2 45738  53.0415  35.6762 0002073  18.1884 249.6476 15.55730508    16
STARLINK-1475
1 45739C 20038K   25222.12687500  .00152650  00000+0  27611-2 0  2229
2 45739  53.0588   2.2446 0004886 234.9392 250.1698 15.48912193    10
STARLINK-1480
1 45741C 20038M   25222.13451389  .00005268  00000+0  35331-3 0  2228
2 45741  53.0538 106.3313 0001300  86.1587  12.5142 15.06356779    18
STARLINK-1481
1 45742C 20038N   25222.12409722  .00676600  00000+0  10254-2 0  2222
2 45742  53.0346  18.4183 0005970 306.6334 329.8104 16.03096042    15
STARLINK-1500
1 45744C 20038Q   25222.15048611  .00018714  00000+0  76984-3 0  2222
2 45744  53.0343  96.1257 0000946 327.4443  96.5265 15.23600064    11
STARLINK-1504
1 45746C 20038S   25222.14423611  .00070547  00000+0  22705-2 0  2223
2 45746  53.0316  66.7069 0001047 157.6989  94.5426 15.31602303    12
STARLINK-1464
1 45751C 20038X   25222.11854167  .00013469  00000+0  90290-3 0  2225
2 45751  53.0536  86.3988 0001294 100.1218 261.8189 15.06365236    10
STARLINK-1476
1 45753C 20038Z   25222.14631944  .00437510  00000+0  15900-2 0  2227
2 45753  53.0237   7.0160 0008754 258.9824 236.2071 15.87275140    14
STARLINK-1478
1 45755C 20038AB  25222.11506944  .00015805  00000+0  10595-2 0  2221
2 45755  53.0533  86.4180 0001488  81.9700  81.0785 15.06366045    16
STARLINK-1484
1 45756C 20038AC  25222.15048611  .00022422  00000+0  43898-3 0  2224
2 45756  53.0211  19.5021 0001349 222.4737 139.9243 15.46783533    10
STARLINK-1494
1 45760C 20038AG  25222.14909722  .00008755  00000+0  58633-3 0  2223
2 45760  53.0532  86.2657 0001360  92.1578 295.5680 15.06404360    13
STARLINK-1470
1 45772C 20038AU  25222.15187500  .00033883  00000+0  19347-2 0  2227
2 45772  53.0511  63.5997 0003887  67.1525 252.9581 15.12186042    16
STARLINK-1482
1 45773C 20038AV  25222.12270833  .00009961  00000+0  66769-3 0  2228
2 45773  53.0536  66.3819 0001305  84.1426 190.4009 15.06371293    18
STARLINK-1485
1 45774C 20038AW  25222.10673611  .00182070  00000+0  21496-2 0  2228
2 45774  53.0551  37.1168 0004151 174.1329 341.5615 15.60497436    13
STARLINK-1496
1 45780C 20038BC  25222.14076389  .00010520  00000+0  70512-3 0  2222
2 45780  53.0536  66.3017 0001420  81.2459 111.2412 15.06373434    16
STARLINK-1513
1 45786C 20038BJ  25222.13381944  .00008667  00000+0  58085-3 0  2223
2 45786  53.0537  66.3312 0001322  92.5928 262.1955 15.06382108    14
STARLINK-1522
1 46027C 20055A   25222.13243056  .00012275  00000+0  82274-3 0  2229
2 46027  53.0555 356.3365 0001337  91.7606   0.4954 15.06373223    13
STARLINK-1523
1 46028C 20055B   25222.13034722  .00015390  00000+0  10315-2 0  2225
2 46028  53.0561 356.3455 0001311  80.0617 280.9250 15.06369268    14
STARLINK-1555
1 46032C 20055F   25222.12131944  .00012940  00000+0  86752-3 0  2220
2 46032  53.0553 356.3906 0001270  99.8495 332.1541 15.06363287    15
STARLINK-1558
1 46035C 20055J   25222.11784722  .00010579  00000+0  70925-3 0  2221
2 46035  53.0553 356.4004 0001149  91.1994   1.9788 15.06366729    10
STARLINK-1567
1 46038C 20055M   25222.13868056  .00005770  00000+0  38673-3 0  2220
2 46038  53.0551 356.3074 0001375  96.9323 129.2706 15.06377513    14
STARLINK-1569
1 46039C 20055N   25222.11923611  .00012513  00000+0  83884-3 0  2225
2 46039  53.0552 356.3965 0001387  74.8183   5.8918 15.06367102    14
STARLINK-1582
1 46043C 20055S   25222.12548611  .00012520  00000+0  83927-3 0  2220
2 46043  53.0555 356.3697 0001279  95.6240 338.9903 15.06367169    16
STARLINK-1591
1 46045C 20055U   25222.13798611 -.00026387  00000+0 -17675-2 0  2224
2 46045  53.0558 356.3101 0001289  88.1886 274.2667 15.06434957    14
STARLINK-1524
1 46047C 20055W   25222.14006944  .00014310  00000+0  95936-3 0  2226
2 46047  53.0557 346.3050 0001335 100.9512 167.8086 15.06363118    10
STARLINK-1527
1 46048C 20055X   25222.13937500 -.00010844  00000+0 -72677-3 0  2224
2 46048  53.0556 346.3067 0001357  95.2424 189.7030 15.06398084    12
STARLINK-1540
1 46051C 20055AA  25222.12409722  .00011652  00000+0  78122-3 0  2224
2 46051  53.0555 346.3737 0001254 100.7058 281.3837 15.06363850    17
STARLINK-1541
1 46052C 20055AB  25222.13451389  .00017048  00000+0  11429-2 0  2223
2 46052  53.0559 346.3259 0001187  72.9765  85.6156 15.06359603    11
STARLINK-1543
1 46053C 20055AC  25222.13659722  .00017571  00000+0  11777-2 0  2222
2 46053  53.0559 346.3167 0001141  75.7437  74.1519 15.06367451    13
STARLINK-1548
1 46054C 20055AD  25222.13173611  .00011661  00000+0  78191-3 0  2229
2 46054  53.0555 346.3404 0001114 106.5566 336.9556 15.06359178    17
STARLINK-1554
1 46055C 20055AE  25222.11506944  .00012152  00000+0  81440-3 0  2224
2 46055  53.0561 346.4128 0001257 102.7047 330.3606 15.06377041    12
STARLINK-1564
1 46058C 20055AH  25222.13034722  .00011421  00000+0  76557-3 0  2220
2 46058  53.0556 346.8084 0000937  79.6227  16.0125 15.06372029    15
STARLINK-1570
1 46059C 20055AJ  25222.14354167  .00012973  00000+0  86974-3 0  2227
2 46059  53.0557 346.2853 0001188  95.9932 271.5413 15.06363593    12
STARLINK-1572
1 46060C 20055AK  25222.14423611  .00012905  00000+0  86509-3 0  2229
2 46060  53.0551 346.2828 0001286  99.4204 291.9057 15.06365983    15
STARLINK-1525
1 46066C 20055AR  25222.12756944  .00013415  00000+0  89937-3 0  2226
2 46066  53.0552 326.3594 0001153 104.1813 266.7387 15.06362088    13
STARLINK-1536
1 46070C 20055AV  25222.13798611  .00016176  00000+0  10853-2 0  2226
2 46070  53.0556 326.3135 0001276 101.1827  86.3248 15.06333413    13
STARLINK-1542
1 46073C 20055AY  25222.13034722  .00016044  00000+0  10756-2 0  2221
2 46073  53.0552 326.3501 0001311 102.1409  83.8413 15.06361508    18
STARLINK-1549
1 46074C 20055AZ  25222.14076389  .00007564  00000+0  50694-3 0  2221
2 46074  53.0544 326.3037 0001365  77.0853 245.4227 15.06379763    17
STARLINK-1552
1 46076C 20055BB  25222.13590278  .00013997  00000+0  93859-3 0  2227
2 46076  53.0551 326.3203 0001219  70.2823 305.8731 15.06353684    17
STARLINK-1559
1 46077C 20055BC  25222.14493056  .00019885  00000+0  11507-2 0  2226
2 46077  53.0536 324.1680 0002559 122.9907  50.5208 15.11725147    18
STARLINK-1566
1 46079C 20055BE  25222.14145833  .00014520  00000+0  97324-3 0  2228
2 46079  53.0552 326.2968 0001346  73.1835 233.0644 15.06368942    12
STARLINK-1568
1 46080C 20055BF  25222.12062500  .00028662  00000+0  11118-2 0  2225
2 46080  53.0663 307.0337 0001813 195.5387 131.6907 15.25552464    14
STARLINK-1578
1 46082C 20055BH  25222.13729167  .00016143  00000+0  10822-2 0  2229
2 46082  53.0552 326.3188 0001355  93.1069 110.5605 15.06361657    14
STARLINK-1585
1 46117C 20057A   25222.13312500 -.00015064  00000+0 -10100-2 0  2221
2 46117  53.0530 166.3360 0001453  80.6911  80.3582 15.06386897    10
STARLINK-1593
1 46119C 20057C   25222.14145833 -.00013908  00000+0 -93232-3 0  2220
2 46119  53.0528 186.6460 0001476  94.2385 301.8125 15.06393674    11
STARLINK-1601
1 46120C 20057D   25222.13520833 -.00016593  00000+0 -11123-2 0  2229
2 46120  53.0522 186.3245 0001385  87.5542 174.7861 15.06396601    11
STARLINK-1605
1 46123C 20057G   25222.13659722 -.00010352  00000+0 -69426-3 0  2229
2 46123  53.0533 146.3212 0001567  82.9447  27.0257 15.06373229    11
STARLINK-1614
1 46124C 20057H   25222.13868056  .00008514  00000+0  57076-3 0  2225
2 46124  53.0537 146.3099 0001491  89.4758 351.7279 15.06371068    12
STARLINK-1618
1 46125C 20057J   25222.15118056  .00229840  00000+0  11447-2 0  2224
2 46125  53.0460 153.7610 0011238  55.3830  68.9667 15.80866461    18
STARLINK-1621
1 46127C 20057L   25222.14145833 -.00022909  00000+0 -15360-2 0  2225
2 46127  53.0536 166.2931 0001556  93.6344 292.7072 15.06395443    18
STARLINK-1622
1 46128C 20057M   25222.14562500  .00043114  00000+0  18997-2 0  2228
2 46128  53.0530 142.6550 0003929 123.5930 206.3691 15.21243200    16
STARLINK-1623
1 46129C 20057N   25222.12409722 -.00012380  00000+0 -83021-3 0  2227
2 46129  53.0544 146.3749 0001596  99.8339 182.2844 15.06378465    16
STARLINK-1625
1 46131C 20057Q   25222.13312500 -.00024600  00000+0 -16494-2 0  2225
2 46131  53.0533 166.3326 0001439  80.6333   0.4494 15.06397482    10
STARLINK-1586
1 46137C 20057W   25222.12895833  .00230660  00000+0  18357-2 0  2228
2 46137  53.0464 126.4839 0004587 144.9390 353.2921 15.70289403    17
STARLINK-1597
1 46142C 20057AB  25222.14215278 -.00018621  00000+0 -12479-2 0  2227
2 46142  53.0531 186.2929 0001382  92.5505 327.4869 15.06407477    14
STARLINK-1606
1 46144C 20057AD  25222.12618056 -.00022968  00000+0 -15402-2 0  2226
2 46144  53.0535 166.3670 0001488  85.9730  77.4713 15.06391039    11
STARLINK-1608
1 46146C 20057AF  25222.13798611 -.00029068  00000+0 -19485-2 0  2228
2 46146  53.0526 186.3132 0001425  92.7843 244.6669 15.06410626    12
STARLINK-1629
1 46150C 20057AK  25222.11715278  .00105040  00000+0  34190-2 0  2222
2 46150  53.0365 171.1385 0005326 352.0049 115.5681 15.31192180    14
STARLINK-1642
1 46154C 20057AP  25222.12756944  .00018232  00000+0  12213-2 0  2220
2 46154  53.0531 176.3563 0001362  90.9291 184.8957 15.06388182    17
STARLINK-1667
1 46155C 20057AQ  25222.13520833  .00044472  00000+0  20047-2 0  2227
2 46155  53.0564 142.5799 0003743 111.6455 206.2966 15.20463633    18
STARLINK-1587
1 46157C 20057AS  25222.13173611 -.00021133  00000+0 -14171-2 0  2229
2 46157  53.0542 146.3387 0001526  85.3144 198.2776 15.06389232    15
STARLINK-1595
1 46159C 20057AU  25222.12479167 -.00025861  00000+0 -17333-2 0  2220
2 46159  53.0536 186.3713 0001462  91.0265 314.8135 15.06413186    15
STARLINK-1598
1 46160C 20057AV  25222.14215278 -.00013158  00000+0 -88209-3 0  2222
2 46160  53.0530 166.2924 0001574  82.1115 107.9235 15.06389988    15
STARLINK-1612
1 46164C 20057AZ  25222.10187500  .00053326  00000+0  21600-2 0  2228
2 46164  53.0477 142.1287 0002462 135.2124  41.3735 15.24081513    10
STARLINK-1627
1 46168C 20057BD  25222.14145833 -.00002203  00000+0 -14770-3 0  2220
2 46168  53.0537 136.3825 0001375 100.1355 331.1151 15.06367782    10
STARLINK-1628
1 46169C 20057BE  25222.14979167  .00092814  00000+0  88117-3 0  2227
2 46169  53.0431 110.1741 0000250 246.5533 339.5116 15.66140607    19
STARLINK-1635
1 46172C 20057BH  25222.12409722 -.00036491  00000+0 -24464-2 0  2229
2 46172  53.0535 166.3724 0001506  83.5329 188.5977 15.06413683    17
STARLINK-1640
1 46173C 20057BJ  25222.13104167 -.00023250  00000+0 -15582-2 0  2226
2 46173  53.0534 186.3442 0001471  91.9629 327.7975 15.06411414    18
STARLINK-1641
1 46174C 20057BK  25222.13590278 -.00031584  00000+0 -21173-2 0  2221
2 46174  53.0531 186.3205 0001479  87.4155 318.7422 15.06409881    17
STARLINK-1734
1 46325C 20062A   25222.10673611  .00128950  00000+0  30433-2 0  2226
2 46325  53.0310 174.7799 0003318 125.5485 304.0952 15.41162547    13
STARLINK-1654
1 46326C 20062B   25222.13729167 -.00000005  00000+0 -33251-6 0  2225
2 46326  53.0521 246.5570 0001577  89.6670 273.8052 15.06386560    12
STARLINK-1686
1 46328C 20062D   25222.12201389 -.00000244  00000+0 -16343-4 0  2223
2 46328  53.0521 226.3840 0001250  82.2381 188.4632 15.06397376    18
STARLINK-1695
1 46329C 20062E   25222.11715278 -.00002111  00000+0 -14140-3 0  2227
2 46329  53.0524 226.4054 0001242  81.7767 342.5738 15.06407804    11
STARLINK-1719
1 46331C 20062G   25222.12479167  .00000411  00000+0  27551-4 0  2225
2 46331  53.0518 246.3713 0001382  89.0149 246.6744 15.06402170    12
STARLINK-1727
1 46335C 20062L   25222.12409722 -.00000827  00000+0 -55375-4 0  2227
2 46335  53.0520 246.3742 0000938  86.6787 305.3673 15.06401731    14
STARLINK-1738
1 46336C 20062N   25222.12340278  .00012827  00000+0  43016-3 0  2227
2 46336  53.0538 223.1545 0001173  58.1310 238.4675 15.30338060    15
STARLINK-1750
1 46337C 20062P   25222.12270833 -.00002095  00000+0 -14040-3 0  2220
2 46337  53.0512 226.3835 0001241  80.9722 273.5518 15.06398479    10
STARLINK-1752
1 46338C 20062Q   25222.12270833 -.00001134  00000+0 -75890-4 0  2225
2 46338  53.0517 246.3842 0000955  72.6901  11.7892 15.06428117    14
STARLINK-1762
1 46342C 20062U   25222.10673611  .00001501  00000+0  10059-3 0  2220
2 46342  53.0519 246.4525 0001252  86.1781 131.6646 15.06397368    19
STARLINK-1765
1 46344C 20062W   25222.12062500  .00000866  00000+0  57996-4 0  2228
2 46344  53.0519 226.3882 0001315  84.5288 138.6643 15.06402798    16
STARLINK-1767
1 46345C 20062X   25222.13173611  .00079653  00000+0  24626-2 0  2228
2 46345  53.0533 243.2589 0002690  19.7307  36.8051 15.32871438    16
STARLINK-1553
1 46348C 20062AA  25222.13520833  .00040457  00000+0  18224-2 0  2220
2 46348  53.0469 210.8641 0002410 134.7186 178.2480 15.20495273    12
STARLINK-1575
1 46349C 20062AB  25222.15118056  .00067632  00000+0  25587-2 0  2227
2 46349  53.0456 196.2257 0004765  46.8751  35.9987 15.26332530    18
STARLINK-1646
1 46351C 20062AD  25222.14284722 -.00002884  00000+0 -19341-3 0  2225
2 46351  53.0509 226.2921 0001066  85.0166  58.8777 15.06369193    12
STARLINK-1656
1 46353C 20062AF  25222.14284722 -.00002260  00000+0 -15145-3 0  2223
2 46353  53.0528 246.2918 0001133  86.4617 167.3180 15.06395065    15
STARLINK-1661
1 46355C 20062AH  25222.13868056 -.00000608  00000+0 -40759-4 0  2226
2 46355  53.0515 246.3106 0001129  86.6683 344.5225 15.06393691    15
STARLINK-1666
1 46357C 20062AK  25222.14354167 -.00064927  00000+0 -43508-2 0  2229
2 46357  53.0514 226.2869 0001362  92.6129 314.9465 15.06458607    16
STARLINK-1707
1 46359C 20062AM  25222.13520833  .00046818  00000+0  20849-2 0  2225
2 46359  53.0467 193.0583 0004450  44.3461 124.6890 15.20875003    10
STARLINK-1713
1 46360C 20062AN  25222.13104167  .00179530  00000+0  19509-2 0  2224
2 46360  53.0422 168.9603 0010976  25.9283 312.9111 15.62570955    16
STARLINK-1724
1 46375C 20062BD  25222.13312500  .00045296  00000+0  21616-2 0  2225
2 46375  53.0508 198.2620 0004815  44.3254  10.9936 15.18495153    17
STARLINK-1742
1 46376C 20062BE  25222.11090278  .00066415  00000+0  25767-2 0  2226
2 46376  53.0413 187.7884 0009184 100.8723 112.6916 15.25468799    13
STARLINK-1769
1 46382C 20062BL  25222.11993056 -.00062719  00000+0 -42036-2 0  2222
2 46382  53.0525 201.3949 0001461  99.0141 297.9564 15.06449332    19
STARLINK-1770
1 46383C 20062BM  25222.07895833  .00047689  00000+0  17559-2 0  2221
2 46383  53.0553 241.2320 0005019   3.8004 118.7556 15.27245567    19
STARLINK-1771
1 46384C 20062BN  25222.11715278 -.00002091  00000+0 -14007-3 0  2227
2 46384  53.0520 246.4088 0001170  86.3554 348.0097 15.06401986    16
STARLINK-1648
1 46533C 20070B   25222.13381944  .00009406  00000+0  63035-3 0  2223
2 46533  53.0535  46.3318 0001359  93.1952  11.5938 15.06380615    19
STARLINK-1663
1 46535C 20070D   25222.14284722  .00006150  00000+0  41217-3 0  2223
2 46535  53.0539  46.2900 0001259  94.0406 219.7608 15.06380568    17
STARLINK-1672
1 46537C 20070F   25222.12965278  .00008156  00000+0  54668-3 0  2227
2 46537  53.0539  46.3511 0001209  87.9179  14.2700 15.06374054    15
STARLINK-1678
1 46538C 20070G   25222.06854167  .00107420  00000+0  34249-2 0  2221
2 46538  53.0542  43.6705 0001127 237.8246  93.5165 15.31867297    14
STARLINK-1687
1 46541C 20070K   25222.10743056  .00009735  00000+0  65259-3 0  2220
2 46541  53.0547  26.4485 0001292  95.8662 115.7598 15.06370705    16
STARLINK-1692
1 46542C 20070L   25222.10812500  .00127380  00000+0  29350-2 0  2220
2 46542  53.0392  18.7885 0007945 250.0823  19.6872 15.41854300    12
STARLINK-1700
1 46549C 20070T   25222.02340278  .00124820  00000+0  35636-2 0  2226
2 46549  53.0504  23.1087 0003767 219.5187 108.7833 15.35330599    18
STARLINK-1664
1 46553C 20070X   25222.13104167  .00008684  00000+0  58219-3 0  2220
2 46553  53.0551  16.3516 0001295  81.1667 333.5784 15.06366189    11
STARLINK-1681
1 46559C 20070AD  25222.12826389  .00068090  00000+0  26904-2 0  2224
2 46559  53.0705   2.9065 0004342  71.7124 335.5902 15.24891575    13
STARLINK-1733
1 46564C 20070AJ  25222.12270833  .00008467  00000+0  56767-3 0  2220
2 46564  53.0546  26.4543 0001262  83.1404 111.3699 15.06367106    11
STARLINK-1735
1 46565C 20070AK  25222.12270833  .00008842  00000+0  59275-3 0  2225
2 46565  53.0548  26.3849 0001408  80.1435 274.3934 15.06370701    12
STARLINK-1740
1 46566C 20070AL  25222.11368056  .00415560  00000+0  23714-1 0  2226
2 46566  53.0538  26.3655 0001459  84.9154 328.5512 15.11832737    15
STARLINK-1660
1 46574C 20070AU  25221.45187500  .00315580  00000+0  17255-2 0  2218
2 46574  53.0367 342.5457 0010711 315.8423 155.8240 15.78754163    11
STARLINK-1675
1 46575C 20070AV  25222.15118056  .00073197  00000+0  10902-2 0  2225
2 46575  53.0495 330.1782 0000543 248.5590 170.8146 15.54421423    13
STARLINK-1677
1 46576C 20070AW  25222.12131944  .00009438  00000+0  63262-3 0  2229
2 46576  53.0546  31.3899 0001196  92.2996 127.1828 15.06375628    13
STARLINK-1683
1 46578C 20070AY  25222.10673611  .00066988  00000+0  26795-2 0  2223
2 46578  53.0266   2.3994 0001725  15.4057 100.8564 15.24490469    17
STARLINK-1705
1 46579C 20070AZ  25222.07201389  .00112790  00000+0  34511-2 0  2227
2 46579  53.0527  28.0575 0002697 249.6348   4.5482 15.33166641    12
STARLINK-1712
1 46581C 20070BB  25222.02548611  .00105150  00000+0  34957-2 0  2223
2 46581  53.0570  21.7973 0004961 256.5033  93.3605 15.30514259    11
STARLINK-1728
1 46582C 20070BC  25222.10881944  .00008455  00000+0  56681-3 0  2221
2 46582  53.0547  26.4394 0001256  85.2820  13.9138 15.06368375    18
STARLINK-1736
1 46585C 20070BF  25222.12270833  .00007957  00000+0  53329-3 0  2227
2 46585  53.0547  26.7262 0001420  94.7523 139.5247 15.06381303    18
STARLINK-1746
1 46588C 20070BJ  25222.12479167  .00007320  00000+0  49051-3 0  2222
2 46588  53.0547  26.3684 0001202  81.0702 144.6735 15.06385020    10
STARLINK-1716
1 46672C 20073C   25222.12201389  .00011601  00000+0  77790-3 0  2226
2 46672  53.0542 111.3848 0001458  95.4709 327.8458 15.06358215    18
STARLINK-1781
1 46685C 20073R   25222.12687500 -.00004341  00000+0 -29115-3 0  2226
2 46685  53.0532 126.6309 0001518  85.1484 221.8865 15.06360620    13
STARLINK-1788
1 46689C 20073V   25222.12062500 -.00003160  00000+0 -21194-3 0  2224
2 46689  53.0538 127.0453 0001729 100.0521  12.8311 15.06364072    10
STARLINK-1789
1 46690C 20073W   25222.12548611  .00006606  00000+0  44298-3 0  2224
2 46690  53.0531 101.3689 0001373  83.7738  33.3854 15.06359303    14
STARLINK-1792
1 46693C 20073Z   25222.09423611  .00327790  00000+0  19160-2 0  2224
2 46693  53.0175  33.0633 0004646 258.5357 356.8723 15.77331593    13
STARLINK-1797
1 46698C 20073AE  25222.12756944  .00012050  00000+0  80787-3 0  2225
2 46698  53.0536 111.9401 0001317  90.3715 262.6289 15.06363963    19
STARLINK-1801
1 46701C 20073AH  25222.12270833  .00002916  00000+0  19554-3 0  2222
2 46701  53.0538 111.3794 0001293  77.8850 329.2186 15.06364094    10
STARLINK-1802
1 46702C 20073AJ  25222.11645833  .00015509  00000+0  10394-2 0  2222
2 46702  53.0534  91.4079 0001584  82.7857 220.2493 15.06374743    19
STARLINK-1805
1 46705C 20073AM  25222.11020833 -.00001556  00000+0 -10434-3 0  2227
2 46705  53.0540 126.4365 0001526  99.6202  37.1443 15.06366401    15
STARLINK-1807
1 46706C 20073AN  25222.11715278  .00021569  00000+0  14014-2 0  2223
2 46706  53.0531 111.3039 0002456 141.5922 227.4299 15.07510818    13
STARLINK-1810
1 46709C 20073AR  25222.11854167 -.00001514  00000+0 -10153-3 0  2228
2 46709  53.0531 126.5241 0001526  75.8344 246.0523 15.06360485    12
STARLINK-1814
1 46712C 20073AU  25222.12618056  .00012337  00000+0  82742-3 0  2224
2 46712  53.0531 111.4903 0001551  88.4731  77.3648 15.06350444    19
STARLINK-1815
1 46713C 20073AV  25222.12687500  .00009512  00000+0  63780-3 0  2227
2 46713  53.0530 111.3549 0001372  92.5574  82.2544 15.06360093    17
STARLINK-1816
1 46714C 20073AW  25222.11437500  .00006027  00000+0  40436-3 0  2221
2 46714  53.0527 111.4180 0001452  71.3592  90.5867 15.06344716    14
STARLINK-1817
1 46715C 20073AX  25222.11159722  .00010237  00000+0  68654-3 0  2229
2 46715  53.0528 111.4329 0001408  78.5699  88.1996 15.06354333    11
STARLINK-1820
1 46717C 20073AZ  25222.13104167  .00065623  00000+0  25220-2 0  2226
2 46717  53.0623  96.7839 0003707  21.1725 109.7697 15.25819793    13
STARLINK-1821
1 46718C 20073BA  25222.11993056  .00030389  00000+0  15777-2 0  2225
2 46718  53.0518 124.0652 0004052 115.0055 256.5135 15.15571851    15
STARLINK-1822
1 46719C 20073BB  25222.12479167  .00435360  00000+0  17255-2 0  2220
2 46719  53.0427  51.5102 0003042 153.1454 200.7817 15.85570546    18
STARLINK-1826
1 46723C 20073BF  25222.12409722  .00012859  00000+0  86208-3 0  2224
2 46723  53.0529  86.3731 0001419  97.3905 254.6946 15.06364650    17
STARLINK-1828
1 46725C 20073BH  25222.12131944 -.00009063  00000+0 -60784-3 0  2220
2 46725  53.0530 126.3866 0001497 100.6263 216.4312 15.06368816    17
STARLINK-1830
1 46727C 20073BK  25222.11506944  .00011299  00000+0  75767-3 0  2226
2 46727  53.0533  86.4157 0001355  82.7691 300.3544 15.06358349    19
STARLINK-1892
1 46743C 20074E   25222.11229167 -.00030965  00000+0 -20754-2 0  2222
2 46743  53.0528 191.4293 0001470  86.6173  83.9135 15.06416821    15
STARLINK-1905
1 46746C 20074H   25222.12131944 -.00029231  00000+0 -19589-2 0  2229
2 46746  53.0528 191.3858 0001411  88.8489 310.6326 15.06421108    19
STARLINK-1911
1 46749C 20074L   25222.11993056 -.00020026  00000+0 -13421-2 0  2223
2 46749  53.0526 191.3916 0001431  91.1749 320.7667 15.06409844    16
STARLINK-1922
1 46753C 20074Q   25222.11229167 -.00036822  00000+0 -24680-2 0  2223
2 46753  53.0526 191.4298 0001455  87.2249  63.3101 15.06421645    18
STARLINK-1903
1 46764C 20074AB  25222.11923611  .00083090  00000+0  97921-3 0  2226
2 46764  53.0251 142.3696 0002014  59.8519 123.2642 15.60651962    12
STARLINK-1832
1 46780C 20074AT  25222.12409722 -.00001267  00000+0 -84950-4 0  2224
2 46780  53.0526 181.3764 0001626  89.5138 300.0766 15.06379926    18
STARLINK-1835
1 46782C 20074AV  25222.11923611 -.00030997  00000+0 -20778-2 0  2221
2 46782  53.0534 181.3947 0001433  83.8719 339.3334 15.06413233    16
STARLINK-1882
1 46784C 20074AX  25222.11576389 -.00023723  00000+0 -15903-2 0  2222
2 46784  53.0527 181.6403 0001440  83.1417 101.0701 15.06402162    17
STARLINK-1893
1 46786C 20074AZ  25222.12479167 -.00018628  00000+0 -12487-2 0  2223
2 46786  53.0529 161.3704 0001426  92.1103  91.2216 15.06399370    13
STARLINK-1934
1 46792C 20074BF  25222.11159722 -.00022878  00000+0 -15334-2 0  2227
2 46792  53.0536 181.4308 0001436  87.0298 314.7286 15.06408504    10
STARLINK-1942
1 46794C 20074BH  25222.11923611 -.00025417  00000+0 -17035-2 0  2227
2 46794  53.0531 191.3944 0001423  82.6199 165.5797 15.06412133    12
STARLINK-1944
1 46796C 20074BK  25222.12062500 -.00030263  00000+0 -20284-2 0  2226
2 46796  53.0529 181.3922 0001392  91.4372 299.3240 15.06414022    10
STARLINK-1812
1 47126C 20088E   25222.11090278 -.00028284  00000+0 -18962-2 0  2221
2 47126  53.0529 171.4324 0001497  82.2048 190.7803 15.06404027    11
STARLINK-1845
1 47135C 20088P   25222.11020833 -.00023354  00000+0 -15658-2 0  2223
2 47135  53.0533 161.4387 0001396  82.0101 342.2082 15.06396999    11
STARLINK-1856
1 47143C 20088X   25222.11229167 -.00015482  00000+0 -10377-2 0  2229
2 47143  53.0534 161.4258 0001644  86.4841 328.9249 15.06398925    10
STARLINK-1863
1 47150C 20088AE  25222.13520833  .00144310  00000+0  21177-2 0  2224
2 47150  53.0488 133.3301 0006895 150.7604 212.7998 15.54728522    12
STARLINK-1873
1 47158C 20088AN  25222.10534722  .00009437  00000+0  63191-3 0  2224
2 47158  53.0532 161.4588 0001421  89.3304 328.3715 15.06410654    15
STARLINK-1876
1 47161C 20088AR  25222.11090278 -.00030798  00000+0 -20646-2 0  2225
2 47161  53.0536 161.4311 0001529 100.4304 167.6084 15.06409107    15
STARLINK-1913
1 47179C 20088BK  25222.12201389 -.00026902  00000+0 -18029-2 0  2226
2 47179  53.0533 181.3827 0001371  86.3542  71.8861 15.06417443    16
STARLINK-2017
1 47351C 21005C   25222.08104167  .00002017  00000+0  13512-3 0  2221
2 47351  53.0520 251.5577 0001224  87.0940 348.9703 15.06396905    15
STARLINK-2034
1 47352C 21005D   25222.12131944  .00007969  00000+0  53402-3 0  2223
2 47352  53.0542 291.3897 0001350  90.5736  98.8227 15.06386378    14
STARLINK-2045
1 47353C 21005E   25222.12548611 -.00000018  00000+0 -12318-5 0  2220
2 47353  53.0517 236.3669 0001287  87.1325   7.4575 15.06400489    10
STARLINK-2050
1 47357C 21005J   25222.11020833  .00008279  00000+0  55503-3 0  2220
2 47357  53.0538 291.8642 0001064  95.2668 293.6520 15.06367190    17
STARLINK-2055
1 47358C 21005K   25222.12756944  .00000570  00000+0  38178-4 0  2227
2 47358  53.0529 261.3500 0001190  80.0417 253.4860 15.06399466    19
STARLINK-2069
1 47359C 21005L   25222.08868056  .00049823  00000+0  95003-3 0  2224
2 47359  53.0211 230.1855 0003879  51.5439  70.3037 15.47509577    11
STARLINK-2071
1 47361C 21005N   25222.11576389  .00000762  00000+0  51061-4 0  2222
2 47361  53.0525 261.4146 0001270  89.9925 134.3213 15.06392178    19
STARLINK-2076
1 47362C 21005P   25222.12270833  .00008947  00000+0  59954-3 0  2220
2 47362  53.0535 291.3804 0001294  78.8637 298.1431 15.06385465    19
STARLINK-2081
1 47366C 21005T   25222.12062500 -.00000919  00000+0 -61593-4 0  2220
2 47366  53.0543 291.3918 0001018  87.8590 117.8741 15.06391810    12
STARLINK-2084
1 47368C 21005V   25222.12756944  .00007158  00000+0  47988-3 0  2225
2 47368  53.0535 291.3631 0000884  95.5196  47.8790 15.06369630    16
STARLINK-2086
1 47370C 21005X   25222.10604167  .00082603  00000+0  25460-2 0  2223
2 47370  53.0511 246.0431 0005138   1.6461 121.6904 15.32955406    17
STARLINK-2093
1 47374C 21005AB  25222.12479167  .00009762  00000+0  65431-3 0  2227
2 47374  53.0541 291.3432 0001138  93.1140 235.2016 15.06375272    18
STARLINK-2094
1 47375C 21005AC  25222.10395833  .00010118  00000+0  67801-3 0  2223
2 47375  53.0541 291.4668 0001259  86.9139  88.3617 15.06384573    11
STARLINK-2097
1 47377C 21005AE  25222.11993056  .00009781  00000+0  65561-3 0  2222
2 47377  53.0537 291.3970 0001150  94.7725 227.1761 15.06375335    10
STARLINK-2098
1 47378C 21005AF  25222.12409722 -.00002441  00000+0 -16357-3 0  2223
2 47378  53.0524 251.3754 0001065  90.7741 293.7550 15.06394111    10
STARLINK-2099
1 47379C 21005AG  25222.12548611 -.00001667  00000+0 -11168-3 0  2229
2 47379  53.0522 251.3605 0001061  74.7346 282.4210 15.06414816    16
STARLINK-2101
1 47381C 21005AJ  25222.11923611  .00001352  00000+0  90579-4 0  2221
2 47381  53.0521 266.4858 0001163  88.0504 347.5534 15.06399536    15
STARLINK-2102
1 47382C 21005AK  25222.09423611  .00001472  00000+0  98650-4 0  2225
2 47382  53.0524 261.5113 0001154  87.2287 340.2626 15.06391718    14
STARLINK-2103
1 47383C 21005AL  25222.12548611 -.00001666  00000+0 -11158-3 0  2222
2 47383  53.0525 251.6497 0001241  89.8149 262.0320 15.06412042    19
STARLINK-2104
1 47384C 21005AM  25222.10812500  .00001851  00000+0  12408-3 0  2225
2 47384  53.0527 261.6881 0001167  90.1087 132.6215 15.06387191    14
STARLINK-2106
1 47386C 21005AP  25222.12270833  .00000952  00000+0  63790-4 0  2228
2 47386  53.0523 261.3830 0001013  80.9584  81.0245 15.06392462    19
STARLINK-2109
1 47388C 21005AR  25222.12756944  .00007326  00000+0  49112-3 0  2225
2 47388  53.0539 291.3627 0001006  85.3090  98.0793 15.06372771    15
STARLINK-2110
1 47389C 21005AS  25222.11159722  .00005391  00000+0  36131-3 0  2223
2 47389  53.0527 271.4216 0001224  81.3042 130.5516 15.06381382    14
STARLINK-2111
1 47390C 21005AT  25222.12687500  .00009375  00000+0  62817-3 0  2222
2 47390  53.0539 291.3635 0001097  88.2570 231.3605 15.06385953    12
STARLINK-2112
1 47391C 21005AU  25222.11854167  .00000282  00000+0  18874-4 0  2220
2 47391  53.0531 261.4011 0001028  91.8262 132.7088 15.06386317    17
STARLINK-2113
1 47392C 21005AV  25222.11715278  .00000085  00000+0  56621-5 0  2224
2 47392  53.0531 261.4071 0001202  89.6769 122.1876 15.06401832    13
STARLINK-2114
1 47393C 21005AW  25222.12131944  .00000262  00000+0  17579-4 0  2223
2 47393  53.0516 236.7423 0001303  84.2936   7.4230 15.06396828    19
STARLINK-2117
1 47395C 21005AY  25222.12201389 -.00002204  00000+0 -14769-3 0  2223
2 47395  53.0522 251.3852 0000810  73.8755 279.3808 15.06399491    12
STARLINK-2119
1 47397C 21005BA  25222.12409722  .00007147  00000+0  47908-3 0  2226
2 47397  53.0540 291.3781 0000954  90.4466  54.0889 15.06375104    14
STARLINK-2121
1 47399C 21005BC  25222.11854167  .00028828  00000+0  19331-2 0  2221
2 47399  53.0530 271.6409 0001037  81.2139 343.0021 15.06339293    19
STARLINK-2122
1 47400C 21005BD  25222.11020833  .00000559  00000+0  37448-4 0  2221
2 47400  53.0519 251.4463 0001214  85.2266 143.8916 15.06400499    13
STARLINK-2123
1 47401C 21005BE  25222.11923611  .00000143  00000+0  95620-5 0  2224
2 47401  53.0527 261.3972 0001099  94.1484  89.0253 15.06386759    17
STARLINK-2128
1 47404C 21005BH  25222.12340278  .00001920  00000+0  12867-3 0  2224
2 47404  53.0527 261.3796 0001156  90.1718 355.6117 15.06387162    14
STARLINK-2130
1 47405C 21005BJ  25222.12409722  .00007593  00000+0  50871-3 0  2224
2 47405  53.0540 291.3785 0001178  92.9264  91.6134 15.06393050    10
STARLINK-2135
1 47408C 21005BM  25222.10881944  .00001903  00000+0  12752-3 0  2220
2 47408  53.0522 261.4446 0001079  84.4577 342.1585 15.06388473    15
STARLINK-1955
1 47556C 21009J   25222.09145833  .00059760  00000+0  22818-2 0  2223
2 47556  53.0556 262.6215 0005302 337.1210 122.2883 15.26033563    15
STARLINK-1962
1 47563C 21009R   25222.12131944 -.00002003  00000+0 -13420-3 0  2223
2 47563  53.0522 251.3901 0001090  86.2032 303.2725 15.06403444    10
STARLINK-1964
1 47565C 21009T   25222.12062500 -.00000132  00000+0 -88175-5 0  2228
2 47565  53.0515 241.3920 0001235  87.5449 313.1783 15.06398482    10
STARLINK-1965
1 47566C 21009U   25222.12687500  .00056363  00000+0  21266-2 0  2222
2 47566  53.0333 215.8640 0002689 292.6175 192.8595 15.26440876    13
STARLINK-1966
1 47567C 21009V   25222.12270833  .00591230  00000+0  11705-2 0  2224
2 47567  53.0153 200.9546 0006661   9.3480  69.0840 15.98605579    10
STARLINK-1967
1 47568C 21009W   25222.11576389  .00002515  00000+0  16854-3 0  2223
2 47568  53.0528 271.4109 0001152  85.9477 343.4133 15.06393194    11
STARLINK-1971
1 47572C 21009AA  25222.09979167 -.00001542  00000+0 -10330-3 0  2220
2 47572  53.0516 241.4867 0001149  72.4446 355.1965 15.06398080    16
STARLINK-1978
1 47576C 21009AE  25222.12618056  .00089436  00000+0  27340-2 0  2229
2 47576  53.0557 216.0997 0007233 338.9545  91.9907 15.33196015    12
STARLINK-1991
1 47587C 21009AR  25222.10256944 -.00001690  00000+0 -11328-3 0  2221
2 47587  53.0521 241.4739 0000965  96.7909 325.9595 15.06390502    19
STARLINK-1993
1 47588C 21009AS  25222.12201389  .00001013  00000+0  67877-4 0  2225
2 47588  53.0526 251.3856 0001517  76.0251 137.2161 15.06401151    16
STARLINK-1997
1 47592C 21009AW  25222.12479167  .00003392  00000+0  22727-3 0  2227
2 47592  53.0526 271.3723 0001249  85.8961 252.4063 15.06398145    13
STARLINK-2001
1 47596C 21009BA  25222.12201389  .00002699  00000+0  18076-3 0  2221
2 47596  53.0522 271.3872 0001426  67.1831 295.9298 15.06406049    19
STARLINK-2021
1 47604C 21009BJ  25222.12201389 -.00001534  00000+0 -10276-3 0  2224
2 47604  53.0528 241.3849 0001195  86.2777 141.9704 15.06403519    11
STARLINK-2024
1 47606C 21009BL  25222.12687500  .00070414  00000+0  22056-2 0  2228
2 47606  53.0527 236.0755 0004972  10.2548  60.8975 15.32455714    10
STARLINK-1655
1 47623C 21012D   25222.14354167  .00051010  00000+0  34217-2 0  2226
2 47623  53.0510 236.2901 0001492  75.3759 277.2036 15.06304858    11
STARLINK-1669
1 47624C 21012E   25222.13173611  .00060668  00000+0  22982-2 0  2224
2 47624  53.0507 278.9738 0000693  24.5217  77.0802 15.26308366    13
STARLINK-1973
1 47628C 21012J   25222.11854167  .00006925  00000+0  46415-3 0  2222
2 47628  53.0546 301.3905 0001295  92.7861  31.7681 15.06376664    14
STARLINK-1983
1 47630C 21012L   25222.12479167  .00006866  00000+0  46007-3 0  2220
2 47630  53.0535 281.4590 0001189  90.2728  32.9997 15.06390598    15
STARLINK-1992
1 47632C 21012N   25222.12062500 -.00021559  00000+0 -14444-2 0  2228
2 47632  53.0527 206.3903 0001267  71.4120  66.8483 15.06421330    11
STARLINK-2022
1 47643C 21012Z   25222.12270833  .00060744  00000+0  23280-2 0  2225
2 47643  53.0369 274.0794 0007485 315.8951 261.9036 15.25894683    10
STARLINK-2031
1 47648C 21012AE  25222.12409722  .00005592  00000+0  37479-3 0  2227
2 47648  53.0535 281.3755 0001246  93.4539 286.0997 15.06378772    17
STARLINK-2032
1 47649C 21012AF  25222.12062500  .00005537  00000+0  37115-3 0  2223
2 47649  53.0536 281.3904 0001351  97.5099 243.2040 15.06375998    19
STARLINK-2033
1 47650C 21012AG  25222.11854167  .00006737  00000+0  45141-3 0  2223
2 47650  53.0535 281.3997 0001216  87.2208 322.1819 15.06391488    13
STARLINK-2039
1 47655C 21012AM  25222.12131944  .00011702  00000+0  78429-3 0  2223
2 47655  53.0548 301.3883 0001177  97.0670  17.4405 15.06375923    18
STARLINK-2041
1 47657C 21012AP  25222.12340278  .00010648  00000+0  71386-3 0  2220
2 47657  53.0545 301.3783 0001305  72.3958 293.4814 15.06367226    11
STARLINK-2052
1 47662C 21012AU  25222.12409722  .00069561  00000+0  24190-2 0  2224
2 47662  53.0512 275.7025 0005607 344.8902  37.3303 15.29089388    12
STARLINK-2058
1 47667C 21012AZ  25222.12548611  .00012097  00000+0  81104-3 0  2221
2 47667  53.0542 301.3687 0001318  92.2722  84.8050 15.06361671    18
STARLINK-2065
1 47672C 21012BE  25222.12409722  .00001703  00000+0  11408-3 0  2228
2 47672  53.0525 271.3777 0001082  81.1278 353.4042 15.06400011    10
STARLINK-2083
1 47676C 21012BJ  25222.11923611 -.00028061  00000+0 -18812-2 0  2222
2 47676  53.0534 171.3929 0001485  85.8734  72.3318 15.06405978    17
STARLINK-2095
1 47679C 21012BM  25222.12687500  .00040420  00000+0  13994-2 0  2227
2 47679  53.0450 278.0960 0004169 338.9682 129.7765 15.29269913    18
STARLINK-2107
1 47723C 21017B   25222.10534722  .00009373  00000+0  62840-3 0  2224
2 47723  53.0553   1.4572 0001174  77.6340 340.2083 15.06364668    11
STARLINK-2116
1 47724C 21017C   25222.12270833  .00010891  00000+0  72999-3 0  2220
2 47724  53.0555   1.3803 0001361  89.5019 222.4789 15.06373798    11
STARLINK-2131
1 47728C 21017G   25222.12270833  .00011723  00000+0  78571-3 0  2221
2 47728  53.0541  71.3841 0001305  92.3498 254.6603 15.06375752    14
STARLINK-2140
1 47730C 21017J   25222.11645833  .00009939  00000+0  66646-3 0  2225
2 47730  53.0527  86.4192 0001452 102.8438  87.8773 15.06358433    12
STARLINK-2143
1 47733C 21017M   25222.10743056  .00013866  00000+0  92948-3 0  2221
2 47733  53.0530  91.4485 0001417  94.9515  79.1990 15.06367187    19
STARLINK-2144
1 47734C 21017N   25222.12062500  .00015217  00000+0  10200-2 0  2224
2 47734  53.0535  81.3879 0001580  84.5883  56.1533 15.06368922    10
STARLINK-2150
1 47739C 21017T   25222.11923611  .00012493  00000+0  83771-3 0  2224
2 47739  53.0537  96.3985 0001499  81.7202 249.0037 15.06355697    11
STARLINK-2159
1 47745C 21017Z   25222.11159722  .00014619  00000+0  98004-3 0  2222
2 47745  53.0536  81.4340 0001611  98.2598 333.5318 15.06364029    14
STARLINK-2161
1 47747C 21017AB  25222.12409722  .00010627  00000+0  71238-3 0  2228
2 47747  53.0532  71.3767 0001302  89.1826 105.3954 15.06370546    15
STARLINK-2162
1 47748C 21017AC  25222.11368056  .00012485  00000+0  83681-3 0  2221
2 47748  53.0533  71.4206 0001342  98.4462  79.6187 15.06371618    11
STARLINK-2164
1 47750C 21017AE  25222.12131944  .00011786  00000+0  78997-3 0  2226
2 47750  53.0533  71.3857 0001416  96.6735 162.8347 15.06373603    19
STARLINK-2169
1 47752C 21017AG  25222.10048611  .00012522  00000+0  83925-3 0  2220
2 47752  53.0533  76.4799 0001518  94.3403  64.6127 15.06373427    11
STARLINK-2170
1 47753C 21017AH  25222.10743056  .00009017  00000+0  60460-3 0  2220
2 47753  53.0531  81.4512 0001249  77.7901 251.3913 15.06361510    16
STARLINK-2171
1 47754C 21017AJ  25222.12062500  .00013187  00000+0  88376-3 0  2220
2 47754  53.0537  81.3927 0001352  89.5111 111.2069 15.06375571    19
STARLINK-2178
1 47760C 21017AQ  25222.11784722  .00013657  00000+0  91538-3 0  2229
2 47760  53.0532  91.4055 0001366  90.2415  20.3910 15.06370460    13
STARLINK-2180
1 47762C 21017AS  25222.11993056  .00012753  00000+0  85500-3 0  2221
2 47762  53.0533  96.4024 0001268  99.4033  75.0828 15.06362788    14
STARLINK-2185
1 47767C 21017AX  25222.12201389  .00009585  00000+0  64267-3 0  2224
2 47767  53.0529  81.3842 0001318  88.0696 300.2479 15.06361310    15
STARLINK-2194
1 47771C 21017BB  25222.12409722  .00012288  00000+0  82378-3 0  2227
2 47771  53.0526  76.3731 0001384  79.9145 307.1552 15.06366203    13
STARLINK-2195
1 47772C 21017BC  25222.12409722  .00014996  00000+0  10055-2 0  2228
2 47772  53.0536  91.3777 0001520  80.1033   4.4935 15.06355865    18
STARLINK-2196
1 47773C 21017BD  25222.12687500  .00015903  00000+0  10663-2 0  2225
2 47773  53.0534  91.3645 0001330  80.3902  39.2740 15.06356527    13
STARLINK-2209
1 47776C 21017BG  25222.10395833  .00015953  00000+0  10695-2 0  2221
2 47776  53.0532  81.4676 0001242  76.3381  93.9643 15.06362136    18
STARLINK-2211
1 47778C 21017BJ  25222.11229167  .00009434  00000+0  63256-3 0  2229
2 47778  53.0532  81.4263 0001549  84.4268 291.0958 15.06363115    14
STARLINK-2213
1 47780C 21017BL  25222.09909722  .00015737  00000+0  10548-2 0  2229
2 47780  53.0527  81.4883 0001414  85.0819  78.7937 15.06370036    16
STARLINK-2257
1 47787C 21018A   25222.11298611 -.00010162  00000+0 -68153-3 0  2223
2 47787  53.0532 121.4275 0001427 100.3308 219.0087 15.06372011    18
STARLINK-2322
1 47791C 21018E   25222.12479167  .00005850  00000+0  39236-3 0  2222
2 47791  53.0529 121.3743 0001314  76.5441   6.8448 15.06355629    14
STARLINK-2334
1 47792C 21018F   25222.12131944  .00012914  00000+0  86589-3 0  2223
2 47792  53.0535 101.3912 0001532  80.5959 273.8994 15.06357681    11
STARLINK-2338
1 47793C 21018G   25222.09840278  .00004075  00000+0  27315-3 0  2228
2 47793  53.0534 101.4911 0001453  92.4588  57.7112 15.06373979    12
STARLINK-2379
1 47798C 21018M   25222.12340278  .00012486  00000+0  83716-3 0  2224
2 47798  53.0537 101.3793 0001364 101.5566  84.2838 15.06361089    15
STARLINK-2380
1 47799C 21018N   25222.11784722  .00008490  00000+0  56922-3 0  2229
2 47799  53.0537 101.4005 0001426  77.8428  97.8408 15.06364005    18
STARLINK-2383
1 47802C 21018R   25222.11437500 -.00001854  00000+0 -12438-3 0  2226
2 47802  53.0530 126.4199 0001324  74.3407 245.0217 15.06359435    19
STARLINK-2385
1 47804C 21018T   25222.12618056  .00011621  00000+0  77936-3 0  2221
2 47804  53.0531 101.3645 0001421  76.4059 244.5328 15.06350675    18
STARLINK-2386
1 47805C 21018U   25222.12131944  .00007393  00000+0  49573-3 0  2225
2 47805  53.0534 101.6309 0001444  88.7986  25.5773 15.06362849    19
STARLINK-2387
1 47806C 21018V   25222.12618056  .00006531  00000+0  43809-3 0  2229
2 47806  53.0530 116.3772 0001278  74.8328  43.6133 15.06351524    13
STARLINK-2388
1 47807C 21018W   25222.12409722  .00016167  00000+0  10836-2 0  2227
2 47807  53.0527  91.3775 0001216  96.9761  67.5012 15.06371105    11
STARLINK-2391
1 47810C 21018Z   25222.11437500 -.00016185  00000+0 -10853-2 0  2226
2 47810  53.0539 131.4188 0001448  96.9543  54.8859 15.06384648    11
STARLINK-2393
1 47812C 21018AB  25222.11854167 -.00014730  00000+0 -98802-3 0  2225
2 47812  53.0538 131.4000 0001411  75.3432  39.1645 15.06372294    16
STARLINK-2396
1 47815C 21018AE  25222.10326389 -.00005712  00000+0 -38317-3 0  2222
2 47815  53.0539 116.4722 0001327  76.9434  97.1998 15.06359864    12
STARLINK-2399
1 47816C 21018AF  25222.11090278 -.00011764  00000+0 -78901-3 0  2226
2 47816  53.0541 121.4322 0001452  75.3322  92.7262 15.06372406    18
STARLINK-2401
1 47818C 21018AH  25222.12409722 -.00019020  00000+0 -12760-2 0  2220
2 47818  53.0537 126.8411 0001361  81.9253  29.9656 15.06371567    14
STARLINK-2406
1 47821C 21018AL  25222.11923611 -.00010957  00000+0 -73484-3 0  2222
2 47821  53.0540 121.4077 0001497  99.7142 213.5243 15.06374234    12
STARLINK-2407
1 47822C 21018AM  25222.12548611 -.00002005  00000+0 -13451-3 0  2220
2 47822  53.0531 131.3607 0001499  76.4987 220.7772 15.06360409    19
STARLINK-2408
1 47823C 21018AN  25222.11437500 -.00004495  00000+0 -30143-3 0  2226
2 47823  53.0539 121.4090 0001304  84.2810  67.7153 15.06368307    18
STARLINK-2409
1 47824C 21018AP  25222.10256944 -.00012137  00000+0 -81406-3 0  2227
2 47824  53.0539 121.4699 0001382  77.7712  65.0546 15.06372136    10
STARLINK-2411
1 47826C 21018AR  25222.12340278  .00002480  00000+0  16622-3 0  2221
2 47826  53.0536 121.3807 0001339  82.5893  93.1416 15.06379781    16
STARLINK-2415
1 47828C 21018AT  25222.09840278  .00013286  00000+0  89096-3 0  2225
2 47828  53.0531 131.4923 0001184  80.6794  44.5248 15.06354204    17
STARLINK-2422
1 47832C 21018AX  25222.12131944  .00003344  00000+0  22431-3 0  2221
2 47832  53.0530 121.3886 0001346  79.4165 325.1421 15.06355527    15
STARLINK-2423
1 47833C 21018AY  25222.10395833  .00004725  00000+0  31689-3 0  2228
2 47833  53.0537 121.4667 0001476  86.5261  83.7917 15.06359648    16
STARLINK-2424
1 47834C 21018AZ  25222.11020833 -.00004202  00000+0 -28183-3 0  2222
2 47834  53.0536 121.4407 0001272  83.7057  60.5455 15.06367078    10
STARLINK-2429
1 47838C 21018BD  25222.12131944  .00003349  00000+0  22464-3 0  2228
2 47838  53.0534 121.3883 0001558  81.4945 263.0438 15.06356070    18
STARLINK-2432
1 47840C 21018BF  25222.12479167  .00012670  00000+0  84941-3 0  2228
2 47840  53.0542 101.3753 0001444  99.8906  53.4724 15.06363102    11
STARLINK-2433
1 47841C 21018BG  25222.12062500  .00007523  00000+0  50452-3 0  2229
2 47841  53.0534 101.3894 0001403  83.1180  67.6791 15.06358307    16
STARLINK-2446
1 47844C 21018BK  25222.12201389 -.00002572  00000+0 -17249-3 0  2220
2 47844  53.0530 121.3841 0001312  99.4189 288.8639 15.06370526    12
STARLINK-2280
1 47861C 21021B   25222.11159722 -.00007757  00000+0 -52022-3 0  2223
2 47861  53.0532 136.4330 0001376  77.0267  52.2431 15.06373822    17
STARLINK-2291
1 47862C 21021C   25222.12062500  .00000401  00000+0  26877-4 0  2229
2 47862  53.0531 131.3912 0001451  77.3791 208.4073 15.06366996    17
STARLINK-2326
1 47870C 21021L   25222.10812500 -.00018958  00000+0 -12713-2 0  2229
2 47870  53.0537 156.4482 0001420  81.8360  78.5958 15.06387347    11
STARLINK-2329
1 47873C 21021P   25222.12131944 -.00010560  00000+0 -70815-3 0  2229
2 47873  53.0538 131.3855 0001398  85.7969   3.7648 15.06377461    15
STARLINK-2330
1 47874C 21021Q   25222.11854167  .00014537  00000+0  97447-3 0  2224
2 47874  53.0534  86.4076 0001457  92.9001 289.0302 15.06367073    14
STARLINK-2336
1 47879C 21021V   25222.12270833 -.00013633  00000+0 -91403-3 0  2226
2 47879  53.0535 156.3827 0001447  88.3368 351.2096 15.06388901    10
STARLINK-2340
1 47882C 21021Y   25222.12618056  .00080476  00000+0  14481-2 0  2220
2 47882  53.0460  90.3430 0000905 334.0627  90.8518 15.49145278    15
STARLINK-2342
1 47883C 21021Z   25222.10048611 -.00025859  00000+0 -17343-2 0  2229
2 47883  53.0537 146.4822 0001485  78.8864 175.1163 15.06387397    15
STARLINK-2343
1 47884C 21021AA  25222.11645833 -.00007651  00000+0 -51287-3 0  2226
2 47884  53.0536 151.4120 0001904  99.9839 333.0924 15.06389662    11
STARLINK-2346
1 47887C 21021AD  25222.10256944 -.00008378  00000+0 -56098-3 0  2221
2 47887  53.0534 151.4723 0001794  96.0139 161.7423 15.06429682    16
STARLINK-2355
1 47895C 21021AM  25222.11090278 -.00014717  00000+0 -98682-3 0  2226
2 47895  53.0543 141.4332 0001793  98.3398 159.6871 15.06383292    10
STARLINK-2361
1 47901C 21021AT  25222.12548611 -.00017595  00000+0 -11801-2 0  2228
2 47901  53.0542 131.4534 0001429  75.4945  16.6450 15.06377901    15
STARLINK-2363
1 47903C 21021AV  25222.12756944 -.00019496  00000+0 -13076-2 0  2228
2 47903  53.0538 131.3510 0001341  83.9935 344.6264 15.06378271    19
STARLINK-2364
1 47904C 21021AW  25222.12479167 -.00004196  00000+0 -28139-3 0  2226
2 47904  53.0537 131.3753 0001370 100.6413 327.7640 15.06368095    11
STARLINK-2368
1 47908C 21021BA  25222.11020833 -.00015471  00000+0 -10375-2 0  2221
2 47908  53.0533 151.4380 0001465  80.2696 198.9552 15.06381321    18
STARLINK-2370
1 47910C 21021BC  25222.11159722 -.00012039  00000+0 -80730-3 0  2224
2 47910  53.0538 141.5925 0001559  97.7365 183.9277 15.06378977    12
STARLINK-2378
1 47916C 21021BJ  25222.12062500 -.00014066  00000+0 -94343-3 0  2225
2 47916  53.0540 131.3933 0001402  79.4390  26.3768 15.06374227    18
STARLINK-2405
1 47919C 21021BM  25222.12340278 -.00030293  00000+0 -20317-2 0  2228
2 47919  53.0540 151.3780 0001412  83.7007  47.1801 15.06392944    12
STARLINK-1647
1 47978C 21024B   25222.13590278 -.00032359  00000+0 -21687-2 0  2220
2 47978  53.0523 206.3227 0001299  89.5869 306.5598 15.06420739    17
STARLINK-2303
1 47981C 21024E   25222.12687500 -.00025818  00000+0 -17303-2 0  2220
2 47981  53.0526 206.3622 0001337  74.8554 332.3092 15.06414400    18
STARLINK-2273
1 47993C 21024S   25222.11576389 -.00034031  00000+0 -22814-2 0  2224
2 47993  53.0536 166.4103 0001452  87.0029  99.8943 15.06411178    12
STARLINK-2266
1 47997C 21024W   25222.11506944 -.00022946  00000+0 -15376-2 0  2225
2 47997  53.0525 181.4170 0001382  92.0638 168.4580 15.06416701    16
STARLINK-2270
1 48000C 21024Z   25222.11784722  .00004478  00000+0  30024-3 0  2229
2 48000  53.0529 111.6060 0001365  94.6427  65.9267 15.06365084    14
STARLINK-2153
1 48009C 21024AJ  25222.12618056 -.00018416  00000+0 -12343-2 0  2227
2 48009  53.0525 186.3626 0001459  89.2223  84.1510 15.06405132    17
STARLINK-2282
1 48018C 21024AT  25222.11854167  .00089807  00000+0  88014-3 0  2220
2 48018  53.0214 133.0054 0006964 100.4456  55.7201 15.65318185    13
STARLINK-2292
1 48023C 21024AY  25222.12062500 -.00025405  00000+0 -17024-2 0  2227
2 48023  53.0524 201.3888 0001371  85.0657 155.6488 15.06418767    14
STARLINK-2299
1 48029C 21024BE  25222.12409722 -.00021120  00000+0 -14154-2 0  2225
2 48029  53.0523 201.3708 0001318  88.6587 290.9113 15.06409150    16
STARLINK-2404
1 48093C 21027B   25222.12270833  .00006568  00000+0  44025-3 0  2226
2 48093  53.0544  31.5803 0001431  85.2179  21.6268 15.06374872    17
STARLINK-2412
1 48094C 21027C   25222.11645833  .00007749  00000+0  51950-3 0  2229
2 48094  53.0544  41.4087 0001418  81.7390 256.4038 15.06370640    15
STARLINK-2414
1 48095C 21027D   25222.11993056  .00007300  00000+0  48937-3 0  2227
2 48095  53.0542  41.3918 0001386  81.8696 235.1252 15.06370115    19
STARLINK-2417
1 48096C 21027E   25222.12201389  .00009638  00000+0  64609-3 0  2220
2 48096  53.0539  41.3810 0001316  79.3801  28.8971 15.06370898    13
STARLINK-2418
1 48097C 21027F   25222.12340278  .00008080  00000+0  54175-3 0  2229
2 48097  53.0545  21.3746 0001215  83.3942 142.4439 15.06365179    14
STARLINK-2421
1 48098C 21027G   25222.12062500  .00007712  00000+0  51698-3 0  2227
2 48098  53.0539  31.3897 0001297  79.8307 255.8911 15.06373313    14
STARLINK-2430
1 48100C 21027J   25222.11576389  .00008858  00000+0  59382-3 0  2225
2 48100  53.0547  21.4102 0001129  93.7516 130.5890 15.06371347    17
STARLINK-2436
1 48101C 21027K   25222.11715278  .00009005  00000+0  60347-3 0  2226
2 48101  53.0545  31.6076 0001265  89.2477 127.4581 15.06381126    14
STARLINK-2437
1 48102C 21027L   25222.13381944  .00128470  00000+0  95817-3 0  2226
2 48102  53.0528  12.2250 0001002   3.4070 124.0351 15.71946550    19
STARLINK-2439
1 48104C 21027N   25222.12131944  .00008946  00000+0  59966-3 0  2220
2 48104  53.0548  26.3903 0001358  81.6457 285.3515 15.06371857    18
STARLINK-2442
1 48106C 21027Q   25222.12062500  .00008185  00000+0  54870-3 0  2227
2 48106  53.0548  21.3994 0001186  81.3683 149.3715 15.06368781    15
STARLINK-2449
1 48112C 21027W   25222.11993056  .00008197  00000+0  54936-3 0  2228
2 48112  53.0540  46.5615 0001297  86.7613 342.5366 15.06379232    10
STARLINK-2450
1 48113C 21027X   25222.10048611  .00019750  00000+0  13230-2 0  2224
2 48113  53.0541  41.4826 0001339  96.0068 215.4431 15.06387514    18
STARLINK-2452
1 48115C 21027Z   25222.11854167  .00008113  00000+0  54372-3 0  2222
2 48115  53.0544  31.4056 0001221  93.3374  11.0461 15.06381389    14
STARLINK-2454
1 48116C 21027AA  25222.12618056  .00008852  00000+0  59321-3 0  2228
2 48116  53.0541  41.3632 0001399  90.2273  20.5946 15.06381806    19
STARLINK-2455
1 48117C 21027AB  25222.11645833  .00008338  00000+0  55896-3 0  2223
2 48117  53.0548  21.3952 0001265  83.2779 129.9859 15.06368261    12
STARLINK-2459
1 48119C 21027AD  25222.12131944  .00006318  00000+0  42351-3 0  2227
2 48119  53.0543  21.3760 0001098  83.2506 116.3072 15.06377662    10
STARLINK-2460
1 48120C 21027AE  25222.11298611  .00007635  00000+0  51179-3 0  2224
2 48120  53.0535  41.4243 0001298  83.0718  36.2050 15.06372164    15
STARLINK-2462
1 48121C 21027AF  25222.12062500  .00007233  00000+0  48485-3 0  2222
2 48121  53.0543  31.3939 0001216  83.8571 231.8583 15.06373149    18
STARLINK-2464
1 48123C 21027AH  25222.11368056  .00007366  00000+0  49369-3 0  2227
2 48123  53.0551  21.4178 0001406  82.8256 150.1853 15.06376996    10
STARLINK-2465
1 48124C 21027AJ  25222.10881944  .00009295  00000+0  62308-3 0  2224
2 48124  53.0546  31.4455 0001226  97.5717 114.1046 15.06370892    12
STARLINK-2467
1 48126C 21027AL  25222.11715278  .00008881  00000+0  59536-3 0  2222
2 48126  53.0543  21.4105 0001155  82.2977 349.5907 15.06367938    19
STARLINK-2468
1 48127C 21027AM  25222.11576389  .00009298  00000+0  62328-3 0  2227
2 48127  53.0542  41.4149 0001438  81.2080  33.1437 15.06371552    18
STARLINK-2469
1 48128C 21027AN  25222.12756944  .00013667  00000+0  91628-3 0  2226
2 48128  53.0554 331.4447 0001225 101.4877 181.8605 15.06362638    11
STARLINK-2471
1 48129C 21027AP  25222.12618056  .00008887  00000+0  59582-3 0  2229
2 48129  53.0534  41.3640 0001257  82.1388 128.7236 15.06365254    16
STARLINK-2475
1 48133C 21027AT  25222.11993056  .00007326  00000+0  49108-3 0  2229
2 48133  53.0539  41.3951 0001629  87.7639 169.1619 15.06374404    15
STARLINK-2476
1 48134C 21027AU  25222.11437500  .00008377  00000+0  56167-3 0  2227
2 48134  53.0543  41.4174 0001355  80.1807 226.6650 15.06363620    11
STARLINK-2479
1 48136C 21027AW  25222.12409722  .00006827  00000+0  45769-3 0  2229
2 48136  53.0542  41.8735 0001284  80.8230 238.4304 15.06372185    10
STARLINK-2480
1 48137C 21027AX  25222.11715278  .00009148  00000+0  61333-3 0  2229
2 48137  53.0548  21.3783 0001331  79.0684 332.8323 15.06363816    10
STARLINK-2481
1 48138C 21027AY  25222.12687500  .00006626  00000+0  44399-3 0  2228
2 48138  53.0540  41.3604 0001236  94.1679 220.4294 15.06386255    14
STARLINK-2486
1 48143C 21027BD  25222.11715278  .00014699  00000+0  98526-3 0  2227
2 48143  53.0543 336.5075 0001293  70.1275 309.1999 15.06368083    19
STARLINK-2487
1 48144C 21027BE  25222.10465278  .00010268  00000+0  68842-3 0  2225
2 48144  53.0552  21.4641 0001346  78.0461 146.0401 15.06362781    17
STARLINK-2488
1 48145C 21027BF  25222.10812500  .00009225  00000+0  61831-3 0  2222
2 48145  53.0550  21.4468 0001227  92.7774 130.1254 15.06376811    10
STARLINK-2491
1 48148C 21027BJ  25222.12062500 -.00051915  00000+0 -34776-2 0  2226
2 48148  53.0544  41.3933 0001137  90.9361  29.8108 15.06459299    10
STARLINK-2492
1 48149C 21027BK  25222.12270833  .00008920  00000+0  59783-3 0  2229
2 48149  53.0550  21.3819 0001286  92.0115 329.9870 15.06377914    17
STARLINK-2493
1 48150C 21027BL  25222.10951389  .00010231  00000+0  68579-3 0  2222
2 48150  53.0548  21.4392 0001209  95.2385 235.1986 15.06373815    14
STARLINK-2503
1 48151C 21027BM  25222.10673611  .00009297  00000+0  62324-3 0  2224
2 48151  53.0549  21.4498 0001305  93.2214 202.1356 15.06371395    15
STARLINK-2567
1 48276C 21036A   25222.12131944  .00005448  00000+0  36496-3 0  2227
2 48276  53.0536 276.3893 0001130  84.2812  67.6537 15.06399825    12
STARLINK-2569
1 48277C 21036B   25222.11020833 -.00001517  00000+0 -10166-3 0  2222
2 48277  53.0524 241.4386 0001120  86.5021 357.6827 15.06402144    19
STARLINK-2543
1 48278C 21036C   25222.10812500 -.00000312  00000+0 -20933-4 0  2228
2 48278  53.0527 256.5330 0001170  81.0919 149.2389 15.06395025    17
STARLINK-2565
1 48280C 21036E   25222.12548611  .00013878  00000+0  93047-3 0  2226
2 48280  53.0555 326.3681 0001125  76.1982 323.4257 15.06360030    19
STARLINK-2558
1 48282C 21036G   25222.12062500  .00011044  00000+0  74037-3 0  2227
2 48282  53.0549 311.3902 0001217  76.9915  98.7173 15.06366839    12
STARLINK-2516
1 48283C 21036H   25222.11854167  .00011962  00000+0  80202-3 0  2225
2 48283  53.0548 311.3999 0001148 101.1453  83.2563 15.06361803    17
STARLINK-2564
1 48284C 21036J   25222.11298611  .00007449  00000+0  49926-3 0  2225
2 48284  53.0550 311.4262 0001252  97.3839  76.9030 15.06380759    14
STARLINK-2566
1 48287C 21036M   25222.11923611  .00012830  00000+0  85975-3 0  2227
2 48287  53.0555 311.3984 0001265 100.1204 168.0827 15.06379655    15
STARLINK-2545
1 48289C 21036P   25222.11576389  .00084644  00000+0  56778-2 0  2225
2 48289  53.0553 311.4144 0001100 101.9257 187.4481 15.06271946    14
STARLINK-2540
1 48290C 21036Q   25222.10743056  .00013921  00000+0  93328-3 0  2226
2 48290  53.0550 311.4502 0001245  93.4138 170.7412 15.06362727    11
STARLINK-2555
1 48291C 21036R   25222.12340278  .00013969  00000+0  93647-3 0  2224
2 48291  53.0556 311.3788 0001287  95.7709 275.0850 15.06363270    17
STARLINK-2550
1 48293C 21036T   25222.12201389  .00013380  00000+0  89674-3 0  2227
2 48293  53.0545 311.3838 0001078  93.5262 309.7274 15.06375928    19
STARLINK-2533
1 48294C 21036U   25222.11923611  .00013107  00000+0  87859-3 0  2226
2 48294  53.0549 311.3966 0001220  94.5212 313.6032 15.06368228    12
STARLINK-2535
1 48295C 21036V   25222.11506944  .00012869  00000+0  86232-3 0  2221
2 48295  53.0545 311.4154 0001257  90.0865 315.3989 15.06381044    15
STARLINK-2557
1 48299C 21036Z   25222.12409722  .00011466  00000+0  76866-3 0  2226
2 48299  53.0544 311.3737 0001132 103.0507  71.5128 15.06368541    17
STARLINK-2538
1 48300C 21036AA  25222.12131944  .00015783  00000+0  10579-2 0  2221
2 48300  53.0558 321.3880 0001280  94.7195 109.7750 15.06368729    11
STARLINK-2537
1 48301C 21036AB  25222.10951389  .00004834  00000+0  32404-3 0  2220
2 48301  53.0547 321.4446 0001286  72.2225  88.2357 15.06377128    17
STARLINK-2524
1 48304C 21036AE  25222.12687500  .00006194  00000+0  41519-3 0  2224
2 48304  53.0548 321.3608 0001221  94.7885 219.8538 15.06373875    18
STARLINK-2519
1 48305C 21036AF  25222.12340278  .00011879  00000+0  79628-3 0  2221
2 48305  53.0548 321.9559 0001068 103.4426 272.0066 15.06370061    19
STARLINK-2517
1 48309C 21036AK  25222.12062500  .00013021  00000+0  87279-3 0  2226
2 48309  53.0549 321.3918 0001130  79.0994 301.6134 15.06369186    16
STARLINK-2536
1 48310C 21036AL  25222.11506944  .00012998  00000+0  87131-3 0  2221
2 48310  53.0548 321.4180 0001132 103.0927 267.4980 15.06369182    19
STARLINK-2534
1 48311C 21036AM  25222.11298611  .00012986  00000+0  87053-3 0  2221
2 48311  53.0547 321.4273 0001285  90.8105 288.4582 15.06367194    14
STARLINK-2061
1 48312C 21036AN  25222.12062500  .00014375  00000+0  96388-3 0  2224
2 48312  53.0551 321.3921 0001232  71.9603   8.7833 15.06357394    17
STARLINK-2549
1 48314C 21036AQ  25222.12270833  .00014239  00000+0  95459-3 0  2223
2 48314  53.0555 321.3821 0001299  72.6761  59.3849 15.06364032    14
STARLINK-2513
1 48317C 21036AT  25222.11854167  .00015090  00000+0  10115-2 0  2224
2 48317  53.0550 321.4037 0001255  90.1810  79.2367 15.06368896    12
STARLINK-2509
1 48318C 21036AU  25222.12201389  .00014484  00000+0  97150-3 0  2229
2 48318  53.0554 331.3828 0001247  69.3238 163.9705 15.06343290    16
STARLINK-2512
1 48319C 21036AV  25222.12131944  .00013196  00000+0  88472-3 0  2225
2 48319  53.0553 331.3769 0001000  76.5085 178.1447 15.06363070    16
STARLINK-2029
1 48320C 21036AW  25222.12548611  .00016870  00000+0  11308-2 0  2225
2 48320  53.0554 331.3670 0000915  65.9841 226.1440 15.06364761    11
STARLINK-2457
1 48321C 21036AX  25222.12062500  .00013903  00000+0  93222-3 0  2224
2 48321  53.0559 331.3928 0001325  72.4198 213.3261 15.06356346    16
STARLINK-2515
1 48323C 21036AZ  25222.11576389  .00014346  00000+0  96199-3 0  2228
2 48323  53.0557 331.4137 0001139  97.4771 201.8713 15.06354468    13
STARLINK-2498
1 48326C 21036BC  25222.11923611  .00015501  00000+0  10397-2 0  2224
2 48326  53.0554 331.3991 0001330  88.2499 289.9448 15.06344932    15
STARLINK-2502
1 48327C 21036BD  25222.11645833  .00015794  00000+0  10588-2 0  2228
2 48327  53.0552 331.4128 0001400  82.2661 300.8820 15.06363306    13
STARLINK-2504
1 48328C 21036BE  25222.10951389  .00010733  00000+0  71967-3 0  2221
2 48328  53.0550 331.4440 0001289  96.7851 268.6807 15.06361793    19
STARLINK-2510
1 48329C 21036BF  25222.12340278  .00015712  00000+0  10532-2 0  2225
2 48329  53.0555 331.3800 0001137  64.0491  36.7806 15.06364950    15
STARLINK-2501
1 48330C 21036BG  25222.12131944  .00014304  00000+0  95886-3 0  2227
2 48330  53.0553 331.3851 0001079  93.7024  15.8071 15.06366009    16
STARLINK-2514
1 48331C 21036BH  25222.11784722  .00014835  00000+0  99444-3 0  2228
2 48331  53.0545 331.4069 0001161  76.2557  34.3714 15.06366097    16
STARLINK-2511
1 48332C 21036BJ  25222.11159722  .00009040  00000+0  60627-3 0  2228
2 48332  53.0544 331.4351 0000871 108.8744 333.0267 15.06355244    11
STARLINK-2613
1 48353C 21038A   25222.10881944 -.00000437  00000+0 -29254-4 0  2225
2 48353  53.0518 231.4422 0001248  80.7554  30.8986 15.06398960    11
STARLINK-2674
1 48354C 21038B   25222.09909722 -.00000391  00000+0 -26189-4 0  2222
2 48354  53.0518 231.4865 0001189  85.5992 353.2390 15.06411757    17
STARLINK-2635
1 48355C 21038C   25222.12479167 -.00001237  00000+0 -82869-4 0  2229
2 48355  53.0515 231.3696 0001000  78.8882 159.4343 15.06390337    15
STARLINK-2637
1 48356C 21038D   25222.11993056 -.00056822  00000+0 -38074-2 0  2224
2 48356  53.0517 231.3937 0001286  89.7780 142.1602 15.06453414    13
STARLINK-2624
1 48358C 21038F   25222.11715278 -.00001578  00000+0 -10575-3 0  2229
2 48358  53.0520 231.4062 0001251  84.2418 172.6368 15.06399874    15
STARLINK-2628
1 48359C 21038G   25222.10881944 -.00002616  00000+0 -17530-3 0  2225
2 48359  53.0519 231.4436 0001327  91.8119 139.8549 15.06398074    12
STARLINK-2622
1 48360C 21038H   25222.10465278 -.00002625  00000+0 -17591-3 0  2222
2 48360  53.0511 231.4642 0001305 100.2764 128.6499 15.06397478    19
STARLINK-2591
1 48361C 21038J   25222.12687500 -.00003278  00000+0 -21966-3 0  2225
2 48361  53.0512 231.3641 0001317  74.3259 295.2898 15.06402223    11
STARLINK-2578
1 48362C 21038K   25222.11645833  .00011826  00000+0  79238-3 0  2229
2 48362  53.0518 231.4941 0001447  84.9800  47.9649 15.06386928    14
STARLINK-2626
1 48363C 21038L   25222.13312500  .00056962  00000+0  12754-2 0  2223
2 48363  53.0590 185.8820 0003994  66.6579  25.7806 15.42805446    12
STARLINK-2611
1 48364C 21038M   25222.12409722 -.00003003  00000+0 -20119-3 0  2221
2 48364  53.0514 226.5408 0001084  86.4775 335.4539 15.06398427    10
STARLINK-2608
1 48365C 21038N   25222.11993056 -.00000224  00000+0 -15035-4 0  2223
2 48365  53.0516 226.3918 0001244  80.9066 158.4954 15.06403566    12
STARLINK-2631
1 48366C 21038P   25222.12965278  .00811150  00000+0  11838-2 0  2221
2 48366  53.0375 190.4348 0004051  80.3101 311.6080 16.03608304    15
STARLINK-2643
1 48367C 21038Q   25222.12131944 -.00023288  00000+0 -15605-2 0  2222
2 48367  53.0516 221.3854 0001259  78.0715 256.4032 15.06418288    16
STARLINK-2623
1 48368C 21038R   25222.12201389 -.00030505  00000+0 -20442-2 0  2229
2 48368  53.0514 221.6660 0001280  88.4770   9.6017 15.06423860    16
STARLINK-2621
1 48370C 21038T   25222.12340278 -.00022471  00000+0 -15059-2 0  2224
2 48370  53.0521 221.3781 0001303  88.1784 297.6255 15.06412606    15
STARLINK-2589
1 48371C 21038U   25222.12131944 -.00027683  00000+0 -18551-2 0  2223
2 48371  53.0516 221.3873 0001261  87.4348 307.0665 15.06420755    18
STARLINK-2609
1 48373C 21038W   25222.12062500 -.00022720  00000+0 -15226-2 0  2229
2 48373  53.0519 221.3873 0001263  84.8557 345.8770 15.06413963    18
STARLINK-2604
1 48374C 21038X   25222.12131944 -.00028500  00000+0 -19100-2 0  2226
2 48374  53.0522 221.7332 0001036  84.1302 190.1638 15.06419057    10
STARLINK-2603
1 48375C 21038Y   25222.12062500 -.00030994  00000+0 -20771-2 0  2224
2 48375  53.0517 221.3922 0001113  85.6791  25.0733 15.06422557    11
STARLINK-2610
1 48376C 21038Z   25222.12409722 -.00010825  00000+0 -72565-3 0  2226
2 48376  53.0516 221.3759 0001313  80.9728  68.6761 15.06391327    13
STARLINK-2526
1 48378C 21038AB  25222.11159722 -.00030239  00000+0 -20262-2 0  2226
2 48378  53.0525 221.4305 0001281  82.4026  39.3310 15.06425945    14
STARLINK-2614
1 48380C 21038AD  25222.11784722 -.00025009  00000+0 -16759-2 0  2228
2 48380  53.0525 221.9138 0001184  83.5991  51.7143 15.06419028    18
STARLINK-2598
1 48385C 21038AJ  25222.11298611 -.00030138  00000+0 -20195-2 0  2228
2 48385  53.0520 221.4227 0001345  79.1693 170.1005 15.06425028    11
STARLINK-2606
1 48386C 21038AK  25222.12618056 -.00028310  00000+0 -18970-2 0  2226
2 48386  53.0522 216.3737 0001303  79.8903 308.4639 15.06422998    10
STARLINK-2594
1 48388C 21038AM  25222.10743056 -.00031778  00000+0 -21297-2 0  2223
2 48388  53.0526 216.4480 0001306  93.3056  53.3472 15.06420754    14
STARLINK-2586
1 48390C 21038AP  25222.11437500  .00011022  00000+0  73774-3 0  2227
2 48390  53.0528 211.4182 0001386  87.3672 184.3892 15.06424436    10
STARLINK-2574
1 48395C 21038AU  25222.12201389 -.00023000  00000+0 -15412-2 0  2222
2 48395  53.0517 212.0105 0001342  89.5946  63.2423 15.06416012    11
STARLINK-2590
1 48397C 21038AW  25222.12479167  .00036090  00000+0  24201-2 0  2222
2 48397  53.0527 211.3721 0001287  76.4300  11.8785 15.06331821    11
STARLINK-2588
1 48398C 21038AX  25222.12131944 -.00061557  00000+0 -41248-2 0  2229
2 48398  53.0520 211.3854 0001185  76.6523  12.8641 15.06456682    13
STARLINK-2587
1 48399C 21038AY  25222.12479167 -.00026639  00000+0 -17852-2 0  2228
2 48399  53.0520 211.3698 0001375  83.9407  44.3903 15.06419155    18
STARLINK-2576
1 48400C 21038AZ  25222.12131944 -.00003453  00000+0 -23138-3 0  2223
2 48400  53.0520 211.3857 0001245  76.5077  52.8830 15.06402424    19
STARLINK-2571
1 48401C 21038BA  25222.11854167 -.00026322  00000+0 -17641-2 0  2223
2 48401  53.0525 211.4071 0001429  90.5596 183.8750 15.06415193    13
STARLINK-2593
1 48404C 21038BD  25222.11506944 -.00025006  00000+0 -16756-2 0  2227
2 48404  53.0519 211.4120 0001297  89.2970  66.2628 15.06419580    10
STARLINK-2570
1 48405C 21038BE  25222.11159722 -.00033253  00000+0 -22282-2 0  2220
2 48405  53.0517 211.4291 0001268  87.1921  69.5292 15.06428624    11
STARLINK-2568
1 48406C 21038BF  25222.12270833  .00014588  00000+0  97807-3 0  2223
2 48406  53.0520 211.3812 0001455  77.1686 159.8101 15.06358645    16
STARLINK-2595
1 48407C 21038BG  25222.11576389  .00067316  00000+0  14247-2 0  2221
2 48407  53.0459 167.0850 0005111  73.1660 150.5842 15.44454326    13
STARLINK-2592
1 48408C 21038BH  25222.12340278 -.00035799  00000+0 -23988-2 0  2223
2 48408  53.0518 211.3791 0001507  77.5828 203.2160 15.06430712    16
STARLINK-2563
1 48410C 21038BK  25222.10951389 -.00024599  00000+0 -16494-2 0  2225
2 48410  53.0530 166.4415 0001395  87.3352 325.6500 15.06395007    16
STARLINK-2505
1 48411C 21038BL  25222.12409722 -.00026636  00000+0 -17859-2 0  2227
2 48411  53.0538 161.3730 0001521  83.7650 315.8421 15.06398236    11
STARLINK-2581
1 48412C 21038BM  25222.11576389 -.00030750  00000+0 -20615-2 0  2227
2 48412  53.0538 161.8481 0001557  86.0169 168.0490 15.06406959    16
STARLINK-2461
1 48428C 21040A   25222.12131944  .00009777  00000+0  65521-3 0  2221
2 48428  53.0540  56.3893 0001325  89.8128 152.1543 15.06382515    14
STARLINK-2699
1 48433C 21040F   25222.12131944  .00007792  00000+0  52238-3 0  2223
2 48433  53.0545  21.6672 0001206  85.6845 108.6625 15.06368883    12
STARLINK-2692
1 48434C 21040G   25222.11020833  .00008558  00000+0  57369-3 0  2228
2 48434  53.0546  26.9509 0001325  86.2188 240.1395 15.06373167    17
STARLINK-2633
1 48435C 21040H   25222.11298611  .00007535  00000+0  50515-3 0  2220
2 48435  53.0541  36.4314 0001282  84.5423 222.2565 15.06367063    16
STARLINK-2642
1 48437C 21040K   25222.09493056  .00011437  00000+0  76656-3 0  2229
2 48437  53.0534  61.5056 0001437  92.4470 258.8601 15.06374654    14
STARLINK-2640
1 48438C 21040L   25222.12201389  .00009371  00000+0  62810-3 0  2221
2 48438  53.0535  51.6502 0001386  92.5695 200.5296 15.06375058    18
STARLINK-2682
1 48440C 21040N   25222.11923611  .00007906  00000+0  52993-3 0  2225
2 48440  53.0541  51.3998 0001323  85.7756  12.4175 15.06374816    14
STARLINK-2702
1 48441C 21040P   25222.11715278  .00008178  00000+0  54817-3 0  2223
2 48441  53.0541  51.4096 0001342  83.7882  23.1205 15.06372568    19
STARLINK-2644
1 48442C 21040Q   25222.11159722  .00008382  00000+0  56176-3 0  2227
2 48442  53.0538  51.4288 0001331  91.9170   4.8165 15.06379282    19
STARLINK-2663
1 48443C 21040R   25222.10812500  .00009300  00000+0  62345-3 0  2223
2 48443  53.0540  51.4467 0001373  82.9185  15.0196 15.06369706    12
STARLINK-2645
1 48444C 21040S   25222.12131944  .00008486  00000+0  56889-3 0  2222
2 48444  53.0540  51.3847 0001339  87.1618 102.3638 15.06370570    16
STARLINK-2634
1 48445C 21040T   25222.11715278  .00008834  00000+0  59207-3 0  2224
2 48445  53.0542  51.4036 0001337  92.6547  94.2330 15.06379835    11
STARLINK-2660
1 48450C 21040Y   25222.12131944  .00009623  00000+0  64493-3 0  2223
2 48450  53.0537  51.4125 0001439  95.0983 179.4835 15.06378710    11
STARLINK-2703
1 48452C 21040AA  25222.11715278  .00009738  00000+0  65260-3 0  2222
2 48452  53.0535  51.3748 0001402  92.4262 194.4393 15.06381622    14
STARLINK-2620
1 48453C 21040AB  25222.11993056  .00008853  00000+0  59337-3 0  2220
2 48453  53.0541  51.3960 0001230  93.8935 228.0638 15.06376376    15
STARLINK-2654
1 48454C 21040AC  25222.11576389  .00009267  00000+0  62102-3 0  2221
2 48454  53.0537  51.4142 0001364  91.2980 228.0106 15.06381177    19
STARLINK-2497
1 48455C 21040AD  25222.10673611  .00009697  00000+0  65007-3 0  2221
2 48455  53.0531  51.4520 0001227  81.7519 208.5880 15.06369865    16
STARLINK-2698
1 48458C 21040AG  25222.11645833  .00009458  00000+0  63390-3 0  2228
2 48458  53.0531  56.4942 0001278  92.6223 202.9327 15.06378287    13
STARLINK-2582
1 48460C 21040AJ  25222.12270833  .00054706  00000+0  23532-2 0  2225
2 48460  53.0604  43.6586 0003203  53.6831 304.0134 15.22050531    18
STARLINK-2686
1 48464C 21040AN  25222.11923611  .00008991  00000+0  60264-3 0  2226
2 48464  53.0537  61.3950 0001311  95.4349 247.7565 15.06376922    13
STARLINK-2687
1 48466C 21040AQ  25222.11576389  .00009365  00000+0  62776-3 0  2220
2 48466  53.0539  61.4128 0001318  90.3311 254.0293 15.06371092    17
STARLINK-2659
1 48467C 21040AR  25222.12131944  .00010005  00000+0  67061-3 0  2221
2 48467  53.0532  61.3877 0001250  81.3467 153.1414 15.06373339    18
STARLINK-2685
1 48468C 21040AS  25222.10673611  .00010160  00000+0  68124-3 0  2225
2 48468  53.0534  61.4523 0001282  87.2559 168.1579 15.06361824    16
STARLINK-2722
1 48472C 21040AW  25222.10881944  .00009944  00000+0  66620-3 0  2227
2 48472  53.0538  61.4441 0001358  90.2986 256.2777 15.06390606    15
STARLINK-2658
1 48473C 21040AX  25222.12062500  .00009680  00000+0  64890-3 0  2223
2 48473  53.0536  61.3927 0001330  82.1263 128.6004 15.06370476    18
STARLINK-2697
1 48474C 21040AY  25222.11298611  .00009523  00000+0  63855-3 0  2223
2 48474  53.0542  61.4256 0001427  82.2223 267.0850 15.06361405    15
STARLINK-2728
1 48478C 21040BC  25222.08868056  .00012167  00000+0  81559-3 0  2228
2 48478  53.0540  61.5357 0001290  80.5135 256.8895 15.06369172    15
STARLINK-2755
1 48479C 21040BD  25222.11784722  .00012292  00000+0  82399-3 0  2222
2 48479  53.0533  61.4027 0001547  80.2303  75.4390 15.06366902    13
STARLINK-2706
1 48481C 21040BF  25222.12479167  .00011426  00000+0  76513-3 0  2229
2 48481  53.0534  71.6502 0001449  86.3945 171.7844 15.06407971    14
STARLINK-2525
1 48482C 21040BG  25222.10604167  .00012467  00000+0  83570-3 0  2225
2 48482  53.0527  71.4560 0001400  80.8229 255.7728 15.06367374    16
STARLINK-2531
1 48483C 21040BH  25222.10048611  .00012489  00000+0  83710-3 0  2222
2 48483  53.0526  71.4790 0001315  84.1725 242.2402 15.06372452    17
STARLINK-2500
1 48485C 21040BK  25222.11368056  .00011879  00000+0  79614-3 0  2223
2 48485  53.0529  71.4221 0001399  90.9328 267.1016 15.06375162    15
STARLINK-2494
1 48487C 21040BM  25222.11854167  .00011801  00000+0  79086-3 0  2226
2 48487  53.0537  71.4018 0001452  91.9738 252.4219 15.06377400    15
STARLINK-2151
1 48556C 21041D   25222.11298611  .00009705  00000+0  65070-3 0  2228
2 48556  53.0545  11.4218 0001206  78.1521 226.1749 15.06362876    18
STARLINK-2155
1 48557C 21041E   25222.12131944  .00011975  00000+0  80275-3 0  2221
2 48557  53.0556   1.3898 0001300  94.0804 230.4311 15.06368873    15
STARLINK-2166
1 48558C 21041F   25222.12131944  .00007471  00000+0  50066-3 0  2223
2 48558  53.0552   1.3846 0001341  91.4719 253.0242 15.06381677    17
STARLINK-2188
1 48563C 21041L   25222.12131944  .00011940  00000+0  80044-3 0  2224
2 48563  53.0554   1.3901 0001211  95.0569 269.4519 15.06366481    10
STARLINK-2190
1 48564C 21041M   25222.11020833  .00010827  00000+0  72575-3 0  2221
2 48564  53.0550   1.4366 0001189  93.9494 250.2641 15.06369819    13
STARLINK-2217
1 48568C 21041R   25222.10326389  .00010309  00000+0  69120-3 0  2226
2 48568  53.0555   1.4662 0001217  84.0530 342.4803 15.06361600    19
STARLINK-2219
1 48569C 21041S   25222.11854167  .00006081  00000+0  40752-3 0  2220
2 48569  53.0555   1.4003 0001322  77.7740 291.6304 15.06385041    14
STARLINK-2220
1 48570C 21041T   25222.11993056  .00008370  00000+0  56098-3 0  2226
2 48570  53.0554  11.3914 0001133  99.3238 342.6406 15.06377755    11
STARLINK-2221
1 48571C 21041U   25222.12201389  .00007791  00000+0  52221-3 0  2229
2 48571  53.0553  11.3834 0001200  86.3235 326.9429 15.06376643    15
STARLINK-2222
1 48572C 21041V   25222.12062500  .00009257  00000+0  62056-3 0  2226
2 48572  53.0553  11.3868 0001292  93.3653 332.3546 15.06368816    10
STARLINK-2224
1 48573C 21041W   25222.09701389  .00010750  00000+0  72082-3 0  2228
2 48573  53.0556   1.4943 0001142  79.0371 333.5934 15.06360107    19
STARLINK-2227
1 48575C 21041Y   25222.12409722  .00014487  00000+0  97141-3 0  2224
2 48575  53.0548 321.6949 0001394  72.6019 206.7601 15.06355476    17
STARLINK-2228
1 48576C 21041Z   25222.12201389  .00014012  00000+0  93918-3 0  2226
2 48576  53.0556 336.3865 0001136 103.0065 162.7465 15.06370849    11
STARLINK-2235
1 48581C 21041AE  25222.12270833  .00013513  00000+0  90590-3 0  2220
2 48581  53.0551 326.3903 0001296  71.5757 252.9492 15.06365268    19
STARLINK-2237
1 48583C 21041AG  25222.10256944  .00009333  00000+0  62565-3 0  2223
2 48583  53.0552  11.4734 0001237  81.8258 205.9354 15.06368899    19
STARLINK-2238
1 48584C 21041AH  25222.10534722  .00009012  00000+0  60397-3 0  2222
2 48584  53.0552  11.4555 0001321  94.3387 348.4987 15.06378092    18
STARLINK-2241
1 48586C 21041AK  25222.10812500  .00010778  00000+0  72246-3 0  2224
2 48586  53.0552  11.4430 0001331  93.7459 344.1501 15.06370296    19
STARLINK-2249
1 48592C 21041AR  25222.10048611  .00010475  00000+0  70216-3 0  2224
2 48592  53.0551  11.7163 0001261  91.8802 344.4245 15.06369763    19
STARLINK-2250
1 48593C 21041AS  25222.11090278  .00009477  00000+0  63535-3 0  2228
2 48593  53.0550  11.4349 0001072  75.7152 137.2671 15.06368231    11
STARLINK-2251
1 48594C 21041AT  25222.11229167  .00012198  00000+0  81758-3 0  2221
2 48594  53.0554 341.5135 0001315 101.4965 323.8506 15.06372937    13
STARLINK-2252
1 48595C 21041AU  25222.11298611  .00007969  00000+0  53409-3 0  2224
2 48595  53.0552  11.4222 0001080  85.8426 238.3255 15.06381682    16
STARLINK-2253
1 48596C 21041AV  25222.11923611  .00010232  00000+0  68583-3 0  2226
2 48596  53.0547  11.3947 0001215  95.9735 142.2111 15.06372318    19
STARLINK-2255
1 48597C 21041AW  25222.12340278  .00010350  00000+0  69380-3 0  2227
2 48597  53.0551  11.3787 0001270  74.9609 145.8351 15.06370517    19
STARLINK-2713
1 48602C 21041BB  25222.12340278  .00012589  00000+0  84406-3 0  2226
2 48602  53.0550 346.3788 0001308  98.5255 139.7979 15.06361207    12
STARLINK-2714
1 48603C 21041BC  25222.11090278  .00013709  00000+0  91905-3 0  2225
2 48603  53.0550 341.4320 0001261  98.4418 184.6700 15.06362772    18
STARLINK-2754
1 48641C 21044D   25222.11715278  .00013277  00000+0  89022-3 0  2221
2 48641  53.0554 351.4047 0001271  74.7114 182.2263 15.06359271    10
STARLINK-2646
1 48642C 21044E   25222.09562500  .00004102  00000+0  27502-3 0  2229
2 48642  53.0556 351.5105 0001180  96.8526 323.2321 15.06374319    12
STARLINK-2704
1 48643C 21044F   25222.10743056  .00012091  00000+0  81064-3 0  2228
2 48643  53.0560 351.4386 0001308  98.1666 131.1595 15.06362234    12
STARLINK-2695
1 48644C 21044G   25222.10395833  .00012097  00000+0  81111-3 0  2224
2 48644  53.0557 351.4634 0001295  77.1612 148.1463 15.06359608    11
STARLINK-2732
1 48646C 21044J   25222.12479167  .00012700  00000+0  85160-3 0  2220
2 48646  53.0557 351.3706 0001277  76.8497 301.5066 15.06355816    10
STARLINK-2521
1 48648C 21044L   25222.11506944  .00010207  00000+0  68442-3 0  2229
2 48648  53.0552 351.5809 0001150  83.8638 181.6060 15.06359780    13
STARLINK-2673
1 48649C 21044M   25222.11437500  .00010609  00000+0  71113-3 0  2226
2 48649  53.0561 351.4175 0001206  89.3987 272.4262 15.06373141    19
STARLINK-2727
1 48652C 21044Q   25222.11645833  .00013571  00000+0  90989-3 0  2223
2 48652  53.0556 351.4089 0001307  98.0382 335.0976 15.06361474    13
STARLINK-2720
1 48653C 21044R   25222.11437500  .00012313  00000+0  82527-3 0  2226
2 48653  53.0557 351.4200 0001233  93.2058 348.5780 15.06373976    17
STARLINK-2651
1 48654C 21044S   25222.10743056  .00013501  00000+0  90521-3 0  2225
2 48654  53.0553 351.4528 0001044  97.3694 326.7987 15.06359995    10
STARLINK-2657
1 48655C 21044T   25222.10465278 -.00001231  00000+0 -82513-4 0  2225
2 48655  53.0550 351.4660 0001265  93.5154 335.5409 15.06387281    15
STARLINK-2701
1 48656C 21044U   25222.09909722  .00012036  00000+0  80670-3 0  2225
2 48656  53.0551 351.4856 0001187  92.4842 326.4068 15.06373635    17
STARLINK-2734
1 48657C 21044V   25222.11506944  .00017114  00000+0  11473-2 0  2224
2 48657  53.0557 351.0586 0001226  74.1505 276.8299 15.06362985    17
STARLINK-2726
1 48662C 21044AA  25222.12270833  .00014898  00000+0  99907-3 0  2221
2 48662  53.0555 341.3831 0001162  99.5039 182.5528 15.06351549    10
STARLINK-2667
1 48663C 21044AB  25222.12201389  .00014588  00000+0  97790-3 0  2226
2 48663  53.0553 341.3871 0001211  96.3391 201.9477 15.06365247    13
STARLINK-2666
1 48666C 21044AE  25222.10534722  .00012909  00000+0  86534-3 0  2226
2 48666  53.0558 341.9299 0001273  99.0321 348.5003 15.06367465    19
STARLINK-2735
1 48667C 21044AF  25222.12618056 -.00002571  00000+0 -17235-3 0  2220
2 48667  53.0553 341.3643 0001140  96.7436 264.1282 15.06382164    11
STARLINK-2738
1 48668C 21044AG  25222.12340278  .00013656  00000+0  91576-3 0  2223
2 48668  53.0552 341.3762 0001049  99.9384 265.8777 15.06353965    12
STARLINK-2745
1 48671C 21044AK  25222.11993056  .00010323  00000+0  69207-3 0  2228
2 48671  53.0556 341.7035 0001305  98.3134 148.4647 15.06364704    13
STARLINK-2705
1 48672C 21044AL  25222.11923611  .00011825  00000+0  79272-3 0  2220
2 48672  53.0554 341.3956 0001246 102.2705 320.8583 15.06365813    10
STARLINK-2711
1 48673C 21044AM  25222.10395833  .00012794  00000+0  85774-3 0  2229
2 48673  53.0551 341.4669 0001220  73.8643 286.4485 15.06364899    17
STARLINK-2746
1 48676C 21044AQ  25222.10604167  .00013027  00000+0  87318-3 0  2221
2 48676  53.0557 341.4541 0001246  75.7044 355.8935 15.06371721    12
STARLINK-2615
1 48678C 21044AS  25222.11368056  .00006918  00000+0  46376-3 0  2228
2 48678  53.0561 341.4192 0001211 104.6598  48.4417 15.06374185    16
STARLINK-2725
1 48681C 21044AV  25222.11090278  .00012523  00000+0  83949-3 0  2226
2 48681  53.0551 311.6763 0001158 104.6719  78.0971 15.06366382    11
STARLINK-2756
1 48683C 21044AX  25222.12062500  .00011683  00000+0  78313-3 0  2221
2 48683  53.0545 301.4024 0001643  96.1099  34.5518 15.06370298    13
STARLINK-2629
1 48686C 21044BA  25222.11645833  .00011569  00000+0  77560-3 0  2225
2 48686  53.0551 306.6904 0001216 100.7690 199.6321 15.06366538    19
STARLINK-2627
1 48687C 21044BB  25222.12479167  .00010792  00000+0  72349-3 0  2229
2 48687  53.0544 296.3751 0001144  74.3432  46.4804 15.06365306    14
STARLINK-2742
1 48688C 21044BC  25222.12270833  .00008610  00000+0  57701-3 0  2220
2 48688  53.0544 296.3819 0001233  80.7060   8.7999 15.06381183    14
STARLINK-2740
1 48690C 21044BE  25222.12479167 -.00000490  00000+0 -32852-4 0  2225
2 48690  53.0549 311.3724 0001236  93.7787 304.5490 15.06385024    19
STARLINK-2752
1 48692C 21044BG  25222.11020833  .00011099  00000+0  74413-3 0  2221
2 48692  53.0547 306.5628 0001130  99.6716  86.9306 15.06363599    18
STARLINK-2618
1 48693C 21044BH  25222.11645833  .00007868  00000+0  52743-3 0  2226
2 48693  53.0548 311.4110 0001242  75.8903 102.3528 15.06370949    15
STARLINK-2616
1 48695C 21044BK  25222.11993056 -.00008492  00000+0 -56912-3 0  2229
2 48695  53.0553 316.4439 0001323  92.5871 151.8118 15.06398575    11
STARLINK-3004
1 48880C 21059B   25222.10326389 -.00031898  00000+0 -24877-2 0  2229
2 48880  97.6608 346.6075 0001487 114.7018  77.9195 15.01301303    15
STARLINK-3096
1 49131C 21082B   25222.09770833  .00008346  00000+0  69941-3 0  2222
2 49131  70.0006  67.9450 0003083 270.8280 273.5951 14.98320861    10
STARLINK-3090
1 49132C 21082C   25222.10534722  .00007276  00000+0  60984-3 0  2229
2 49132  70.0012 107.8105 0003005 270.3879 245.2523 14.98317112    18
STARLINK-3073
1 49135C 21082F   25222.09631944  .00007629  00000+0  63941-3 0  2222
2 49135  70.0007  67.9403 0002326 262.0491 297.3684 14.98321487    11
STARLINK-3084
1 49136C 21082G   25222.11854167  .01149600  00000+0  75500-1 0  2229
2 49136  69.9995  88.0733 0003230 267.7002 270.9148 15.06384220    16
STARLINK-3100
1 49144C 21082Q   25222.12618056  .00005998  00000+0  50228-3 0  2226
2 49144  70.0013 107.8736 0002900 271.0015  19.4637 14.98350323    13
STARLINK-3071
1 49147C 21082T   25222.11506944  .00008401  00000+0  70398-3 0  2222
2 49147  70.0007  67.9151 0003027 266.8002 168.7151 14.98323982    15
STARLINK-3048
1 49148C 21082U   25222.11923611  .00006287  00000+0  53811-3 0  2228
2 49148  70.0008  88.0023 0002788 270.1451  79.4853 14.97510128    14
STARLINK-3068
1 49154C 21082AA  25222.11159722 -.00069086  00000+0 -59069-2 0  2227
2 49154  70.0008  88.0254 0002684 272.4195  58.4916 14.97624974    14
STARLINK-3060
1 49155C 21082AB  25222.12131944  .00006094  00000+0  51073-3 0  2221
2 49155  70.0006  67.8868 0002993 270.4235  18.8088 14.98321139    13
STARLINK-3083
1 49158C 21082AE  25222.11645833  .00073466  00000+0  18601-2 0  2226
2 49158  69.9807  32.7936 0005131 171.2975 152.2715 15.39509149    10
STARLINK-3052
1 49165C 21082AM  25222.12618056  .00004817  00000+0  40372-3 0  2227
2 49165  70.0016 107.8990 0003057 270.4678 177.4681 14.98319027    13
STARLINK-3054
1 49167C 21082AP  25222.12131944  .00004408  00000+0  36946-3 0  2223
2 49167  70.0016 107.8897 0003091 270.9940 195.7549 14.98317157    14
STARLINK-3107
1 49171C 21082AT  25222.12131944  .00021334  00000+0  16776-2 0  2223
2 49171  69.9986 107.4370 0004526 213.0317 327.7769 15.00751006    14
STARLINK-3047
1 49174C 21082AW  25222.08937500  .00123860  00000+0  16578-2 0  2220
2 49174  69.9834  36.8496 0007397 201.4716 155.0551 15.57668440    18
STARLINK-3103
1 49177C 21082AZ  25222.11506944  .00008150  00000+0  68317-3 0  2224
2 49177  70.0007  67.9185 0002382 270.0021 188.0329 14.98315905    14
STARLINK-3059
1 49181C 21082BD  25222.12201389  .00012261  00000+0  10278-2 0  2225
2 49181  70.0016 107.8969 0003037 272.0196 175.8727 14.98308151    17
STARLINK-3151
1 49408C 21104A   25222.10812500  .00013882  00000+0  87081-3 0  2220
2 49408  53.2162  98.9779 0001396  93.1992  82.3265 15.08811361    18
STARLINK-3075
1 49409C 21104B   25222.11784722  .00013580  00000+0  85173-3 0  2221
2 49409  53.2161  98.9085 0001299  85.4836  68.0580 15.08817850    11
STARLINK-3162
1 49411C 21104D   25222.12062500  .00003533  00000+0  22155-3 0  2226
2 49411  53.2153  88.8952 0001321  85.8139 157.8229 15.08827840    19
STARLINK-3157
1 49413C 21104F   25222.10881944  .00010183  00000+0  63887-3 0  2223
2 49413  53.2155  88.9586 0001345  82.7079 111.6042 15.08811572    18
STARLINK-3146
1 49414C 21104G   25222.12409722  .00014241  00000+0  89325-3 0  2220
2 49414  53.2160  98.8775 0001324  85.1126 162.3986 15.08814753    16
STARLINK-3159
1 49415C 21104H   25222.10048611  .00010574  00000+0  66332-3 0  2223
2 49415  53.2158  88.9867 0001306  83.5444  90.6802 15.08812377    11
STARLINK-3133
1 49416C 21104J   25222.12340278  .00013024  00000+0  81682-3 0  2228
2 49416  53.2162  98.8794 0001378  93.2286 190.5060 15.08820865    14
STARLINK-3154
1 49417C 21104K   25222.12479167  .00010545  00000+0  66133-3 0  2228
2 49417  53.2155  88.5290 0001385  85.7869  60.7091 15.08824376    18
STARLINK-3111
1 49418C 21104L   25222.11993056  .00009676  00000+0  60703-3 0  2226
2 49418  53.2161  98.8950 0001402  95.7296 189.1765 15.08811840    14
STARLINK-3110
1 49420C 21104N   25222.12201389 -.00005346  00000+0 -33526-3 0  2226
2 49420  53.2160  98.8854 0001438  80.8426 235.3183 15.08838894    14
STARLINK-3112
1 49421C 21104P   25222.12618056  .00006406  00000+0  40173-3 0  2222
2 49421  53.2155  98.6774 0001344  92.7348  66.2208 15.08827811    15
STARLINK-3161
1 49422C 21104Q   25222.12201389  .00009638  00000+0  60448-3 0  2227
2 49422  53.2159  99.2073 0001289  92.1129  78.6516 15.08823526    16
STARLINK-3149
1 49423C 21104R   25222.12270833  .00013673  00000+0  85777-3 0  2224
2 49423  53.2154  99.0748 0001500  80.4581 259.3965 15.08809099    12
STARLINK-3139
1 49425C 21104T   25222.12479167  .00009621  00000+0  60360-3 0  2226
2 49425  53.2153  98.8867 0001373  82.9588  23.1539 15.08812687    15
STARLINK-3114
1 49426C 21104U   25222.12409722  .00010324  00000+0  64737-3 0  2221
2 49426  53.2148  98.8780 0001306  88.6336 338.8515 15.08830524    14
STARLINK-3131
1 49427C 21104V   25222.12340278  .00010165  00000+0  63768-3 0  2228
2 49427  53.2155  98.8937 0001312  83.7709  34.7802 15.08814458    13
STARLINK-3138
1 49430C 21104Y   25222.11576389  .00012496  00000+0  78376-3 0  2225
2 49430  53.2150  99.1933 0001355  89.2676 227.5539 15.08817974    18
STARLINK-3153
1 49431C 21104Z   25222.12062500  .00014352  00000+0  90023-3 0  2228
2 49431  53.2160  99.0751 0001343  87.1310 161.3901 15.08813989    16
STARLINK-3158
1 49432C 21104AA  25222.12340278  .00012745  00000+0  79934-3 0  2222
2 49432  53.2159  88.8826 0001318  85.8149 247.7128 15.08820733    16
STARLINK-3134
1 49434C 21104AC  25222.11993056  .00005404  00000+0  33895-3 0  2221
2 49434  53.2150  99.0516 0001374  85.4036 339.3477 15.08826547    16
STARLINK-3044
1 49438C 21104AG  25222.11437500  .00009617  00000+0  60333-3 0  2229
2 49438  53.2152  78.8555 0001351  86.3599 273.1864 15.08813559    13
STARLINK-3105
1 49440C 21104AJ  25222.12479167  .00009085  00000+0  56970-3 0  2229
2 49440  53.2150  78.8761 0001337  90.1412 311.1267 15.08828342    10
STARLINK-3098
1 49442C 21104AL  25222.11854167 -.00000933  00000+0 -58519-4 0  2224
2 49442  53.2152  78.9038 0001302  89.1052 298.1960 15.08835010    16
STARLINK-3126
1 49444C 21104AN  25222.11645833  .00010915  00000+0  68464-3 0  2222
2 49444  53.2156  78.9238 0001342  89.1088 301.6883 15.08818593    18
STARLINK-3099
1 49446C 21104AQ  25222.07409722  .00002881  00000+0  18067-3 0  2221
2 49446  53.2158  79.1039 0001373  92.5180  93.2585 15.08827484    11
STARLINK-3115
1 49447C 21104AR  25222.11923611  .00006676  00000+0  41871-3 0  2220
2 49447  53.2158  88.8982 0001246  86.6288 289.4500 15.08826141    13
STARLINK-3137
1 49449C 21104AT  25222.11993056  .00013496  00000+0  84636-3 0  2226
2 49449  53.2169  88.8389 0001377  91.9037 342.7896 15.08822537    10
STARLINK-3125
1 49451C 21104AV  25222.12340278  .00014342  00000+0  89940-3 0  2226
2 49451  53.2158  88.8793 0001342  92.9812 345.7523 15.08821072    17
STARLINK-3150
1 49452C 21104AW  25222.11645833 -.00001970  00000+0 -12360-3 0  2228
2 49452  53.2152  88.9504 0001360  90.6434   5.1464 15.08828105    13
STARLINK-3129
1 49453C 21104AX  25222.12618056  .00012234  00000+0  76741-3 0  2223
2 49453  53.2162  88.9532 0001389  92.8605 355.7471 15.08814580    15
STARLINK-3160
1 49454C 21104AY  25222.12201389  .00013516  00000+0  84774-3 0  2220
2 49454  53.2152  88.8857 0001297  91.4927 359.7083 15.08817872    14
STARLINK-3124
1 49456C 21104BA  25222.12618056  .00012908  00000+0  80974-3 0  2227
2 49456  53.2153  88.9156 0001403  94.9785  33.6574 15.08812451    10
STARLINK-3141
1 49459C 21104BD  25222.12618056  .00015901  00000+0  99734-3 0  2220
2 49459  53.2145  88.8684 0001352  84.9556 148.8799 15.08814207    16
STARLINK-3140
1 49460C 21104BE  25222.11993056  .00013779  00000+0  86404-3 0  2228
2 49460  53.2147  88.8961 0001355  86.7544 133.0903 15.08824150    19
STARLINK-3219
1 49724C 21115A   25222.12409722  .00006846  00000+0  42923-3 0  2221
2 49724  53.2165  19.0963 0001181  83.1119 144.1330 15.08835794    19
STARLINK-3218
1 49725C 21115B   25222.12201389  .00007387  00000+0  46333-3 0  2221
2 49725  53.2170  18.9902 0001256  83.5130  12.6054 15.08822745    11
STARLINK-3246
1 49732C 21115J   25222.12062500  .00007074  00000+0  44368-3 0  2228
2 49732  53.2167  29.0477 0001202  85.3778  28.1615 15.08822275    17
STARLINK-3252
1 49733C 21115K   25222.11784722  .00006562  00000+0  41167-3 0  2220
2 49733  53.2172  28.9060 0001350  92.0054 126.5522 15.08817255    18
STARLINK-3113
1 49735C 21115M   25222.10951389  .00007166  00000+0  44951-3 0  2221
2 49735  53.2170  28.8256 0001386  90.9209 122.4089 15.08821077    12
STARLINK-3226
1 49740C 21115S   25222.11229167  .00008941  00000+0  56079-3 0  2226
2 49740  53.2178  18.9029 0001279  88.7355 249.4443 15.08820012    14
STARLINK-3244
1 49741C 21115T   25222.12479167  .00006328  00000+0  39689-3 0  2220
2 49741  53.2179  18.8826 0001355  92.9575 333.1280 15.08824573    12
STARLINK-3239
1 49743C 21115V   25222.11854167  .00008007  00000+0  50254-3 0  2225
2 49743  53.2178  18.8332 0001352  93.5194 318.7196 15.08797999    12
STARLINK-3231
1 49744C 21115W   25222.09493056  .00008451  00000+0  53001-3 0  2225
2 49744  53.2177  18.9039 0001150  86.0051 117.8500 15.08823509    16
STARLINK-3241
1 49745C 21115X   25222.09423611  .00009300  00000+0  58334-3 0  2224
2 49745  53.2175  18.9855 0001281  93.3663 126.6902 15.08818535    13
STARLINK-3233
1 49746C 21115Y   25222.11923611  .00006308  00000+0  39553-3 0  2220
2 49746  53.2170  18.8993 0001260  94.2758 146.7592 15.08836386    15
STARLINK-3248
1 49748C 21115AA  25222.12201389  .00006275  00000+0  39349-3 0  2220
2 49748  53.2174  18.4615 0001368  87.3296 349.1202 15.08830077    15
STARLINK-3236
1 49750C 21115AC  25222.09840278  .00009784  00000+0  61315-3 0  2221
2 49750  53.2163  18.9997 0001274  85.0989 317.4680 15.08850936    18
STARLINK-3229
1 49751C 21115AD  25222.12409722  .00006995  00000+0  43871-3 0  2229
2 49751  53.2171  18.8000 0001268  85.6452 201.9111 15.08823881    11
STARLINK-3200
1 49753C 21115AF  25222.12409722  .00002589  00000+0  16239-3 0  2224
2 49753  53.2164  18.8754 0001188  93.1551 114.3430 15.08832174    12
STARLINK-3193
1 49754C 21115AG  25222.12062500  .00007205  00000+0  45202-3 0  2226
2 49754  53.2174   8.9972 0001274  82.3798 341.1903 15.08816182    11
STARLINK-3207
1 49756C 21115AJ  25222.12618056  .00003995  00000+0  25052-3 0  2224
2 49756  53.2172   8.8694 0001191  92.1068 321.7183 15.08831593    15
STARLINK-3197
1 49757C 21115AK  25222.12618056  .00006677  00000+0  41881-3 0  2223
2 49757  53.2177   8.8789 0001278  89.6146 358.9923 15.08821529    12
STARLINK-3194
1 49758C 21115AL  25222.11715278  .00003477  00000+0  21805-3 0  2226
2 49758  53.2169   8.9095 0001263  92.8747 231.8797 15.08829680    16
STARLINK-3204
1 49759C 21115AM  25222.12479167  .00007037  00000+0  44146-3 0  2221
2 49759  53.2174   8.8746 0001281  84.6904 341.6011 15.08817923    15
STARLINK-3203
1 49761C 21115AP  25222.11020833  .00008007  00000+0  50221-3 0  2224
2 49761  53.2170   8.9402 0001261  83.5098 223.5092 15.08820162    10
STARLINK-3198
1 49763C 21115AR  25222.11715278  .00007733  00000+0  48512-3 0  2225
2 49763  53.2167   8.9075 0001273  80.6809 224.0929 15.08817541    17
STARLINK-3190
1 49766C 21115AU  25222.12548611  .00010062  00000+0  63099-3 0  2220
2 49766  53.2181   8.8793 0001241  88.1138 136.7183 15.08827670    10
STARLINK-3192
1 49767C 21115AV  25222.12687500  .00009490  00000+0  59528-3 0  2227
2 49767  53.2172   8.8623 0001073  79.5458 198.0735 15.08817202    19
STARLINK-3196
1 49768C 21115AW  25222.12409722  .00008775  00000+0  55048-3 0  2224
2 49768  53.2182   8.8752 0001221  96.4923  86.0369 15.08816624    10
STARLINK-3208
1 49769C 21115AX  25222.10187500  .00006898  00000+0  43262-3 0  2229
2 49769  53.2178   9.0236 0001327  92.7360 323.7552 15.08827511    19
STARLINK-3201
1 49771C 21115AZ  25222.12270833  .00003478  00000+0  21812-3 0  2224
2 49771  53.2176   8.8864 0001269  93.5839  41.3823 15.08833222    19
STARLINK-3317
1 50156C 21125A   25222.12340278 -.00008387  00000+0 -52612-3 0  2223
2 50156  53.2162 118.8798 0001341  79.2947 329.2512 15.08831928    17
STARLINK-3297
1 50159C 21125D   25222.12618056  .00006468  00000+0  40583-3 0  2228
2 50159  53.2157 128.8765 0001387  84.1711 284.4822 15.08810561    19
STARLINK-3306
1 50163C 21125H   25222.12131944  .00003833  00000+0  24040-3 0  2222
2 50163  53.2159 108.8815 0001145  88.6474 288.7616 15.08825996    13
STARLINK-3298
1 50165C 21125K   25222.11993056 -.00009403  00000+0 -58975-3 0  2228
2 50165  53.2154 128.8950 0001253  88.1576 271.7110 15.08840783    12
STARLINK-3271
1 50167C 21125M   25222.12131944 -.00019335  00000+0 -12128-2 0  2225
2 50167  53.2156 128.9000 0001376  98.3590 303.8389 15.08848628    19
STARLINK-3296
1 50168C 21125N   25222.12201389 -.00012368  00000+0 -77584-3 0  2224
2 50168  53.2158 118.9755 0001278  86.6789 134.2651 15.08837928    18
STARLINK-3245
1 50170C 21125Q   25222.12548611  .00008987  00000+0  56373-3 0  2222
2 50170  53.2164 118.8729 0001320  85.5628 239.4943 15.08817358    13
STARLINK-3286
1 50171C 21125R   25222.10812500 -.00011068  00000+0 -69426-3 0  2221
2 50171  53.2160 118.9512 0001330  82.3954  68.3220 15.08837502    19
STARLINK-3287
1 50172C 21125S   25222.12409722  .00011281  00000+0  70762-3 0  2222
2 50172  53.2163 118.8791 0001270  83.9526 273.5495 15.08817340    18
STARLINK-3289
1 50173C 21125T   25222.12270833  .00010180  00000+0  63859-3 0  2228
2 50173  53.2160 108.9499 0001224  91.8776  73.0637 15.08816976    10
STARLINK-3293
1 50176C 21125W   25222.12409722  .00018865  00000+0  11829-2 0  2229
2 50176  53.2157 118.8777 0001383  92.5432 304.9656 15.08822937    12
STARLINK-3282
1 50177C 21125X   25222.12201389  .00001913  00000+0  11996-3 0  2221
2 50177  53.2164 118.8869 0001471  87.6928 238.4979 15.08831406    16
STARLINK-3283
1 50179C 21125Z   25222.11159722  .00007708  00000+0  48347-3 0  2223
2 50179  53.2161 118.9333 0001700  92.0453 217.5320 15.08820994    18
STARLINK-3285
1 50181C 21125AB  25222.11993056  .00010245  00000+0  64267-3 0  2221
2 50181  53.2153 118.9046 0001206  82.6237  27.0258 15.08816280    16
STARLINK-3281
1 50183C 21125AD  25222.12687500  .00005223  00000+0  32756-3 0  2226
2 50183  53.2151 118.8635 0001241  85.3581  87.2234 15.08827552    16
STARLINK-3274
1 50186C 21125AG  25222.12340278 -.00010706  00000+0 -67150-3 0  2227
2 50186  53.2157 128.8788 0001329  87.0803 311.6553 15.08839549    15
STARLINK-3276
1 50189C 21125AK  25222.11159722  .00006592  00000+0  41340-3 0  2220
2 50189  53.2156 118.9440 0001339  82.7757  61.5745 15.08826403    12
STARLINK-3268
1 50190C 21125AL  25222.12201389  .00011327  00000+0  71034-3 0  2225
2 50190  53.2154 108.8887 0001210  85.9076 215.2615 15.08825497    18
STARLINK-3273
1 50191C 21125AM  25222.10465278 -.00006858  00000+0 -43018-3 0  2229
2 50191  53.2161 128.9668 0001247  81.8299  75.0128 15.08832141    14
STARLINK-3259
1 50192C 21125AN  25222.12340278 -.00030655  00000+0 -19236-2 0  2220
2 50192  53.2155 108.8823 0001326 100.0425 228.7506 15.08844081    14
STARLINK-3269
1 50194C 21125AQ  25222.09423611  .00042257  00000+0  99639-3 0  2226
2 50194  53.2223  78.2273 0001818 103.2877 125.3540 15.41285814    13
STARLINK-3266
1 50195C 21125AR  25222.10326389  .00007868  00000+0  49349-3 0  2225
2 50195  53.2148 108.9711 0001413  93.5380  85.7638 15.08820892    10
STARLINK-3267
1 50197C 21125AT  25222.11993056  .00009604  00000+0  60255-3 0  2228
2 50197  53.2156 108.8971 0001331  94.7801 255.1370 15.08808570    13
STARLINK-3264
1 50198C 21125AU  25222.12270833  .00013177  00000+0  82651-3 0  2225
2 50198  53.2161 108.8847 0001218  88.6088 356.3448 15.08817370    13
STARLINK-3270
1 50199C 21125AV  25222.12618056  .00014293  00000+0  89654-3 0  2229
2 50199  53.2157 108.8673 0001381  82.0269 121.8024 15.08813188    14
STARLINK-3255
1 50201C 21125AX  25222.11645833  .00050847  00000+0  10419-2 0  2222
2 50201  53.2100  88.8734 0004010 110.7225 119.7046 15.45429445    14
STARLINK-3256
1 50202C 21125AY  25222.11715278  .00012165  00000+0  76324-3 0  2223
2 50202  53.2157 108.9072 0001280  77.5898  97.2186 15.08806049    11
STARLINK-3257
1 50203C 21125AZ  25222.11437500  .00018164  00000+0  11390-2 0  2229
2 50203  53.2156 109.0101 0001372  84.9690 249.3284 15.08820257    16
STARLINK-3254
1 50204C 21125BA  25222.12479167 -.00004831  00000+0 -30302-3 0  2229
2 50204  53.2161 108.8838 0001344  92.2931  78.7991 15.08831415    13
STARLINK-3258
1 50206C 21125BC  25222.11506944  .00010626  00000+0  66655-3 0  2221
2 50206  53.2157 108.8110 0001312  89.5196  68.8136 15.08817535    18
STARLINK-3262
1 50207C 21125BD  25222.12131944  .00013217  00000+0  82881-3 0  2225
2 50207  53.2162 108.8897 0001303  94.0875  23.3206 15.08824718    17
STARLINK-3323
1 50804C 22001B   25222.12062500  .00006178  00000+0  38755-3 0  2222
2 50804  53.2160  28.8900 0001285  91.5335 282.1063 15.08820878    15
STARLINK-3333
1 50805C 22001C   25222.12270833  .00005101  00000+0  31996-3 0  2228
2 50805  53.2159  28.8802 0001283  84.8523 320.1134 15.08823512    17
STARLINK-3335
1 50806C 22001D   25222.11715278 -.00000962  00000+0 -60272-4 0  2227
2 50806  53.2161  28.9071 0001056 108.8998 285.7623 15.08859461    12
STARLINK-3355
1 50808C 22001F   25222.11506944  .00004274  00000+0  26805-3 0  2228
2 50808  53.2165  28.9180 0001090  82.2212 341.2103 15.08830366    15
STARLINK-3232
1 50809C 22001G   25222.11368056  .00006832  00000+0  42861-3 0  2221
2 50809  53.2164  28.9235 0001288  83.9949 311.9158 15.08816199    12
STARLINK-3338
1 50812C 22001K   25222.12131944  .00007239  00000+0  45403-3 0  2227
2 50812  53.2167  28.9945 0001318  88.4279 208.9088 15.08822277    18
STARLINK-3349
1 50813C 22001L   25222.13104167  .00039656  00000+0  18152-2 0  2224
2 50813  53.2119  19.8716 0003560  35.9810 146.9063 15.19946807    12
STARLINK-3324
1 50814C 22001M   25222.12201389  .00004399  00000+0  27587-3 0  2227
2 50814  53.2159  38.8847 0001293  92.6167 193.5617 15.08828258    19
STARLINK-3234
1 50815C 22001N   25222.12062500  .00006070  00000+0  38057-3 0  2220
2 50815  53.2158  38.8905 0001105  84.9911 133.5992 15.08836598    13
STARLINK-3341
1 50817C 22001Q   25222.12340278  .00005777  00000+0  36232-3 0  2229
2 50817  53.2158  38.8783 0001285  85.6446 168.0782 15.08829161    17
STARLINK-3336
1 50818C 22001R   25222.11437500  .00006177  00000+0  38741-3 0  2226
2 50818  53.2162  38.9207 0001284  87.4125 217.2498 15.08827707    13
STARLINK-3327
1 50819C 22001S   25222.12270833  .00005252  00000+0  32940-3 0  2220
2 50819  53.2161  38.8828 0001181  86.0650 223.8881 15.08827938    10
STARLINK-3339
1 50820C 22001T   25222.10743056  .00004061  00000+0  25472-3 0  2221
2 50820  53.2168  38.9523 0001351  93.8051 233.1250 15.08824396    11
STARLINK-3343
1 50822C 22001V   25222.12131944  .00006260  00000+0  39265-3 0  2220
2 50822  53.2167  38.8897 0001319  92.0618 350.3448 15.08824927    10
STARLINK-3334
1 50823C 22001W   25222.10881944  .00007641  00000+0  47930-3 0  2223
2 50823  53.2159  38.9435 0001297  84.6112 109.8925 15.08816513    11
STARLINK-3332
1 50825C 22001Y   25222.10326389  .00005401  00000+0  33873-3 0  2225
2 50825  53.2169  38.9717 0001296  90.0264 234.2437 15.08827305    17
STARLINK-3290
1 50828C 22001AB  25222.09562500  .00008721  00000+0  54708-3 0  2221
2 50828  53.2166  38.8946 0001094  85.6879 211.8977 15.08814802    16
STARLINK-3294
1 50829C 22001AC  25222.12548611  .00005705  00000+0  35762-3 0  2221
2 50829  53.2161  38.8691 0001711  84.0851 260.8917 15.08844597    10
STARLINK-3299
1 50831C 22001AE  25222.12409722  .00006269  00000+0  39314-3 0  2226
2 50831  53.2163  38.9441 0001219  82.8661  94.5928 15.08828444    14
STARLINK-3331
1 50834C 22001AH  25222.12201389  .00003210  00000+0  20138-3 0  2225
2 50834  53.2165  48.8944 0001341  92.9106 218.2907 15.08820954    19
STARLINK-3310
1 50835C 22001AJ  25222.12062500  .00007885  00000+0  49447-3 0  2222
2 50835  53.2164  49.0080 0001363  89.1236 194.4391 15.08826989    15
STARLINK-3318
1 50837C 22001AL  25222.12340278  .00008635  00000+0  54153-3 0  2229
2 50837  53.2166  38.8810 0001309  88.0373  65.6983 15.08827761    11
STARLINK-3322
1 50838C 22001AM  25222.13381944  .00090297  00000+0  11182-2 0  2225
2 50838  53.1903 343.3845 0007658 299.6379  55.1579 15.59319677    14
STARLINK-3300
1 50841C 22001AQ  25222.12548611  .00008851  00000+0  55517-3 0  2220
2 50841  53.2161  48.8723 0001329  81.2686 308.8009 15.08818599    19
STARLINK-3302
1 50842C 22001AR  25222.12548611  .00007774  00000+0  48769-3 0  2225
2 50842  53.2157  48.8716 0001324  89.0883  21.0014 15.08814315    19
STARLINK-3325
1 50843C 22001AS  25222.12131944  .00008284  00000+0  51956-3 0  2222
2 50843  53.2160  48.8893 0001318  90.0478 237.3688 15.08823037    15
STARLINK-3326
1 50844C 22001AT  25222.12618056  .00007835  00000+0  49135-3 0  2224
2 50844  53.2156  48.8656 0001276  92.8442  80.9748 15.08826116    12
STARLINK-3230
1 50845C 22001AU  25222.12409722  .00005875  00000+0  36846-3 0  2220
2 50845  53.2164  48.8774 0001316  82.7967 199.7233 15.08823815    19
STARLINK-3308
1 50846C 22001AV  25222.12270833  .00007609  00000+0  47725-3 0  2225
2 50846  53.2156  48.9981 0001293  88.3340  26.5623 15.08823670    12
STARLINK-3315
1 50848C 22001AX  25222.11923611  .00004786  00000+0  30017-3 0  2224
2 50848  53.2159  48.8969 0001277  92.4890  83.5929 15.08829176    19
STARLINK-3311
1 50849C 22001AY  25222.11854167  .00007611  00000+0  47741-3 0  2226
2 50849  53.2159  48.8998 0001278  87.3925  24.9296 15.08821403    16
STARLINK-3366
1 51104C 22005A   25222.12618056 -.00007560  00000+0 -47412-3 0  2221
2 51104  53.2162 158.8675 0001410  77.0005  51.8270 15.08839538    11
STARLINK-3350
1 51105C 22005B   25222.11993056  .00003051  00000+0  19140-3 0  2223
2 51105  53.2154 158.8976 0001425  90.0178 144.8298 15.08824500    15
STARLINK-3176
1 51106C 22005C   25222.12409722 -.00034216  00000+0 -21457-2 0  2229
2 51106  53.2162 158.8761 0001263  85.1413 292.3453 15.08871651    15
STARLINK-3362
1 51108C 22005E   25222.12201389  .00008956  00000+0  56164-3 0  2224
2 51108  53.2156 158.8883 0001187  86.7526 179.4067 15.08829222    15
STARLINK-3358
1 51109C 22005F   25222.10118056 -.00112450  00000+0 -70514-2 0  2222
2 51109  53.2160 158.9336 0001107  95.0553 317.9466 15.08949983    19
STARLINK-3344
1 51110C 22005G   25222.12409722  .00000090  00000+0  56385-5 0  2226
2 51110  53.2160 158.8563 0001337  90.9421 246.5708 15.08828991    16
STARLINK-3173
1 51111C 22005H   25222.12131944 -.00005234  00000+0 -32833-3 0  2222
2 51111  53.2161 158.8880 0001369  85.0127 357.4027 15.08830728    10
STARLINK-3374
1 51112C 22005J   25222.10465278 -.00011099  00000+0 -69630-3 0  2222
2 51112  53.2163 158.9360 0001342  87.5787 159.0874 15.08833490    12
STARLINK-3375
1 51114C 22005L   25222.11645833 -.00004875  00000+0 -30576-3 0  2223
2 51114  53.2157 158.9127 0001400  88.7620 167.2178 15.08838756    10
STARLINK-3397
1 51115C 22005M   25222.12618056  .00012488  00000+0  78352-3 0  2223
2 51115  53.2164 158.8651 0001267  92.7638 356.0312 15.08805655    15
STARLINK-3243
1 51116C 22005N   25222.10395833 -.00007731  00000+0 -48488-3 0  2221
2 51116  53.2162 158.9379 0001685  87.6381 175.2250 15.08840485    16
STARLINK-3399
1 51121C 22005T   25222.12201389 -.00003048  00000+0 -19113-3 0  2221
2 51121  53.2160 158.8966 0001772  84.8627  36.1158 15.08835250    16
STARLINK-3389
1 51124C 22005W   25222.11923611 -.00022302  00000+0 -13986-2 0  2227
2 51124  53.2157 168.8993 0001523  96.9893 239.0916 15.08856342    10
STARLINK-3386
1 51126C 22005Y   25222.10256944 -.00033799  00000+0 -21190-2 0  2224
2 51126  53.2154 168.9846 0001442  84.5607 175.6799 15.08878883    11
STARLINK-3370
1 51127C 22005Z   25222.12479167  .00009822  00000+0  61631-3 0  2224
2 51127  53.2154 168.8851 0001472  81.9915 319.1730 15.08803294    17
STARLINK-3400
1 51128C 22005AA  25222.12409722 -.00008411  00000+0 -52746-3 0  2227
2 51128  53.2153 168.8782 0001348  88.2438  54.2540 15.08843294    12
STARLINK-3396
1 51129C 22005AB  25222.12201389 -.00009688  00000+0 -60745-3 0  2222
2 51129  53.2157 168.8866 0001519  85.3860 260.5537 15.08849953    13
STARLINK-3388
1 51131C 22005AD  25222.11298611 -.00021478  00000+0 -13465-2 0  2225
2 51131  53.2151 168.9286 0001359  85.6778 336.3823 15.08868186    19
STARLINK-3356
1 51133C 22005AF  25222.12062500 -.00012339  00000+0 -77390-3 0  2228
2 51133  53.2156 168.8937 0001322  86.8684  56.7661 15.08843553    11
STARLINK-3183
1 51134C 22005AG  25222.11090278 -.00000845  00000+0 -53007-4 0  2220
2 51134  53.2160 158.9367 0001261  88.1069 172.4809 15.08833023    19
STARLINK-3363
1 51135C 22005AH  25222.11506944 -.00041614  00000+0 -26100-2 0  2224
2 51135  53.2162 168.8140 0001434  80.1775 108.1530 15.08873043    12
STARLINK-3177
1 51138C 22005AL  25222.12201389 -.00010042  00000+0 -62990-3 0  2222
2 51138  53.2160 168.8869 0001349  88.2550 102.9403 15.08836770    13
STARLINK-3175
1 51140C 22005AN  25222.11715278 -.00001836  00000+0 -11514-3 0  2228
2 51140  53.2162 168.9195 0001368  89.3614  90.1896 15.08832509    15
STARLINK-3179
1 51141C 22005AP  25222.11368056 -.00015121  00000+0 -94841-3 0  2223
2 51141  53.2159 168.9221 0001474  92.0578 173.8512 15.08845508    17
STARLINK-3369
1 51142C 22005AQ  25222.11993056 -.00002565  00000+0 -16089-3 0  2224
2 51142  53.2160 158.9645 0001313  95.7925 199.0286 15.08829612    13
STARLINK-3184
1 51143C 22005AR  25222.12618056 -.00015298  00000+0 -95940-3 0  2220
2 51143  53.2155 178.8681 0001368  90.1250 328.7041 15.08850115    11
STARLINK-3185
1 51144C 22005AS  25222.11993056 -.00007138  00000+0 -44773-3 0  2228
2 51144  53.2160 168.9042 0001434  92.0724 182.6090 15.08834405    15
STARLINK-3359
1 51148C 22005AW  25222.12479167  .00002033  00000+0  12750-3 0  2222
2 51148  53.2153 179.0778 0001368  87.7838 258.1511 15.08831957    19
STARLINK-3360
1 51149C 22005AX  25222.12201389 -.00008577  00000+0 -53791-3 0  2223
2 51149  53.2157 178.7029 0001363  83.1936 107.9133 15.08841445    17
STARLINK-3357
1 51150C 22005AY  25222.12479167 -.00004670  00000+0 -29292-3 0  2225
2 51150  53.2158 168.4890 0001374  87.8224  98.7052 15.08836524    14
STARLINK-3364
1 51152C 22005BA  25222.12409722 -.00005666  00000+0 -35541-3 0  2227
2 51152  53.2151 178.4928 0001418  86.8857 240.8728 15.08831923    10
STARLINK-3181
1 51461C 22010F   25222.11993056 -.00004246  00000+0 -26635-3 0  2220
2 51461  53.2161 148.8983 0001465  84.4230 205.4404 15.08832142    19
STARLINK-3166
1 51462C 22010G   25222.11576389 -.00005975  00000+0 -37488-3 0  2225
2 51462  53.2158 148.9263 0001366  82.6130 199.4154 15.08823950    18
STARLINK-3419
1 51463C 22010H   25222.12062500 -.00010261  00000+0 -64356-3 0  2220
2 51463  53.2164 148.8946 0001327  88.2144   5.4210 15.08842218    14
STARLINK-3178
1 51467C 22010M   25222.12479167  .00001039  00000+0  65148-4 0  2227
2 51467  53.2162 148.8736 0001582  88.4466  47.8226 15.08828225    14
STARLINK-3174
1 51468C 22010N   25222.12201389 -.00000768  00000+0 -48131-4 0  2220
2 51468  53.2162 148.8504 0001402  90.3470 350.8250 15.08842516    19
STARLINK-3415
1 51472C 22010S   25222.12479167  .00001521  00000+0  95394-4 0  2225
2 51472  53.2162 148.8071 0001310  88.4376  42.6841 15.08826601    13
STARLINK-3528
1 51714C 22016A   25222.12618056 -.00014781  00000+0 -92706-3 0  2229
2 51714  53.2151 198.8472 0001325  86.1936  17.4658 15.08846028    14
STARLINK-3543
1 51716C 22016C   25222.11784722 -.00000590  00000+0 -36970-4 0  2229
2 51716  53.2148 198.9058 0001408  80.0499 343.4756 15.08837363    15
STARLINK-3445
1 51717C 22016D   25222.11506944 -.00016928  00000+0 -10615-2 0  2226
2 51717  53.2145 199.0052 0001270  80.9482 302.2068 15.08857453    18
STARLINK-3546
1 51718C 22016E   25222.11854167 -.00003425  00000+0 -21480-3 0  2221
2 51718  53.2153 198.9014 0001372  81.7866  85.5225 15.08839715    19
STARLINK-3526
1 51720C 22016G   25222.11090278 -.00002332  00000+0 -14622-3 0  2225
2 51720  53.2152 198.9069 0001298  79.6244  80.9813 15.08837050    16
STARLINK-3535
1 51722C 22016J   25222.12131944 -.00010996  00000+0 -68957-3 0  2229
2 51722  53.2150 198.8884 0001345  80.1303 162.2706 15.08846644    10
STARLINK-3529
1 51724C 22016L   25222.12062500 -.00012431  00000+0 -77954-3 0  2225
2 51724  53.2146 198.8906 0001343  75.3985 203.2230 15.08848257    12
STARLINK-3522
1 51725C 22016M   25222.11854167 -.00013085  00000+0 -82063-3 0  2226
2 51725  53.2154 198.9016 0001360  83.3390 123.9750 15.08847365    17
STARLINK-3527
1 51726C 22016N   25222.12409722 -.00004114  00000+0 -25800-3 0  2220
2 51726  53.2151 188.8754 0001382  86.9216 345.5730 15.08840559    10
STARLINK-3532
1 51727C 22016P   25222.12479167 -.00013079  00000+0 -82026-3 0  2224
2 51727  53.2149 198.8719 0001256  68.0798 213.2013 15.08845893    17
STARLINK-3523
1 51729C 22016R   25222.12270833  .00000088  00000+0  55160-5 0  2220
2 51729  53.2154 188.8809 0001538  85.1575 319.7827 15.08835296    11
STARLINK-3514
1 51731C 22016T   25222.12409722 -.00010206  00000+0 -64004-3 0  2224
2 51731  53.2148 188.8762 0001311  83.2201   9.2819 15.08845852    10
STARLINK-3518
1 51732C 22016U   25222.12270833 -.00004079  00000+0 -25584-3 0  2225
2 51732  53.2148 188.8844 0001348  88.7141  76.2414 15.08837504    15
STARLINK-3525
1 51733C 22016V   25222.12062500 -.00001796  00000+0 -11266-3 0  2221
2 51733  53.2146 188.9027 0001339  82.8787  25.5450 15.08837783    15
STARLINK-3450
1 51734C 22016W   25222.12131944 -.00006967  00000+0 -43691-3 0  2223
2 51734  53.2150 188.8904 0001394  88.5508 128.8536 15.08840687    18
STARLINK-3517
1 51735C 22016X   25222.11923611 -.00001280  00000+0 -80278-4 0  2229
2 51735  53.2147 188.8994 0001100  81.5290  84.5406 15.08836536    12
STARLINK-3447
1 51736C 22016Y   25222.11576389 -.00010844  00000+0 -68008-3 0  2228
2 51736  53.2150 189.0026 0001286  83.7913  98.1542 15.08846394    12
STARLINK-3509
1 51737C 22016Z   25222.12479167 -.00003671  00000+0 -23020-3 0  2221
2 51737  53.2149 188.8745 0001148  76.6312 139.6384 15.08838557    14
STARLINK-3500
1 51740C 22016AC  25222.12062500 -.00001898  00000+0 -11905-3 0  2222
2 51740  53.2155 188.8918 0001123  96.4871 237.1503 15.08834408    18
STARLINK-3520
1 51741C 22016AD  25222.11854167 -.00015190  00000+0 -95274-3 0  2221
2 51741  53.2157 188.9128 0001342  85.2576 171.8626 15.08846146    18
STARLINK-3452
1 51744C 22016AG  25222.12062500 -.00010062  00000+0 -63107-3 0  2220
2 51744  53.2155 188.9192 0001374  88.1367 285.4849 15.08843313    17
STARLINK-3502
1 51746C 22016AJ  25222.10951389 -.00011899  00000+0 -74625-3 0  2228
2 51746  53.2151 178.9524 0001347  86.8102  76.2381 15.08844354    18
STARLINK-3446
1 51747C 22016AK  25222.12201389  .00002393  00000+0  15006-3 0  2224
2 51747  53.2156 188.9339 0001371  82.1774 273.7789 15.08831366    15
STARLINK-3501
1 51748C 22016AL  25222.12062500 -.00011632  00000+0 -72954-3 0  2228
2 51748  53.2150 178.8936 0001474  86.2001 182.4443 15.08842257    17
STARLINK-3451
1 51749C 22016AM  25222.12409722  .00003179  00000+0  19943-3 0  2224
2 51749  53.2144 189.0597 0001481  89.3282  43.0867 15.08816755    17
STARLINK-3505
1 51750C 22016AN  25222.11784722  .00000086  00000+0  53933-5 0  2224
2 51750  53.2150 178.9160 0001397  89.5598 198.7631 15.08834660    19
STARLINK-3511
1 51752C 22016AQ  25222.12062500 -.00012918  00000+0 -81032-3 0  2228
2 51752  53.2153 178.8262 0001353  88.7156 274.7819 15.08838647    11
STARLINK-3507
1 51753C 22016AR  25222.11993056 -.00012727  00000+0 -79814-3 0  2220
2 51753  53.2150 178.9073 0001395  87.6872 191.9580 15.08848232    15
STARLINK-3457
1 51754C 22016AS  25222.12062500 -.00004923  00000+0 -30874-3 0  2225
2 51754  53.2159 178.6503 0001288  81.0123  47.7725 15.08839342    19
STARLINK-3460
1 51755C 22016AT  25222.12062500 -.00002004  00000+0 -12579-3 0  2226
2 51755  53.2152 178.8933 0001348  84.7642 263.9864 15.08811564    17
STARLINK-3513
1 51756C 22016AU  25222.12548611 -.00016279  00000+0 -10210-2 0  2227
2 51756  53.2162 178.8678 0001387  85.7270  89.3405 15.08847655    17
STARLINK-3459
1 51757C 22016AV  25222.11993056 -.00010083  00000+0 -63238-3 0  2220
2 51757  53.2158 178.9038 0001326  78.5092  81.1413 15.08843953    15
STARLINK-3458
1 51758C 22016AW  25222.11298611 -.00009104  00000+0 -57100-3 0  2229
2 51758  53.2154 178.8788 0001559  85.5756  81.5540 15.08840746    18
STARLINK-3456
1 51759C 22016AX  25222.12340278 -.00077720  00000+0 -48719-2 0  2222
2 51759  53.2153 178.8783 0001365  89.3918 114.3656 15.08929618    19
STARLINK-3621
1 51769C 22017B   25222.12548611  .00048908  00000+0  30693-2 0  2221
2 51769  53.2148 208.8706 0001345  96.5483 353.4620 15.08761270    13
STARLINK-3612
1 51770C 22017C   25222.12131944 -.00010284  00000+0 -64493-3 0  2224
2 51770  53.2148 208.8897 0001229  78.6507 328.7513 15.08845783    13
STARLINK-3614
1 51771C 22017D   25222.11993056  .00000586  00000+0  36759-4 0  2221
2 51771  53.2147 208.8847 0001417  82.2980 357.4692 15.08851675    17
STARLINK-3623
1 51772C 22017E   25222.11923611 -.00011273  00000+0 -70695-3 0  2225
2 51772  53.2145 208.8985 0001476  73.6957  42.3905 15.08845597    15
STARLINK-3624
1 51773C 22017F   25222.12201389  .00000206  00000+0  12940-4 0  2220
2 51773  53.2146 208.8574 0000986  65.0138  40.9747 15.08836898    14
STARLINK-3620
1 51775C 22017H   25222.12340278 -.00010983  00000+0 -68845-3 0  2222
2 51775  53.2145 208.8796 0001494  62.7918  55.8366 15.08864162    13
STARLINK-3608
1 51776C 22017J   25222.12062500 -.00000488  00000+0 -30598-4 0  2226
2 51776  53.2138 208.8919 0001379  72.0928 111.5235 15.08833079    18
STARLINK-3625
1 51777C 22017K   25222.12618056 -.00066115  00000+0 -41447-2 0  2222
2 51777  53.2141 208.8385 0001217  72.6833 115.9648 15.08915638    10
STARLINK-3611
1 51779C 22017M   25222.12479167 -.00005361  00000+0 -33624-3 0  2227
2 51779  53.2141 208.9216 0001297  82.0444 119.0019 15.08839368    19
STARLINK-3617
1 51780C 22017N   25222.12340278 -.00015075  00000+0 -94526-3 0  2220
2 51780  53.2143 208.8702 0001296  89.1750 189.5284 15.08855888    10
STARLINK-3580
1 51781C 22017P   25222.12201389 -.00002007  00000+0 -12588-3 0  2229
2 51781  53.2142 208.8476 0001229  80.8855 170.3111 15.08837432    10
STARLINK-3616
1 51782C 22017Q   25222.12131944 -.00000799  00000+0 -50112-4 0  2221
2 51782  53.2139 219.0431 0001033  80.6603 331.6303 15.08837897    14
STARLINK-3628
1 51783C 22017R   25222.10951389 -.00006553  00000+0 -41099-3 0  2220
2 51783  53.2140 208.9909 0001351  83.8366  74.1849 15.08839086    14
STARLINK-3646
1 51785C 22017T   25222.11854167 -.00002380  00000+0 -14924-3 0  2220
2 51785  53.2144 208.8735 0001470  78.8437 188.2838 15.08836768    10
STARLINK-3619
1 51787C 22017V   25222.12062500 -.00003207  00000+0 -20112-3 0  2220
2 51787  53.2141 218.8925 0001092  80.5293  28.0890 15.08837769    12
STARLINK-3641
1 51788C 22017W   25222.12201389 -.00001274  00000+0 -79916-4 0  2220
2 51788  53.2146 218.8860 0001152  80.7764 175.4315 15.08822840    11
STARLINK-3631
1 51790C 22017Y   25222.12270833 -.00000699  00000+0 -43858-4 0  2229
2 51790  53.2145 218.8820 0001384  85.9327 194.0210 15.08835468    19
STARLINK-3626
1 51792C 22017AA  25222.11923611 -.00000395  00000+0 -24773-4 0  2227
2 51792  53.2142 218.8994 0001111  78.1127 222.9963 15.08820260    10
STARLINK-3573
1 51794C 22017AC  25222.12131944 -.00000482  00000+0 -30218-4 0  2228
2 51794  53.2140 218.8895 0001227  74.8596 277.5450 15.08835978    10
STARLINK-3634
1 51798C 22017AG  25222.12618056 -.00018186  00000+0 -11401-2 0  2227
2 51798  53.2139 218.8675 0001606  62.1216  36.6315 15.08867735    18
STARLINK-3592
1 51801C 22017AK  25222.12062500 -.00000702  00000+0 -44015-4 0  2223
2 51801  53.2140 218.8928 0001366  86.5296 302.0852 15.08836740    15
STARLINK-3544
1 51803C 22017AM  25222.12340278 -.00009640  00000+0 -60452-3 0  2228
2 51803  53.2139 218.8791 0001187  84.1567  19.5636 15.08845996    12
STARLINK-3601
1 51804C 22017AN  25222.12479167 -.00000294  00000+0 -18407-4 0  2229
2 51804  53.2144 198.8740 0000911  60.1468 341.1193 15.08834164    15
STARLINK-3605
1 51805C 22017AP  25222.12479167 -.00000042  00000+0 -26288-5 0  2228
2 51805  53.2143 198.9504 0001311  96.1264 285.0394 15.08836008    10
STARLINK-3606
1 51807C 22017AR  25222.12340278 -.00011535  00000+0 -72345-3 0  2222
2 51807  53.2145 208.8801 0001357  74.4367 224.3056 15.08842541    18
STARLINK-3610
1 51812C 22017AW  25222.12479167 -.00005451  00000+0 -34185-3 0  2228
2 51812  53.2145 198.8728 0001343  75.1866 246.0840 15.08839987    19
STARLINK-3552
1 51813C 22017AX  25222.12548611 -.00000468  00000+0 -29340-4 0  2221
2 51813  53.2145 198.8995 0001264  82.5070 342.5184 15.08833753    15
STARLINK-3599
1 51814C 22017AY  25222.12409722 -.00004522  00000+0 -28358-3 0  2223
2 51814  53.2140 198.8776 0001226  83.5650 273.9114 15.08842896    19
STARLINK-3604
1 51815C 22017AZ  25222.12340278 -.00006785  00000+0 -42549-3 0  2225
2 51815  53.2145 198.8796 0001337  80.0418 253.6838 15.08841282    10
STARLINK-3603
1 51816C 22017BA  25222.12340278  .00001309  00000+0  82107-4 0  2226
2 51816  53.2149 199.1202 0001386  80.6932 167.6703 15.08830610    10
STARLINK-3542
1 51852C 22022A   25222.12618056 -.00011638  00000+0 -72972-3 0  2220
2 51852  53.2145 248.8686 0001286  84.4807 149.3215 15.08853409    12
STARLINK-3541
1 51854C 22022C   25222.12201389 -.00000740  00000+0 -46420-4 0  2221
2 51854  53.2144 248.8880 0001183  78.9677 152.1988 15.08837988    11
STARLINK-3545
1 51855C 22022D   25222.12062500 -.00009820  00000+0 -61571-3 0  2223
2 51855  53.2142 248.8181 0001029  72.4064 231.2505 15.08852438    13
STARLINK-3568
1 51856C 22022E   25222.09215278 -.00002631  00000+0 -16498-3 0  2223
2 51856  53.2141 249.0321 0001094  78.2763   5.3908 15.08842079    11
STARLINK-3571
1 51857C 22022F   25222.10881944  .00000389  00000+0  24414-4 0  2229
2 51857  53.2140 248.9580 0000898  69.2172 164.9363 15.08850935    18
STARLINK-3563
1 51858C 22022G   25222.12062500 -.00016726  00000+0 -10488-2 0  2229
2 51858  53.2142 248.8944 0001187  80.7740 202.8514 15.08856581    18
STARLINK-3560
1 51859C 22022H   25222.09701389  .00002725  00000+0  17087-3 0  2226
2 51859  53.2144 239.0096 0001567 115.7133 309.2686 15.08830548    15
STARLINK-3559
1 51860C 22022J   25222.11923611 -.00002480  00000+0 -15548-3 0  2225
2 51860  53.2141 238.9000 0001220  86.8035  64.2726 15.08841206    18
STARLINK-3508
1 51862C 22022L   25222.11993056 -.00002801  00000+0 -17563-3 0  2223
2 51862  53.2141 238.8966 0001178  85.5455  89.2967 15.08838269    13
STARLINK-3503
1 51865C 22022P   25222.12062500  .00002860  00000+0  17935-3 0  2224
2 51865  53.2146 238.8931 0001332  84.7260 233.8003 15.08830463    16
STARLINK-3553
1 51866C 22022Q   25222.12548611 -.00000836  00000+0 -52421-4 0  2220
2 51866  53.2145 238.7269 0001251  82.9528 276.9853 15.08836785    10
STARLINK-3590
1 51867C 22022R   25222.11993056 -.00002295  00000+0 -14391-3 0  2221
2 51867  53.2147 238.8972 0001252  78.1877 256.6731 15.08837600    17
STARLINK-3588
1 51869C 22022T   25222.11993056 -.00000477  00000+0 -29931-4 0  2220
2 51869  53.2142 238.8976 0001130  80.4688 314.3723 15.08837510    12
STARLINK-3591
1 51870C 22022U   25222.11993056 -.00014858  00000+0 -93160-3 0  2224
2 51870  53.2145 238.8976 0000955  80.9779 273.8612 15.08856938    18
STARLINK-3567
1 51871C 22022V   25222.12340278 -.00008132  00000+0 -50995-3 0  2225
2 51871  53.2139 238.8819 0001166  80.0934 353.6211 15.08847221    14
STARLINK-3554
1 51872C 22022W   25222.12479167  .00008114  00000+0  50905-3 0  2225
2 51872  53.2142 238.8766 0001456  79.6801 321.5322 15.08812649    12
STARLINK-3582
1 51873C 22022X   25222.12618056 -.00010599  00000+0 -66461-3 0  2224
2 51873  53.2138 238.8790 0001104  83.0908  60.5159 15.08849368    18
STARLINK-3585
1 51875C 22022Z   25222.12548611 -.00003013  00000+0 -18894-3 0  2225
2 51875  53.2143 238.7836 0001374  82.9164 142.1943 15.08837521    13
STARLINK-3583
1 51876C 22022AA  25222.12270833 -.00001528  00000+0 -95834-4 0  2223
2 51876  53.2138 238.8846 0001260  82.5744  27.3553 15.08842581    17
STARLINK-3556
1 51877C 22022AB  25222.12201389 -.00006514  00000+0 -40850-3 0  2221
2 51877  53.2140 228.8875 0001278  81.4366 119.7316 15.08844664    16
STARLINK-3575
1 51878C 22022AC  25222.12548611 -.00001804  00000+0 -11318-3 0  2228
2 51878  53.2138 238.8719 0001118  90.5566  74.5261 15.08818328    13
STARLINK-3572
1 51879C 22022AD  25222.12548611 -.00005207  00000+0 -32651-3 0  2223
2 51879  53.2136 228.8715 0001222  81.6058 178.4311 15.08842404    12
STARLINK-3566
1 51880C 22022AE  25222.11923611 -.00006541  00000+0 -41014-3 0  2226
2 51880  53.2138 238.6202 0001276  85.2335  26.0183 15.08846344    15
STARLINK-3504
1 51881C 22022AF  25222.12062500 -.00061018  00000+0 -38265-2 0  2222
2 51881  53.2141 228.8935 0001321  89.4112 184.2832 15.08896923    10
STARLINK-3570
1 51882C 22022AG  25222.10395833 -.00000604  00000+0 -37867-4 0  2222
2 51882  53.2136 228.9787 0001215  61.5669  56.1536 15.08838810    10
STARLINK-3576
1 51883C 22022AH  25222.12409722 -.00010194  00000+0 -63903-3 0  2222
2 51883  53.2137 229.0607 0001066  74.2377 158.0539 15.08862405    18
STARLINK-3577
1 51884C 22022AJ  25222.12479167 -.00010039  00000+0 -62951-3 0  2223
2 51884  53.2136 228.8743 0001028  66.0963 210.1723 15.08847531    12
STARLINK-3584
1 51885C 22022AK  25222.12340278 -.00015039  00000+0 -94313-3 0  2226
2 51885  53.2141 228.8790 0001232  85.3464 263.3888 15.08851138    18
STARLINK-3565
1 51886C 22022AL  25222.11090278 -.00007846  00000+0 -49205-3 0  2225
2 51886  53.2139 228.9367 0001228  66.9998 173.7891 15.08844237    19
STARLINK-3551
1 51887C 22022AM  25222.12618056 -.00010297  00000+0 -64576-3 0  2229
2 51887  53.2141 228.8658 0001216  86.2233 297.6003 15.08847049    14
STARLINK-3536
1 51888C 22022AN  25222.12618056 -.00002979  00000+0 -18679-3 0  2221
2 51888  53.2140 228.8673 0000949  83.9632 259.7579 15.08840678    18
STARLINK-3579
1 51893C 22022AT  25222.12409722 -.00008432  00000+0 -52878-3 0  2224
2 51893  53.2145 228.8779 0001159  76.2365  56.2690 15.08843423    13
STARLINK-3595
1 51894C 22022AU  25222.12270833 -.00005949  00000+0 -37291-3 0  2226
2 51894  53.2146 228.8832 0001242  79.9298  24.9366 15.08860146    16
STARLINK-3594
1 51895C 22022AV  25222.12340278 -.00007831  00000+0 -49114-3 0  2227
2 51895  53.2146 228.8816 0001235  76.6195  72.1141 15.08842328    19
STARLINK-3598
1 51897C 22022AX  25222.12131944 -.00006969  00000+0 -43703-3 0  2226
2 51897  53.2145 228.8909 0001197  71.2494  86.1631 15.08841210    11
STARLINK-3597
1 51898C 22022AY  25222.11993056 -.00028943  00000+0 -18149-2 0  2227
2 51898  53.2142 228.8968 0001299  74.1821  95.6714 15.08868608    10
STARLINK-3700
1 51956C 22025A   25222.09076389 -.00011397  00000+0 -76359-3 0  2226
2 51956  53.0520 251.5294 0001267  85.4740 343.3184 15.06412545    15
STARLINK-3694
1 51957C 22025B   25222.11854167 -.00011456  00000+0 -76761-3 0  2221
2 51957  53.0531 265.6514 0001153  87.1055  70.4387 15.06408437    19
STARLINK-3692
1 51958C 22025C   25222.08520833 -.00002178  00000+0 -14592-3 0  2223
2 51958  53.0521 251.5590 0000892  85.6290 333.0244 15.06400035    16
STARLINK-3704
1 51959C 22025D   25222.11090278 -.00007707  00000+0 -51641-3 0  2222
2 51959  53.0528 265.6594 0001259  88.9490   7.1532 15.06404122    10
STARLINK-3691
1 51960C 22025E   25222.11854167 -.00003817  00000+0 -25574-3 0  2223
2 51960  53.0531 265.6290 0001214  88.7903  88.7510 15.06402804    13
STARLINK-3697
1 51962C 22025G   25222.12479167 -.00016083  00000+0 -10776-2 0  2225
2 51962  53.0532 256.1811 0001262  86.2859 299.7985 15.06413171    15
STARLINK-3675
1 51963C 22025H   25222.12340278 -.00001249  00000+0 -83676-4 0  2225
2 51963  53.0521 251.3282 0001195  74.3733 251.4754 15.06398818    16
STARLINK-3690
1 51964C 22025J   25222.11159722 -.00003716  00000+0 -24900-3 0  2222
2 51964  53.0526 256.8295 0001178  83.8517 345.1049 15.06401588    19
STARLINK-3696
1 51965C 22025K   25222.11506944  .00001590  00000+0  10657-3 0  2225
2 51965  53.0532 265.6403 0001239  90.1120  88.6083 15.06391135    18
STARLINK-3681
1 51968C 22025N   25222.11923611 -.00011085  00000+0 -74253-3 0  2226
2 51968  53.0521 256.7059 0001048  64.0421 146.3712 15.06419574    18
STARLINK-3680
1 51969C 22025P   25222.12409722 -.00003493  00000+0 -23402-3 0  2224
2 51969  53.0528 256.9857 0001262  86.7443 289.9030 15.06400359    15
STARLINK-3669
1 51971C 22025R   25222.10187500 -.00012014  00000+0 -80498-3 0  2229
2 51971  53.0518 256.7358 0001187  84.2504  12.0480 15.06411000    17
STARLINK-3671
1 51972C 22025S   25222.11993056  .00001510  00000+0  10118-3 0  2221
2 51972  53.0525 260.6603 0001016  79.9590 352.5306 15.06400402    13
STARLINK-3672
1 51974C 22025U   25222.11576389 -.00000535  00000+0 -35839-4 0  2225
2 51974  53.0524 260.6793 0001094  85.5223 344.4221 15.06398186    17
STARLINK-3674
1 51975C 22025V   25222.10187500 -.00005941  00000+0 -39804-3 0  2229
2 51975  53.0521 256.3363 0001213  82.6724 359.0114 15.06404912    15
STARLINK-3660
1 51977C 22025X   25222.12409722 -.00014178  00000+0 -88909-3 0  2228
2 51977  53.2144 248.8886 0001227  87.4748 329.8265 15.08851204    14
STARLINK-3635
1 51981C 22025AB  25222.12409722  .00001289  00000+0  80870-4 0  2220
2 51981  53.2146 268.8802 0001187  83.6145 348.8844 15.08830634    13
STARLINK-3655
1 51983C 22025AD  25222.11993056 -.00004789  00000+0 -30030-3 0  2221
2 51983  53.2151 268.9061 0001130  87.7328 342.1153 15.08844170    15
STARLINK-3664
1 51984C 22025AE  25222.12131944 -.00001113  00000+0 -69767-4 0  2221
2 51984  53.2154 268.9775 0001184  82.5147 149.6164 15.08840792    10
STARLINK-3651
1 51985C 22025AF  25222.11159722 -.00012585  00000+0 -78912-3 0  2221
2 51985  53.2151 268.9457 0001140  87.6703 331.6910 15.08852947    18
STARLINK-3645
1 51986C 22025AG  25222.12131944  .00002029  00000+0  12727-3 0  2221
2 51986  53.2144 268.7380 0001129  80.9133 316.5906 15.08830075    19
STARLINK-3644
1 51987C 22025AH  25222.12201389  .00001285  00000+0  80598-4 0  2228
2 51987  53.2155 268.8871 0001147  82.9580 158.2063 15.08836728    12
STARLINK-3640
1 51988C 22025AJ  25222.12409722 -.00002109  00000+0 -13225-3 0  2220
2 51988  53.2147 268.8787 0001016  84.8602 267.6340 15.08841205    10
STARLINK-3642
1 51989C 22025AK  25222.12548611 -.00000108  00000+0 -67670-5 0  2224
2 51989  53.2153 268.8708 0001242  83.4680 196.5725 15.08838409    12
STARLINK-3652
1 51991C 22025AM  25222.12618056  .00002989  00000+0  18745-3 0  2222
2 51991  53.2150 268.8687 0001127  85.2543 238.5667 15.08832087    16
STARLINK-3648
1 51993C 22025AP  25222.12409722 -.00009197  00000+0 -57676-3 0  2228
2 51993  53.2146 268.8792 0001167  87.4607 285.0485 15.08847075    17
STARLINK-3538
1 51996C 22025AS  25222.12131944 -.00016680  00000+0 -10459-2 0  2221
2 51996  53.2150 248.8902 0001203  78.7062  88.6958 15.08856621    14
STARLINK-3618
1 51998C 22025AU  25222.12409722 -.00006815  00000+0 -42742-3 0  2225
2 51998  53.2139 248.8792 0001219  87.9507 254.5492 15.08840595    13
STARLINK-3667
1 51999C 22025AV  25222.12479167  .00000335  00000+0  20991-4 0  2228
2 51999  53.2148 248.8647 0001209  81.1697 125.1098 15.08833851    10
STARLINK-3653
1 52000C 22025AW  25222.12062500 -.00005607  00000+0 -35163-3 0  2226
2 52000  53.2144 248.8071 0001146  84.3806 319.2970 15.08843459    18
STARLINK-3659
1 52001C 22025AX  25222.11993056 -.00011713  00000+0 -73444-3 0  2224
2 52001  53.2138 248.9079 0001100  83.1475 251.4851 15.08853175    11
STARLINK-3668
1 52002C 22025AY  25222.12131944 -.00001261  00000+0 -79078-4 0  2223
2 52002  53.2141 248.9306 0000620  88.8770 258.4409 15.08828731    11
STARLINK-3722
1 52089C 22029B   25222.12965278  .00021671  00000+0  13536-2 0  2227
2 52089  53.2173 318.8433 0000773  61.8645 351.2910 15.08960638    12
STARLINK-3712
1 52090C 22029C   25222.12201389  .00012050  00000+0  75599-3 0  2224
2 52090  53.2175 318.8865 0001234  77.4682 348.7255 15.08809293    14
STARLINK-3716
1 52092C 22029E   25222.12479167  .00000431  00000+0  27007-4 0  2229
2 52092  53.2173 318.8747 0001215  96.9533 324.3515 15.08831219    15
STARLINK-3714
1 52094C 22029G   25222.12062500  .00007366  00000+0  46200-3 0  2229
2 52094  53.2176 318.8922 0000908  77.7145   0.9420 15.08822369    17
STARLINK-3702
1 52100C 22029N   25222.12409722  .00011858  00000+0  74378-3 0  2226
2 52100  53.2177 318.8778 0001174  91.0682  86.4491 15.08816843    13
STARLINK-3709
1 52102C 22029Q   25222.12548611  .00011882  00000+0  74532-3 0  2228
2 52102  53.2164 308.8723 0001187  94.4265  80.4163 15.08816869    16
STARLINK-3706
1 52105C 22029T   25222.12479167  .00006865  00000+0  43056-3 0  2222
2 52105  53.2174 308.8755 0001159  78.1380 272.9415 15.08827637    14
STARLINK-3670
1 52106C 22029U   25222.12409722  .00009291  00000+0  58268-3 0  2220
2 52106  53.2176 318.8792 0001351  89.9100 147.5860 15.08825162    15
STARLINK-3658
1 52107C 22029V   25222.12340278  .00012098  00000+0  75885-3 0  2224
2 52107  53.2175 308.8826 0000976  82.5757 286.1450 15.08816859    19
STARLINK-3698
1 52108C 22029W   25222.12479167  .00003326  00000+0  20856-3 0  2227
2 52108  53.2175 308.8754 0001269  92.3025 243.9610 15.08832428    12
STARLINK-3687
1 52110C 22029Y   25222.12340278  .00012040  00000+0  75542-3 0  2225
2 52110  53.2170 308.8837 0001383  94.2282 254.5316 15.08805230    17
STARLINK-3708
1 52111C 22029Z   25222.12131944  .00001546  00000+0  96944-4 0  2223
2 52111  53.2169 308.8921 0001251  90.2842 327.1372 15.08832475    12
STARLINK-3734
1 52112C 22029AA  25222.12131944  .00012075  00000+0  75738-3 0  2220
2 52112  53.2171 308.8923 0001287  89.2904 288.0411 15.08818910    11
STARLINK-3737
1 52114C 22029AC  25222.12340278  .00011810  00000+0  74081-3 0  2220
2 52114  53.2168 308.8841 0001290  88.2006 320.5373 15.08815936    18
STARLINK-3685
1 52115C 22029AD  25222.12131944  .00011565  00000+0  72541-3 0  2225
2 52115  53.2162 308.8914 0001173  90.8131  46.5833 15.08818468    11
STARLINK-3738
1 52117C 22029AF  25222.12062500  .00010117  00000+0  63459-3 0  2228
2 52117  53.2167 308.8935 0001061  87.0038  86.6185 15.08819601    16
STARLINK-3558
1 52119C 22029AH  25222.12340278  .00011159  00000+0  69992-3 0  2226
2 52119  53.2170 308.8804 0001241  96.7641 131.9556 15.08819040    17
STARLINK-3534
1 52120C 22029AJ  25222.12340278  .00012142  00000+0  76165-3 0  2221
2 52120  53.2164 308.8815 0001208  96.1967  72.5399 15.08813030    10
STARLINK-3678
1 52121C 22029AK  25222.12270833  .00000061  00000+0  38535-5 0  2229
2 52121  53.2159 298.8843 0001232  87.0351 232.8446 15.08850822    11
STARLINK-3726
1 52122C 22029AL  25222.12618056 -.00005498  00000+0 -34483-3 0  2220
2 52122  53.2167 308.8678 0001281  95.5102 128.3430 15.08838944    14
STARLINK-3727
1 52125C 22029AP  25222.12548611 -.00003599  00000+0 -22569-3 0  2224
2 52125  53.2162 298.8708 0001198  89.3577 305.7154 15.08838163    15
STARLINK-3732
1 52126C 22029AQ  25222.11923611  .00008362  00000+0  52450-3 0  2224
2 52126  53.2159 298.8985 0001129  79.6270 241.4736 15.08820759    19
STARLINK-3715
1 52127C 22029AR  25222.12618056  .00005854  00000+0  36712-3 0  2226
2 52127  53.2163 298.8677 0001291  94.5793 324.2363 15.08829136    13
STARLINK-3711
1 52131C 22029AV  25222.12479167  .00010117  00000+0  63454-3 0  2220
2 52131  53.2169 298.8751 0001137  92.9729  18.3000 15.08820232    14
STARLINK-3707
1 52133C 22029AX  25222.11923611  .00006683  00000+0  41885-3 0  2226
2 52133  53.2166 298.9031 0001647  77.7429  43.2315 15.08847680    11
STARLINK-3721
1 52134C 22029AY  25222.12062500  .00010686  00000+0  67025-3 0  2221
2 52134  53.2169 298.8938 0001277  93.1122  15.5189 15.08819739    16
STARLINK-3729
1 52135C 22029AZ  25222.11923611  .00010625  00000+0  66653-3 0  2229
2 52135  53.2164 298.9115 0001166  87.8193  88.0680 15.08812750    12
STARLINK-3720
1 52136C 22029BA  25222.12201389  .00011148  00000+0  69912-3 0  2224
2 52136  53.2167 298.8897 0001265  89.1280  67.0486 15.08824326    17
STARLINK-3733
1 52137C 22029BB  25222.12062500  .00011689  00000+0  73317-3 0  2229
2 52137  53.2163 298.8948 0001236  91.5278 117.1149 15.08816698    19
STARLINK-3723
1 52138C 22029BC  25222.12201389 -.00000604  00000+0 -37833-4 0  2221
2 52138  53.2166 298.8893 0001206  62.6420 113.4575 15.08855506    10
STARLINK-3761
1 52262C 22041B   25222.12548611  .00014392  00000+0  90285-3 0  2221
2 52262  53.2184 338.8214 0001287  95.4628 179.6263 15.08808693    16
STARLINK-3786
1 52263C 22041C   25222.11854167  .00014524  00000+0  91131-3 0  2225
2 52263  53.2185 338.9007 0001251  97.4845 119.8594 15.08801242    19
STARLINK-3795
1 52264C 22041D   25222.12548611  .00014097  00000+0  88437-3 0  2221
2 52264  53.2182 338.8704 0001245  91.8658 203.1878 15.08808648    12
STARLINK-3740
1 52265C 22041E   25222.12062500  .00010559  00000+0  66229-3 0  2224
2 52265  53.2182 338.8932 0000965  85.6511 202.9832 15.08819150    10
STARLINK-3739
1 52266C 22041F   25222.12201389  .00004790  00000+0  30043-3 0  2220
2 52266  53.2180 338.8873 0001414  87.5977 228.5897 15.08829405    19
STARLINK-3746
1 52268C 22041H   25222.11993056  .00013342  00000+0  83711-3 0  2223
2 52268  53.2173 338.8199 0001214  97.7845 327.1419 15.08805910    10
STARLINK-3804
1 52270C 22041K   25222.12131944  .00012373  00000+0  77615-3 0  2226
2 52270  53.2172 338.9191 0001116  72.9636 319.4287 15.08813537    10
STARLINK-3781
1 52272C 22041M   25222.11576389  .00013307  00000+0  83497-3 0  2226
2 52272  53.2173 338.9540 0001257  74.7022 302.3107 15.08803306    11
STARLINK-3782
1 52273C 22041N   25222.11854167  .00014422  00000+0  90479-3 0  2227
2 52273  53.2171 329.2879 0001045  90.3028  96.5740 15.08807288    11
STARLINK-3790
1 52274C 22041P   25222.10881944  .00003367  00000+0  21118-3 0  2220
2 52274  53.2174 338.9468 0001184  94.0803 290.3997 15.08825993    13
STARLINK-3784
1 52275C 22041Q   25222.12479167  .00013165  00000+0  82591-3 0  2222
2 52275  53.2171 338.8759 0001051  94.7816 336.4952 15.08811020    16
STARLINK-3778
1 52276C 22041R   25222.12479167  .00013294  00000+0  83406-3 0  2222
2 52276  53.2173 338.8759 0001233  78.4830  52.8133 15.08806903    10
STARLINK-3780
1 52278C 22041T   25222.12340278  .00013278  00000+0  83303-3 0  2222
2 52278  53.2178 338.8807 0001166  77.7559  65.9975 15.08806932    17
STARLINK-3779
1 52281C 22041W   25222.12201389  .00013908  00000+0  87247-3 0  2226
2 52281  53.2173 338.8882 0001230  97.4224  13.5610 15.08811981    14
STARLINK-3783
1 52282C 22041X   25222.11993056 -.00017995  00000+0 -11278-2 0  2227
2 52282  53.2172 328.8977 0001420  81.5093 138.2858 15.08875625    11
STARLINK-3789
1 52283C 22041Y   25222.12409722  .00004131  00000+0  25910-3 0  2226
2 52283  53.2180 338.8768 0001028  87.1551  80.3610 15.08827810    11
STARLINK-3561
1 52284C 22041Z   25222.11923611  .00013249  00000+0  83124-3 0  2225
2 52284  53.2174 328.8997 0001308  99.8626 156.2382 15.08806472    12
STARLINK-3802
1 52286C 22041AB  25222.12340278 -.00004221  00000+0 -26473-3 0  2226
2 52286  53.2181 328.8800 0001126  91.7002 227.0417 15.08840830    14
STARLINK-3751
1 52289C 22041AE  25222.12270833  .00012799  00000+0  80294-3 0  2226
2 52289  53.2171 328.8846 0001237  98.9556 156.0120 15.08808464    11
STARLINK-3772
1 52290C 22041AF  25222.11993056  .00012465  00000+0  78187-3 0  2224
2 52290  53.2181 328.8955 0001268  95.3686 279.2964 15.08814659    11
STARLINK-3753
1 52292C 22041AH  25222.12131944  .00014346  00000+0  89997-3 0  2228
2 52292  53.2181 328.8901 0001294  97.0092 310.4139 15.08809768    10
STARLINK-3777
1 52294C 22041AK  25222.12131944  .00016045  00000+0  10068-2 0  2220
2 52294  53.2178 328.8908 0001272  97.6414 329.7950 15.08800200    11
STARLINK-3765
1 52295C 22041AL  25222.12062500  .00015002  00000+0  94116-3 0  2221
2 52295  53.2181 328.8917 0001213  96.4450 267.1921 15.08806216    14
STARLINK-3758
1 52297C 22041AN  25222.11923611  .00012177  00000+0  76376-3 0  2229
2 52297  53.2180 328.8992 0001229  93.4769 282.6156 15.08819454    15
STARLINK-3769
1 52300C 22041AR  25222.12201389  .00011823  00000+0  74171-3 0  2224
2 52300  53.2171 328.8876 0001124  98.4525  92.7490 15.08811216    19
STARLINK-3768
1 52301C 22041AS  25222.12409722  .00015659  00000+0  98239-3 0  2228
2 52301  53.2178 328.8785 0001332  92.9042   9.6025 15.08806268    12
STARLINK-3564
1 52302C 22041AT  25222.12201389  .00015748  00000+0  98797-3 0  2226
2 52302  53.2175 318.8883 0001111  91.4122 154.7913 15.08806035    16
STARLINK-3744
1 52304C 22041AV  25222.12270833  .00000842  00000+0  52790-4 0  2221
2 52304  53.2171 318.8868 0001232  86.7478 183.2190 15.08833913    11
STARLINK-3755
1 52307C 22041AY  25222.11923611  .00013719  00000+0  86070-3 0  2226
2 52307  53.2173 328.8998 0001296  77.0066 119.1030 15.08808194    11
STARLINK-3750
1 52311C 22041BC  25222.11923611  .00000347  00000+0  21740-4 0  2228
2 52311  53.2166 318.9018 0000964  87.3450 243.6877 15.08844766    10
STARLINK-3752
1 52312C 22041BD  25222.12201389  .00006472  00000+0  40590-3 0  2229
2 52312  53.2177 318.8396 0001295  92.1755 114.0279 15.08826537    14
STARLINK-3749
1 52313C 22041BE  25222.12270833  .00010979  00000+0  68866-3 0  2223
2 52313  53.2178 318.8843 0001234  95.7130  94.2542 15.08816499    10
STARLINK-3889
1 52331C 22045A   25222.12479167  .00011865  00000+0  74424-3 0  2220
2 52331  53.2157  78.8759 0001450  92.4733 168.8426 15.08816922    19
STARLINK-3831
1 52332C 22045B   25222.11993056  .00004915  00000+0  30826-3 0  2224
2 52332  53.2161  78.9042 0001286  89.4724  80.1822 15.08826700    15
STARLINK-3847
1 52333C 22045C   25222.11854167  .00011050  00000+0  69316-3 0  2228
2 52333  53.2156  78.8999 0001364  93.0874  94.2632 15.08815399    11
STARLINK-3880
1 52334C 22045D   25222.12270833  .00013838  00000+0  86775-3 0  2226
2 52334  53.2150  78.8829 0001379  87.7552 182.1982 15.08825240    18
STARLINK-3814
1 52335C 22045E   25222.12131944  .00014091  00000+0  88388-3 0  2220
2 52335  53.2150  78.8896 0001438  80.7460 201.6842 15.08811723    13
STARLINK-3823
1 52336C 22045F   25222.12409722  .00010763  00000+0  67520-3 0  2220
2 52336  53.2156  78.6765 0001326  85.4492 352.2224 15.08811721    11
STARLINK-3797
1 52337C 22045G   25222.11993056  .00011413  00000+0  71588-3 0  2220
2 52337  53.2159  78.8982 0001345  92.1768 122.7169 15.08816925    19
STARLINK-3792
1 52339C 22045J   25222.11993056  .00014147  00000+0  88701-3 0  2224
2 52339  53.2160  78.5365 0001377  92.3819  82.7072 15.08827987    17
STARLINK-3818
1 52340C 22045K   25222.12270833  .00009691  00000+0  60792-3 0  2226
2 52340  53.2156  68.8853 0001429  93.8676 111.1117 15.08816282    16
STARLINK-3843
1 52341C 22045L   25222.12340278  .00001093  00000+0  68555-4 0  2222
2 52341  53.2149  78.8336 0001321  84.5411 289.2360 15.08827465    13
STARLINK-3850
1 52342C 22045M   25222.12479167  .00010392  00000+0  65159-3 0  2221
2 52342  53.2154  68.9920 0001338  92.1836 104.0169 15.08831137    15
STARLINK-3851
1 52344C 22045P   25222.12409722  .00009799  00000+0  61431-3 0  2221
2 52344  53.2156  68.9436 0001080  83.9489 168.4252 15.08838512    18
STARLINK-3826
1 52347C 22045S   25222.12340278  .00004853  00000+0  30440-3 0  2226
2 52347  53.2157  68.8921 0001349  86.8816 136.6395 15.08826753    13
STARLINK-3829
1 52348C 22045T   25222.11923611  .00002690  00000+0  16871-3 0  2223
2 52348  53.2161  68.8965 0001344  84.1039 222.0022 15.08822822    10
STARLINK-3819
1 52349C 22045U   25222.12270833 -.00000556  00000+0 -34913-4 0  2225
2 52349  53.2158  68.8819 0001843  90.6542 174.3436 15.08821056    16
STARLINK-3754
1 52350C 22045V   25222.12270833  .00010898  00000+0  68352-3 0  2228
2 52350  53.2158  68.8804 0001306  92.8873 252.0762 15.08821328    15
STARLINK-3838
1 52352C 22045X   25222.11993056  .00011579  00000+0  72605-3 0  2221
2 52352  53.2155  68.8958 0001389  89.5103 300.3437 15.08827547    19
STARLINK-3807
1 52353C 22045Y   25222.12340278  .00007552  00000+0  47365-3 0  2226
2 52353  53.2156  68.8791 0001334  88.0369 280.6870 15.08826227    19
STARLINK-3877
1 52355C 22045AA  25222.12201389  .00007187  00000+0  45067-3 0  2228
2 52355  53.2157  68.8862 0001353  90.1264 291.0503 15.08829582    16
STARLINK-3801
1 52356C 22045AB  25222.12201389  .00009516  00000+0  59672-3 0  2224
2 52356  53.2154  68.9174 0001431  86.6408 354.5029 15.08828005    15
STARLINK-3821
1 52357C 22045AC  25222.12479167  .00012332  00000+0  77330-3 0  2227
2 52357  53.2156  68.8762 0001316  86.4485 349.8235 15.08828113    11
STARLINK-3837
1 52358C 22045AD  25222.12131944  .00008370  00000+0  52488-3 0  2220
2 52358  53.2150  68.8910 0001348  87.7045  69.6932 15.08828122    13
STARLINK-3853
1 52359C 22045AE  25222.10604167  .00012177  00000+0  76328-3 0  2220
2 52359  53.2154  68.9700 0001696  85.8969 263.2076 15.08840728    13
STARLINK-3848
1 52362C 22045AH  25222.12409722  .00009308  00000+0  58365-3 0  2229
2 52362  53.2157  58.8788 0001341  89.8720 137.6293 15.08829015    11
STARLINK-3830
1 52363C 22045AJ  25222.11993056  .00002968  00000+0  18616-3 0  2227
2 52363  53.2151  68.8975 0001326  84.8699  45.0065 15.08826680    12
STARLINK-3820
1 52364C 22045AK  25222.12270833  .00005251  00000+0  32934-3 0  2227
2 52364  53.2155  58.7982 0001327  88.5698 211.4395 15.08828289    16
STARLINK-3874
1 52365C 22045AL  25222.12131944  .00008697  00000+0  54556-3 0  2228
2 52365  53.2158  58.8881 0001440  89.0987  83.3506 15.08816101    12
STARLINK-3834
1 52368C 22045AP  25222.12062500  .00008402  00000+0  52703-3 0  2228
2 52368  53.2153  58.8924 0001360  85.7724 242.8775 15.08818940    14
STARLINK-3827
1 52370C 22045AR  25222.12270833  .00009031  00000+0  56649-3 0  2223
2 52370  53.2155  58.8954 0001334  81.5227 213.2464 15.08817902    19
STARLINK-3798
1 52371C 22045AS  25222.12131944  .00007498  00000+0  47025-3 0  2226
2 52371  53.2155  58.9014 0001133  82.8814 224.3107 15.08825687    17
STARLINK-3796
1 52372C 22045AT  25222.11923611 -.00002312  00000+0 -14511-3 0  2222
2 52372  53.2155  58.8985 0001294  84.0317 257.0695 15.08807464    12
STARLINK-3762
1 52374C 22045AV  25222.12201389  .00008260  00000+0  51818-3 0  2223
2 52374  53.2156  58.8853 0001321  84.7492 311.4553 15.08815902    15
STARLINK-3785
1 52375C 22045AW  25222.12062500  .00056568  00000+0  35517-2 0  2225
2 52375  53.2158  58.8911 0001194  84.6791 283.9625 15.08736295    12
STARLINK-3805
1 52377C 22045AY  25222.12270833  .00007971  00000+0  49990-3 0  2222
2 52377  53.2155  59.1062 0001327  85.7226 234.0912 15.08824729    11
STARLINK-3806
1 52378C 22045AZ  25222.11923611  .00010285  00000+0  64503-3 0  2220
2 52378  53.2162  58.8986 0001349  91.2991   9.7918 15.08823912    12
STARLINK-3799
1 52382C 22045BD  25222.12409722  .00005702  00000+0  35785-3 0  2226
2 52382  53.2162  58.8881 0001499  80.9038  86.5926 15.08802586    10
STARLINK-3909
1 52452C 22049B   25222.12479167 -.00001409  00000+0 -88325-4 0  2229
2 52452  53.2168 298.7508 0001051  85.3532 126.0065 15.08838817    17
STARLINK-3872
1 52453C 22049C   25222.12270833  .00008973  00000+0  56313-3 0  2221
2 52453  53.2160 298.8844 0001144  77.4597 222.5260 15.08800126    11
STARLINK-3888
1 52454C 22049D   25222.12409722  .00007192  00000+0  45101-3 0  2228
2 52454  53.2160 298.8787 0001208  88.9334 198.5645 15.08827037    14
STARLINK-3890
1 52455C 22049E   25222.12340278  .00008649  00000+0  54255-3 0  2227
2 52455  53.2160 298.8808 0001264  94.8863 223.6409 15.08817416    12
STARLINK-3896
1 52456C 22049F   25222.11784722 -.00001464  00000+0 -91783-4 0  2221
2 52456  53.2160 298.9055 0001114  91.6975 216.6171 15.08838077    15
STARLINK-3899
1 52457C 22049G   25222.12479167  .00008774  00000+0  55026-3 0  2225
2 52457  53.2162 298.8650 0001171  94.4885 276.7874 15.08824020    12
STARLINK-3898
1 52458C 22049H   25222.12548611  .00005477  00000+0  34329-3 0  2227
2 52458  53.2167 298.8723 0000908  75.1323 314.6181 15.08847345    17
STARLINK-3856
1 52459C 22049J   25222.12062500  .00001801  00000+0  11291-3 0  2226
2 52459  53.2154 288.8935 0001234  87.5780 356.0291 15.08839212    11
STARLINK-3900
1 52461C 22049L   25222.11993056  .00005628  00000+0  35293-3 0  2226
2 52461  53.2162 278.8972 0001300  87.7030   7.1481 15.08831308    10
STARLINK-3903
1 52462C 22049M   25222.12409722  .00000225  00000+0  14089-4 0  2229
2 52462  53.2159 288.8893 0001208  94.5127  42.7912 15.08831345    15
STARLINK-3885
1 52463C 22049N   25222.12270833 -.00000468  00000+0 -29331-4 0  2226
2 52463  53.2160 278.8846 0001281  84.2556  45.6792 15.08841048    17
STARLINK-3904
1 52464C 22049P   25222.12479167  .00006111  00000+0  38328-3 0  2222
2 52464  53.2154 288.8748 0001161  81.3081  44.9774 15.08825871    19
STARLINK-3863
1 52465C 22049Q   25222.12131944 -.00013017  00000+0 -81623-3 0  2222
2 52465  53.2157 278.8904 0001324  85.0554  57.3490 15.08854137    13
STARLINK-3873
1 52467C 22049S   25222.11993056  .00006226  00000+0  39051-3 0  2223
2 52467  53.2159 288.8975 0001266  83.5557  56.2979 15.08822742    14
STARLINK-3859
1 52470C 22049V   25222.12548611 -.00004842  00000+0 -30363-3 0  2222
2 52470  53.2164 288.8738 0000665  80.0737 209.9813 15.08842958    10
STARLINK-3881
1 52472C 22049X   25222.12201389  .00001545  00000+0  96923-4 0  2222
2 52472  53.2163 288.8897 0001257  89.5179 201.6866 15.08831508    15
STARLINK-3879
1 52473C 22049Y   25222.12340278  .00004777  00000+0  29954-3 0  2223
2 52473  53.2164 288.8841 0001230  90.2765 168.4444 15.08832880    13
STARLINK-3882
1 52475C 22049AA  25222.12131944 -.00014406  00000+0 -90330-3 0  2221
2 52475  53.2161 289.1125 0001234  93.2559  74.0051 15.08855488    14
STARLINK-3835
1 52476C 22049AB  25222.12201389  .00005518  00000+0  34611-3 0  2225
2 52476  53.2163 279.1293 0001229  85.2041 355.6230 15.08825531    16
STARLINK-3825
1 52478C 22049AD  25222.11923611 -.00002224  00000+0 -13944-3 0  2224
2 52478  53.2164 288.9010 0001030  77.0820 239.0001 15.08840129    19
STARLINK-3878
1 52479C 22049AE  25222.11368056  .00005172  00000+0  32439-3 0  2224
2 52479  53.2149 278.9253 0001425  85.7402 115.1458 15.08825289    11
STARLINK-3839
1 52480C 22049AF  25222.12479167  .00008191  00000+0  51375-3 0  2227
2 52480  53.2163 288.8758 0001106  88.2178 278.0647 15.08824250    19
STARLINK-3813
1 52482C 22049AH  25222.12270833 -.00011832  00000+0 -74188-3 0  2223
2 52482  53.2153 278.8862 0001331  96.2998 193.6375 15.08853829    18
STARLINK-3875
1 52483C 22049AJ  25222.12270833  .00005034  00000+0  31576-3 0  2223
2 52483  53.2149 278.8849 0001268  91.8171 138.1287 15.08825092    19
STARLINK-3913
1 52485C 22049AL  25222.12131944 -.00015349  00000+0 -96261-3 0  2228
2 52485  53.2149 278.8909 0001149  87.1537 175.2640 15.08849572    14
STARLINK-3892
1 52488C 22049AP  25222.12479167  .00000116  00000+0  72751-5 0  2227
2 52488  53.2155 288.8746 0001240  90.4298 355.8440 15.08837606    16
STARLINK-3908
1 52491C 22049AS  25222.09840278 -.00010272  00000+0 -64471-3 0  2226
2 52491  53.2155 278.9950 0000957  73.7754 104.2330 15.08816336    13
STARLINK-3883
1 52493C 22049AU  25222.12131944 -.00018675  00000+0 -11705-2 0  2221
2 52493  53.2157 278.8921 0001148  96.2847 226.0446 15.08872801    10
STARLINK-3857
1 52494C 22049AV  25222.12270833  .00005974  00000+0  37475-3 0  2222
2 52494  53.2159 278.8848 0001268  89.5095   0.4539 15.08821503    14
STARLINK-3871
1 52496C 22049AX  25222.12340278 -.00009354  00000+0 -58653-3 0  2224
2 52496  53.2149 273.8809 0001272  77.9286 183.2822 15.08851725    19
STARLINK-3884
1 52497C 22049AY  25222.11923611 -.00002788  00000+0 -17477-3 0  2225
2 52497  53.2161 278.9007 0001163  85.9107 305.1039 15.08854235    14
STARLINK-3925
1 52498C 22049AZ  25222.12270833  .00002224  00000+0  13946-3 0  2228
2 52498  53.2155 268.8849 0001085  86.6691  98.2708 15.08834049    13
STARLINK-3894
1 52499C 22049BA  25222.12062500  .00004726  00000+0  29639-3 0  2224
2 52499  53.2160 278.8941 0001282  77.7416 340.8854 15.08826197    12
STARLINK-3866
1 52500C 22049BB  25222.11923611  .00015745  00000+0  98750-3 0  2228
2 52500  53.2158 268.9004 0001342  84.0753 101.9105 15.08817000    12
STARLINK-3912
1 52502C 22049BD  25222.12201389  .00002964  00000+0  18583-3 0  2227
2 52502  53.2155 268.9160 0001226  88.5924 132.5583 15.08836406    15
STARLINK-3861
1 52503C 22049BE  25222.12131944  .00000456  00000+0  28602-4 0  2225
2 52503  53.2151 268.7739 0001233  85.8456 191.6341 15.08835981    15
STARLINK-3964
1 52536C 22051D   25222.11923611  .00010011  00000+0  62815-3 0  2224
2 52536  53.2183 358.8972 0001281  97.4228 173.6873 15.08807686    16
STARLINK-3897
1 52537C 22051E   25222.12131944  .00011287  00000+0  70821-3 0  2228
2 52537  53.2173 358.6942 0001182  95.3378 307.2292 15.08805650    13
STARLINK-3933
1 52538C 22051F   25222.11854167  .00006356  00000+0  39862-3 0  2228
2 52538  53.2181 358.8996 0001282  91.6186 235.7021 15.08825566    14
STARLINK-3757
1 52539C 22051G   25222.12131944  .00008823  00000+0  55347-3 0  2228
2 52539  53.2183 358.8872 0001251  95.6611 226.7638 15.08818029    13
STARLINK-3940
1 52540C 22051H   25222.12131944  .00007114  00000+0  44620-3 0  2224
2 52540  53.2174 358.9251 0001271  89.3952 293.0014 15.08824809    15
STARLINK-3845
1 52541C 22051J   25222.12270833  .00009189  00000+0  57655-3 0  2222
2 52541  53.2181   3.8837 0001276  96.7770 125.7111 15.08809566    17
STARLINK-3926
1 52543C 22051L   25222.12409722  .00010657  00000+0  66847-3 0  2220
2 52543  53.2179 358.8748 0001343  90.1111 287.3833 15.08816190    19
STARLINK-3944
1 52544C 22051M   25222.11576389 -.00018307  00000+0 -11476-2 0  2223
2 52544  53.2183   3.9232 0001147  88.9807 135.7920 15.08867504    18
STARLINK-3948
1 52546C 22051P   25222.12062500  .00002119  00000+0  13284-3 0  2223
2 52546  53.2178 358.6609 0001082  89.3987 124.1777 15.08838603    14
STARLINK-3931
1 52548C 22051R   25222.12270833  .00004916  00000+0  30832-3 0  2220
2 52548  53.2175 358.8828 0001222  96.8907  93.0852 15.08825936    12
STARLINK-3965
1 52550C 22051T   25222.12479167  .00007657  00000+0  48037-3 0  2225
2 52550  53.2171 358.8751 0001189  72.5701  88.7195 15.08812384    15
STARLINK-3969
1 52551C 22051U   25222.11854167  .00009976  00000+0  62578-3 0  2224
2 52551  53.2170 358.9031 0001242  92.0755 355.2256 15.08816447    17
STARLINK-3966
1 52552C 22051V   25222.11229167  .00009639  00000+0  60463-3 0  2228
2 52552  53.2171 359.0863 0001301  78.3238 354.9468 15.08815824    12
STARLINK-3858
1 52553C 22051W   25222.11993056  .00005520  00000+0  34617-3 0  2221
2 52553  53.2182 358.5532 0001222  92.5026 202.5777 15.08827797    10
STARLINK-3770
1 52554C 22051X   25222.11506944  .00005873  00000+0  36834-3 0  2222
2 52554  53.2181   3.9153 0001189  89.5372 151.4106 15.08825410    10
STARLINK-3949
1 52555C 22051Y   25222.13243056  .00241510  00000+0  79394-3 0  2225
2 52555  53.2123 264.5733 0008370 342.3518 197.8153 15.89479954    10
STARLINK-3763
1 52556C 22051Z   25222.11090278  .00046439  00000+0  10205-2 0  2228
2 52556  53.1879 295.7412 0002478  39.5436 130.6316 15.43379671    16
STARLINK-3943
1 52557C 22051AA  25222.12409722  .00009563  00000+0  59992-3 0  2222
2 52557  53.2178 358.8774 0001265  80.1094 157.4162 15.08812670    15
STARLINK-3953
1 52559C 22051AC  25222.12131944  .00004933  00000+0  30941-3 0  2221
2 52559  53.2177 349.0707 0001241  92.1952  65.1126 15.08823504    17
STARLINK-3957
1 52562C 22051AF  25222.12131944  .00010581  00000+0  66400-3 0  2220
2 52562  53.2172 348.8902 0001326  95.3627 182.0312 15.08799475    13
STARLINK-3942
1 52563C 22051AG  25222.12479167  .00000979  00000+0  61362-4 0  2226
2 52563  53.2172   3.8736 0001136  91.4568 242.2541 15.08845296    13
STARLINK-3911
1 52565C 22051AJ  25222.12201389  .00003443  00000+0  21593-3 0  2227
2 52565  53.2172 348.8870 0001176  94.9162 166.2200 15.08834445    19
STARLINK-3938
1 52566C 22051AK  25222.12409722  .00008760  00000+0  54951-3 0  2220
2 52566  53.2175   3.8787 0001245  81.3905  48.6396 15.08816488    16
STARLINK-3929
1 52567C 22051AL  25222.12548611  .00007620  00000+0  47796-3 0  2225
2 52567  53.2172 348.8733 0001231  82.4377 237.6332 15.08821174    15
STARLINK-3930
1 52568C 22051AM  25222.12201389  .00011907  00000+0  74708-3 0  2220
2 52568  53.2180 348.8863 0001153  77.5772 283.6380 15.08806180    10
STARLINK-3927
1 52569C 22051AN  25222.11229167  .00010299  00000+0  64618-3 0  2226
2 52569  53.2175 348.9313 0001186  82.9083 185.4501 15.08808991    13
STARLINK-3901
1 52574C 22051AQ  25222.12131944  .00009065  00000+0  56881-3 0  2220
2 52574  53.2179 348.8898 0001349  98.4370 238.9829 15.08806925    14
STARLINK-3932
1 52576C 22051AS  25222.12479167  .00010772  00000+0  67561-3 0  2228
2 52576  53.2186 348.8723 0001223  92.5990 358.4799 15.08822030    14
STARLINK-3833
1 52578C 22051AU  25222.12340278  .00008822  00000+0  55343-3 0  2228
2 52578  53.2176   3.8799 0001225  82.3705  63.8821 15.08815130    15
STARLINK-3915
1 52581C 22051AX  25222.12201389  .00011951  00000+0  74989-3 0  2225
2 52581  53.2186 348.8841 0000957  95.6619   5.5562 15.08803922    13
STARLINK-3895
1 52583C 22051AZ  25222.12270833  .00009945  00000+0  62355-3 0  2221
2 52583  53.2183 348.8814 0001087  86.5859  38.3292 15.08834532    17
STARLINK-3922
1 52584C 22051BA  25222.12479167  .00012259  00000+0  76924-3 0  2222
2 52584  53.2186 348.8722 0001257  98.0630 358.2444 15.08803504    11
STARLINK-3906
1 52585C 22051BB  25222.12409722 -.00003393  00000+0 -21279-3 0  2227
2 52585  53.2178 348.8378 0001334  94.1887  98.3678 15.08837161    14
STARLINK-3910
1 52586C 22051BC  25222.12548611  .00013990  00000+0  87785-3 0  2225
2 52586  53.2181 348.8693 0001293  95.6838  64.4012 15.08801579    15
STARLINK-3867
1 52587C 22051BD  25222.11923611  .00088136  00000+0  55306-2 0  2229
2 52587  53.2173 348.7549 0001152  90.7955 150.1559 15.08725460    19
STARLINK-4019
1 52598C 22052A   25222.11993056 -.00005439  00000+0 -34109-3 0  2228
2 52598  53.2158 153.8977 0001371  88.7930 253.5593 15.08840787    13
STARLINK-4024
1 52599C 22052B   25222.12270833 -.00002567  00000+0 -16098-3 0  2227
2 52599  53.2158 148.9908 0001379  87.1005 337.7754 15.08838396    14
STARLINK-4027
1 52601C 22052D   25222.12201389 -.00002250  00000+0 -14111-3 0  2224
2 52601  53.2164 148.8845 0001538  80.7791  60.4049 15.08831321    10
STARLINK-4016
1 52603C 22052F   25222.09979167 -.00011796  00000+0 -73982-3 0  2224
2 52603  53.2162 148.9959 0001366  87.7377  27.4609 15.08845433    17
STARLINK-3928
1 52606C 22052J   25222.12270833  .00002443  00000+0  15319-3 0  2222
2 52606  53.2163 148.8818 0001337  86.3277 138.6312 15.08829260    12
STARLINK-3947
1 52607C 22052K   25222.12270833 -.00002406  00000+0 -15095-3 0  2225
2 52607  53.2161 153.8925 0001305  85.0384 327.2217 15.08828852    12
STARLINK-3979
1 52608C 22052L   25222.12409722 -.00007796  00000+0 -48911-3 0  2227
2 52608  53.2161 148.8771 0001433  81.7561 190.7773 15.08825774    18
STARLINK-3997
1 52609C 22052M   25222.12131944 -.00003092  00000+0 -19396-3 0  2226
2 52609  53.2160 148.8436 0001290  84.0143 233.4331 15.08823704    15
STARLINK-3998
1 52610C 22052N   25222.11923611 -.00013246  00000+0 -83097-3 0  2228
2 52610  53.2163 153.9003 0001310  85.7207 292.8840 15.08836663    11
STARLINK-3980
1 52611C 22052P   25222.11854167 -.00007911  00000+0 -49615-3 0  2228
2 52611  53.2162 153.9009 0001351  87.7141 327.0878 15.08841355    17
STARLINK-4002
1 52612C 22052Q   25222.12131944 -.00000012  00000+0 -78382-6 0  2222
2 52612  53.2162 148.8912 0001273  87.3358 190.0694 15.08828736    15
STARLINK-4015
1 52616C 22052U   25222.12340278 -.00021267  00000+0 -13335-2 0  2226
2 52616  53.2163 138.8808 0001264  93.2900 310.3987 15.08863576    15
STARLINK-3996
1 52617C 22052V   25222.12479167  .00010521  00000+0  66020-3 0  2226
2 52617  53.2161 138.8753 0001273  87.0043   4.3361 15.08803668    14
STARLINK-3983
1 52618C 22052W   25222.11923611  .00005478  00000+0  34366-3 0  2227
2 52618  53.2161 138.8992 0001236  84.5279 316.5612 15.08819820    16
STARLINK-3741
1 52619C 22052X   25222.12062500 -.00002654  00000+0 -16649-3 0  2229
2 52619  53.2162 138.8855 0001319  95.0609 353.6014 15.08828402    16
STARLINK-3990
1 52626C 22052AE  25222.12201389 -.00000701  00000+0 -43948-4 0  2221
2 52626  53.2159 138.8891 0001362  88.8284  27.3715 15.08826458    19
STARLINK-3992
1 52627C 22052AF  25222.11854167 -.00004524  00000+0 -28381-3 0  2229
2 52627  53.2158 138.9007 0001370  81.9461 135.3814 15.08828730    14
STARLINK-4001
1 52628C 22052AG  25222.12062500 -.00000257  00000+0 -16148-4 0  2221
2 52628  53.2155 153.8943 0001454  88.5549 237.5627 15.08834433    14
STARLINK-4022
1 52629C 22052AH  25222.12340278 -.00011551  00000+0 -72451-3 0  2220
2 52629  53.2161 138.8418 0001260  88.1867 195.5742 15.08840620    12
STARLINK-3989
1 52630C 22052AJ  25222.12062500  .00000940  00000+0  58970-4 0  2220
2 52630  53.2158 138.8951 0001367  81.1537 107.5126 15.08815787    12
STARLINK-3794
1 52631C 22052AK  25222.12548611 -.00010672  00000+0 -66939-3 0  2221
2 52631  53.2160 138.8793 0001316  84.8054 205.0461 15.08839552    10
STARLINK-3995
1 52632C 22052AL  25222.11993056  .00003249  00000+0  20378-3 0  2225
2 52632  53.2156 138.8964 0001368  87.3373 117.5202 15.08830839    14
STARLINK-3974
1 52634C 22052AN  25222.11993056  .00007104  00000+0  44550-3 0  2229
2 52634  53.2159 138.9225 0001699  91.3726 153.4569 15.08828222    12
STARLINK-3978
1 52635C 22052AP  25222.11993056 -.00001789  00000+0 -11222-3 0  2225
2 52635  53.2158 128.8961 0001383  94.4768 325.3777 15.08831841    19
STARLINK-3967
1 52636C 22052AQ  25222.12409722  .00003112  00000+0  19524-3 0  2222
2 52636  53.2161 138.8788 0001365  89.4005 218.1011 15.08822149    11
STARLINK-3961
1 52637C 22052AR  25222.12131944 -.00017625  00000+0 -11055-2 0  2227
2 52637  53.2161 128.8913 0001263  81.4413   5.9723 15.08846022    11
STARLINK-3968
1 52639C 22052AT  25222.12479167 -.00013011  00000+0 -81584-3 0  2221
2 52639  53.2163 128.8752 0001157  90.0320  76.2044 15.08855134    12
STARLINK-3977
1 52640C 22052AU  25222.12131944  .00005456  00000+0  34223-3 0  2221
2 52640  53.2157 128.9173 0001281  85.7928 321.5916 15.08822596    18
STARLINK-3991
1 52641C 22052AV  25222.12479167  .00005741  00000+0  36011-3 0  2228
2 52641  53.2157 129.0759 0001255  86.0421 354.8995 15.08822792    18
STARLINK-3963
1 52643C 22052AX  25222.10673611 -.00003143  00000+0 -19716-3 0  2227
2 52643  53.2160 128.9287 0001374  81.3959  81.5648 15.08832905    10
STARLINK-3973
1 52645C 22052AZ  25222.11576389  .00000904  00000+0  56741-4 0  2224
2 52645  53.2164 129.0225 0001322  77.9806  79.2102 15.08814833    14
STARLINK-3832
1 52646C 22052BA  25222.12409722 -.00005886  00000+0 -36932-3 0  2227
2 52646  53.2161 128.9172 0001383  95.9805  86.5400 15.08823646    11
STARLINK-3846
1 52647C 22052BB  25222.10812500 -.00002582  00000+0 -16191-3 0  2223
2 52647  53.2161 129.0566 0001476  89.7840  65.8367 15.08834900    11
STARLINK-3854
1 52648C 22052BC  25222.12548611 -.00007999  00000+0 -50173-3 0  2220
2 52648  53.2160 128.8717 0001378  80.3857 149.6798 15.08834609    17
STARLINK-3868
1 52649C 22052BD  25222.11784722 -.00011292  00000+0 -70831-3 0  2229
2 52649  53.2154 128.7575 0001361  84.4846 244.1544 15.08839774    15
STARLINK-3891
1 52650C 22052BE  25222.11923611  .00002878  00000+0  18055-3 0  2221
2 52650  53.2152 119.0038 0001243  80.6129  70.4386 15.08817607    18
STARLINK-4004
1 52656C 22053A   25222.12270833  .00005688  00000+0  35675-3 0  2229
2 52656  53.2171  23.8927 0001331  90.5103 276.7504 15.08826675    12
STARLINK-4084
1 52657C 22053B   25222.10187500  .00005104  00000+0  32022-3 0  2222
2 52657  53.2165  24.2937 0001245  83.7583 330.0931 15.08817782    19
STARLINK-4082
1 52658C 22053C   25222.12062500  .00006982  00000+0  43800-3 0  2228
2 52658  53.2172  23.8945 0001300  91.6848 249.4765 15.08814794    14
STARLINK-3960
1 52659C 22053D   25222.12131944  .00008203  00000+0  51447-3 0  2222
2 52659  53.2169  23.8396 0001338  80.1262 284.8140 15.08824490    19
STARLINK-4081
1 52660C 22053E   25222.11020833  .00009762  00000+0  61206-3 0  2222
2 52660  53.2169  23.9379 0001394  86.2491 238.2553 15.08832878    16
STARLINK-4044
1 52662C 22053G   25222.12201389  .00007531  00000+0  47247-3 0  2223
2 52662  53.2162  23.8839 0001278  94.9199 353.7869 15.08814858    14
STARLINK-4037
1 52663C 22053H   25222.12479167  .00008070  00000+0  50605-3 0  2226
2 52663  53.2161  23.8744 0001080 101.4696  22.1810 15.08829006    10
STARLINK-4064
1 52665C 22053K   25222.11923611  .00006788  00000+0  42575-3 0  2226
2 52665  53.2165  23.8975 0001259  86.9589  66.6373 15.08821796    13
STARLINK-4079
1 52666C 22053L   25222.12131944  .00006834  00000+0  42863-3 0  2220
2 52666  53.2172  23.5066 0001259  90.8540 234.3097 15.08825730    10
STARLINK-4076
1 52667C 22053M   25222.12548611  .00004761  00000+0  29848-3 0  2229
2 52667  53.2168  23.8707 0001469  81.9758 125.5233 15.08839115    11
STARLINK-4067
1 52668C 22053N   25222.10604167  .00018522  00000+0  11622-2 0  2227
2 52668  53.2163  23.9571 0001959 111.4719 310.3331 15.08794083    14
STARLINK-4075
1 52670C 22053Q   25222.12131944  .00007914  00000+0  49639-3 0  2223
2 52670  53.2167  23.9577 0001201  82.1397  42.7377 15.08821652    12
STARLINK-4071
1 52671C 22053R   25222.12479167  .00005219  00000+0  32733-3 0  2229
2 52671  53.2175  23.8750 0001343  91.1456 192.6472 15.08828219    14
STARLINK-4073
1 52672C 22053S   25222.12548611  .00005393  00000+0  33826-3 0  2228
2 52672  53.2169  23.8708 0000836  98.4459 129.1196 15.08825720    12
STARLINK-3976
1 52673C 22053T   25222.12062500  .00006637  00000+0  41640-3 0  2222
2 52673  53.2173  23.8953 0001269  90.2144 210.9507 15.08813335    16
STARLINK-3934
1 52675C 22053V   25222.12201389  .00005319  00000+0  33351-3 0  2220
2 52675  53.2171  13.8872 0001166  85.6348 238.0058 15.08835081    19
STARLINK-4006
1 52676C 22053W   25222.11923611  .00006273  00000+0  39339-3 0  2221
2 52676  53.2173  23.8988 0001121  84.0728 189.5081 15.08829850    10
STARLINK-4074
1 52678C 22053Y   25222.12409722  .00008092  00000+0  50764-3 0  2222
2 52678  53.2168  13.9830 0001249  79.0852 195.8765 15.08813451    14
STARLINK-4031
1 52679C 22053Z   25222.11923611  .00006458  00000+0  40505-3 0  2226
2 52679  53.2176  13.9020 0001343  95.4297 313.1599 15.08825963    16
STARLINK-3774
1 52680C 22053AA  25222.12062500  .00008873  00000+0  55659-3 0  2229
2 52680  53.2179  13.6625 0001284  94.4228   1.8926 15.08816705    15
STARLINK-4068
1 52681C 22053AB  25222.11854167  .00007913  00000+0  49648-3 0  2222
2 52681  53.2174  13.9051 0001306  96.3633 328.4812 15.08810328    10
STARLINK-4029
1 52685C 22053AF  25222.12409722  .00004939  00000+0  30979-3 0  2222
2 52685  53.2175  13.8748 0001239  91.0095  84.0064 15.08828012    19
STARLINK-4005
1 52686C 22053AG  25222.11923611  .00002948  00000+0  18480-3 0  2221
2 52686  53.2171  14.1800 0001164 100.4757 202.6401 15.08849467    16
STARLINK-4035
1 52690C 22053AL  25222.11993056  .00005257  00000+0  32960-3 0  2221
2 52690  53.2177  13.8939 0001578  82.6691  49.6642 15.08836558    16
STARLINK-3993
1 52692C 22053AN  25222.12131944  .00008624  00000+0  54079-3 0  2220
2 52692  53.2173  13.6204 0001259  86.4220 253.6591 15.08827778    17
STARLINK-3946
1 52693C 22053AP  25222.12062500  .00006487  00000+0  40702-3 0  2225
2 52693  53.2169  13.8934 0001218  80.7899 215.3778 15.08812735    18
STARLINK-4041
1 52695C 22053AR  25222.12201389  .00009104  00000+0  57110-3 0  2227
2 52695  53.2178  18.6848 0001306  95.5212 280.8240 15.08814679    18
STARLINK-4018
1 52697C 22053AT  25222.11854167  .00006682  00000+0  41906-3 0  2220
2 52697  53.2168  18.9026 0001227  85.3915 126.7134 15.08824979    13
STARLINK-4030
1 52698C 22053AU  25222.12340278  .00007360  00000+0  46163-3 0  2229
2 52698  53.2162  18.8669 0001234  81.5889 102.1557 15.08823149    11
STARLINK-4034
1 52700C 22053AW  25222.12131944  .00006425  00000+0  40293-3 0  2220
2 52700  53.2178  18.5307 0001313  91.3324 301.3029 15.08828538    13
STARLINK-4033
1 52702C 22053AY  25222.12270833  .00006857  00000+0  43018-3 0  2220
2 52702  53.2167  18.9113 0001213  83.2087 156.7566 15.08815482    19
STARLINK-4020
1 52703C 22053AZ  25222.12479167  .00008187  00000+0  51352-3 0  2220
2 52703  53.2171   3.8880 0001273  84.4947  29.2607 15.08822977    10
STARLINK-3844
1 52705C 22053BB  25222.12062500  .00007102  00000+0  44551-3 0  2220
2 52705  53.2171   3.8938 0001205  81.5576 349.5901 15.08818818    11
STARLINK-3970
1 52706C 22053BC  25222.12201389  .00009256  00000+0  58043-3 0  2224
2 52706  53.2169   3.8874 0001336  85.4607 333.2163 15.08828115    12
STARLINK-3962
1 52708C 22053BE  25222.11993056  .00003684  00000+0  23100-3 0  2229
2 52708  53.2179   3.8833 0001320  88.8546 198.4999 15.08832494    15
STARLINK-4086
1 52833C 22062D   25222.12479167  .00002293  00000+0  14379-3 0  2224
2 52833  53.2154 263.8743 0001240  84.0778 239.7024 15.08830138    12
STARLINK-4108
1 52834C 22062E   25222.12479167 -.00001072  00000+0 -67232-4 0  2228
2 52834  53.2150 263.8745 0001155  86.8416 276.9244 15.08839843    14
STARLINK-4080
1 52835C 22062F   25222.12479167  .00001494  00000+0  93707-4 0  2221
2 52835  53.2150 263.8752 0001357  84.0219 299.6693 15.08831243    14
STARLINK-4092
1 52838C 22062J   25222.11993056  .00000073  00000+0  45669-5 0  2228
2 52838  53.2144 263.8866 0001123  85.6553 311.7013 15.08838309    17
STARLINK-4048
1 52839C 22062K   25222.12270833 -.00012950  00000+0 -81197-3 0  2224
2 52839  53.2146 263.8863 0001223  84.5371  27.8929 15.08856942    18
STARLINK-4049
1 52840C 22062L   25222.12201389 -.00020666  00000+0 -12957-2 0  2226
2 52840  53.2148 264.0032 0001219  83.3183 305.2699 15.08864887    10
STARLINK-4065
1 52841C 22062M   25222.11854167 -.00000011  00000+0 -67428-6 0  2223
2 52841  53.2148 263.9046 0001236  92.8046  56.9959 15.08832436    10
STARLINK-4046
1 52842C 22062N   25222.12479167  .00001151  00000+0  72207-4 0  2221
2 52842  53.2143 263.7990 0001111  88.2245  15.5940 15.08831163    11
STARLINK-4208
1 52844C 22062Q   25222.11993056  .00000387  00000+0  24297-4 0  2226
2 52844  53.2146 263.8987 0001230  92.1380  25.2228 15.08831090    15
STARLINK-4168
1 52845C 22062R   25222.12131944 -.00013311  00000+0 -83467-3 0  2224
2 52845  53.2148 263.9589 0001200  90.2675  94.5917 15.08853449    16
STARLINK-4212
1 52846C 22062S   25222.12062500 -.00004574  00000+0 -28680-3 0  2223
2 52846  53.2148 263.9050 0001095  77.5131  98.3998 15.08845137    13
STARLINK-4202
1 52848C 22062U   25222.12131944  .00000030  00000+0  18956-5 0  2222
2 52848  53.2144 263.8925 0001131  91.7271  53.1717 15.08829591    19
STARLINK-4197
1 52849C 22062V   25222.12131944 -.00000833  00000+0 -52228-4 0  2225
2 52849  53.2139 253.8921 0001181  86.6698 193.1967 15.08844365    18
STARLINK-4187
1 52850C 22062W   25222.12131944  .00001933  00000+0  12126-3 0  2229
2 52850  53.2145 264.2479 0001032  82.0610 317.4084 15.08830018    11
STARLINK-3809
1 52851C 22062X   25222.12131944 -.00001425  00000+0 -89389-4 0  2224
2 52851  53.2143 253.8919 0000845  74.6396 225.2247 15.08832439    18
STARLINK-4184
1 52852C 22062Y   25222.11854167 -.00000286  00000+0 -17922-4 0  2221
2 52852  53.2140 253.9045 0001112  86.1306 158.6734 15.08835924    16
STARLINK-4204
1 52854C 22062AA  25222.11993056 -.00015491  00000+0 -97135-3 0  2221
2 52854  53.2144 253.8977 0001232  87.5688 224.7854 15.08855464    15
STARLINK-4201
1 52856C 22062AC  25222.12340278 -.00006034  00000+0 -37833-3 0  2228
2 52856  53.2145 253.9304 0001167  87.2272 258.7573 15.08846088    13
STARLINK-4112
1 52861C 22062AH  25222.10326389 -.00014247  00000+0 -89335-3 0  2228
2 52861  53.2142 253.9819 0001255  80.4995 356.0686 15.08854518    16
STARLINK-4010
1 52862C 22062AJ  25222.11854167 -.00001291  00000+0 -80986-4 0  2229
2 52862  53.2150 253.9025 0001259  82.3343   2.4641 15.08838353    19
STARLINK-4270
1 52863C 22062AK  25222.12409722 -.00008515  00000+0 -53394-3 0  2222
2 52863  53.2144 253.8775 0001287  83.5465  71.4428 15.08849086    17
STARLINK-4267
1 52864C 22062AL  25222.12270833  .00000736  00000+0  46159-4 0  2229
2 52864  53.2148 253.8841 0001245  78.3334  49.1195 15.08834792    18
STARLINK-4274
1 52865C 22062AM  25222.11159722 -.00010638  00000+0 -66705-3 0  2224
2 52865  53.2143 253.9350 0001281  87.3053  59.7603 15.08849752    11
STARLINK-4272
1 52866C 22062AN  25222.12340278 -.00017537  00000+0 -10996-2 0  2229
2 52866  53.2145 253.8819 0001250  80.7956  90.4263 15.08858300    11
STARLINK-4126
1 52867C 22062AP  25222.12479167 -.00000277  00000+0 -17384-4 0  2223
2 52867  53.2141 253.8765 0001196  79.5811 179.0879 15.08852894    12
STARLINK-4261
1 52868C 22062AQ  25222.12409722 -.00008369  00000+0 -52479-3 0  2227
2 52868  53.2143 253.9076 0001203  83.8024 111.1682 15.08848854    14
STARLINK-4266
1 52869C 22062AR  25222.12270833 -.00000010  00000+0 -64143-6 0  2226
2 52869  53.2146 243.8846 0001088  76.7844 205.5544 15.08849841    15
STARLINK-4195
1 52870C 22062AS  25222.12131944  .00000598  00000+0  37498-4 0  2227
2 52870  53.2143 253.8919 0001178  87.2897 132.6123 15.08836057    19
STARLINK-4207
1 52871C 22062AT  25222.11993056 -.00007071  00000+0 -44341-3 0  2226
2 52871  53.2141 243.8981 0001279  83.9096 243.4366 15.08846685    10
STARLINK-4213
1 52872C 22062AU  25222.10465278 -.00011040  00000+0 -69200-3 0  2228
2 52872  53.2143 243.9380 0001215  79.7746 139.2765 15.08866531    19
STARLINK-4211
1 52873C 22062AV  25222.11993056  .00003586  00000+0  22500-3 0  2226
2 52873  53.2137 243.8976 0001461  94.8230 272.4971 15.08815903    18
STARLINK-4193
1 52875C 22062AX  25222.12131944 -.00008778  00000+0 -55048-3 0  2222
2 52875  53.2139 243.8913 0001000  81.6612 313.2426 15.08845951    15
STARLINK-4200
1 52876C 22062AY  25222.12409722 -.00001135  00000+0 -71179-4 0  2229
2 52876  53.2139 243.8793 0001211  81.2411 288.7466 15.08838177    11
STARLINK-4171
1 52878C 22062BA  25222.12201389 -.00012096  00000+0 -75846-3 0  2222
2 52878  53.2138 243.8881 0001157  79.4015 339.2666 15.08851838    11
STARLINK-4181
1 52882C 22062BE  25222.11923611 -.00015568  00000+0 -97629-3 0  2225
2 52882  53.2142 243.4758 0001196  84.8917  18.9788 15.08852485    19
STARLINK-4259
1 52987C 22076B   25222.11923611  .00015211  00000+0  95421-3 0  2227
2 52987  53.2177 333.9005 0001274  93.2113 295.3765 15.08809491    17
STARLINK-4291
1 52988C 22076C   25222.12201389 -.00000317  00000+0 -19858-4 0  2224
2 52988  53.2171 323.8878 0000982  96.2431 182.4722 15.08826758    13
STARLINK-4269
1 52992C 22076G   25222.09979167  .00008401  00000+0  52702-3 0  2225
2 52992  53.2173 333.9973 0001216  96.6522 261.0651 15.08816644    12
STARLINK-4264
1 52993C 22076H   25222.12548611  .00009331  00000+0  58530-3 0  2224
2 52993  53.2169 323.8720 0001162  93.2861 224.2657 15.08818425    11
STARLINK-4256
1 52994C 22076J   25222.12409722  .00012645  00000+0  79329-3 0  2225
2 52994  53.2168 323.8785 0000930  70.4530 259.5613 15.08809746    13
STARLINK-4296
1 52995C 22076K   25222.12270833 -.00002993  00000+0 -18771-3 0  2226
2 52995  53.2177 323.8837 0001183  96.2296 266.2448 15.08837709    19
STARLINK-4295
1 52996C 22076L   25222.12201389  .00008918  00000+0  55933-3 0  2229
2 52996  53.2174 324.1681 0001211  87.4118 105.8876 15.08822818    13
STARLINK-4217
1 52999C 22076P   25222.12270833  .00009426  00000+0  59114-3 0  2222
2 52999  53.2182 323.8839 0001040  85.8566  16.5866 15.08825953    15
STARLINK-4194
1 53000C 22076Q   25222.12201389  .00013794  00000+0  86552-3 0  2225
2 53000  53.2178 323.8860 0001100  74.3498 304.3716 15.08802158    16
STARLINK-4190
1 53001C 22076R   25222.11854167  .00012889  00000+0  80870-3 0  2224
2 53001  53.2178 323.9032 0001343  80.7523  19.0845 15.08805948    11
STARLINK-4255
1 53003C 22076T   25222.12270833  .00014124  00000+0  88614-3 0  2227
2 53003  53.2178 323.8852 0001435  77.1348  85.3299 15.08804541    16
STARLINK-4288
1 53005C 22076V   25222.11993056  .00008911  00000+0  55900-3 0  2226
2 53005  53.2177 323.8979 0001328  93.6458  73.7321 15.08817477    12
STARLINK-4290
1 53006C 22076W   25222.11923611  .00009268  00000+0  58137-3 0  2228
2 53006  53.2178 323.9004 0001293  95.4244  28.1760 15.08818051    18
STARLINK-4275
1 53008C 22076Y   25222.12479167 -.00001138  00000+0 -71381-4 0  2220
2 53008  53.2175 323.8662 0001333  91.2293 122.5799 15.08830609    13
STARLINK-4277
1 53009C 22076Z   25222.12201389  .00009745  00000+0  61121-3 0  2220
2 53009  53.2176 313.8885 0001325  93.2714 200.4104 15.08820108    11
STARLINK-4263
1 53010C 22076AA  25222.11923611 -.00009160  00000+0 -57422-3 0  2222
2 53010  53.2173 323.6293 0001141 109.8701 213.8447 15.08859246    11
STARLINK-4265
1 53011C 22076AB  25222.12479167  .00012446  00000+0  78059-3 0  2224
2 53011  53.2173 313.8764 0001318  89.6666 239.0989 15.08818650    12
STARLINK-4177
1 53013C 22076AD  25222.11784722 -.00002192  00000+0 -13747-3 0  2223
2 53013  53.2169 313.9078 0001391  79.8973 251.1297 15.08842232    11
STARLINK-4183
1 53014C 22076AE  25222.12131944  .00014062  00000+0  88225-3 0  2227
2 53014  53.2175 313.8917 0001185  88.9391 180.9924 15.08804575    10
STARLINK-4283
1 53016C 22076AG  25222.11020833  .00000309  00000+0  19365-4 0  2221
2 53016  53.2173 313.9420 0001161  93.6873 175.8659 15.08827413    16
STARLINK-4281
1 53017C 22076AH  25222.11993056  .00013887  00000+0  87134-3 0  2221
2 53017  53.2164 313.8977 0001191  99.4641 302.9296 15.08804280    10
STARLINK-4282
1 53019C 22076AK  25222.11784722 -.00015577  00000+0 -97682-3 0  2220
2 53019  53.2169 313.9063 0001251  87.6822 343.3524 15.08853594    16
STARLINK-4216
1 53022C 22076AN  25222.11854167  .00012042  00000+0  75551-3 0  2228
2 53022  53.2165 313.9037 0001182  98.3838 316.4431 15.08808951    11
STARLINK-4284
1 53023C 22076AP  25222.12409722  .00002989  00000+0  18748-3 0  2227
2 53023  53.2173 313.8669 0001125  99.3277  85.6967 15.08828516    14
STARLINK-4289
1 53024C 22076AQ  25222.12131944  .00012127  00000+0  76073-3 0  2226
2 53024  53.2171 313.8890 0001207  99.3933  50.5227 15.08813271    11
STARLINK-4119
1 53026C 22076AS  25222.12479167 -.00010743  00000+0 -67368-3 0  2221
2 53026  53.2173 313.7681 0001149  94.2515  89.4056 15.08849663    12
STARLINK-4158
1 53027C 22076AT  25222.12201389  .00014649  00000+0  91904-3 0  2221
2 53027  53.2176 313.8876 0001065  95.7898 157.9155 15.08806036    18
STARLINK-4160
1 53030C 22076AW  25222.11854167 -.00009350  00000+0 -58643-3 0  2220
2 53030  53.2169 314.0949 0001241  92.8430   1.8623 15.08841546    16
STARLINK-4137
1 53031C 22076AX  25222.12201389  .00011038  00000+0  69239-3 0  2221
2 53031  53.2171 303.8879 0001275  96.2921 292.3964 15.08814598    10
STARLINK-4115
1 53032C 22076AY  25222.11923611  .00010595  00000+0  66456-3 0  2225
2 53032  53.2176 313.8999 0001255  96.5219 122.0722 15.08817788    16
STARLINK-4151
1 53034C 22076BA  25222.11923611  .00009961  00000+0  62491-3 0  2227
2 53034  53.2168 303.9498 0001122  96.7988 211.5636 15.08811843    15
STARLINK-4157
1 53035C 22076BB  25222.12409722  .00011530  00000+0  72326-3 0  2224
2 53035  53.2172 303.8796 0001031  84.1766 335.8259 15.08816650    17
STARLINK-4155
1 53036C 22076BC  25222.12062500  .00010887  00000+0  68285-3 0  2227
2 53036  53.2171 303.8949 0001037  88.9284 332.2082 15.08819428    11
STARLINK-4153
1 53037C 22076BD  25222.12131944  .00011032  00000+0  69188-3 0  2223
2 53037  53.2170 303.8922 0001186  86.3930 358.5009 15.08821631    16
STARLINK-4156
1 53038C 22076BE  25222.12479167  .00013387  00000+0  83985-3 0  2222
2 53038  53.2167 303.8766 0001296  93.3011  30.5009 15.08808471    13
STARLINK-4362
1 53043C 22077A   25222.12201389 -.00007171  00000+0 -55936-3 0  2229
2 53043  97.6557  42.9543 0001881 148.2584  34.5682 15.01267288    12
STARLINK-4350
1 53045C 22077C   25222.12409722 -.00023454  00000+0 -18295-2 0  2220
2 53045  97.6551  42.9430 0001423 106.0801  77.9997 15.01285239    15
STARLINK-4331
1 53046C 22077D   25222.10256944 -.00005008  00000+0 -39066-3 0  2220
2 53046  97.6557  42.9221 0001571 112.7040 323.7804 15.01262232    10
STARLINK-4344
1 53072C 22077AF  25222.11854167 -.00012027  00000+0 -93801-3 0  2227
2 53072  97.6565  42.9804 0003392  60.1239 353.9495 15.01274855    19
STARLINK-4348
1 53075C 22077AJ  25222.12131944 -.00009698  00000+0 -75650-3 0  2224
2 53075  97.6567  42.9540 0002987  58.9531   0.1231 15.01269370    15
STARLINK-4347
1 53076C 22077AK  25222.12479167 -.00006014  00000+0 -46918-3 0  2221
2 53076  97.6565  42.9732 0003104  57.7594  28.7590 15.01262558    10
STARLINK-4322
1 53078C 22077AM  25222.12340278 -.00011282  00000+0 -87998-3 0  2229
2 53078  97.6562  42.9680 0003263  62.5367  27.7946 15.01271416    16
STARLINK-4327
1 53079C 22077AN  25222.12479167 -.00005832  00000+0 -45490-3 0  2225
2 53079  97.6558  42.9679 0002819  58.0081  69.8320 15.01264653    17
STARLINK-4330
1 53080C 22077AP  25222.12131944 -.00023614  00000+0 -18412-2 0  2226
2 53080  97.6560  42.9656 0004086  32.5764  56.4516 15.01295947    19
STARLINK-4326
1 53081C 22077AQ  25222.11784722 -.00006008  00000+0 -46850-3 0  2220
2 53081  97.6560  42.9451 0003915  53.4169  15.4886 15.01273192    17
STARLINK-4321
1 53082C 22077AR  25222.11784722 -.00008243  00000+0 -64293-3 0  2225
2 53082  97.6558  42.9605 0003189  53.6259  46.6978 15.01268412    18
STARLINK-4251
1 53083C 22077AS  25222.12131944 -.00050020  00000+0 -39005-2 0  2221
2 53083  97.6560  42.9524 0000647 225.2061 323.8392 15.01325565    19
STARLINK-4319
1 53084C 22077AT  25222.12201389 -.00005746  00000+0 -44817-3 0  2226
2 53084  97.6558  42.9639 0002983  61.6624  71.1631 15.01266118    13
STARLINK-4324
1 53085C 22077AU  25222.11923611 -.00015097  00000+0 -11776-2 0  2222
2 53085  97.6552  42.9616 0001352  94.2206  52.2894 15.01276012    15
STARLINK-4318
1 53086C 22077AV  25222.12340278 -.00018368  00000+0 -14328-2 0  2226
2 53086  97.6558  42.9647 0001388  56.3318  93.9991 15.01280339    15
STARLINK-4333
1 53088C 22077AX  25222.12270833 -.00048191  00000+0 -37584-2 0  2223
2 53088  97.6552  42.9612 0000732  58.4461 108.1872 15.01317495    18
STARLINK-4023
1 53135C 22083D   25222.12062500  .00007790  00000+0  48856-3 0  2226
2 53135  53.2163  43.8924 0001335  89.7471 321.4041 15.08823486    18
STARLINK-4152
1 53136C 22083E   25222.11923611  .00008561  00000+0  53697-3 0  2221
2 53136  53.2163  43.8998 0001353  91.0608 332.5448 15.08822780    18
STARLINK-4141
1 53138C 22083G   25222.11645833  .00005495  00000+0  34470-3 0  2221
2 53138  53.2165  39.0933 0001362  90.7091   5.1779 15.08820549    11
STARLINK-4185
1 53139C 22083H   25222.12409722  .00007059  00000+0  44264-3 0  2228
2 53139  53.2158  43.8769 0001348  87.9369 102.0438 15.08832195    13
STARLINK-4170
1 53140C 22083J   25222.11923611  .00006471  00000+0  40580-3 0  2221
2 53140  53.2156  43.8970 0001391  90.0751  53.4999 15.08830020    11
STARLINK-4103
1 53141C 22083K   25222.12131944  .00005818  00000+0  36484-3 0  2225
2 53141  53.2161  43.8884 0001315  89.4887 165.4044 15.08830046    13
STARLINK-4101
1 53142C 22083L   25222.12479167  .00005673  00000+0  35587-3 0  2220
2 53142  53.2158  43.8447 0001256  87.4994 141.1211 15.08816319    10
STARLINK-4100
1 53144C 22083N   25222.12479167  .00006602  00000+0  41414-3 0  2221
2 53144  53.2156  43.8794 0001297  84.6778 149.1205 15.08816071    15
STARLINK-4094
1 53147C 22083R   25222.12340278  .00006490  00000+0  40695-3 0  2229
2 53147  53.2166  43.8813 0001351  90.5951 255.6312 15.08832161    11
STARLINK-4021
1 53149C 22083T   25222.12062500  .00008002  00000+0  50186-3 0  2227
2 53149  53.2168  34.0978 0001194  93.6433  87.1709 15.08825521    13
STARLINK-4040
1 53151C 22083V   25222.11923611  .00002185  00000+0  13692-3 0  2225
2 53151  53.2170  33.8989 0001402  87.3141  31.2023 15.08855462    12
STARLINK-4098
1 53153C 22083X   25222.12201389  .00009017  00000+0  56553-3 0  2223
2 53153  53.2171  33.8873 0001331  83.8999  69.7901 15.08822855    11
STARLINK-4088
1 53155C 22083Z   25222.12131944  .00006605  00000+0  41432-3 0  2224
2 53155  53.2169  33.8884 0001347  89.6505 100.2686 15.08821710    16
STARLINK-4054
1 53158C 22083AC  25222.11923611  .00004965  00000+0  31128-3 0  2224
2 53158  53.2169  33.8975 0001406  77.0698  81.4821 15.08842189    14
STARLINK-4096
1 53160C 22083AE  25222.11784722  .00007443  00000+0  46675-3 0  2222
2 53160  53.2168  33.9060 0001324  88.3562 102.6782 15.08826824    16
STARLINK-4055
1 53161C 22083AF  25222.12131944  .00006414  00000+0  40233-3 0  2227
2 53161  53.2160  33.8886 0001238  83.0152 246.9046 15.08823215    11
STARLINK-4116
1 53164C 22083AJ  25222.12340278  .00006884  00000+0  43188-3 0  2225
2 53164  53.2161  33.8796 0001315  81.9481 239.2980 15.08816340    16
STARLINK-4090
1 53165C 22083AK  25222.12131944  .00004488  00000+0  28151-3 0  2225
2 53165  53.2163  33.8894 0001277  88.5311 301.3954 15.08822723    14
STARLINK-4110
1 53166C 22083AL  25222.12270833  .00006424  00000+0  40288-3 0  2224
2 53166  53.2164  33.7830 0001263  88.3815 323.9383 15.08826369    13
STARLINK-4105
1 53168C 22083AN  25222.12548611  .00004554  00000+0  28565-3 0  2224
2 53168  53.2162  33.8703 0001225  88.8966 303.6578 15.08826417    18
STARLINK-4117
1 53169C 22083AP  25222.11993056  .00007182  00000+0  45039-3 0  2226
2 53169  53.2174  19.1548 0001413  87.9214 316.7693 15.08827943    19
STARLINK-4095
1 53170C 22083AQ  25222.12201389  .00008178  00000+0  51290-3 0  2222
2 53170  53.2173  28.8387 0001309  85.2382 135.9918 15.08822475    15
STARLINK-4299
1 53172C 22083AS  25222.11854167  .00006283  00000+0  39416-3 0  2222
2 53172  53.2169  28.8174 0001320  91.3180 151.0772 15.08817068    12
STARLINK-4300
1 53173C 22083AT  25222.12409722  .00009105  00000+0  57124-3 0  2229
2 53173  53.2178   8.8687 0001263  95.1578  67.3696 15.08812250    11
STARLINK-4205
1 53174C 22083AU  25222.10395833  .00009102  00000+0  57095-3 0  2229
2 53174  53.2162  43.8988 0001290  82.7198 212.6970 15.08816024    11
STARLINK-4292
1 53175C 22083AV  25222.11993056  .00007666  00000+0  48082-3 0  2221
2 53175  53.2165  43.8966 0001339  88.6957 278.6749 15.08824925    18
STARLINK-4294
1 53176C 22083AW  25222.11854167  .00007602  00000+0  47681-3 0  2225
2 53176  53.2177  18.8177 0001263  92.7129 244.6735 15.08820047    10
STARLINK-4298
1 53177C 22083AX  25222.11923611  .00009599  00000+0  60208-3 0  2224
2 53177  53.2179   8.8873 0001303  90.3384  85.7492 15.08818263    18
STARLINK-4280
1 53178C 22083AY  25222.11923611  .00005202  00000+0  32615-3 0  2223
2 53178  53.2165  33.8986 0001231  87.0196 311.5772 15.08837201    15
STARLINK-4276
1 53179C 22083AZ  25222.12270833  .00012617  00000+0  79162-3 0  2222
2 53179  53.2179 353.4797 0001279  92.9227   4.8283 15.08805484    11
STARLINK-4278
1 53182C 22083BC  25222.12340278  .00009382  00000+0  58858-3 0  2221
2 53182  53.2181   8.8684 0001280  78.6659 140.0977 15.08812226    11
STARLINK-4268
1 53183C 22083BD  25222.11854167  .00008029  00000+0  50361-3 0  2226
2 53183  53.2174 358.8166 0001203  81.9920  65.3976 15.08820443    18
STARLINK-4257
1 53184C 22083BE  25222.12479167  .00011048  00000+0  69299-3 0  2226
2 53184  53.2175 353.4566 0001261  90.3836  38.6757 15.08817090    13
STARLINK-4391
1 53189C 22084A   25222.12062500 -.00001583  00000+0 -12349-3 0  2220
2 53189  97.6519 282.9543 0002937  64.6027  52.7585 15.01253180    13
STARLINK-4351
1 53193C 22084E   25222.11854167 -.00003071  00000+0 -23959-3 0  2225
2 53193  97.6533 282.9589 0001414  95.0877  52.3495 15.01257593    12
STARLINK-4382
1 53194C 22084F   25222.12409722 -.00002444  00000+0 -19062-3 0  2223
2 53194  97.6535 282.9635 0001535  99.4081  88.0306 15.01260801    19
STARLINK-4404
1 53195C 22084G   25222.11159722  .00423260  00000+0  17785-1 0  2224
2 53195  97.6547 283.6953 0001481  76.5069  15.8558 15.23074918    19
STARLINK-4384
1 53218C 22084AF  25222.12409722 -.00016402  00000+0 -12783-2 0  2221
2 53218  97.6543 283.0059 0002689  90.0031 346.0901 15.01310223    12
STARLINK-4377
1 53221C 22084AJ  25222.12131944  .00005335  00000+0  41614-3 0  2220
2 53221  97.6543 282.9741 0002454  90.4162 332.0051 15.01252424    10
STARLINK-4358
1 53225C 22084AN  25222.11784722  .00005855  00000+0  45673-3 0  2227
2 53225  97.6533 282.9687 0003363  88.5773 345.0933 15.01251172    10
STARLINK-4359
1 53226C 22084AP  25222.11993056  .00007006  00000+0  54656-3 0  2221
2 53226  97.6529 282.9831 0002557  77.4371  17.4889 15.01251053    10
STARLINK-4366
1 53227C 22084AQ  25222.11854167  .00010403  00000+0  81120-3 0  2222
2 53227  97.6530 282.9602 0001592  97.0483  40.2597 15.01263960    19
STARLINK-4365
1 53228C 22084AR  25222.11784722  .00012294  00000+0  95859-3 0  2226
2 53228  97.6538 282.9696 0003454  76.9789 346.5839 15.01260676    17
STARLINK-4367
1 53229C 22084AS  25222.12131944 -.00000093  00000+0 -72382-5 0  2224
2 53229  97.6524 282.9698 0003126  72.8650  39.5455 15.01261442    18
STARLINK-4364
1 53230C 22084AT  25222.11993056 -.00026977  00000+0 -21051-2 0  2228
2 53230  97.6541 282.9598 0002572  86.2952 338.7132 15.01272796    16
STARLINK-4370
1 53231C 22084AU  25222.12131944 -.00009814  00000+0 -76583-3 0  2222
2 53231  97.6522 282.9660 0002785  67.4708  64.9957 15.01254554    17
STARLINK-4371
1 53232C 22084AV  25222.12409722 -.00000955  00000+0 -74517-4 0  2228
2 53232  97.6518 282.9708 0002777  67.5811  69.8678 15.01251685    19
STARLINK-4372
1 53233C 22084AW  25222.11784722  .00010465  00000+0  81642-3 0  2225
2 53233  97.6530 282.9636 0001753  93.8282  38.5285 15.01244985    13
STARLINK-4368
1 53234C 22084AX  25222.12409722 -.00001549  00000+0 -12089-3 0  2225
2 53234  97.6525 282.9634 0001930  76.5898  80.8525 15.01253452    10
STARLINK-4047
1 53243C 22086B   25222.12062500  .00011968  00000+0  75056-3 0  2223
2 53243  53.2151  73.5863 0001312  86.2582   0.0756 15.08823559    11
STARLINK-4125
1 53244C 22086C   25222.12409722  .00011899  00000+0  74622-3 0  2226
2 53244  53.2155  73.9531 0001584  88.8183 236.1374 15.08822282    18
STARLINK-4131
1 53246C 22086E   25222.12131944  .00013150  00000+0  82455-3 0  2221
2 53246  53.2156  73.8909 0001356  89.3129 240.5820 15.08827727    16
STARLINK-4061
1 53247C 22086F   25222.11993056  .00009344  00000+0  58594-3 0  2228
2 53247  53.2154  69.0775 0001216  94.4125 115.3152 15.08827242    10
STARLINK-4128
1 53249C 22086H   25222.11854167  .00009414  00000+0  59037-3 0  2220
2 53249  53.2152  63.9120 0001293  93.0804 151.5255 15.08826737    15
STARLINK-4059
1 53250C 22086J   25222.12131944  .00008768  00000+0  54982-3 0  2229
2 53250  53.2153  63.8909 0001318  92.4232 152.4913 15.08828492    19
STARLINK-4129
1 53251C 22086K   25222.11923611  .00005739  00000+0  35989-3 0  2220
2 53251  53.2157  63.8985 0001284  89.5451 204.0292 15.08829519    15
STARLINK-4132
1 53252C 22086L   25222.12131944  .00006840  00000+0  42891-3 0  2226
2 53252  53.2154  63.8405 0001331  87.8932 197.0256 15.08830088    12
STARLINK-4133
1 53253C 22086M   25222.12479167  .00008536  00000+0  53546-3 0  2222
2 53253  53.2158  63.8721 0001291  86.2887 257.5007 15.08818909    19
STARLINK-4134
1 53254C 22086N   25222.11784722  .00006649  00000+0  41699-3 0  2227
2 53254  53.2154  63.9153 0001473  91.1057 169.7067 15.08828864    13
STARLINK-4144
1 53257C 22086R   25222.12131944  .00009660  00000+0  60574-3 0  2222
2 53257  53.2159  63.8888 0001328  86.4744 338.4230 15.08828100    14
STARLINK-4140
1 53259C 22086T   25222.12131944 -.00001136  00000+0 -71211-4 0  2227
2 53259  53.2154  63.5341 0001486  88.4951 176.6366 15.08835249    13
STARLINK-4062
1 53261C 22086V   25222.12548611  .00012186  00000+0  76436-3 0  2221
2 53261  53.2156  63.8710 0001396  80.6421  66.9336 15.08817193    13
STARLINK-4085
1 53262C 22086W   25222.12340278  .00011139  00000+0  69865-3 0  2226
2 53262  53.2157  63.8783 0001361  82.3086  13.9341 15.08820546    17
STARLINK-4130
1 53263C 22086X   25222.11854167  .00012896  00000+0  80880-3 0  2224
2 53263  53.2152  63.9021 0001379  83.3149  46.4973 15.08820042    12
STARLINK-3950
1 53264C 22086Y   25222.11923611  .00011409  00000+0  71556-3 0  2225
2 53264  53.2156  63.8983 0001390  84.2411   9.3572 15.08819274    16
STARLINK-4060
1 53267C 22086AB  25222.11784722  .00006071  00000+0  38075-3 0  2224
2 53267  53.2152  63.9067 0001350  87.2864 118.7431 15.08829765    15
STARLINK-4057
1 53269C 22086AD  25222.12201389  .00008515  00000+0  53399-3 0  2221
2 53269  53.2158  53.8864 0001347  84.2767 179.3946 15.08828189    14
STARLINK-4122
1 53272C 22086AG  25222.11923611  .00008838  00000+0  55436-3 0  2225
2 53272  53.2160  53.8984 0001383  90.4342 138.1808 15.08821043    14
STARLINK-4050
1 53274C 22086AJ  25222.12479167  .00005635  00000+0  35344-3 0  2228
2 53274  53.2157  53.8732 0001309  86.9179 211.8730 15.08826198    18
STARLINK-4179
1 53275C 22086AK  25222.12340278  .00004270  00000+0  26779-3 0  2225
2 53275  53.2155  53.8817 0001298  85.1961 286.0357 15.08829459    10
STARLINK-4178
1 53277C 22086AM  25222.12270833  .00006406  00000+0  40152-3 0  2220
2 53277  53.2158  53.9139 0001229 100.6554 306.6761 15.08848384    14
STARLINK-4180
1 53278C 22086AN  25222.10395833  .00008972  00000+0  56276-3 0  2221
2 53278  53.2154  53.9671 0001353  83.7749 201.7850 15.08820426    18
STARLINK-4169
1 53280C 22086AQ  25222.11854167 -.00058045  00000+0 -36428-2 0  2229
2 53280  53.2177   8.5771 0001051  87.3711 345.2422 15.08866992    14
STARLINK-4164
1 53282C 22086AS  25222.12479167  .00007506  00000+0  47079-3 0  2224
2 53282  53.2158  53.8722 0001292  86.8868 351.9091 15.08821394    11
STARLINK-4175
1 53283C 22086AT  25222.11854167  .00008660  00000+0  54307-3 0  2225
2 53283  53.2158  53.8995 0001308  93.2255  11.6006 15.08827254    11
STARLINK-4173
1 53285C 22086AV  25222.11993056  .00041554  00000+0  26075-2 0  2227
2 53285  53.2160  53.8938 0001436  92.4789  79.8553 15.08772094    12
STARLINK-4165
1 53286C 22086AW  25222.11854167  .00008640  00000+0  54190-3 0  2226
2 53286  53.2156  53.5937 0001319  89.9551 195.0752 15.08823752    12
STARLINK-4107
1 53287C 22086AX  25222.12131944  .00002442  00000+0  15318-3 0  2222
2 53287  53.2164  53.8905 0001310  90.9958 128.9294 15.08824073    17
STARLINK-4176
1 53289C 22086AZ  25222.12131944  .00006674  00000+0  41856-3 0  2221
2 53289  53.2159  49.0327 0001346  89.2021 258.1036 15.08829142    11
STARLINK-4149
1 53290C 22086BA  25222.12062500 -.00012261  00000+0 -76973-3 0  2223
2 53290  53.2167  53.8989 0001287  93.9058 102.3881 15.08809503    12
STARLINK-4166
1 53291C 22086BB  25222.12131944  .00008170  00000+0  51241-3 0  2226
2 53291  53.2157  48.6765 0001287  86.9427  80.6115 15.08824238    18
STARLINK-4148
1 53293C 22086BD  25222.12479167  .00004688  00000+0  29405-3 0  2227
2 53293  53.2163  43.8637 0001264  90.8228 322.9769 15.08821321    17
STARLINK-4522
1 53388C 22097A   25222.11923611  .00009927  00000+0  62267-3 0  2225
2 53388  53.2172 353.8996 0001316  91.2032  87.3677 15.08817295    15
STARLINK-4523
1 53389C 22097B   25222.12340278  .00003430  00000+0  21521-3 0  2220
2 53389  53.2173 353.8819 0001163  83.8042 157.4393 15.08817696    18
STARLINK-4517
1 53390C 22097C   25222.12062500  .00012780  00000+0  80191-3 0  2227
2 53390  53.2173 353.8950 0001205  74.9920 131.1780 15.08803910    12
STARLINK-4521
1 53391C 22097D   25222.11715278  .00011077  00000+0  69513-3 0  2227
2 53391  53.2175 353.9083 0001448  75.2293 152.1147 15.08800390    18
STARLINK-4535
1 53392C 22097E   25222.11854167  .00005362  00000+0  33633-3 0  2223
2 53392  53.2179 353.9012 0001189  80.6030 194.2273 15.08825891    16
STARLINK-4530
1 53393C 22097F   25222.12479167  .00010810  00000+0  67812-3 0  2228
2 53393  53.2179 353.8738 0001167  81.3053 207.4824 15.08813483    13
STARLINK-4544
1 53394C 22097G   25222.12340278  .00005517  00000+0  34602-3 0  2228
2 53394  53.2184 343.4902 0001217  93.3806 123.1202 15.08825969    19
STARLINK-4524
1 53396C 22097J   25222.12062500  .00011310  00000+0  70955-3 0  2228
2 53396  53.2181 353.8901 0001194  89.8832 296.2836 15.08810222    16
STARLINK-4512
1 53398C 22097L   25222.12270833  .00011643  00000+0  73053-3 0  2221
2 53398  53.2180 353.8813 0001236  91.4515 346.0245 15.08806478    19
STARLINK-4528
1 53399C 22097M   25222.11923611  .00010423  00000+0  65370-3 0  2228
2 53399  53.2183 353.8967 0001018  67.3271 291.1740 15.08824110    15
STARLINK-4525
1 53401C 22097P   25222.11993056  .00008442  00000+0  52948-3 0  2227
2 53401  53.2180 353.8932 0001244  91.4780 310.8958 15.08821154    17
STARLINK-4507
1 53403C 22097R   25222.11159722  .00008570  00000+0  53768-3 0  2226
2 53403  53.2177 354.2802 0001306  78.7696 132.8968 15.08809542    19
STARLINK-4509
1 53404C 22097S   25222.11993056  .00013947  00000+0  87503-3 0  2221
2 53404  53.2179 343.8285 0001223  90.5873 141.6425 15.08805804    11
STARLINK-4510
1 53405C 22097T   25222.12409722  .00010918  00000+0  68504-3 0  2220
2 53405  53.2171 353.8779 0001251  74.4533 110.5928 15.08805678    10
STARLINK-4537
1 53407C 22097V   25222.13104167  .00011457  00000+0  66625-3 0  2229
2 53407  53.2169 333.3823 0000949 227.8688  83.0898 15.11562002    15
STARLINK-4491
1 53408C 22097W   25222.11923611  .00014368  00000+0  90152-3 0  2227
2 53408  53.2179 343.9038 0001099  90.7589 142.8512 15.08803448    11
STARLINK-4497
1 53411C 22097Z   25222.11854167  .00012765  00000+0  80088-3 0  2226
2 53411  53.2179 343.9016 0001045  66.9178 142.9154 15.08807965    12
STARLINK-4496
1 53412C 22097AA  25222.11993056  .00003093  00000+0  19391-3 0  2221
2 53412  53.2174 343.8965 0001429  77.4185 239.9053 15.08838057    12
STARLINK-4304
1 53414C 22097AC  25222.11993056  .00012493  00000+0  78371-3 0  2220
2 53414  53.2172 343.8974 0001245  77.6661 259.7018 15.08811783    17
STARLINK-4479
1 53415C 22097AD  25222.12270833 -.00004708  00000+0 -29524-3 0  2221
2 53415  53.2171 343.8854 0001165  92.1572 280.2998 15.08840023    13
STARLINK-4480
1 53416C 22097AE  25222.12479167  .00010963  00000+0  68776-3 0  2223
2 53416  53.2180 343.8255 0001249  79.4559  24.3749 15.08811562    12
STARLINK-4484
1 53417C 22097AF  25222.11993056  .00011457  00000+0  71868-3 0  2226
2 53417  53.2173 343.8975 0001279  96.2052 281.1450 15.08814189    12
STARLINK-4481
1 53418C 22097AG  25222.12340278  .00015874  00000+0  99689-3 0  2228
2 53418  53.2179 333.4451 0001158 110.8960 140.7589 15.08768377    10
STARLINK-4476
1 53419C 22097AH  25222.12201389  .00011319  00000+0  71011-3 0  2227
2 53419  53.2175 343.8879 0001175  80.4305 328.2629 15.08809917    14
STARLINK-4545
1 53421C 22097AK  25222.12062500  .00007976  00000+0  50025-3 0  2226
2 53421  53.2180 343.8925 0001165  95.4790 325.6625 15.08822037    13
STARLINK-4546
1 53422C 22097AL  25222.12131944  .00006085  00000+0  38168-3 0  2220
2 53422  53.2187 343.8876 0001262  98.3684  46.5576 15.08823392    17
STARLINK-4539
1 53423C 22097AM  25222.10673611  .00011440  00000+0  71759-3 0  2225
2 53423  53.2179 343.9652 0001239  81.4390 279.0016 15.08815781    18
STARLINK-4532
1 53424C 22097AN  25222.11923611  .00012140  00000+0  76156-3 0  2229
2 53424  53.2184 343.8975 0001366  90.2133  83.3788 15.08813298    19
STARLINK-4558
1 53426C 22097AQ  25222.11993056  .00011535  00000+0  72351-3 0  2221
2 53426  53.2180 334.0507 0001252  93.4295 198.8343 15.08819281    15
STARLINK-4543
1 53429C 22097AT  25222.12131944  .00012462  00000+0  78147-3 0  2224
2 53429  53.2181 334.0045 0001233  75.9055 243.8884 15.08825950    15
STARLINK-4538
1 53430C 22097AU  25222.12201389 -.00004399  00000+0 -27570-3 0  2223
2 53430  53.2181 333.9243 0001185  93.9390 269.7483 15.08866285    11
STARLINK-4548
1 53431C 22097AV  25222.12270833 -.00000387  00000+0 -24271-4 0  2223
2 53431  53.2179 333.4980 0001244  99.9406 127.8026 15.08831908    13
STARLINK-4557
1 53432C 22097AW  25222.12479167 -.00002845  00000+0 -17847-3 0  2226
2 53432  53.2174 333.6377 0001133  98.6768  60.2887 15.08831554    17
STARLINK-4549
1 53433C 22097AX  25222.11923611  .00015932  00000+0  99951-3 0  2229
2 53433  53.2179 333.8978 0001302  94.1967 274.4083 15.08805576    14
STARLINK-4498
1 53434C 22097AY  25222.11923611  .00011648  00000+0  73121-3 0  2221
2 53434  53.2171 333.6232 0001321  93.6627  55.1913 15.08787628    19
STARLINK-4542
1 53435C 22097AZ  25222.12270833  .00014991  00000+0  94048-3 0  2229
2 53435  53.2173 333.6851 0001184  94.9542  32.6489 15.08805909    17
STARLINK-4527
1 53436C 22097BA  25222.12270833  .00013178  00000+0  82676-3 0  2220
2 53436  53.2175 333.5680 0001241  76.8660 110.8177 15.08808668    11
STARLINK-4526
1 53438C 22097BC  25222.12131944 -.00007767  00000+0 -48684-3 0  2221
2 53438  53.2177 333.5349 0001061  68.6583 131.3938 15.08863883    13
STARLINK-4519
1 53439C 22097BD  25222.12062500  .00013263  00000+0  83196-3 0  2226
2 53439  53.2172 333.6625 0001226  78.7021  52.3881 15.08813422    12
STARLINK-4360
1 53482C 22099T   25222.12409722 -.00017222  00000+0 -13437-2 0  2228
2 53482  97.6562 342.9983 0003202  84.4184 201.3727 15.01268491    13
STARLINK-4430
1 53485C 22099W   25222.10812500 -.00015838  00000+0 -12357-2 0  2222
2 53485  97.6561 342.9570 0002463  87.5593  91.9476 15.01267718    18
STARLINK-4421
1 53488C 22099Z   25222.10395833 -.00007365  00000+0 -57462-3 0  2223
2 53488  97.6562 342.9531 0002028  89.4889  57.5049 15.01260961    12
STARLINK-4392
1 53489C 22099AA  25222.12340278 -.00010388  00000+0 -81045-3 0  2222
2 53489  97.6561 342.9548 0002369  85.7475 164.9420 15.01263104    16
STARLINK-4387
1 53490C 22099AB  25222.12340278 -.00014334  00000+0 -11183-2 0  2224
2 53490  97.6562 342.9737 0003282  80.7721 199.9313 15.01266957    11
STARLINK-4450
1 53491C 22099AC  25222.12409722 -.00004945  00000+0 -38582-3 0  2225
2 53491  97.6565 342.9774 0002094  73.0280 261.4092 15.01259532    11
STARLINK-4451
1 53492C 22099AD  25222.12062500 -.00017036  00000+0 -13291-2 0  2229
2 53492  97.6563 342.9725 0003240  81.1879 205.8330 15.01269411    18
STARLINK-4361
1 53493C 22099AE  25222.07340278  .00187970  00000+0  14494-1 0  2223
2 53493  97.6564 342.9103 0002469  80.1462 282.1007 15.01511805    15
STARLINK-4340
1 53494C 22099AF  25222.11715278 -.00004916  00000+0 -38348-3 0  2221
2 53494  97.6562 342.9601 0002909  89.2464 167.6787 15.01259850    19
STARLINK-4429
1 53495C 22099AG  25222.11993056 -.00007938  00000+0 -61927-3 0  2220
2 53495  97.6563 342.9648 0001804  96.0011 227.2544 15.01262153    13
STARLINK-4465
1 53496C 22099AH  25222.11437500  .00418740  00000+0  15485-1 0  2229
2 53496  97.6562 343.6616 0001455  75.9316  48.8658 15.27343486    12
STARLINK-4453
1 53497C 22099AJ  25222.12409722 -.00012907  00000+0 -10070-2 0  2229
2 53497  97.6558 342.9675 0001390  95.0496 270.7179 15.01266468    15
STARLINK-4439
1 53498C 22099AK  25222.12409722 -.00012324  00000+0 -96157-3 0  2224
2 53498  97.6558 342.9797 0001471  94.9097 269.5488 15.01264533    16
STARLINK-4454
1 53499C 22099AL  25222.12201389 -.00012001  00000+0 -93634-3 0  2223
2 53499  97.6564 342.9509 0002237  85.3592 239.1437 15.01264679    18
STARLINK-4455
1 53500C 22099AM  25222.12062500  .00006480  00000+0  50534-3 0  2220
2 53500  97.6562 342.9649 0001286  98.6665 238.2323 15.01265928    17
STARLINK-4435
1 53502C 22099AP  25222.12340278 -.00007144  00000+0 -55683-3 0  2223
2 53502  97.6551 342.9653 0000964 106.3800 265.6415 15.01296292    16
STARLINK-4511
1 53527C 22101A   25222.10743056  .00079898  00000+0  16371-2 0  2226
2 53527  53.2070 274.4459 0007037  18.7578 158.0948 15.45380766    10
STARLINK-4503
1 53528C 22101B   25222.12062500 -.00006895  00000+0 -43239-3 0  2220
2 53528  53.2164 303.8933 0001275  91.2140 149.9150 15.08841613    14
STARLINK-4478
1 53529C 22101C   25222.12409722  .00009734  00000+0  61061-3 0  2228
2 53529  53.2164 303.8880 0001259  81.9388 218.0613 15.08816635    16
STARLINK-4482
1 53530C 22101D   25222.11923611 -.00001983  00000+0 -12434-3 0  2227
2 53530  53.2164 304.1218 0001310  82.5439 110.8990 15.08838634    19
STARLINK-4487
1 53531C 22101E   25222.12270833  .00009117  00000+0  57178-3 0  2229
2 53531  53.2166 303.8832 0001220  81.5486 230.9115 15.08823480    17
STARLINK-4483
1 53532C 22101F   25222.11993056  .00005622  00000+0  35260-3 0  2223
2 53532  53.2168 303.8981 0001121  85.5744  31.7891 15.08828222    13
STARLINK-4118
1 53538C 22101M   25222.12270833  .00010775  00000+0  67582-3 0  2228
2 53538  53.2161 293.8854 0001164  88.7356 198.7232 15.08819962    14
STARLINK-4485
1 53541C 22101Q   25222.12131944 -.00001881  00000+0 -11797-3 0  2228
2 53541  53.2162 303.8911 0001265  92.7581 132.1517 15.08834141    16
STARLINK-4297
1 53543C 22101S   25222.11854167  .00010279  00000+0  64466-3 0  2228
2 53543  53.2163 293.9711 0001076  87.6208 157.1479 15.08823037    11
STARLINK-4303
1 53544C 22101T   25222.12062500  .00034355  00000+0  21558-2 0  2227
2 53544  53.2158 293.8933 0001241 101.0120 275.0712 15.08779063    18
STARLINK-4474
1 53547C 22101W   25222.11923611  .00008603  00000+0  53958-3 0  2225
2 53547  53.2158 293.8999 0001205  83.3766 265.2081 15.08823081    11
STARLINK-4513
1 53548C 22101X   25222.11993056  .00004414  00000+0  27681-3 0  2226
2 53548  53.2161 293.8972 0001152  84.5097 347.8367 15.08832143    11
STARLINK-4518
1 53550C 22101Z   25222.12131944  .00007899  00000+0  49548-3 0  2226
2 53550  53.2163 293.8909 0001249  81.6777  18.2339 15.08819453    13
STARLINK-4514
1 53551C 22101AA  25222.11784722  .00007408  00000+0  46461-3 0  2221
2 53551  53.2160 293.9069 0001198  93.9373 307.0842 15.08827276    10
STARLINK-4501
1 53553C 22101AC  25222.12270833  .00009993  00000+0  62689-3 0  2228
2 53553  53.2166 293.7588 0001114  90.1744  97.3766 15.08814112    10
STARLINK-4506
1 53554C 22101AD  25222.12131944  .00009217  00000+0  57824-3 0  2222
2 53554  53.2167 293.9010 0001109  96.2340  78.4815 15.08812476    13
STARLINK-4505
1 53556C 22101AF  25222.11784722  .00003356  00000+0  21043-3 0  2223
2 53556  53.2168 293.9076 0001191  86.5634 114.4724 15.08833022    17
STARLINK-4508
1 53559C 22101AJ  25222.11437500 -.00009754  00000+0 -61156-3 0  2224
2 53559  53.2166 293.9243 0001134  88.3889  73.7679 15.08852385    12
STARLINK-4564
1 53560C 22101AK  25222.12062500  .00006269  00000+0  39326-3 0  2221
2 53560  53.2159 284.0802 0001020  81.3011 249.7188 15.08817709    13
STARLINK-4563
1 53561C 22101AL  25222.12409722 -.00022077  00000+0 -13850-2 0  2223
2 53561  53.2165 293.8795 0001347  87.4821 167.5806 15.08844352    16
STARLINK-4565
1 53562C 22101AM  25222.11854167  .00000016  00000+0  10276-5 0  2229
2 53562  53.2163 284.0479 0001297  84.6802 255.0086 15.08842359    16
STARLINK-4561
1 53563C 22101AN  25222.12131944  .00006887  00000+0  43199-3 0  2222
2 53563  53.2158 284.1164 0001143  93.2209 221.5534 15.08820987    19
STARLINK-4577
1 53564C 22101AP  25222.12340278 -.00008176  00000+0 -51271-3 0  2220
2 53564  53.2163 283.9486 0001011  78.1360 328.0511 15.08847302    12
STARLINK-4575
1 53565C 22101AQ  25222.11715278  .00007386  00000+0  46327-3 0  2222
2 53565  53.2162 284.0648 0001233  88.1130 238.8547 15.08823419    16
STARLINK-4576
1 53566C 22101AR  25222.11993056 -.00001708  00000+0 -10707-3 0  2222
2 53566  53.2156 283.8848 0001088  74.9690 352.3478 15.08849159    15
STARLINK-4585
1 53567C 22101AS  25222.12062500  .00006969  00000+0  43711-3 0  2228
2 53567  53.2163 283.9996 0001251  87.6007 283.4694 15.08824146    17
STARLINK-4583
1 53568C 22101AT  25222.11923611  .00024139  00000+0  15150-2 0  2221
2 53568  53.2150 283.7687 0000998  95.4851  28.1747 15.08782904    18
STARLINK-4582
1 53569C 22101AU  25222.12409722 -.00000229  00000+0 -14390-4 0  2228
2 53569  53.2161 283.9052 0001354  86.3853 343.5967 15.08838105    10
STARLINK-4555
1 53572C 22101AX  25222.12409722  .00005055  00000+0  31702-3 0  2227
2 53572  53.2155 283.5545 0001084  76.9472 173.2633 15.08830193    19
STARLINK-4547
1 53573C 22101AY  25222.12062500 -.00014081  00000+0 -88289-3 0  2220
2 53573  53.2152 283.7238 0001235  88.2518  62.9886 15.08855751    14
STARLINK-4559
1 53574C 22101AZ  25222.12409722  .00003915  00000+0  24554-3 0  2229
2 53574  53.2154 283.5912 0001267  83.0770 147.1214 15.08829242    19
STARLINK-4551
1 53575C 22101BA  25222.12062500  .00006024  00000+0  37789-3 0  2227
2 53575  53.2152 283.6843 0001249  77.6284  93.6981 15.08817649    15
STARLINK-4581
1 53576C 22101BB  25222.11854167  .00005900  00000+0  37009-3 0  2222
2 53576  53.2151 283.7018 0001442  86.1619  68.5853 15.08823299    19
STARLINK-4553
1 53577C 22101BC  25222.12062500  .00001644  00000+0  10303-3 0  2225
2 53577  53.2154 283.6458 0001073  85.3659 105.8307 15.08852459    14
STARLINK-4556
1 53578C 22101BD  25222.11993056 -.00007031  00000+0 -44093-3 0  2225
2 53578  53.2156 283.5306 0001155  90.8691 156.7364 15.08843133    13
STARLINK-4691
1 53588C 22104A   25222.12409722 -.00007942  00000+0 -49821-3 0  2227
2 53588  53.2157 114.1278 0001351  83.9674 220.8911 15.08832599    19
STARLINK-4673
1 53589C 22104B   25222.11715278 -.00012018  00000+0 -75372-3 0  2223
2 53589  53.2162 113.9608 0001400  90.7331 276.4737 15.08845810    14
STARLINK-4689
1 53590C 22104C   25222.11923611 -.00000073  00000+0 -45870-5 0  2227
2 53590  53.2159 114.1094 0001290  89.9328 208.5080 15.08833468    10
STARLINK-4681
1 53594C 22104G   25222.12131944  .00013730  00000+0  86121-3 0  2226
2 53594  53.2161 113.8631 0001270  88.9779 340.9523 15.08813965    10
STARLINK-4684
1 53595C 22104H   25222.12201389  .00010710  00000+0  67174-3 0  2220
2 53595  53.2163 113.9003 0001374  95.6743 317.9998 15.08821300    10
STARLINK-4676
1 53598C 22104L   25222.12201389  .00010949  00000+0  68706-3 0  2229
2 53598  53.2149 113.6247 0001409  78.0979 115.8055 15.08803524    16
STARLINK-4677
1 53600C 22104N   25222.12201389  .00011145  00000+0  69905-3 0  2224
2 53600  53.2151 114.2875 0001674  83.8126 124.4206 15.08816392    10
STARLINK-4675
1 53601C 22104P   25222.12201389 -.00002554  00000+0 -16023-3 0  2224
2 53601  53.2157 113.7411 0001441  87.7071  46.0889 15.08830459    17
STARLINK-4648
1 53602C 22104Q   25222.12340278  .00004074  00000+0  25552-3 0  2220
2 53602  53.2162 108.8223 0001292  85.1747  23.6098 15.08825918    13
STARLINK-4692
1 53603C 22104R   25222.11993056  .00009438  00000+0  59189-3 0  2220
2 53603  53.2157 109.0723 0001332  91.1915 238.5260 15.08825894    16
STARLINK-4690
1 53604C 22104S   25222.11854167  .00006181  00000+0  38767-3 0  2221
2 53604  53.2162 108.7601 0001309  85.8141  36.5933 15.08823634    12
STARLINK-4590
1 53606C 22104U   25222.11993056 -.00000522  00000+0 -32768-4 0  2225
2 53606  53.2152 104.0100 0001345  87.6732 269.6151 15.08829877    18
STARLINK-4610
1 53610C 22104Y   25222.11784722  .00007406  00000+0  46455-3 0  2221
2 53610  53.2152 104.0301 0001377  85.3658 255.4125 15.08818091    13
STARLINK-4650
1 53611C 22104Z   25222.12895833  .01495600  00000+0  20322-2 0  2221
2 53611  53.1671   6.7821 0015094 307.9662 173.7671 16.03884973    19
STARLINK-4658
1 53612C 22104AA  25222.12131944  .00010932  00000+0  68565-3 0  2220
2 53612  53.2150 103.9647 0001332  92.9003 291.9564 15.08820935    15
STARLINK-4655
1 53613C 22104AB  25222.12131944  .00001657  00000+0  10393-3 0  2221
2 53613  53.2149 104.0429 0001514  87.6424 257.1737 15.08832176    10
STARLINK-4605
1 53616C 22104AE  25222.12270833 -.00003292  00000+0 -20650-3 0  2221
2 53616  53.2154  93.7582 0001418  91.5512 316.0231 15.08830708    11
STARLINK-4609
1 53619C 22104AH  25222.11854167  .00011154  00000+0  69960-3 0  2222
2 53619  53.2156 103.8988 0001327  87.6591 322.1593 15.08817482    14
STARLINK-4608
1 53621C 22104AK  25222.11784722  .00012107  00000+0  75939-3 0  2226
2 53621  53.2159 103.8629 0001331  85.0019 341.0728 15.08816906    14
STARLINK-4568
1 53622C 22104AL  25222.12201389  .00015827  00000+0  99251-3 0  2226
2 53622  53.2157 103.4926 0001536  84.1106 184.8101 15.08820093    13
STARLINK-4596
1 53624C 22104AN  25222.11715278  .00016156  00000+0  10132-2 0  2220
2 53624  53.2160 103.6675 0001330  85.0435  77.3730 15.08821243    11
STARLINK-4554
1 53626C 22104AQ  25222.11923611 -.00031189  00000+0 -19568-2 0  2221
2 53626  53.2159 103.5410 0001603  90.1656 143.6953 15.08851277    16
STARLINK-4595
1 53627C 22104AR  25222.11993056 -.00001847  00000+0 -11584-3 0  2221
2 53627  53.2160 103.6150 0001280  90.6642 106.8887 15.08831651    13
STARLINK-4600
1 53628C 22104AS  25222.11854167  .00007194  00000+0  45137-3 0  2221
2 53628  53.2154 103.4653 0001423  92.0082 178.1639 15.08811321    15
STARLINK-4602
1 53629C 22104AT  25222.12409722  .00010737  00000+0  67351-3 0  2225
2 53629  53.2163 103.5561 0001394  88.5494 151.7012 15.08814737    15
STARLINK-4598
1 53630C 22104AU  25222.11506944  .00002115  00000+0  13266-3 0  2227
2 53630  53.2154  93.9900 0001390  89.0331 271.6577 15.08828686    14
STARLINK-4593
1 53633C 22104AX  25222.11784722  .00011519  00000+0  72261-3 0  2220
2 53633  53.2151  93.9287 0001431  94.7348 306.3253 15.08812326    10
STARLINK-4586
1 53636C 22104BA  25222.11923611  .00007371  00000+0  46223-3 0  2225
2 53636  53.2150  93.7278 0001339  88.6240  60.0599 15.08829365    18
STARLINK-4396
1 53637C 22104BB  25222.12201389  .00010124  00000+0  63513-3 0  2229
2 53637  53.2161  94.0697 0001390  96.7438 241.6581 15.08811572    15
STARLINK-4422
1 53639C 22104BD  25222.12479167  .00010904  00000+0  68407-3 0  2225
2 53639  53.2151  93.6625 0001376  83.7372 115.2272 15.08810625    10
STARLINK-4597
1 53640C 22104BE  25222.11715278  .00006803  00000+0  42666-3 0  2224
2 53640  53.2154  93.6589 0001329  88.3241  89.1006 15.08826400    10
STARLINK-4588
1 53641C 22104BF  25222.11576389  .00016802  00000+0  10538-2 0  2225
2 53641  53.2147  93.7771 0001423  84.2103  25.5946 15.08816345    18
STARLINK-4420
1 53654C 22105G   25222.11923611  .00002969  00000+0  23160-3 0  2229
2 53654  97.6553 102.9655 0003096  68.7521 157.4183 15.01256426    17
STARLINK-4466
1 53656C 22105J   25222.11993056  .00005396  00000+0  42094-3 0  2225
2 53656  97.6538 102.9685 0003607  48.3858 211.5323 15.01250718    16
STARLINK-4469
1 53657C 22105K   25222.10534722  .00420750  00000+0  18254-1 0  2220
2 53657  97.6546 103.6284 0001727  78.0387 226.3180 15.21992422    19
STARLINK-4452
1 53658C 22105L   25222.11993056 -.00096812  00000+0 -75479-2 0  2224
2 53658  97.6544 102.9648 0003354  46.3620 203.5525 15.01375342    14
STARLINK-4463
1 53659C 22105M   25222.12479167  .00004710  00000+0  36747-3 0  2228
2 53659  97.6552 102.9701 0002723  64.4162 200.4394 15.01249449    13
STARLINK-4473
1 53660C 22105N   25222.12270833 -.00003919  00000+0 -30566-3 0  2224
2 53660  97.6533 102.9624 0002498  27.5354 267.3876 15.01267751    13
STARLINK-4472
1 53661C 22105P   25222.10187500  .00002212  00000+0  17256-3 0  2225
2 53661  97.6533 102.9482 0003374  48.9546 122.1197 15.01259437    16
STARLINK-4357
1 53662C 22105Q   25222.11854167 -.00004881  00000+0 -38056-3 0  2224
2 53662  97.6540 102.9544 0002075  57.2702 233.7372 15.01284025    13
STARLINK-4457
1 53663C 22105R   25222.12409722  .00005311  00000+0  41426-3 0  2221
2 53663  97.6532 102.9660 0003575  50.0899 242.3379 15.01250627    12
STARLINK-4471
1 53664C 22105S   25222.11923611  .00001163  00000+0  90718-4 0  2229
2 53664  97.6545 102.9567 0001760  68.3442 246.5059 15.01259976    10
STARLINK-4334
1 53665C 22105T   25222.11993056  .00003034  00000+0  23666-3 0  2226
2 53665  97.6543 102.9639 0003345  72.1663 237.7598 15.01256825    18
STARLINK-4406
1 53667C 22105V   25222.12270833  .00003333  00000+0  25995-3 0  2229
2 53667  97.6537 102.9605 0002271  24.3278 280.5950 15.01256426    19
STARLINK-4458
1 53668C 22105W   25222.11993056  .00000143  00000+0  11171-4 0  2226
2 53668  97.6549 102.9254 0001432 103.5671 226.3473 15.01260677    19
STARLINK-4464
1 53669C 22105X   25222.12340278 -.00002073  00000+0 -16171-3 0  2220
2 53669  97.6540 102.9511 0002209  49.5706 269.1108 15.01262915    15
STARLINK-4459
1 53670C 22105Y   25222.12131944  .00005955  00000+0  46454-3 0  2227
2 53670  97.6552 102.9526 0001848  93.1729 264.2476 15.01251554    15
STARLINK-4440
1 53671C 22105Z   25222.11506944  .00000813  00000+0  63364-4 0  2221
2 53671  97.6552 102.9501 0001801 132.8222 189.4701 15.01269482    15
STARLINK-4624
1 53684C 22105AN  25222.12340278 -.00010538  00000+0 -82167-3 0  2220
2 53684  97.6546 103.0211 0001961  79.1194 259.5232 15.01288481    18
STARLINK-4467
1 53686C 22105AQ  25222.12409722  .00005322  00000+0  41518-3 0  2220
2 53686  97.6550 103.0293 0003894  52.6709 209.7883 15.01248888    16
STARLINK-4725
1 53700C 22107A   25222.12409722  .00013809  00000+0  86633-3 0  2225
2 53700  53.2151 113.5039 0001417  87.7973 137.4697 15.08808682    14
STARLINK-4711
1 53701C 22107B   25222.12131944  .00015637  00000+0  98055-3 0  2226
2 53701  53.2154 113.4786 0001392  90.8867 139.2869 15.08823710    15
STARLINK-4724
1 53702C 22107C   25222.12270833  .00011118  00000+0  69736-3 0  2222
2 53702  53.2154  98.7872 0001388  86.5592  13.4812 15.08817368    12
STARLINK-4714
1 53704C 22107E   25222.10465278 -.00002711  00000+0 -17005-3 0  2224
2 53704  53.2153 114.2204 0001354  83.8372  75.3245 15.08831905    15
STARLINK-4717
1 53705C 22107F   25222.11923611 -.00003363  00000+0 -21095-3 0  2224
2 53705  53.2154 114.1173 0001595  85.6731 172.7651 15.08832908    14
STARLINK-4694
1 53708C 22107J   25222.12201389  .00010066  00000+0  63156-3 0  2229
2 53708  53.2151  98.7532 0001330  85.9519  30.3579 15.08810255    13
STARLINK-4685
1 53709C 22107K   25222.12062500  .00007055  00000+0  44256-3 0  2224
2 53709  53.2154 118.5872 0001348  90.9546  87.8947 15.08818593    19
STARLINK-4627
1 53711C 22107M   25222.12062500 -.00013592  00000+0 -85221-3 0  2229
2 53711  53.2152 118.6957 0001357  90.8606  27.8694 15.08856056    10
STARLINK-4686
1 53715C 22107R   25222.12201389 -.00001088  00000+0 -68280-4 0  2227
2 53715  53.2160 123.6053 0001328  93.9575  64.9597 15.08817380    14
STARLINK-4695
1 53718C 22107U   25222.11090278  .00004282  00000+0  26859-3 0  2224
2 53718  53.2164 124.2021 0001932  94.5026  78.4082 15.08826060    16
STARLINK-4644
1 53719C 22107V   25222.12131944  .00008762  00000+0  54951-3 0  2223
2 53719  53.2156  93.5156 0001368  89.2885 130.8512 15.08826130    11
STARLINK-4642
1 53720C 22107W   25222.11854167 -.00014041  00000+0 -88079-3 0  2220
2 53720  53.2158 123.6602 0001353  82.7059  37.2884 15.08839810    12
STARLINK-4707
1 53721C 22107X   25222.11784722  .00010369  00000+0  65032-3 0  2221
2 53721  53.2154 123.7427 0001338  92.8759 343.2641 15.08822348    16
STARLINK-4700
1 53722C 22107Y   25222.12340278  .00013074  00000+0  82002-3 0  2229
2 53722  53.2154 123.7896 0001355  90.7565 335.5198 15.08816935    14
STARLINK-4663
1 53724C 22107AA  25222.11923611  .00004884  00000+0  30631-3 0  2228
2 53724  53.2157 123.6960 0001445  92.2238  11.5020 15.08828356    19
STARLINK-4697
1 53726C 22107AC  25222.12201389  .00004472  00000+0  28045-3 0  2221
2 53726  53.2152 123.7604 0001404  89.5531 349.2007 15.08832364    12
STARLINK-4651
1 53729C 22107AF  25222.12201389  .00009312  00000+0  58417-3 0  2228
2 53729  53.2157 123.9986 0001313  84.8003 233.8168 15.08813950    12
STARLINK-4636
1 53731C 22107AH  25222.12340278 -.00004706  00000+0 -29519-3 0  2227
2 53731  53.2161 124.0335 0001294  87.7813 218.3623 15.08830118    18
STARLINK-4661
1 53732C 22107AJ  25222.12062500  .00006226  00000+0  39065-3 0  2221
2 53732  53.2157 123.9750 0001479  82.3440 243.5713 15.08810782    10
STARLINK-4574
1 53733C 22107AK  25222.12062500  .00010537  00000+0  66092-3 0  2222
2 53733  53.2166 124.1253 0001399  84.1502 166.8359 15.08819501    13
STARLINK-4616
1 53734C 22107AL  25222.11923611 -.00011442  00000+0 -71768-3 0  2225
2 53734  53.2157 123.9723 0001253  82.6139 240.9388 15.08839391    16
STARLINK-4618
1 53735C 22107AM  25222.12201389 -.00003773  00000+0 -23667-3 0  2221
2 53735  53.2163 133.6999 0001273  82.0881  21.7247 15.08832583    12
STARLINK-4652
1 53736C 22107AN  25222.12340278 -.00001216  00000+0 -76294-4 0  2228
2 53736  53.2164 124.0733 0001268  83.7656 202.3442 15.08826468    15
STARLINK-4646
1 53737C 22107AP  25222.12548611  .00046596  00000+0  11885-2 0  2221
2 53737  53.2027 123.0881 0001870 107.9278  36.4589 15.38901213    18
STARLINK-4662
1 53738C 22107AQ  25222.12201389 -.00002379  00000+0 -14924-3 0  2221
2 53738  53.2165 133.6627 0001355  95.4615  28.4093 15.08823985    18
STARLINK-4645
1 53743C 22107AV  25222.12062500 -.00005540  00000+0 -34759-3 0  2228
2 53743  53.2158 133.9817 0001329  82.9249 233.1784 15.08824661    19
STARLINK-4670
1 53744C 22107AW  25222.10743056 -.00013210  00000+0 -82860-3 0  2228
2 53744  53.2159 133.5779 0001213  91.9349  32.7566 15.08840866    13
STARLINK-4656
1 53745C 22107AX  25222.12201389  .00020329  00000+0  12739-2 0  2223
2 53745  53.2157 134.0136 0001374  90.6501 212.9257 15.08842970    16
STARLINK-4589
1 53746C 22107AY  25222.12062500 -.00001133  00000+0 -71063-4 0  2225
2 53746  53.2159 133.9419 0001361  92.8490 243.2708 15.08822172    18
STARLINK-4612
1 53750C 22107BC  25222.11715278  .00005682  00000+0  35644-3 0  2221
2 53750  53.2153 134.1157 0001386  83.3132 153.8214 15.08816041    10
STARLINK-4719
1 53774C 22111B   25222.11715278 -.00003315  00000+0 -20796-3 0  2227
2 53774  53.2161 153.7892 0001381  84.5671  42.7737 15.08829635    13
STARLINK-4722
1 53775C 22111C   25222.12270833 -.00000311  00000+0 -19527-4 0  2226
2 53775  53.2162 144.1189 0001217  83.2247 269.0740 15.08831983    18
STARLINK-4664
1 53777C 22111E   25222.12062500 -.00003933  00000+0 -24678-3 0  2223
2 53777  53.2161 144.0508 0001410  81.0482 300.0058 15.08823709    10
STARLINK-4709
1 53778C 22111F   25222.12340278 -.00007605  00000+0 -47699-3 0  2223
2 53778  53.2162 148.6058 0001397  84.9164 164.0004 15.08836616    15
STARLINK-4706
1 53779C 22111G   25222.12340278 -.00004610  00000+0 -28912-3 0  2224
2 53779  53.2159 143.9990 0001336  85.9498 330.2049 15.08835173    12
STARLINK-4678
1 53780C 22111H   25222.11715278 -.00003939  00000+0 -24710-3 0  2226
2 53780  53.2159 144.1041 0001705  87.8629 254.3017 15.08827985    14
STARLINK-4462
1 53781C 22111J   25222.12270833  .00003112  00000+0  19523-3 0  2228
2 53781  53.2157 143.8837 0001392  83.5606  28.8979 15.08820066    16
STARLINK-4536
1 53783C 22111L   25222.12062500  .00014277  00000+0  89515-3 0  2222
2 53783  53.2160 143.8143 0001184  88.8844  52.1878 15.08829150    14
STARLINK-4631
1 53786C 22111P   25222.11645833  .00803970  00000+0  14179-2 0  2229
2 53786  53.2130 101.2767 0002099 258.7933 242.0149 16.00451606    18
STARLINK-4743
1 53787C 22111Q   25222.12409722 -.00010195  00000+0 -63948-3 0  2226
2 53787  53.2159 143.7163 0001374  84.1038 116.0172 15.08838919    12
STARLINK-4734
1 53790C 22111T   25222.12131944 -.00007602  00000+0 -47682-3 0  2224
2 53790  53.2161 143.7705 0001349  86.3332  78.6600 15.08837167    17
STARLINK-4739
1 53792C 22111V   25222.12409722 -.00007150  00000+0 -44847-3 0  2226
2 53792  53.2163 144.2258 0001274  86.3419 208.2361 15.08836831    15
STARLINK-4728
1 53793C 22111W   25222.11993056 -.00012730  00000+0 -79849-3 0  2224
2 53793  53.2162 143.6929 0001214  90.6885 106.8124 15.08841344    17
STARLINK-4730
1 53794C 22111X   25222.11715278 -.00004728  00000+0 -29660-3 0  2227
2 53794  53.2159 143.7548 0001436  87.5988  69.5868 15.08826550    19
STARLINK-4721
1 53796C 22111Z   25222.13034722  .00399080  00000+0  17130-2 0  2223
2 53796  53.1695  43.5856 0007284 282.6892 300.6666 15.83921071    15
STARLINK-4723
1 53797C 22111AA  25222.12270833 -.00000551  00000+0 -34596-4 0  2229
2 53797  53.2163 143.4477 0001343  85.0766 247.6728 15.08822459    17
STARLINK-4712
1 53798C 22111AB  25222.11715278  .00002168  00000+0  13598-3 0  2228
2 53798  53.2163 143.5098 0001359  86.2386 196.2824 15.08829987    15
STARLINK-4710
1 53799C 22111AC  25222.12340278 -.00005887  00000+0 -36927-3 0  2228
2 53799  53.2164 133.9508 0001206  90.5973 355.3880 15.08836299    11
STARLINK-4720
1 53800C 22111AD  25222.12201389 -.00001862  00000+0 -11679-3 0  2226
2 53800  53.2162 133.8333 0001405  83.0327  60.6829 15.08832147    15
STARLINK-4726
1 53802C 22111AF  25222.11854167 -.00008483  00000+0 -53206-3 0  2223
2 53802  53.2160 133.7709 0001355  89.7358  75.1665 15.08837638    11
STARLINK-4729
1 53804C 22111AH  25222.12409722  .00011699  00000+0  73387-3 0  2222
2 53804  53.2161 128.6620 0001271  86.1124 151.3279 15.08815704    16
STARLINK-4768
1 53806C 22111AK  25222.11923611  .00003848  00000+0  24135-3 0  2225
2 53806  53.2157 118.7451 0001339  88.9077 102.2707 15.08827061    17
STARLINK-4752
1 53821C 22114D   25222.13034722  .00557780  00000+0  66656-3 0  2226
2 53821  53.2087  84.2909 0001632 264.9685 349.8088 16.07091070    12
STARLINK-4748
1 53823C 22114F   25222.11784722  .00003626  00000+0  22741-3 0  2220
2 53823  53.2156 128.8911 0001319  84.9096 223.6217 15.08831031    19
STARLINK-4757
1 53824C 22114G   25222.12131944 -.00002307  00000+0 -14470-3 0  2221
2 53824  53.2159 173.2944 0001392  88.8121 151.4848 15.08835271    14
STARLINK-4751
1 53825C 22114H   25222.11923611 -.00027193  00000+0 -17054-2 0  2221
2 53825  53.2161 174.0378 0001418  88.8978 119.5950 15.08862506    17
STARLINK-4756
1 53826C 22114J   25222.12270833 -.00015293  00000+0 -95911-3 0  2221
2 53826  53.2151 173.8292 0001354  89.3588 238.1360 15.08848445    10
STARLINK-4764
1 53827C 22114K   25222.11993056 -.00010803  00000+0 -67751-3 0  2223
2 53827  53.2158 173.9584 0001438  90.9324 161.3961 15.08843115    15
STARLINK-4759
1 53829C 22114M   25222.11645833 -.00012791  00000+0 -80216-3 0  2221
2 53829  53.2154 173.9348 0001387  88.5629 164.9039 15.08847958    19
STARLINK-4761
1 53830C 22114N   25222.11715278 -.00003641  00000+0 -22833-3 0  2229
2 53830  53.2152 173.7370 0001383  87.9065 269.4698 15.08835928    11
STARLINK-4649
1 53831C 22114P   25222.12340278 -.00007616  00000+0 -47765-3 0  2222
2 53831  53.2152 173.8646 0001398  88.6551 222.5853 15.08841259    10
STARLINK-4747
1 53832C 22114Q   25222.12131944 -.00004347  00000+0 -27263-3 0  2220
2 53832  53.2155 173.6392 0001371  91.9622 328.1187 15.08834960    11
STARLINK-4737
1 53834C 22114S   25222.12270833 -.00006517  00000+0 -40874-3 0  2227
2 53834  53.2155 173.5535 0001090  88.7703  18.8922 15.08840978    19
STARLINK-4783
1 53835C 22114T   25222.12062500 -.00007427  00000+0 -46589-3 0  2228
2 53835  53.2153 173.6818 0001417  86.7337 309.5468 15.08831598    10
STARLINK-4778
1 53836C 22114U   25222.11923611 -.00003247  00000+0 -20361-3 0  2223
2 53836  53.2155 164.1030 0001383  88.1115  95.3312 15.08835822    18
STARLINK-4776
1 53837C 22114V   25222.11715278  .00007339  00000+0  46011-3 0  2226
2 53837  53.2155 173.6180 0001132  86.1005 331.2880 15.08837087    15
STARLINK-4773
1 53838C 22114W   25222.12201389  .00001723  00000+0  10806-3 0  2225
2 53838  53.2156 164.0557 0001374  89.3145 129.2405 15.08833781    12
STARLINK-4784
1 53839C 22114X   25222.12270833  .00000016  00000+0  10092-5 0  2229
2 53839  53.2156 164.1319 0001397  90.4001  91.9021 15.08831670    13
STARLINK-4766
1 53840C 22114Y   25222.11993056 -.00012084  00000+0 -75805-3 0  2220
2 53840  53.2158 163.9555 0001383  88.6322 173.5086 15.08836121    10
STARLINK-4750
1 53841C 22114Z   25222.12201389 -.00009298  00000+0 -58328-3 0  2227
2 53841  53.2159 164.0156 0001296  88.5591 150.0603 15.08834932    14
STARLINK-4769
1 53843C 22114AB  25222.11645833  .00001281  00000+0  80352-4 0  2229
2 53843  53.2160 164.0011 0001298  89.8086 138.6129 15.08832587    12
STARLINK-4745
1 53844C 22114AC  25222.11715278 -.00010607  00000+0 -66495-3 0  2226
2 53844  53.2164 163.8010 0000928 100.2232 232.0194 15.08860634    18
STARLINK-4746
1 53846C 22114AE  25222.11923611 -.00034282  00000+0 -21502-2 0  2224
2 53846  53.2161 163.7126 0001624  65.3097 318.3988 15.08865063    18
STARLINK-4780
1 53848C 22114AG  25222.12131944 -.00005363  00000+0 -33630-3 0  2221
2 53848  53.2158 163.6260 0001397  90.3131 344.7677 15.08839858    19
STARLINK-4770
1 53849C 22114AH  25222.10465278  .00009845  00000+0  61727-3 0  2225
2 53849  53.2161 163.8159 0001524  80.7637 203.5376 15.08833452    11
STARLINK-4755
1 53851C 22114AK  25222.11715278 -.00009197  00000+0 -57678-3 0  2229
2 53851  53.2160 163.6828 0001360  89.7713 302.6418 15.08841619    18
STARLINK-4797
1 53852C 22114AL  25222.11645833 -.00002869  00000+0 -17994-3 0  2225
2 53852  53.2161 158.8416 0001244  90.8015 225.2391 15.08833557    10
STARLINK-4794
1 53853C 22114AM  25222.11715278 -.00011858  00000+0 -74368-3 0  2223
2 53853  53.2156 163.6057 0001382  91.9661 340.5010 15.08845473    11
STARLINK-4800
1 53854C 22114AN  25222.11715278 -.00000806  00000+0 -50550-4 0  2223
2 53854  53.2161 154.1427 0001327  85.1880  81.9296 15.08823397    14
STARLINK-4703
1 53855C 22114AP  25222.12340278 -.00005185  00000+0 -32517-3 0  2226
2 53855  53.2158 163.6246 0001430  86.1995 354.9926 15.08839517    12
STARLINK-4798
1 53858C 22114AS  25222.12340278 -.00008815  00000+0 -55289-3 0  2223
2 53858  53.2163 154.0774 0001597  89.3497 131.7647 15.08838517    17
STARLINK-4790
1 53859C 22114AT  25222.12131944 -.00014268  00000+0 -89488-3 0  2229
2 53859  53.2160 158.5445 0001365  91.0231  31.6151 15.08846978    16
STARLINK-4799
1 53860C 22114AU  25222.12270833 -.00008152  00000+0 -51139-3 0  2229
2 53860  53.2155 153.9998 0001435  86.1095 171.3026 15.08832858    10
STARLINK-4781
1 53861C 22114AV  25222.11784722 -.00014609  00000+0 -91613-3 0  2221
2 53861  53.2160 154.0676 0001639  87.7317 123.1802 15.08850713    19
STARLINK-4779
1 53864C 22114AY  25222.11993056 -.00001636  00000+0 -10261-3 0  2222
2 53864  53.2163 153.4612 0001414  91.1091  71.5398 15.08832630    11
STARLINK-4793
1 53867C 22114BB  25222.11993056 -.00016287  00000+0 -10216-2 0  2222
2 53867  53.2164 143.9566 0001289  93.3233 184.0117 15.08844434    13
STARLINK-4810
1 53869C 22114BD  25222.12409722 -.00005396  00000+0 -33840-3 0  2225
2 53869  53.2157 143.5480 0001410  87.1895  53.0272 15.08838039    10
STARLINK-4732
1 53870C 22114BE  25222.12340278  .00004827  00000+0  30282-3 0  2220
2 53870  53.2160 133.8136 0001253  87.2472 284.0320 15.08820850    15
STARLINK-4740
1 53871C 22114BF  25222.11923611 -.00004142  00000+0 -25983-3 0  2222
2 53871  53.2162 133.5216 0001414  89.9704  58.9012 15.08825962    15
STARLINK-5028
1 53886C 22119A   25222.11854167  .00000996  00000+0  62482-4 0  2229
2 53886  53.2154 194.1314 0001371  86.2505 188.2842 15.08839004    15
STARLINK-5029
1 53887C 22119B   25222.11993056 -.00016014  00000+0 -10042-2 0  2224
2 53887  53.2149 194.0054 0001375  83.7727 258.4871 15.08856234    18
STARLINK-5034
1 53888C 22119C   25222.11993056 -.00026426  00000+0 -16568-2 0  2222
2 53888  53.2152 194.0861 0001153  85.6222 216.5719 15.08870473    11
STARLINK-5031
1 53889C 22119D   25222.12131944  .00002066  00000+0  12964-3 0  2223
2 53889  53.2152 194.0391 0001450  78.8231 251.0517 15.08812631    16
STARLINK-5050
1 53890C 22119E   25222.11784722 -.00009711  00000+0 -60904-3 0  2225
2 53890  53.2158 158.6901 0001418  90.2533  73.4211 15.08842569    14
STARLINK-5041
1 53891C 22119F   25222.11854167 -.00005133  00000+0 -32188-3 0  2224
2 53891  53.2147 193.9725 0001379  84.3262 270.4342 15.08839562    11
STARLINK-5046
1 53892C 22119G   25222.12340278 -.00006365  00000+0 -39915-3 0  2222
2 53892  53.2146 193.7564 0001343  84.8259  36.4888 15.08841047    18
STARLINK-5052
1 53893C 22119H   25222.12270833 -.00004108  00000+0 -25762-3 0  2220
2 53893  53.2145 193.8853 0001383  85.2996 326.9499 15.08839446    12
STARLINK-5032
1 53895C 22119K   25222.11923611 -.00006741  00000+0 -42272-3 0  2220
2 53895  53.2147 193.8154 0001328  87.1684 351.4779 15.08841841    10
STARLINK-5037
1 53896C 22119L   25222.11715278  .00000063  00000+0  39501-5 0  2221
2 53896  53.2148 193.7467 0001158  69.7372  37.6301 15.08833498    12
STARLINK-5035
1 53897C 22119M   25222.12340278 -.00005258  00000+0 -32976-3 0  2227
2 53897  53.2143 193.8745 0001387  86.9251 334.2929 15.08841294    14
STARLINK-5024
1 53901C 22119R   25222.11506944  .00418750  00000+0  16089-1 0  2224
2 53901  53.2167 192.3517 0001361  73.4140  28.8824 15.25484830    15
STARLINK-5021
1 53902C 22119S   25222.11784722 -.00000686  00000+0 -43033-4 0  2226
2 53902  53.2163 143.6580 0001459  89.7443 116.4457 15.08832616    11
STARLINK-5022
1 53903C 22119T   25222.11506944 -.00002660  00000+0 -16684-3 0  2220
2 53903  53.2148 193.7243 0001218  62.9453  47.9138 15.08839280    12
STARLINK-5003
1 53905C 22119V   25222.12340278 -.00005220  00000+0 -32737-3 0  2221
2 53905  53.2155 184.1017 0001364  89.4032 226.6907 15.08837327    14
STARLINK-5054
1 53906C 22119W   25222.11715278  .00003898  00000+0  24447-3 0  2223
2 53906  53.2150 183.6257 0001448  88.8697  93.5740 15.08830482    14
STARLINK-5057
1 53908C 22119Y   25222.11784722  .00002186  00000+0  13707-3 0  2221
2 53908  53.2156 184.0477 0001407  90.2326 235.6370 15.08836703    12
STARLINK-4796
1 53909C 22119Z   25222.11993056 -.00011490  00000+0 -72064-3 0  2225
2 53909  53.2151 184.1565 0001377  90.1941 187.0118 15.08842329    16
STARLINK-5056
1 53910C 22119AA  25222.11715278  .00020661  00000+0  48713-3 0  2227
2 53910  53.2015 127.5760 0003319  89.7848 274.8576 15.41304637    18
STARLINK-5048
1 53911C 22119AB  25222.12409722 -.00006250  00000+0 -39196-3 0  2228
2 53911  53.2154 184.0586 0001381  89.1664 250.7238 15.08840691    10
STARLINK-5059
1 53912C 22119AC  25222.12340278 -.00003062  00000+0 -19203-3 0  2224
2 53912  53.2149 183.5211 0001388  87.4549 169.0017 15.08839159    18
STARLINK-5053
1 53913C 22119AD  25222.11784722  .00001341  00000+0  84142-4 0  2221
2 53913  53.2158 183.8880 0001550  90.0525 316.0909 15.08813283    13
STARLINK-5040
1 53914C 22119AE  25222.11854167 -.00018061  00000+0 -11321-2 0  2229
2 53914  53.2158 183.8489 0001565  78.7022 351.0576 15.08870754    15
STARLINK-5051
1 53916C 22119AG  25222.11784722 -.00008245  00000+0 -51710-3 0  2220
2 53916  53.2161 163.5598 0001324  88.4860 167.7897 15.08839734    19
STARLINK-5012
1 53918C 22119AJ  25222.12062500 -.00021117  00000+0 -13244-2 0  2228
2 53918  53.2157 183.7957 0001453  82.1329  19.0648 15.08854556    15
STARLINK-5023
1 53919C 22119AK  25222.11854167 -.00007236  00000+0 -45361-3 0  2228
2 53919  53.2152 183.7663 0001441  83.0040  26.8095 15.08859199    12
STARLINK-5002
1 53922C 22119AN  25222.12062500  .00000469  00000+0  29398-4 0  2227
2 53922  53.2146 183.6389 0001324  88.4229  92.8734 15.08833995    10
STARLINK-5004
1 53923C 22119AP  25222.11923611 -.00009004  00000+0 -56465-3 0  2226
2 53923  53.2151 183.7250 0001339  79.8722  53.8213 15.08844577    10
STARLINK-5011
1 53925C 22119AR  25222.12201389 -.00002357  00000+0 -14782-3 0  2220
2 53925  53.2151 183.4875 0001397  90.6385 178.3056 15.08836078    17
STARLINK-5014
1 53926C 22119AS  25222.12062500 -.00007831  00000+0 -49113-3 0  2229
2 53926  53.2158 178.6761 0001434  86.0471  82.7314 15.08840940    10
STARLINK-5009
1 53928C 22119AU  25222.11993056 -.00002740  00000+0 -17183-3 0  2225
2 53928  53.2160 173.7954 0001356  89.7229  22.6945 15.08834303    18
STARLINK-5018
1 53929C 22119AV  25222.11090278 -.00004393  00000+0 -27550-3 0  2225
2 53929  53.2148 184.3108 0001405  87.7757  75.0677 15.08838927    13
STARLINK-5010
1 53930C 22119AW  25222.12340278 -.00001679  00000+0 -10530-3 0  2220
2 53930  53.2162 173.6207 0001328  90.0985 121.3040 15.08834104    18
STARLINK-4772
1 53932C 22119AY  25222.12062500  .00007278  00000+0  45665-3 0  2227
2 53932  53.2153 168.9849 0001410  84.9553 298.7026 15.08809964    13
STARLINK-4782
1 53933C 22119AZ  25222.12270833  .00005618  00000+0  35242-3 0  2224
2 53933  53.2162 173.7430 0001386  82.7652  64.7723 15.08816711    15
STARLINK-5000
1 53935C 22119BB  25222.11923611 -.00014073  00000+0 -88273-3 0  2223
2 53935  53.2161 158.7794 0001389  92.2860  38.9012 15.08841748    14
STARLINK-4791
1 53936C 22119BC  25222.11229167  .00002543  00000+0  15928-3 0  2223
2 53936  53.2160 168.6661 0001367  95.0260  63.4729 15.08878145    17
STARLINK-4633
1 53964C 22125A   25222.12409722 -.00017493  00000+0 -10975-2 0  2227
2 53964  53.2158  94.0345 0001428  85.4728 169.4676 15.08839543    13
STARLINK-4629
1 53968C 22125E   25222.11923611  .00012614  00000+0  79144-3 0  2220
2 53968  53.2161  93.8168 0001437  82.2697 266.4117 15.08806389    11
STARLINK-4468
1 53969C 22125F   25222.11854167  .00013391  00000+0  83988-3 0  2224
2 53969  53.2161  93.8987 0001178  87.3852 217.4295 15.08818012    11
STARLINK-4567
1 53970C 22125G   25222.11993056  .00010570  00000+0  66311-3 0  2224
2 53970  53.2159  88.9392 0001308  84.7539 215.1247 15.08810570    16
STARLINK-4639
1 53971C 22125H   25222.12479167  .00039876  00000+0  10122-2 0  2226
2 53971  53.2191  82.2363 0000914 118.9510  99.2598 15.39055278    19
STARLINK-5156
1 53973C 22125K   25222.12131944  .00013076  00000+0  82028-3 0  2225
2 53973  53.2159  93.7674 0002080  84.5657 295.4547 15.08809698    16
STARLINK-5159
1 53974C 22125L   25222.11923611  .00011213  00000+0  70341-3 0  2221
2 53974  53.2157  73.5011 0001284  84.3419  94.5434 15.08812493    15
STARLINK-5134
1 53976C 22125N   25222.12201389  .00011844  00000+0  74269-3 0  2228
2 53976  53.2156  74.0028 0001366  90.0427 203.5594 15.08827819    11
STARLINK-5094
1 53977C 22125P   25222.11715278  .00008572  00000+0  53756-3 0  2227
2 53977  53.2154  89.0225 0001313  90.3780 154.3019 15.08828102    13
STARLINK-5133
1 53980C 22125S   25222.12340278  .00014662  00000+0  91944-3 0  2224
2 53980  53.2155  88.5990 0001398  90.6385  28.2735 15.08822938    13
STARLINK-5149
1 53981C 22125T   25222.12270833  .00011008  00000+0  69046-3 0  2223
2 53981  53.2151  73.6605 0001422  86.8691  30.7570 15.08817461    13
STARLINK-5120
1 53982C 22125U   25222.11923611  .00012057  00000+0  75605-3 0  2225
2 53982  53.2152  83.9372 0001368  87.9216 215.6237 15.08826177    12
STARLINK-5103
1 53983C 22125V   25222.12270833  .00011925  00000+0  74787-3 0  2221
2 53983  53.2151  73.7210 0001325  84.4048 353.1536 15.08822085    12
STARLINK-5119
1 53986C 22125Y   25222.11993056  .00011365  00000+0  71291-3 0  2227
2 53986  53.2157  73.5787 0001292  84.8399  57.7549 15.08816470    16
STARLINK-5113
1 53988C 22125AA  25222.12340278  .00013922  00000+0  87334-3 0  2228
2 53988  53.2147  83.9964 0001420  83.4893 202.6901 15.08810346    15
STARLINK-5118
1 53991C 22125AD  25222.11993056  .00012171  00000+0  76321-3 0  2228
2 53991  53.2155  73.8305 0001382  86.2854 256.1159 15.08825811    12
STARLINK-5108
1 53992C 22125AE  25222.11854167  .00009433  00000+0  59183-3 0  2222
2 53992  53.2154  83.9010 0001366  86.4567 233.3971 15.08810443    16
STARLINK-5121
1 53993C 22125AF  25222.12062500  .00001758  00000+0  11027-3 0  2223
2 53993  53.2160  78.6483 0001309  87.6114  11.2016 15.08827054    16
STARLINK-5125
1 53994C 22125AG  25222.12409722  .00005601  00000+0  35129-3 0  2225
2 53994  53.2160  83.7587 0001277  89.4775 320.6027 15.08826427    18
STARLINK-5097
1 53995C 22125AH  25222.12340278  .00012545  00000+0  78674-3 0  2223
2 53995  53.2156  83.8444 0001342  88.7857 277.4572 15.08823345    13
STARLINK-5128
1 53998C 22125AL  25222.11923611  .00014113  00000+0  88497-3 0  2220
2 53998  53.2158  83.6588 0001341  94.5349 349.2056 15.08826344    12
STARLINK-5079
1 53999C 22125AM  25222.11854167  .00011467  00000+0  71919-3 0  2220
2 53999  53.2160  83.8234 0001313  89.6709 270.1965 15.08820347    18
STARLINK-5088
1 54000C 22125AN  25222.12131944  .00012313  00000+0  77233-3 0  2222
2 54000  53.2158  74.0750 0001322  94.2766 155.5463 15.08817396    18
STARLINK-5109
1 54002C 22125AQ  25222.12131944  .00018072  00000+0  11338-2 0  2225
2 54002  53.2153  73.6285 0001540  92.0634  37.9362 15.08803094    16
STARLINK-5129
1 54004C 22125AS  25222.11715278  .00014781  00000+0  92692-3 0  2220
2 54004  53.2158  83.5883 0001353  85.5687  26.8857 15.08821079    13
STARLINK-5135
1 54005C 22125AT  25222.11854167  .00014705  00000+0  92232-3 0  2228
2 54005  53.2160  83.6213 0001397  94.6035   5.4215 15.08816292    13
STARLINK-5096
1 54006C 22125AU  25222.11993056  .00016132  00000+0  10117-2 0  2227
2 54006  53.2154  83.4687 0001382  85.4570 102.1748 15.08819881    19
STARLINK-5132
1 54007C 22125AV  25222.12409722  .00012531  00000+0  78601-3 0  2223
2 54007  53.2156  83.5196 0001393  94.5121  75.7609 15.08816112    18
STARLINK-5145
1 54008C 22125AW  25222.11784722  .00012871  00000+0  80714-3 0  2224
2 54008  53.2156  73.5484 0000928  93.7060  57.5815 15.08824818    13
STARLINK-5099
1 54009C 22125AX  25222.12062500  .00008436  00000+0  52910-3 0  2228
2 54009  53.2154  83.4969 0001305  83.6091  87.7916 15.08822544    13
STARLINK-5124
1 54011C 22125AZ  25222.11993056  .00023379  00000+0  14662-2 0  2223
2 54011  53.2157  74.0437 0001309  79.4233 182.7341 15.08811721    13
STARLINK-5163
1 54054C 22136D   25222.10881944 -.00009873  00000+0 -61912-3 0  2229
2 54054  53.2147 214.0720 0001949  76.1511 175.7365 15.08845284    12
STARLINK-5167
1 54058C 22136H   25222.12131944 -.00002570  00000+0 -16114-3 0  2224
2 54058  53.2145 213.8983 0001231  69.0716 310.7751 15.08845900    19
STARLINK-5173
1 54059C 22136J   25222.12270833 -.00011045  00000+0 -69263-3 0  2226
2 54059  53.2146 213.9323 0001310  80.9861 286.4345 15.08846842    15
STARLINK-5169
1 54060C 22136K   25222.11993056 -.00017357  00000+0 -10885-2 0  2223
2 54060  53.2146 183.5534 0001269  84.9595 132.6188 15.08852975    15
STARLINK-5209
1 54061C 22136L   25222.12062500 -.00008468  00000+0 -53108-3 0  2225
2 54061  53.2154 178.5043 0001469  87.9593 140.9308 15.08843346    15
STARLINK-5170
1 54062C 22136M   25222.11784722 -.00009876  00000+0 -61935-3 0  2223
2 54062  53.2143 213.8747 0001268  80.9004 300.1537 15.08845508    11
STARLINK-5225
1 54063C 22136N   25222.12062500 -.00008304  00000+0 -52077-3 0  2220
2 54063  53.2142 213.8236 0001287  82.3744 333.8042 15.08842890    17
STARLINK-5172
1 54064C 22136P   25222.12131944 -.00012607  00000+0 -79066-3 0  2228
2 54064  53.2156 169.0679 0001425  89.7327 237.5588 15.08845763    15
STARLINK-5187
1 54065C 22136Q   25222.12270833 -.00000350  00000+0 -21933-4 0  2223
2 54065  53.2138 213.7354 0001343 116.0879 351.3477 15.08844586    12
STARLINK-5151
1 54066C 22136R   25222.11854167  .00000276  00000+0  17279-4 0  2224
2 54066  53.2155 213.7960 0001388  87.7290 337.1399 15.08832810    17
STARLINK-5174
1 54067C 22136S   25222.11993056 -.00001554  00000+0 -97441-4 0  2227
2 54067  53.2142 213.6692 0001264  80.9240  51.5738 15.08838650    10
STARLINK-5222
1 54068C 22136T   25222.11715278  .00007819  00000+0  49036-3 0  2220
2 54068  53.2141 213.7207 0001397  76.4043  20.8719 15.08824832    16
STARLINK-5181
1 54070C 22136V   25222.12131944 -.00006384  00000+0 -40035-3 0  2224
2 54070  53.2142 213.5847 0001351  87.2068  92.8871 15.08842868    12
STARLINK-5168
1 54071C 22136W   25222.12062500 -.00002185  00000+0 -13703-3 0  2223
2 54071  53.2144 213.5491 0001258  81.2598 115.0946 15.08837607    14
STARLINK-5146
1 54073C 22136Y   25222.12270833 -.00000639  00000+0 -40100-4 0  2229
2 54073  53.2140 208.5413 0001312  80.9892 134.1908 15.08833580    10
STARLINK-5192
1 54074C 22136Z   25222.11715278 -.00003063  00000+0 -19211-3 0  2228
2 54074  53.2145 213.5243 0001172  81.7237 115.7871 15.08836570    15
STARLINK-5212
1 54075C 22136AA  25222.10187500 -.00010187  00000+0 -63886-3 0  2221
2 54075  53.2140 208.5924 0001260  77.3434  44.6380 15.08846604    13
STARLINK-5171
1 54077C 22136AC  25222.11715278 -.00001678  00000+0 -10523-3 0  2228
2 54077  53.2148 189.5428 0001286  80.6887  48.4496 15.08837576    15
STARLINK-5138
1 54078C 22136AD  25222.11993056 -.00002435  00000+0 -15269-3 0  2225
2 54078  53.2145 193.8495 0001349  81.6297 340.7594 15.08836511    16
STARLINK-5175
1 54079C 22136AE  25222.12270833 -.00000521  00000+0 -32664-4 0  2221
2 54079  53.2139 204.1053 0001251  80.3936 201.8992 15.08836049    19
STARLINK-5210
1 54082C 22136AH  25222.11993056 -.00005820  00000+0 -36499-3 0  2229
2 54082  53.2141 204.0788 0001404  88.7773 198.4564 15.08839184    10
STARLINK-5178
1 54083C 22136AJ  25222.11715278 -.00004488  00000+0 -28144-3 0  2225
2 54083  53.2145 203.9748 0001219  80.7823 251.4298 15.08838820    11
STARLINK-5183
1 54084C 22136AK  25222.11923611 -.00001685  00000+0 -10568-3 0  2225
2 54084  53.2144 204.0429 0001261  92.1897 211.2468 15.08839540    17
STARLINK-5211
1 54086C 22136AM  25222.11923611 -.00012381  00000+0 -77652-3 0  2229
2 54086  53.2156 189.0005 0001287  78.5875 267.4362 15.08845462    12
STARLINK-5184
1 54087C 22136AN  25222.12201389 -.00011864  00000+0 -74403-3 0  2228
2 54087  53.2148 203.5268 0001272  69.2761 149.6436 15.08846331    11
STARLINK-5153
1 54088C 22136AP  25222.12131944 -.00004661  00000+0 -29230-3 0  2223
2 54088  53.2143 203.9948 0001079  91.1823 243.6479 15.08840422    11
STARLINK-5221
1 54091C 22136AS  25222.12340278 -.00004449  00000+0 -27900-3 0  2225
2 54091  53.2144 203.4765 0001382  82.2952 164.1913 15.08839394    15
STARLINK-5190
1 54092C 22136AT  25222.13034722  .00027199  00000+0  53928-3 0  2225
2 54092  53.1862 113.8754 0004446  49.4096 298.3877 15.46406693    15
STARLINK-5213
1 54093C 22136AU  25222.12201389 -.00023728  00000+0 -14881-2 0  2220
2 54093  53.2149 203.6369 0001265  77.0650  81.7828 15.08858225    14
STARLINK-5219
1 54094C 22136AV  25222.11923611 -.00005901  00000+0 -37010-3 0  2222
2 54094  53.2153 203.7283 0001392  84.7091  18.9920 15.08840011    10
STARLINK-5193
1 54095C 22136AW  25222.12201389 -.00008928  00000+0 -55993-3 0  2227
2 54095  53.2150 203.5578 0001361  79.5139 119.3816 15.08843095    19
STARLINK-5188
1 54096C 22136AX  25222.12340278 -.00000048  00000+0 -30108-5 0  2227
2 54096  53.2151 203.6702 0001363  87.4613  58.7937 15.08853175    18
STARLINK-5217
1 54098C 22136AZ  25222.12340278 -.00012502  00000+0 -78401-3 0  2223
2 54098  53.2146 204.2156 0001318  76.9499 143.8487 15.08849539    14
STARLINK-5198
1 54099C 22136BA  25222.11715278 -.00008326  00000+0 -52211-3 0  2229
2 54099  53.2143 203.4620 0001315  78.4255 154.1239 15.08844122    16
STARLINK-5185
1 54100C 22136BB  25222.12270833 -.00004407  00000+0 -27639-3 0  2228
2 54100  53.2150 203.5940 0001396  77.8639 104.7789 15.08838558    18
STARLINK-5204
1 54101C 22136BC  25222.11854167 -.00074939  00000+0 -47003-2 0  2229
2 54101  53.2149 188.6635 0000948  94.5559  62.7765 15.08905520    11
STARLINK-5200
1 54103C 22136BE  25222.11784722 -.00068578  00000+0 -43007-2 0  2222
2 54103  53.2148 183.6894 0000635  90.3569  55.8875 15.08904368    16
STARLINK-5203
1 54104C 22136BF  25222.12201389  .00001383  00000+0  86769-4 0  2220
2 54104  53.2161 168.4404 0001372  92.0344 199.4405 15.08830166    17
STARLINK-5297
1 54158C 22141B   25222.11854167 -.00018059  00000+0 -11324-2 0  2225
2 54158  53.2141 244.0380 0001143  84.0893 335.6291 15.08857264    19
STARLINK-5294
1 54159C 22141C   25222.12131944 -.00002782  00000+0 -17446-3 0  2226
2 54159  53.2140 243.9928 0000930  89.3223   5.5084 15.08836118    11
STARLINK-5233
1 54160C 22141D   25222.11993056 -.00020528  00000+0 -12871-2 0  2221
2 54160  53.2152 198.8640 0001337  82.7895 112.0564 15.08863067    19
STARLINK-5269
1 54161C 22141E   25222.11784722 -.00002714  00000+0 -17012-3 0  2220
2 54161  53.2139 244.0113 0001274  88.3907 342.2635 15.08852683    18
STARLINK-5273
1 54162C 22141F   25222.12131944 -.00014116  00000+0 -88561-3 0  2220
2 54162  53.2146 243.9062 0001237  88.1844  46.8033 15.08834293    11
STARLINK-5161
1 54163C 22141G   25222.12270833 -.00026531  00000+0 -16634-2 0  2227
2 54163  53.2147 234.0544 0001302  78.5599 358.7551 15.08870483    13
STARLINK-5278
1 54164C 22141H   25222.11645833 -.00021826  00000+0 -13686-2 0  2229
2 54164  53.2148 234.1214 0001290  79.1984 304.1416 15.08861156    13
STARLINK-5280
1 54166C 22141K   25222.11715278 -.00025559  00000+0 -16021-2 0  2225
2 54166  53.2143 234.0401 0001430  52.4888  14.6172 15.08878975    19
STARLINK-5243
1 54167C 22141L   25222.11854167 -.00000239  00000+0 -15016-4 0  2220
2 54167  53.2147 243.6822 0001077  84.3141 155.6543 15.08825308    10
STARLINK-5245
1 54168C 22141M   25222.11715278 -.00011002  00000+0 -68988-3 0  2225
2 54168  53.2141 234.0005 0001285  79.7966   7.3883 15.08851412    11
STARLINK-5155
1 54170C 22141P   25222.11784722 -.00011618  00000+0 -72860-3 0  2225
2 54170  53.2139 233.9577 0001279  74.8713  36.1392 15.08846984    15
STARLINK-5117
1 54172C 22141R   25222.12062500 -.00000632  00000+0 -39652-4 0  2228
2 54172  53.2136 233.8662 0001220  79.6066  86.5347 15.08836696    16
STARLINK-5248
1 54174C 22141T   25222.11854167  .00001005  00000+0  62995-4 0  2226
2 54174  53.2150 178.6438 0001528  95.3953 222.0664 15.08833600    13
STARLINK-5256
1 54175C 22141U   25222.11715278 -.00082029  00000+0 -51427-2 0  2229
2 54175  53.2138 233.9213 0001489  83.4184  43.8901 15.08928340    15
STARLINK-5154
1 54176C 22141V   25222.12062500 -.00076603  00000+0 -47990-2 0  2225
2 54176  53.2138 233.7478 0000787  82.3754 143.8188 15.08950437    18
STARLINK-5186
1 54177C 22141W   25222.12131944 -.00016312  00000+0 -10230-2 0  2223
2 54177  53.2140 233.8241 0001335  83.7560 106.1977 15.08852955    15
STARLINK-5122
1 54179C 22141Y   25222.12270833 -.00013212  00000+0 -82860-3 0  2221
2 54179  53.2140 233.7781 0001216  86.9544 130.5656 15.08845911    19
STARLINK-5227
1 54181C 22141AA  25222.12270833 -.00003114  00000+0 -19527-3 0  2224
2 54181  53.2141 233.6584 0001123  67.4085 210.0935 15.08840715    15
STARLINK-5194
1 54186C 22141AF  25222.12062500 -.00003278  00000+0 -20558-3 0  2226
2 54186  53.2140 224.0877 0001178  81.6000 339.4008 15.08834956    10
STARLINK-5240
1 54187C 22141AG  25222.12131944 -.00015975  00000+0 -10018-2 0  2222
2 54187  53.2144 233.7145 0001074  78.6180 171.4090 15.08852199    14
STARLINK-4619
1 54191C 22141AL  25222.12270833 -.00008264  00000+0 -51817-3 0  2224
2 54191  53.2143 224.1214 0001087  78.2524 334.0125 15.08848794    13
STARLINK-5271
1 54194C 22141AP  25222.11715278 -.00006108  00000+0 -38303-3 0  2223
2 54194  53.2144 223.8693 0001255  71.3706  90.9241 15.08840663    11
STARLINK-5237
1 54196C 22141AR  25222.11993056 -.00022280  00000+0 -13972-2 0  2220
2 54196  53.2144 223.7795 0001264  76.3084 141.1258 15.08859293    15
STARLINK-5246
1 54198C 22141AT  25222.11923611 -.00008203  00000+0 -51442-3 0  2226
2 54198  53.2141 223.7441 0001326  74.6009 159.0836 15.08844081    18
STARLINK-5244
1 54199C 22141AU  25222.12201389 -.00017019  00000+0 -10673-2 0  2224
2 54199  53.2144 223.8090 0001241  72.2427 136.4857 15.08853331    17
STARLINK-5250
1 54200C 22141AV  25222.12340278 -.00007427  00000+0 -46568-3 0  2223
2 54200  53.2138 223.6459 0001216  78.7914 217.5612 15.08848968    14
STARLINK-5205
1 54202C 22141AX  25222.12340278 -.00101010  00000+0 -63301-2 0  2221
2 54202  53.2139 223.5673 0001292  80.4875 255.8505 15.08962354    16
STARLINK-5247
1 54203C 22141AY  25222.12201389 -.00003736  00000+0 -23426-3 0  2222
2 54203  53.2141 223.6919 0001235  83.0281 185.7659 15.08841711    15
STARLINK-5241
1 54204C 22141AZ  25222.11854167  .00010968  00000+0  68801-3 0  2229
2 54204  53.2140 223.4705 0001559 108.9187 261.0778 15.08815935    16
STARLINK-5249
1 54205C 22141BA  25222.11923611 -.00001842  00000+0 -11552-3 0  2225
2 54205  53.2138 223.5462 0001253  84.0913 249.7175 15.08835144    15
STARLINK-5264
1 54206C 22141BB  25222.12340278 -.00011263  00000+0 -70638-3 0  2227
2 54206  53.2155 188.7181 0001453  90.8206 198.0259 15.08843451    16
STARLINK-5262
1 54207C 22141BC  25222.11993056 -.00002525  00000+0 -15827-3 0  2225
2 54207  53.2138 223.5039 0001199  66.8004 290.7030 15.08849411    13
STARLINK-5259
1 54209C 22141BE  25222.11784722 -.00010014  00000+0 -62798-3 0  2226
2 54209  53.2148 213.5643 0001449  85.4683 235.7863 15.08846224    16
STARLINK-5464
1 54758C 22175A   25222.10604167  .00001883  00000+0  11813-3 0  2229
2 54758  53.2151 269.1552 0000916  83.9324 310.3135 15.08830155    16
STARLINK-5215
1 54759C 22175B   25222.11923611 -.00009150  00000+0 -57374-3 0  2228
2 54759  53.2150 269.1292 0001216  86.9166 359.0109 15.08849763    14
STARLINK-5220
1 54760C 22175C   25222.11645833  .00000642  00000+0  40283-4 0  2224
2 54760  53.2159 274.1035 0001214  86.0649 357.3109 15.08835041    16
STARLINK-5214
1 54762C 22175E   25222.11923611 -.00006153  00000+0 -38584-3 0  2224
2 54762  53.2156 273.9731 0001179  82.5160  76.0100 15.08847054    17
STARLINK-5191
1 54763C 22175F   25222.12340278  .00003672  00000+0  23028-3 0  2226
2 54763  53.2157 274.0324 0001256  88.7337  52.3825 15.08831112    18
STARLINK-5458
1 54764C 22175G   25222.10395833 -.00006421  00000+0 -40263-3 0  2229
2 54764  53.2149 273.8961 0001206  84.8293  65.5661 15.08846225    12
STARLINK-5471
1 54766C 22175J   25222.10048611  .00004647  00000+0  29144-3 0  2221
2 54766  53.2154 273.9776 0001350  84.5681  12.1167 15.08830128    17
STARLINK-5472
1 54767C 22175K   25222.09979167  .00006599  00000+0  41391-3 0  2225
2 54767  53.2151 273.9406 0001166  85.5554  27.3854 15.08824041    18
STARLINK-5444
1 54768C 22175L   25222.11784722 -.00013854  00000+0 -86843-3 0  2225
2 54768  53.2149 259.2904 0001267  76.5798 291.4257 15.08867170    19
STARLINK-5448
1 54770C 22175N   25222.11923611 -.00001629  00000+0 -10215-3 0  2227
2 54770  53.2142 259.0827 0001172  86.5958  34.3561 15.08839677    14
STARLINK-5451
1 54771C 22175P   25222.12062500  .00001339  00000+0  83993-4 0  2220
2 54771  53.2148 268.6934 0001173  52.3034 261.4630 15.08833720    16
STARLINK-5452
1 54772C 22175Q   25222.10048611 -.00000060  00000+0 -37418-5 0  2220
2 54772  53.2142 259.1282 0001185  86.1741 312.8975 15.08838447    19
STARLINK-5453
1 54773C 22175R   25222.10187500  .00005482  00000+0  34381-3 0  2227
2 54773  53.2149 273.8538 0001257  91.2936  73.0240 15.08826657    18
STARLINK-5454
1 54774C 22175S   25222.10256944 -.00002930  00000+0 -18375-3 0  2229
2 54774  53.2148 258.6523 0000871  80.3874 210.3302 15.08840687    18
STARLINK-5465
1 54775C 22175T   25222.10118056  .00004978  00000+0  31216-3 0  2222
2 54775  53.2148 273.8178 0001037  86.6402  93.9069 15.08830611    16
STARLINK-5470
1 54776C 22175U   25222.10534722  .00002692  00000+0  16884-3 0  2220
2 54776  53.2155 273.5680 0001143  91.6687 231.6839 15.08829510    11
STARLINK-5468
1 54777C 22175V   25222.10187500  .00004591  00000+0  28787-3 0  2224
2 54777  53.2147 273.7760 0001222  81.6460 122.6208 15.08838136    13
STARLINK-5450
1 54778C 22175W   25222.12131944 -.00002312  00000+0 -14499-3 0  2224
2 54778  53.2141 258.9567 0001078  87.6915 104.6699 15.08838689    15
STARLINK-5447
1 54779C 22175X   25222.11854167 -.00014038  00000+0 -88041-3 0  2225
2 54779  53.2143 259.0080 0001247  87.3942  69.8536 15.08848197    12
STARLINK-5449
1 54780C 22175Y   25222.11854167 -.00001568  00000+0 -98341-4 0  2226
2 54780  53.2147 258.8077 0001156  88.3128 169.0522 15.08838143    15
STARLINK-5443
1 54781C 22175Z   25222.11923611  .00000567  00000+0  35566-4 0  2224
2 54781  53.2142 258.9197 0001032  86.5025 114.5605 15.08836128    12
STARLINK-5439
1 54783C 22175AB  25222.12201389 -.00004121  00000+0 -25843-3 0  2226
2 54783  53.2143 258.8740 0001101  85.5179 150.6636 15.08842022    19
STARLINK-5442
1 54784C 22175AC  25222.12340278  .00001172  00000+0  73480-4 0  2220
2 54784  53.2147 273.6407 0001118  90.5194 250.8690 15.08834089    17
STARLINK-5440
1 54785C 22175AD  25222.11993056  .00005164  00000+0  32385-3 0  2221
2 54785  53.2139 218.7673 0001068  78.9632 245.8533 15.08828211    15
STARLINK-5441
1 54787C 22175AF  25222.12270833  .00001933  00000+0  12116-3 0  2225
2 54787  53.2149 273.6041 0001165  83.6008 273.9476 15.08848198    19
STARLINK-5446
1 54789C 22175AH  25222.11645833 -.00022899  00000+0 -14353-2 0  2222
2 54789  53.2143 243.6794 0001114  84.5636 184.0103 15.08876977    13
STARLINK-5425
1 54791C 22175AK  25222.12270833 -.00000892  00000+0 -55948-4 0  2226
2 54791  53.2146 258.8316 0001021  83.1087 176.8679 15.08835539    15
STARLINK-5431
1 54792C 22175AL  25222.12131944 -.00036143  00000+0 -22645-2 0  2220
2 54792  53.2152 273.5325 0001187  84.1935 305.9083 15.08905124    15
STARLINK-5433
1 54793C 22175AM  25222.11645833  .00000815  00000+0  51137-4 0  2222
2 54793  53.2142 248.9242 0001345  89.4441 131.6369 15.08818550    12
STARLINK-5435
1 54797C 22175AR  25222.12201389  .00000606  00000+0  38026-4 0  2221
2 54797  53.2145 273.7301 0001089  82.4432 206.1270 15.08837609    14
STARLINK-5420
1 54798C 22175AS  25222.12340278 -.00007817  00000+0 -49019-3 0  2229
2 54798  53.2139 248.6472 0001174  88.5350 290.3495 15.08844218    17
STARLINK-5421
1 54799C 22175AT  25222.11645833 -.00001887  00000+0 -11835-3 0  2220
2 54799  53.2141 248.8765 0001147  78.3632 162.6388 15.08838922    15
STARLINK-5428
1 54800C 22175AU  25222.12270833 -.00016788  00000+0 -10526-2 0  2229
2 54800  53.2151 263.6539 0001279  82.3154 250.2804 15.08858353    10
STARLINK-5426
1 54802C 22175AW  25222.11854167 -.00001697  00000+0 -10643-3 0  2222
2 54802  53.2141 218.3583 0001288  83.9616  33.7018 15.08835387    10
STARLINK-5430
1 54803C 22175AX  25222.11923611 -.00002122  00000+0 -13309-3 0  2220
2 54803  53.2153 273.5660 0001231  89.7598 269.0420 15.08840540    12
STARLINK-5422
1 54804C 22175AY  25222.12062500 -.00006638  00000+0 -41623-3 0  2229
2 54804  53.2145 258.4110 0001267  84.7338  24.2171 15.08844532    11
STARLINK-5412
1 54806C 22175BA  25222.11784722 -.00105900  00000+0 -66372-2 0  2226
2 54806  53.2146 258.4980 0001139  86.2504 327.5204 15.08964995    11
STARLINK-5410
1 54807C 22175BB  25222.11923611  .00001074  00000+0  67328-4 0  2228
2 54807  53.2150 258.5310 0001242  84.3419 316.9718 15.08837874    11
STARLINK-5414
1 54809C 22175BD  25222.11923611  .00001478  00000+0  92771-4 0  2228
2 54809  53.2146 258.4527 0001478  69.6027  11.8402 15.08811338    17
STARLINK-5408
1 54810C 22175BE  25222.12340278 -.00008947  00000+0 -56105-3 0  2223
2 54810  53.2145 253.6527 0001160  86.6767 264.6948 15.08848093    14
STARLINK-5424
1 54811C 22175BF  25222.12131944 -.00009216  00000+0 -57790-3 0  2223
2 54811  53.2142 253.9355 0001361  69.5042 125.1599 15.08849873    13
STARLINK-5382
1 54820C 22177A   25222.11784722 -.00011194  00000+0 -82610-3 0  2229
2 54820  43.0015 203.2279 0001920 286.2349 167.1419 15.02541127    13
STARLINK-5385
1 54821C 22177B   25222.12201389 -.00004708  00000+0 -34738-3 0  2225
2 54821  43.0015 203.0525 0001189 264.8375 277.2123 15.02537000    14
STARLINK-5101
1 54822C 22177C   25222.12131944 -.00012290  00000+0 -90690-3 0  2229
2 54822  43.0016 202.9961 0001164 279.7941 282.5503 15.02544587    14
STARLINK-5106
1 54823C 22177D   25222.11784722 -.00009523  00000+0 -70277-3 0  2221
2 54823  43.0011 203.1895 0001276 271.6742 199.7485 15.02541035    16
STARLINK-4643
1 54824C 22177E   25222.11923611 -.00004429  00000+0 -32687-3 0  2227
2 54824  43.0017 203.1348 0001360 266.6114 230.3609 15.02533766    19
STARLINK-4801
1 54825C 22177F   25222.11229167  .00424520  00000+0  63242-2 0  2229
2 54825  43.0005 179.9611 0001464 259.5191 263.6862 15.53796683    16
STARLINK-5107
1 54826C 22177G   25222.12131944  .00006061  00000+0  44723-3 0  2226
2 54826  43.0017 203.0100 0001281 271.5886 284.7171 15.02526661    12
STARLINK-5383
1 54827C 22177H   25222.11923611  .00003711  00000+0  27396-3 0  2222
2 54827  43.0009 202.9225 0001245 263.2305 323.9274 15.02515201    12
STARLINK-5381
1 54828C 22177J   25222.11993056 -.00004504  00000+0 -33221-3 0  2220
2 54828  43.0011 202.8756 0001290 268.6154 340.2520 15.02554954    19
STARLINK-5394
1 54830C 22177L   25222.11645833 -.00010207  00000+0 -75323-3 0  2226
2 54830  43.0014 202.8171 0001315 265.7700 354.4085 15.02540424    19
STARLINK-5395
1 54831C 22177M   25222.12131944 -.00005030  00000+0 -37120-3 0  2222
2 54831  43.0002 203.0343 0001262 277.1700 267.1540 15.02535627    14
STARLINK-5393
1 54832C 22177N   25222.12340278  .00654530  00000+0  31165-1 0  2229
2 54832  43.0007 189.5329 0001545 266.7085 142.8665 15.17715639    12
STARLINK-5391
1 54833C 22177P   25222.11923611  .00001211  00000+0  89353-4 0  2224
2 54833  43.0015 202.8911 0001250 268.6955 330.4465 15.02532158    18
STARLINK-5386
1 54834C 22177Q   25222.12270833  .00002502  00000+0  18461-3 0  2222
2 54834  43.0007 202.7737 0001340 269.6834  30.3569 15.02530882    15
STARLINK-5389
1 54835C 22177R   25222.12201389 -.00008872  00000+0 -65477-3 0  2220
2 54835  43.0015 202.8340 0001291 270.0992   2.1357 15.02537248    17
STARLINK-5384
1 54836C 22177S   25222.12131944  .00002487  00000+0  18353-3 0  2225
2 54836  43.0012 202.7319 0001213 294.4302  16.1223 15.02530673    11
STARLINK-5369
1 54837C 22177T   25222.11993056 -.00007117  00000+0 -52517-3 0  2222
2 54837  43.0013 202.7565 0001286 267.6272  29.3838 15.02539144    14
STARLINK-5372
1 54838C 22177U   25222.12270833 -.00013005  00000+0 -95976-3 0  2224
2 54838  43.0014 202.6411 0000900 279.5903  74.5482 15.02542228    14
STARLINK-5368
1 54840C 22177W   25222.11854167  .00002628  00000+0  19391-3 0  2228
2 54840  43.0008 202.5509 0001239 266.3113 113.3353 15.02530550    14
STARLINK-4659
1 54841C 22177X   25222.11854167  .00005984  00000+0  44156-3 0  2224
2 54841  43.0008 202.7097 0001379 275.8443  37.6932 15.02525404    18
STARLINK-5387
1 54842C 22177Y   25222.11923611 -.00002527  00000+0 -18647-3 0  2224
2 54842  43.0017 202.4597 0001337 266.1509 153.2975 15.02539282    12
STARLINK-5304
1 54843C 22177Z   25222.11645833 -.00000210  00000+0 -15482-4 0  2224
2 54843  43.0013 202.6341 0001255 267.9329  70.3787 15.02532151    14
STARLINK-5388
1 54844C 22177AA  25222.12270833  .00036702  00000+0  27089-2 0  2227
2 54844  43.0012 202.3636 0001148 293.3308 168.9148 15.02488089    14
STARLINK-5082
1 54845C 22177AB  25222.12409722 -.00006415  00000+0 -47342-3 0  2224
2 54845  43.0007 202.4776 0001086 279.0262 148.7465 15.02536348    16
STARLINK-5360
1 54846C 22177AC  25222.12270833  .00006441  00000+0  47531-3 0  2221
2 54846  43.0013 202.3999 0001352 270.5789 185.7380 15.02522092    14
STARLINK-5061
1 54847C 22177AD  25222.11854167  .00001669  00000+0  12317-3 0  2220
2 54847  43.0022 176.7586 0001320 261.8589  24.8503 15.02531973    15
STARLINK-5432
1 54848C 22177AE  25222.12131944  .00002746  00000+0  20263-3 0  2229
2 54848  43.0011 190.2619 0001264 273.3946 173.3783 15.02528903    13
STARLINK-5434
1 54849C 22177AF  25222.10812500  .00446500  00000+0  65401-2 0  2224
2 54849  43.0005 185.0712 0001371 269.9683 245.9029 15.54235960    15
STARLINK-5087
1 54850C 22177AG  25222.11784722 -.00009048  00000+0 -66766-3 0  2221
2 54850  43.0010 190.2217 0001217 274.6318 177.3639 15.02541026    19
STARLINK-5084
1 54851C 22177AH  25222.11993056 -.00002071  00000+0 -15280-3 0  2228
2 54851  43.0020 190.2517 0001281 268.1350 177.1126 15.02534489    13
STARLINK-5418
1 54852C 22177AJ  25222.11993056  .00008043  00000+0  59343-3 0  2220
2 54852  43.0010 190.1245 0001221 273.8079 225.4902 15.02530173    10
STARLINK-5427
1 54853C 22177AK  25222.11854167  .00001024  00000+0  75588-4 0  2222
2 54853  43.0015 190.1757 0001297 268.6205 205.1825 15.02531984    10
STARLINK-5416
1 54855C 22177AM  25222.11993056 -.00013078  00000+0 -96507-3 0  2222
2 54855  43.0019 190.0793 0001269 266.2511 251.1015 15.02546241    12
STARLINK-5086
1 54856C 22177AN  25222.11993056  .00000282  00000+0  20790-4 0  2226
2 54856  43.0020 189.8209 0001214 270.9615 354.6148 15.02534720    15
STARLINK-5078
1 54857C 22177AP  25222.12409722 -.00006616  00000+0 -48820-3 0  2222
2 54857  43.0020 189.9470 0001394 278.9771 309.0578 15.02536923    15
STARLINK-5407
1 54858C 22177AQ  25222.11854167 -.00011659  00000+0 -86050-3 0  2229
2 54858  43.0009 190.0014 0001153 274.3256 271.6072 15.02539180    12
STARLINK-5409
1 54859C 22177AR  25222.11715278  .00003517  00000+0  25950-3 0  2223
2 54859  43.0019 189.8789 0001188 260.4045 332.0618 15.02533453    14
STARLINK-5406
1 54860C 22177AS  25222.11784722  .00003473  00000+0  25629-3 0  2229
2 54860  43.0017 189.8014 0001314 273.7320 352.5993 15.02527195    18
STARLINK-5400
1 54861C 22177AT  25222.11854167 -.00012258  00000+0 -90465-3 0  2224
2 54861  43.0018 190.0135 0001331 266.9702 272.9506 15.02539981    16
STARLINK-5403
1 54862C 22177AU  25222.12201389 -.00009661  00000+0 -71293-3 0  2220
2 54862  43.0012 190.3131 0001244 271.6752 160.8145 15.02539964    16
STARLINK-5405
1 54863C 22177AV  25222.11993056 -.00010194  00000+0 -75230-3 0  2227
2 54863  43.0014 189.9081 0001232 270.6180 318.8865 15.02540862    11
STARLINK-5359
1 54864C 22177AW  25222.11993056 -.00002155  00000+0 -15901-3 0  2225
2 54864  43.0009 189.7492 0001270 264.6850  30.9402 15.02530780    16
STARLINK-5411
1 54865C 22177AX  25222.11993056  .00001755  00000+0  12953-3 0  2223
2 54865  43.0018 189.9488 0001266 270.0008 301.4892 15.02530238    12
STARLINK-5398
1 54866C 22177AY  25222.11715278 -.00003426  00000+0 -25271-3 0  2228
2 54866  43.0009 189.6365 0001206 265.3412  69.2516 15.02554831    11
STARLINK-5396
1 54867C 22177AZ  25222.11784722 -.00003744  00000+0 -27623-3 0  2225
2 54867  43.0012 189.7905 0001345 262.6259   9.6833 15.02543779    19
STARLINK-5379
1 54868C 22177BA  25222.11854167 -.00002218  00000+0 -16357-3 0  2224
2 54868  43.0017 189.5690 0001485 277.5716  88.5604 15.02557481    19
STARLINK-5402
1 54869C 22177BB  25222.12201389  .00002793  00000+0  20609-3 0  2229
2 54869  43.0016 189.6811 0001118 297.2738  33.6736 15.02532073    18
STARLINK-5401
1 54870C 22177BC  25222.12062500  .00001224  00000+0  90316-4 0  2222
2 54870  43.0020 189.5853 0001312 270.6131  94.8868 15.02534714    17
STARLINK-5397
1 54871C 22177BD  25222.12201389 -.00000956  00000+0 -70530-4 0  2222
2 54871  43.0020 189.6931 0001195 275.2504  49.6923 15.02536837    18
STARLINK-5390
1 54872C 22177BE  25222.11923611 -.00037037  00000+0 -27314-2 0  2221
2 54872  43.0020 189.5186 0001245 270.2068 129.8612 15.02592094    19
STARLINK-5091
1 54873C 22177BF  25222.12270833  .00005674  00000+0  41872-3 0  2220
2 54873  43.0020 189.5036 0001251 269.3362 137.5056 15.02526806    13
STARLINK-5310
1 55272C 23010D   25222.11854167 -.00007852  00000+0 -65802-3 0  2229
2 55272  69.9995 217.9111 0003401 270.1889 118.4193 14.98335422    14
STARLINK-5291
1 55273C 23010E   25222.11923611 -.00015069  00000+0 -12629-2 0  2228
2 55273  70.0003 217.7577 0003741 268.4748 258.9388 14.98343219    12
STARLINK-5236
1 55274C 23010F   25222.11923611 -.00015041  00000+0 -12607-2 0  2225
2 55274  70.0007 198.0608 0003550 262.1310 108.9237 14.98339487    16
STARLINK-5289
1 55278C 23010K   25222.12340278 -.00009841  00000+0 -82479-3 0  2228
2 55278  70.0002 217.8175 0003235 268.3407 214.0117 14.98336728    10
STARLINK-5298
1 55281C 23010N   25222.12270833 -.00020573  00000+0 -17237-2 0  2225
2 55281  69.9996 217.8709 0004152 263.0361 170.5273 14.98356525    12
STARLINK-5330
1 55282C 23010P   25222.11090278 -.00010634  00000+0 -89117-3 0  2222
2 55282  70.0002 217.7472 0004025 267.6437 236.4494 14.98340136    11
STARLINK-5317
1 55283C 23010Q   25222.12201389 -.00010741  00000+0 -90022-3 0  2227
2 55283  69.9998 217.8474 0003595 269.5735 182.7828 14.98337242    17
STARLINK-5337
1 55284C 23010R   25222.11020833 -.00009883  00000+0 -82822-3 0  2224
2 55284  70.0003 217.7473 0003739 269.5189 231.7228 14.98337595    19
STARLINK-5332
1 55285C 23010S   25222.11645833 -.00011856  00000+0 -99367-3 0  2223
2 55285  70.0020 177.8272 0003977 270.0765  41.4537 14.98335768    12
STARLINK-5338
1 55286C 23010T   25222.12062500 -.00014001  00000+0 -11734-2 0  2225
2 55286  70.0011 197.9563 0003752 265.6161 202.9702 14.98342695    15
STARLINK-5341
1 55287C 23010U   25222.11784722 -.00009528  00000+0 -79858-3 0  2222
2 55287  70.0014 178.0498 0003316 269.6219 140.2033 14.98336580    17
STARLINK-5320
1 55289C 23010W   25222.12201389 -.00013067  00000+0 -10951-2 0  2229
2 55289  70.0010 197.9771 0003471 266.8097 186.7541 14.98341796    18
STARLINK-5266
1 55290C 23010X   25222.11923611 -.00007115  00000+0 -59620-3 0  2223
2 55290  70.0011 197.9331 0003603 267.4959 216.0972 14.98337737    19
STARLINK-5327
1 55291C 23010Y   25222.11854167 -.00011474  00000+0 -96171-3 0  2228
2 55291  70.0008 198.0342 0003130 270.2877 119.5340 14.98337654    10
STARLINK-5286
1 55294C 23010AB  25222.12062500 -.00014425  00000+0 -12089-2 0  2228
2 55294  70.0003 217.7709 0003587 270.0559 242.3393 14.98341805    11
STARLINK-5322
1 55303C 23010AL  25222.12340278 -.00007515  00000+0 -63003-3 0  2225
2 55303  70.0003 217.6887 0003854 271.1743 323.7740 14.98323154    19
STARLINK-5316
1 55305C 23010AN  25222.11923611 -.00008074  00000+0 -67662-3 0  2220
2 55305  70.0006 198.0858 0003717 266.0445  82.4957 14.98336563    11
STARLINK-5315
1 55309C 23010AS  25222.11923611 -.00010209  00000+0 -85577-3 0  2222
2 55309  70.0017 177.7579 0003486 270.4836 124.4591 14.98329173    17
STARLINK-5296
1 55312C 23010AV  25222.11993056 -.00017191  00000+0 -14410-2 0  2220
2 55312  70.0021 177.7164 0002170 270.1992  60.9756 14.98340364    17
STARLINK-4623
1 55315C 23010AY  25222.11784722 -.00014448  00000+0 -12109-2 0  2226
2 55315  70.0006 197.9120 0003479 270.3683 228.2492 14.98341740    16
STARLINK-5265
1 55317C 23010BA  25222.12062500 -.00006571  00000+0 -55069-3 0  2223
2 55317  70.0023 177.9299 0003542 265.4756   1.8600 14.98332985    16
STARLINK-5180
1 55318C 23010BB  25222.11645833 -.00009032  00000+0 -75698-3 0  2224
2 55318  70.0022 177.8877 0003331 265.3805   2.0070 14.98333707    14
STARLINK-5196
1 55319C 23010BC  25222.12131944 -.00006304  00000+0 -52824-3 0  2224
2 55319  70.0022 177.8509 0003006 269.0786  46.9639 14.98342803    10
STARLINK-5492
1 55331C 23013A   25222.10048611 -.00001067  00000+0 -78750-4 0  2225
2 55331  43.0040  10.4591 0001390 263.3500 187.4988 15.02538364    15
STARLINK-5491
1 55332C 23013B   25222.10465278 -.00004414  00000+0 -32573-3 0  2229
2 55332  43.0046 357.1751 0001577 271.9317 302.2930 15.02532028    14
STARLINK-5493
1 55333C 23013C   25222.10465278  .00000904  00000+0  66736-4 0  2227
2 55333  43.0040  10.3635 0001306 264.5470 238.9365 15.02521722    12
STARLINK-5652
1 55334C 23013D   25222.10534722 -.00013759  00000+0 -10155-2 0  2225
2 55334  43.0042  10.2907 0001326 262.6434 232.6527 15.02539354    18
STARLINK-5660
1 55335C 23013E   25222.10534722  .00002131  00000+0  15729-3 0  2229
2 55335  43.0040  10.3163 0001434 273.4555 251.8408 15.02523826    14
STARLINK-5655
1 55336C 23013F   25222.10118056  .00002003  00000+0  14783-3 0  2225
2 55336  43.0043 357.2414 0001390 270.7049 230.7100 15.02523763    14
STARLINK-5667
1 55337C 23013G   25222.10256944 -.00006515  00000+0 -48084-3 0  2220
2 55337  43.0045 357.0226 0001376 266.0720 350.9898 15.02532502    14
STARLINK-5658
1 55338C 23013H   25222.10256944 -.00014427  00000+0 -10648-2 0  2226
2 55338  43.0039  10.3025 0001417 261.1442 261.1138 15.02539188    14
STARLINK-5671
1 55339C 23013J   25222.10256944 -.00000758  00000+0 -55895-4 0  2224
2 55339  43.0039  10.2290 0001403 267.9552 284.3310 15.02537389    19
STARLINK-5675
1 55340C 23013K   25222.10256944 -.00015896  00000+0 -11733-2 0  2226
2 55340  43.0040  10.0776 0001579 264.7431 353.6982 15.02538221    16
STARLINK-5670
1 55341C 23013L   25222.10048611 -.00009196  00000+0 -67866-3 0  2222
2 55341  43.0038  10.2705 0001442 262.4324 266.5637 15.02537164    17
STARLINK-5657
1 55342C 23013M   25222.10395833 -.00010468  00000+0 -77254-3 0  2220
2 55342  43.0038  10.1782 0001419 264.1222 313.7302 15.02538079    12
STARLINK-5661
1 55343C 23013N   25222.10534722 -.00015575  00000+0 -11497-2 0  2223
2 55343  43.0038  10.0987 0001416 269.2398 346.2238 15.02535431    14
STARLINK-5653
1 55345C 23013Q   25222.10118056  .00001591  00000+0  11745-3 0  2221
2 55345  43.0046 357.1018 0001504 264.3840 327.1206 15.02522362    13
STARLINK-5631
1 55346C 23013R   25222.10465278 -.00012732  00000+0 -93890-3 0  2225
2 55346  43.0039  10.0733 0001184 242.4268  21.1810 15.02570032    19
STARLINK-5663
1 55347C 23013S   25222.10256944 -.00011091  00000+0 -81861-3 0  2226
2 55347  43.0039   9.9261 0001520 260.7493  57.7910 15.02535769    14
STARLINK-5609
1 55348C 23013T   25222.10465278  .00000725  00000+0  53531-4 0  2223
2 55348  43.0041  10.0294 0001257 267.3356  14.4174 15.02519525    19
STARLINK-5666
1 55349C 23013U   25222.10395833 -.00009399  00000+0 -69366-3 0  2223
2 55349  43.0039   9.9910 0001411 261.3689  34.6342 15.02535297    19
STARLINK-5668
1 55350C 23013V   25222.10118056 -.00009646  00000+0 -71182-3 0  2229
2 55350  43.0040   9.9642 0001429 265.4992  33.4773 15.02539208    17
STARLINK-5659
1 55351C 23013W   25222.10048611  .00001117  00000+0  82440-4 0  2222
2 55351  43.0039   9.8206 0001324 266.0695  89.2809 15.02518108    17
STARLINK-5547
1 55352C 23013X   25222.10048611  .00001303  00000+0  96216-4 0  2226
2 55352  43.0040   9.8946 0001374 267.5394  57.7641 15.02517642    14
STARLINK-5608
1 55353C 23013Y   25222.10534722 -.00010810  00000+0 -79780-3 0  2221
2 55353  43.0040   9.6081 0001717 263.0030 196.7980 15.02536842    15
STARLINK-5649
1 55354C 23013Z   25222.10326389 -.00047146  00000+0 -34812-2 0  2228
2 55354  43.0041   9.8510 0001543 271.8340  80.5887 15.02555699    11
STARLINK-5647
1 55355C 23013AA  25222.09701389  .00001320  00000+0  97469-4 0  2225
2 55355  43.0041   9.7417 0001357 269.1884 103.4434 15.02518809    18
STARLINK-5651
1 55357C 23013AC  25222.10534722 -.00030228  00000+0 -22300-2 0  2225
2 55357  43.0040   9.7226 0001320 259.5581 152.1106 15.02572346    17
STARLINK-5622
1 55358C 23013AD  25222.10326389 -.00007838  00000+0 -57840-3 0  2223
2 55358  43.0040   9.7646 0001415 265.1157 123.2988 15.02539344    19
STARLINK-5641
1 55359C 23013AE  25222.10256944 -.00009000  00000+0 -66413-3 0  2222
2 55359  43.0041   9.6960 0001522 265.8857 148.8206 15.02540918    17
STARLINK-5664
1 55360C 23013AF  25222.10118056  .00001209  00000+0  89252-4 0  2223
2 55360  43.0037  22.4764 0001257 266.0757 232.6846 15.02525143    11
STARLINK-5665
1 55361C 23013AG  25222.10534722 -.00013127  00000+0 -96881-3 0  2225
2 55361  43.0043 356.8263 0001560 261.2099 107.0544 15.02539469    16
STARLINK-5574
1 55362C 23013AH  25222.09979167 -.00009377  00000+0 -69207-3 0  2224
2 55362  43.0043 356.9941 0001434 267.1362  10.9228 15.02533745    11
STARLINK-5627
1 55364C 23013AK  25222.10395833 -.00019632  00000+0 -14491-2 0  2229
2 55364  43.0040   9.6586 0001414 268.8892 165.3810 15.02540534    17
STARLINK-5639
1 55365C 23013AL  25222.10048611  .00027984  00000+0  20648-2 0  2227
2 55365  43.0039  22.9988 0001416 264.6222  13.8674 15.02508896    13
STARLINK-5654
1 55366C 23013AM  25222.09979167 -.00001809  00000+0 -13351-3 0  2229
2 55366  43.0042 357.0343 0001353 267.0442 353.0145 15.02527941    10
STARLINK-5635
1 55367C 23013AN  25222.10673611 -.00017355  00000+0 -12812-2 0  2220
2 55367  43.0047 357.2075 0001443 267.5553 299.9524 15.02535556    18
STARLINK-5625
1 55368C 23013AP  25222.10118056 -.00008673  00000+0 -64013-3 0  2222
2 55368  43.0045 356.8600 0001398 259.3765  80.2958 15.02533106    10
STARLINK-5644
1 55369C 23013AQ  25222.10604167 -.00021978  00000+0 -16222-2 0  2227
2 55369  43.0037  22.9535 0001419 260.5041  54.2098 15.02544745    12
STARLINK-5027
1 55370C 23013AR  25222.12062500 -.00007270  00000+0 -53647-3 0  2222
2 55370  43.0038  22.9334 0001428 263.9460 105.6730 15.02541157    12
STARLINK-5590
1 55371C 23013AS  25222.10256944  .00000305  00000+0  22516-4 0  2220
2 55371  43.0033  22.8384 0001116 254.2889  95.5660 15.02542825    16
STARLINK-5568
1 55372C 23013AT  25222.10465278 -.00000332  00000+0 -24535-4 0  2228
2 55372  43.0038  22.9182 0001391 268.7593  56.4578 15.02529986    13
STARLINK-5581
1 55373C 23013AU  25222.10187500 -.00018887  00000+0 -13939-2 0  2226
2 55373  43.0039  23.1986 0001393 267.5005 288.4839 15.02546130    14
STARLINK-5578
1 55374C 23013AV  25222.10326389  .00000973  00000+0  71785-4 0  2227
2 55374  43.0038  22.8825 0001252 268.0891  67.6488 15.02521745    17
STARLINK-5588
1 55375C 23013AW  25222.10465278  .00001151  00000+0  84943-4 0  2228
2 55375  43.0037  22.7448 0001317 262.6212 134.7400 15.02521787    12
STARLINK-5586
1 55376C 23013AX  25222.10465278  .00001618  00000+0  11945-3 0  2228
2 55376  43.0049 357.2597 0001459 268.1568 270.0291 15.02524908    19
STARLINK-5567
1 55377C 23013AY  25222.10187500 -.00010496  00000+0 -77464-3 0  2222
2 55377  43.0036  22.5881 0001406 262.9457 191.4708 15.02539013    17
STARLINK-5572
1 55378C 23013AZ  25222.10465278 -.00010127  00000+0 -74737-3 0  2225
2 55378  43.0034  22.7896 0001349 260.6739 118.6277 15.02537642    16
STARLINK-5569
1 55379C 23013BA  25222.10048611 -.00009056  00000+0 -66831-3 0  2229
2 55379  43.0037  22.6817 0001364 261.8279 148.9968 15.02538883    12
STARLINK-5571
1 55380C 23013BB  25222.10534722  .00002119  00000+0  15645-3 0  2222
2 55380  43.0046 356.7921 0001385 267.1360 113.1971 15.02501913    16
STARLINK-5575
1 55381C 23013BC  25222.10326389 -.00002621  00000+0 -19343-3 0  2220
2 55381  43.0036  22.6199 0001268 266.4715 177.4413 15.02534477    13
STARLINK-5576
1 55382C 23013BD  25222.10118056 -.00013058  00000+0 -96368-3 0  2229
2 55382  43.0037  22.7227 0001554 270.7511 125.8095 15.02540724    13
STARLINK-5531
1 55383C 23013BE  25222.10465278 -.00005400  00000+0 -39852-3 0  2228
2 55383  43.0043 356.7498 0001522 262.1131 132.4186 15.02533336    15
STARLINK-5537
1 55384C 23013BF  25222.10256944 -.00004625  00000+0 -34126-3 0  2224
2 55384  43.0037  22.6868 0001387 263.6910 152.4023 15.02540063    16
STARLINK-5556
1 55385C 23013BG  25222.10395833 -.00007315  00000+0 -53985-3 0  2229
2 55385  43.0037  22.4902 0001308 261.8768 239.8868 15.02536536    15
STARLINK-5555
1 55386C 23013BH  25222.10604167 -.00010932  00000+0 -80683-3 0  2227
2 55386  43.0038  22.5214 0001346 262.5652 232.4575 15.02537776    17
STARLINK-4786
1 55393C 23014C   25222.11784722  .00008198  00000+0  68778-3 0  2223
2 55393  69.9990 237.8026 0002880 272.2483 201.4075 14.98282094    10
STARLINK-5274
1 55395C 23014E   25222.11993056 -.00008123  00000+0 -68073-3 0  2225
2 55395  69.9991 237.7267 0002889 271.4644 258.4570 14.98338081    18
STARLINK-5283
1 55396C 23014F   25222.12062500 -.00008321  00000+0 -69730-3 0  2229
2 55396  69.9989 237.7605 0003687 269.4132 241.7345 14.98337094    16
STARLINK-5276
1 55399C 23014J   25222.11923611 -.00011554  00000+0 -96826-3 0  2228
2 55399  69.9988 237.8128 0003769 266.9745 191.6653 14.98341113    14
STARLINK-5607
1 55404C 23014P   25222.10673611 -.00006037  00000+0 -50585-3 0  2228
2 55404  69.9993 238.0457 0004172 268.1023 302.9234 14.98340288    11
STARLINK-5630
1 55406C 23014R   25222.10395833 -.00005633  00000+0 -47210-3 0  2229
2 55406  69.9995 238.0776 0003483 274.4518 259.2331 14.98329829    12
STARLINK-5092
1 55408C 23014T   25222.11784722 -.00010465  00000+0 -87696-3 0  2222
2 55408  69.9994 238.0679 0004126 268.4428 317.6181 14.98341208    10
STARLINK-5605
1 55411C 23014W   25222.10187500 -.00005728  00000+0 -47992-3 0  2227
2 55411  69.9992 238.1346 0003945 265.6164 211.7646 14.98342878    12
STARLINK-5620
1 55414C 23014Z   25222.10326389 -.00007314  00000+0 -61284-3 0  2223
2 55414  69.9991 257.8510 0003553 269.7442 349.0192 14.98340661    13
STARLINK-5624
1 55416C 23014AB  25222.10187500 -.00000964  00000+0 -80809-4 0  2224
2 55416  69.9991 257.9056 0003551 272.1449 294.2130 14.98317039    10
STARLINK-5629
1 55419C 23014AE  25222.10465278 -.00008060  00000+0 -67533-3 0  2221
2 55419  69.9990 257.8736 0004379 268.9679 334.7731 14.98341706    18
STARLINK-5598
1 55421C 23014AG  25222.10048611 -.00003605  00000+0 -30207-3 0  2220
2 55421  69.9991 257.9341 0003685 271.0977 265.1595 14.98335958    17
STARLINK-5068
1 55423C 23014AJ  25222.11923611 -.00007602  00000+0 -63704-3 0  2224
2 55423  69.9990 257.9864 0004069 269.3701 277.9575 14.98338446    14
STARLINK-5073
1 55427C 23014AN  25222.12131944 -.00003061  00000+0 -25657-3 0  2229
2 55427  69.9990 257.9584 0003076 270.3304 310.7357 14.98330266    11
STARLINK-5645
1 55429C 23014AQ  25222.10604167 -.00004566  00000+0 -38262-3 0  2228
2 55429  69.9988 258.0457 0003636 268.4412 185.2191 14.98336437    18
STARLINK-5637
1 55432C 23014AT  25222.10326389 -.00029534  00000+0 -24742-2 0  2228
2 55432  69.9998 277.9146 0003792 270.1932 166.3949 14.98372510    11
STARLINK-5570
1 55433C 23014AU  25222.10673611  .00002339  00000+0  19598-3 0  2228
2 55433  69.9997 277.8299 0003626 268.9017 254.8478 14.98325980    13
STARLINK-5699
1 55449C 23015A   25222.10118056  .00001010  00000+0  74529-4 0  2224
2 55449  43.0029  36.1428 0001151 265.8416 341.8583 15.02517326    16
STARLINK-5686
1 55450C 23015B   25222.09979167 -.00013133  00000+0 -96919-3 0  2229
2 55450  43.0030  36.1945 0001369 266.0018 316.0952 15.02541662    10
STARLINK-5656
1 55451C 23015C   25222.09979167 -.00011686  00000+0 -86243-3 0  2220
2 55451  43.0031  36.1085 0001490 265.8811 352.2840 15.02538967    12
STARLINK-5683
1 55452C 23015D   25222.10187500  .00000024  00000+0  17637-5 0  2220
2 55452  43.0034  36.0387 0001331 266.0322  27.4709 15.02529283    10
STARLINK-5684
1 55453C 23015E   25222.10395833 -.00000832  00000+0 -61373-4 0  2225
2 55453  43.0033  35.9849 0001376 263.3847  59.3932 15.02534361    17
STARLINK-5636
1 55454C 23015F   25222.10256944  .00001125  00000+0  83015-4 0  2226
2 55454  43.0036  35.8960 0001343 272.3816  78.9903 15.02520504    13
STARLINK-5680
1 55455C 23015G   25222.10326389 -.00013790  00000+0 -10177-2 0  2228
2 55455  43.0034  36.0748 0001323 261.8775  21.1012 15.02541918    17
STARLINK-5058
1 55456C 23015H   25222.11923611 -.00003647  00000+0 -26921-3 0  2226
2 55456  43.0030  35.8293 0001253 265.0851 170.5251 15.02527311    14
STARLINK-5682
1 55457C 23015J   25222.10118056  .00000423  00000+0  31186-4 0  2222
2 55457  43.0033  35.9558 0001385 269.3131  56.4608 15.02529460    12
STARLINK-5020
1 55458C 23015K   25222.12201389 -.00000306  00000+0 -22598-4 0  2226
2 55458  43.0036  35.6681 0001339 262.8875 247.9292 15.02510368    15
STARLINK-5669
1 55459C 23015L   25222.10465278 -.00010576  00000+0 -78049-3 0  2225
2 55459  43.0035  35.8219 0001397 263.2492 129.4258 15.02540393    15
STARLINK-5678
1 55460C 23015M   25222.10395833 -.00018291  00000+0 -13499-2 0  2225
2 55460  43.0032  35.7820 0001398 266.4392 140.5172 15.02546161    14
STARLINK-5646
1 55461C 23015N   25222.10534722 -.00008895  00000+0 -65636-3 0  2228
2 55461  43.0031  35.8608 0001460 263.9348 114.4639 15.02543111    12
STARLINK-5673
1 55462C 23015P   25222.10673611  .00000733  00000+0  54087-4 0  2220
2 55462  43.0032  35.6222 0001424 264.4725 217.6398 15.02527133    13
STARLINK-5677
1 55463C 23015Q   25222.10187500  .00000957  00000+0  70633-4 0  2221
2 55463  43.0035  35.7184 0001606 269.2197 156.4813 15.02521139    15
STARLINK-5676
1 55464C 23015R   25222.10326389 -.00017618  00000+0 -13001-2 0  2220
2 55464  43.0032  35.5546 0001392 267.8952 231.4713 15.02547458    13
STARLINK-5674
1 55465C 23015S   25222.10256944 -.00010678  00000+0 -78796-3 0  2222
2 55465  43.0035  35.6013 0001446 261.9170 215.6357 15.02543059    15
STARLINK-5628
1 55466C 23015T   25222.10465278 -.00015869  00000+0 -11712-2 0  2226
2 55466  43.0029  35.3744 0001414 267.2947 311.7262 15.02542188    18
STARLINK-5679
1 55467C 23015U   25222.10395833 -.00008923  00000+0 -65843-3 0  2224
2 55467  43.0033  35.6810 0001435 264.3071 184.7139 15.02543376    11
STARLINK-5672
1 55468C 23015V   25222.10326389 -.00010973  00000+0 -80979-3 0  2220
2 55468  43.0030  35.5247 0001509 263.1904 248.1980 15.02539475    10
STARLINK-5681
1 55469C 23015W   25222.10604167  .00001901  00000+0  14029-3 0  2226
2 55469  43.0034  35.5539 0001362 269.4587 238.9389 15.02528271    14
STARLINK-5708
1 55470C 23015X   25222.10534722  .00001837  00000+0  13556-3 0  2229
2 55470  43.0033  35.4557 0001324 264.2834 282.4260 15.02521667    14
STARLINK-5711
1 55471C 23015Y   25222.10326389 -.00010828  00000+0 -79907-3 0  2222
2 55471  43.0028  35.4385 0001362 265.7004 281.7434 15.02541620    11
STARLINK-5705
1 55472C 23015Z   25222.10326389 -.00003475  00000+0 -25645-3 0  2223
2 55472  43.0040  23.2856 0001376 263.8799 287.5240 15.02535476    10
STARLINK-5687
1 55473C 23015AA  25222.11229167  .00106660  00000+0  11553-2 0  2221
2 55473  42.9885 287.0619 0040352 346.5568 121.8378 15.61468133    15
STARLINK-5689
1 55474C 23015AB  25222.10534722 -.00008285  00000+0 -61127-3 0  2226
2 55474  43.0029  48.8891 0001399 262.0403  99.7282 15.02544857    11
STARLINK-5650
1 55475C 23015AC  25222.10256944 -.00017611  00000+0 -12997-2 0  2227
2 55475  43.0033  35.3423 0001460 267.4271 318.3316 15.02546796    12
STARLINK-5685
1 55477C 23015AE  25222.10326389  .00077256  00000+0  57045-2 0  2222
2 55477  43.0037  23.2056 0001523 266.8649 314.5879 15.02431660    13
STARLINK-5691
1 55478C 23015AF  25222.09909722 -.00020840  00000+0 -15381-2 0  2225
2 55478  43.0038  23.2153 0001429 267.2711 297.6701 15.02546436    16
STARLINK-5688
1 55479C 23015AG  25222.10048611 -.00008765  00000+0 -64682-3 0  2220
2 55479  43.0039  23.3389 0001395 262.1117 256.2419 15.02540965    14
STARLINK-5690
1 55480C 23015AH  25222.10395833  .00001954  00000+0  14415-3 0  2223
2 55480  43.0022  48.6405 0001424 258.2071 168.1122 15.02538194    18
STARLINK-5694
1 55481C 23015AJ  25222.10465278  .00000246  00000+0  18164-4 0  2224
2 55481  43.0029  48.8359 0001320 266.9810 115.0633 15.02540445    18
STARLINK-5692
1 55483C 23015AL  25222.10534722  .00002221  00000+0  16388-3 0  2227
2 55483  43.0030  48.7023 0001331 261.9751 177.9462 15.02524140    11
STARLINK-5696
1 55484C 23015AM  25222.09909722  .00003448  00000+0  25443-3 0  2226
2 55484  43.0031  48.6216 0001323 266.6607 187.4985 15.02527763    19
STARLINK-5695
1 55485C 23015AN  25222.10326389 -.00009298  00000+0 -68614-3 0  2229
2 55485  43.0027  48.7999 0001317 261.6178 130.9518 15.02539766    16
STARLINK-5704
1 55486C 23015AP  25222.10465278 -.00003924  00000+0 -28950-3 0  2220
2 55486  43.0026  48.5752 0001337 261.8180 210.4237 15.02541896    17
STARLINK-5701
1 55487C 23015AQ  25222.10395833  .00002844  00000+0  20988-3 0  2221
2 55487  43.0029  48.8090 0001297 271.5144 118.8368 15.02522068    18
STARLINK-5706
1 55488C 23015AR  25222.10604167 -.00008021  00000+0 -59187-3 0  2223
2 55488  43.0031  48.4786 0001329 263.1040 270.7366 15.02540511    17
STARLINK-5371
1 55489C 23015AS  25222.11784722 -.00007565  00000+0 -55827-3 0  2220
2 55489  43.0025  48.5924 0001324 262.7102 262.9299 15.02539430    11
STARLINK-5373
1 55490C 23015AT  25222.12270833  .00000838  00000+0  61852-4 0  2226
2 55490  43.0031  48.5282 0001233 263.3168 300.6910 15.02524601    19
STARLINK-5364
1 55491C 23015AU  25222.11715278  .00002418  00000+0  17845-3 0  2221
2 55491  43.0038  22.3931 0001278 266.0104 337.2422 15.02523955    12
STARLINK-5013
1 55492C 23015AV  25222.12270833  .00000733  00000+0  54108-4 0  2228
2 55492  43.0030  48.4303 0001310 271.5355 334.5385 15.02528958    19
STARLINK-5362
1 55493C 23015AW  25222.11645833  .00000834  00000+0  61558-4 0  2223
2 55493  43.0031  48.5063 0001392 266.8127 287.3588 15.02534306    13
STARLINK-5344
1 55494C 23015AX  25222.11923611  .00001347  00000+0  99379-4 0  2229
2 55494  43.0031  48.2897 0001342 266.5003  26.8631 15.02530084    15
STARLINK-5100
1 55495C 23015AY  25222.11993056 -.00000128  00000+0 -94056-5 0  2226
2 55495  43.0038  23.0584 0001542 269.9601  65.7427 15.02547517    14
STARLINK-5363
1 55497C 23015BA  25222.12340278 -.00005919  00000+0 -43705-3 0  2227
2 55497  43.0025  48.2543 0001530 269.0085  53.0562 15.02515613    12
STARLINK-5365
1 55498C 23015BB  25222.12340278 -.00012173  00000+0 -89833-3 0  2220
2 55498  43.0031  48.1377 0001361 261.8742 108.1613 15.02542325    15
STARLINK-5366
1 55499C 23015BC  25222.12270833  .00000785  00000+0  57934-4 0  2222
2 55499  43.0029  48.0564 0001361 266.6072 135.7376 15.02528245    16
STARLINK-5141
1 55500C 23015BD  25222.12131944 -.00006047  00000+0 -44621-3 0  2221
2 55500  43.0032  48.2223 0001391 261.1996  67.4957 15.02541367    11
STARLINK-5367
1 55501C 23015BE  25222.10395833  .00002004  00000+0  14787-3 0  2226
2 55501  43.0032  48.1779 0001355 263.0633  25.7345 15.02525153    19
STARLINK-5749
1 55569C 23020A   25222.09979167  .00005691  00000+0  42000-3 0  2226
2 55569  43.0026  74.7270 0001310 266.9748 193.6363 15.02525755    10
STARLINK-5737
1 55570C 23020B   25222.10395833  .00005838  00000+0  43086-3 0  2220
2 55570  43.0023  74.7362 0001277 269.6955 201.4913 15.02522678    13
STARLINK-5739
1 55571C 23020C   25222.10118056  .00005698  00000+0  42054-3 0  2229
2 55571  43.0023  74.6791 0001268 266.8086 219.3770 15.02523002    14
STARLINK-5732
1 55572C 23020D   25222.10187500  .00006838  00000+0  50460-3 0  2227
2 55572  43.0026  74.6156 0001320 268.3948 245.5932 15.02526510    14
STARLINK-5738
1 55573C 23020E   25222.10326389 -.00008267  00000+0 -60999-3 0  2226
2 55573  43.0023  74.6254 0001381 263.8365 251.6508 15.02542406    10
STARLINK-5747
1 55574C 23020F   25222.10118056 -.00003829  00000+0 -28251-3 0  2221
2 55574  43.0022  74.5056 0001407 264.9137 293.3824 15.02538789    10
STARLINK-5745
1 55575C 23020G   25222.09909722  .00009390  00000+0  69282-3 0  2224
2 55575  43.0027  74.5861 0001411 267.7142 249.2440 15.02527752    14
STARLINK-5751
1 55576C 23020H   25222.10395833  .00001740  00000+0  12841-3 0  2229
2 55576  43.0030  48.2354 0001375 268.1153  56.6226 15.02531408    15
STARLINK-5752
1 55577C 23020J   25222.10118056  .00000538  00000+0  39665-4 0  2228
2 55577  43.0024  74.4689 0001485 264.4363 281.7930 15.02552660    11
STARLINK-5754
1 55579C 23020L   25222.10395833  .00006202  00000+0  45773-3 0  2220
2 55579  43.0026  74.2618 0001392 266.3473  43.1804 15.02519704    17
STARLINK-5757
1 55580C 23020M   25222.09979167 -.00026339  00000+0 -19431-2 0  2224
2 55580  43.0030  48.2292 0001350 260.2983  53.8557 15.02568066    14
STARLINK-5753
1 55581C 23020N   25222.10048611  .00007344  00000+0  54207-3 0  2222
2 55581  43.0027  74.4647 0001403 269.3030 303.2949 15.02513584    10
STARLINK-5741
1 55582C 23020P   25222.10534722 -.00016123  00000+0 -11898-2 0  2221
2 55582  43.0022  61.6192 0001321 258.0416 279.3334 15.02547773    19
STARLINK-5742
1 55583C 23020Q   25222.09909722  .00007542  00000+0  55658-3 0  2222
2 55583  43.0021  74.3875 0001213 264.5294 336.5811 15.02524181    18
STARLINK-5736
1 55584C 23020R   25222.10118056  .00005464  00000+0  40321-3 0  2229
2 55584  43.0026  74.3468 0001220 266.2633 358.1665 15.02526664    11
STARLINK-5769
1 55585C 23020S   25222.10326389 -.00002360  00000+0 -17412-3 0  2229
2 55585  43.0028  61.7835 0001325 262.5121 203.4468 15.02538203    14
STARLINK-5767
1 55586C 23020T   25222.10118056 -.00005199  00000+0 -38365-3 0  2223
2 55586  43.0025  74.2486 0001290 263.2565  43.2301 15.02538890    12
STARLINK-5727
1 55587C 23020U   25222.09909722  .00007639  00000+0  56361-3 0  2225
2 55587  43.0021  74.2680 0001367 268.3412 356.8716 15.02530364    18
STARLINK-5728
1 55588C 23020V   25222.10187500 -.00005039  00000+0 -37184-3 0  2226
2 55588  43.0025  74.1595 0001309 263.3898  82.9232 15.02537690    15
STARLINK-5697
1 55589C 23020W   25222.10187500  .00002716  00000+0  20041-3 0  2228
2 55589  43.0030  74.2275 0001306 251.2432  65.0252 15.02533439    16
STARLINK-5762
1 55590C 23020X   25222.09979167 -.00002292  00000+0 -16912-3 0  2229
2 55590  43.0025  74.0860 0001262 265.5213 105.5778 15.02534732    16
STARLINK-5760
1 55591C 23020Y   25222.10534722  .00005807  00000+0  42854-3 0  2223
2 55591  43.0023  74.1827 0001344 267.6820  79.4008 15.02525466    16
STARLINK-5759
1 55592C 23020Z   25222.10604167  .00007569  00000+0  55858-3 0  2220
2 55592  43.0024  73.9946 0001329 262.8148 166.1849 15.02520715    19
STARLINK-5703
1 55593C 23020AA  25222.10604167  .00006759  00000+0  49885-3 0  2224
2 55593  43.0025  74.0932 0001267 272.5810 114.3520 15.02521451    12
STARLINK-5750
1 55594C 23020AB  25222.10118056  .00006727  00000+0  49655-3 0  2222
2 55594  43.0025  73.9758 0001307 264.1064 156.6072 15.02516482    19
STARLINK-5729
1 55596C 23020AD  25222.10118056  .00007031  00000+0  51861-3 0  2225
2 55596  43.0025  73.9496 0001147 241.8997 190.8084 15.02543498    19
STARLINK-5743
1 55597C 23020AE  25222.09909722 -.00016800  00000+0 -12397-2 0  2228
2 55597  43.0021  61.7609 0001381 263.1610 198.2917 15.02548157    10
STARLINK-5756
1 55598C 23020AF  25222.10465278 -.00001969  00000+0 -14529-3 0  2224
2 55598  43.0022  61.8264 0001350 263.0606 174.3866 15.02536944    19
STARLINK-5761
1 55599C 23020AG  25222.10048611  .00005169  00000+0  38120-3 0  2220
2 55599  43.0024  61.8069 0001121 273.4933 159.3555 15.02550511    13
STARLINK-5755
1 55600C 23020AH  25222.10326389  .00005602  00000+0  41349-3 0  2223
2 55600  43.0026  61.6488 0001398 261.3830 252.7203 15.02520229    10
STARLINK-5744
1 55601C 23020AJ  25222.10604167 -.00002337  00000+0 -17246-3 0  2220
2 55601  43.0023  73.8780 0001327 262.4077 214.6595 15.02536035    18
STARLINK-5764
1 55602C 23020AK  25222.10118056  .00005143  00000+0  37938-3 0  2224
2 55602  43.0027  61.7715 0001394 263.1318 185.5655 15.02537178    19
STARLINK-5735
1 55603C 23020AL  25222.10118056  .00005176  00000+0  38211-3 0  2226
2 55603  43.0027  61.7063 0001159 267.8580 216.9460 15.02514436    12
STARLINK-5748
1 55604C 23020AM  25222.10465278  .00001742  00000+0  12856-3 0  2220
2 55604  43.0031  48.2821 0001204 264.1661  46.3280 15.02524260    12
STARLINK-5725
1 55605C 23020AN  25222.10187500  .00005367  00000+0  39605-3 0  2228
2 55605  43.0028  61.6451 0001365 262.8584 249.7148 15.02526300    13
STARLINK-5700
1 55607C 23020AQ  25222.10048611 -.00004106  00000+0 -30295-3 0  2227
2 55607  43.0027  61.5670 0001338 263.7338 277.3654 15.02537875    11
STARLINK-5726
1 55608C 23020AR  25222.09979167 -.00004421  00000+0 -32622-3 0  2221
2 55608  43.0027  61.5430 0001306 262.6592 286.6989 15.02538705    18
STARLINK-5719
1 55609C 23020AS  25222.10187500 -.00006233  00000+0 -45989-3 0  2229
2 55609  43.0025  61.5984 0001331 263.2147 267.3740 15.02540461    15
STARLINK-5722
1 55610C 23020AT  25222.10604167  .00004197  00000+0  30973-3 0  2226
2 55610  43.0027  61.4064 0001302 268.4025 356.8814 15.02527858    18
STARLINK-5730
1 55611C 23020AU  25222.09909722  .00005108  00000+0  37692-3 0  2228
2 55611  43.0028  61.4176 0001285 267.2416 332.4631 15.02526459    18
STARLINK-5734
1 55612C 23020AV  25222.10604167  .00044552  00000+0  32885-2 0  2220
2 55612  43.0025  61.3658 0001131 270.0286  13.2260 15.02477688    18
STARLINK-5715
1 55613C 23020AW  25222.10118056 -.00011802  00000+0 -87098-3 0  2229
2 55613  43.0025  61.4933 0001386 265.7987 309.1222 15.02541916    18
STARLINK-5714
1 55614C 23020AX  25222.10187500 -.00032935  00000+0 -24298-2 0  2222
2 55614  43.0016  48.4010 0001697 261.6372 333.6702 15.02573501    18
STARLINK-5712
1 55615C 23020AY  25222.10465278 -.00005324  00000+0 -39279-3 0  2222
2 55615  43.0026  61.3308 0001332 263.4026  30.4237 15.02542122    16
STARLINK-5710
1 55616C 23020AZ  25222.10048611  .00008599  00000+0  63384-3 0  2220
2 55616  43.0029  61.2379 0001302 266.5272  52.8006 15.02563981    19
STARLINK-5721
1 55617C 23020BA  25222.09354167  .00004539  00000+0  33500-3 0  2222
2 55617  43.0023  61.3463 0001391 272.8131 338.9143 15.02519244    14
STARLINK-5717
1 55618C 23020BB  25222.10395833 -.00014288  00000+0 -10544-2 0  2226
2 55618  43.0025  61.2042 0001387 264.7831  79.3793 15.02545663    12
STARLINK-5720
1 55619C 23020BC  25222.10534722  .00003662  00000+0  27026-3 0  2225
2 55619  43.0024  61.1530 0001254 274.3734  95.3760 15.02523603    17
STARLINK-5718
1 55620C 23020BD  25222.10256944 -.00006918  00000+0 -51051-3 0  2228
2 55620  43.0025  61.1230 0001364 263.4324 109.2733 15.02537671    18
STARLINK-5709
1 55621C 23020BE  25222.10256944 -.00013289  00000+0 -98062-3 0  2221
2 55621  43.0026  61.2694 0001362 265.5290  47.0679 15.02545164    12
STARLINK-5702
1 55622C 23020BF  25222.10604167 -.00009262  00000+0 -68347-3 0  2225
2 55622  43.0028  61.0793 0001406 264.2773 139.2505 15.02540330    16
STARLINK-5698
1 55623C 23020BG  25222.09979167 -.00011303  00000+0 -83407-3 0  2222
2 55623  43.0026  61.0531 0001429 261.2708 132.4570 15.02543273    11
STARLINK-5546
1 55632C 23021E   25222.10465278  .00008357  00000+0  70050-3 0  2221
2 55632  70.0022  17.9426 0003022 269.4688 124.2529 14.98315085    13
STARLINK-5498
1 55633C 23021F   25222.10118056  .00006477  00000+0  54276-3 0  2224
2 55633  70.0022  17.9263 0003230 268.8742 128.6269 14.98326054    15
STARLINK-5500
1 55634C 23021G   25222.10048611  .00007507  00000+0  62919-3 0  2222
2 55634  70.0023  17.9558 0003166 270.0518 100.3038 14.98319672    17
STARLINK-5495
1 55635C 23021H   25222.09979167  .00007894  00000+0  66156-3 0  2226
2 55635  70.0034 357.9622 0003206 271.2969 209.9708 14.98320972    12
STARLINK-5218
1 55636C 23021J   25222.11993056  .00006928  00000+0  58062-3 0  2227
2 55636  70.0021  17.8292 0003003 265.7689 277.8668 14.98321331    15
STARLINK-5507
1 55638C 23021L   25222.10604167  .00007279  00000+0  61016-3 0  2223
2 55638  70.0021  17.8894 0003168 268.7796 177.4635 14.98313199    11
STARLINK-5508
1 55639C 23021M   25222.10604167  .00009008  00000+0  75493-3 0  2220
2 55639  70.0033 357.9187 0003086 270.3116 266.2207 14.98320416    14
STARLINK-5069
1 55640C 23021N   25222.07548611  .00005288  00000+0  44317-3 0  2226
2 55640  70.0033 357.9671 0003395 267.5226 127.7029 14.98325193    17
STARLINK-5065
1 55641C 23021P   25222.11993056  .00009426  00000+0  79014-3 0  2229
2 55641  70.0033 358.0304 0003196 270.0933 207.2464 14.98309065    13
STARLINK-5483
1 55643C 23021R   25222.10604167  .00009376  00000+0  78586-3 0  2229
2 55643  70.0031 358.1118 0003201 270.3326  87.0688 14.98316659    12
STARLINK-5494
1 55650C 23021Y   25222.10395833  .00006848  00000+0  57393-3 0  2228
2 55650  70.0033 357.9223 0002622 273.5200 252.7174 14.98324626    12
STARLINK-5487
1 55652C 23021AA  25222.10256944 -.00010652  00000+0 -89216-3 0  2228
2 55652  70.0033 357.8747 0003120 270.3095 293.5153 14.98364233    13
STARLINK-5070
1 55654C 23021AC  25222.11715278  .00009493  00000+0  79570-3 0  2222
2 55654  70.0031 358.0651 0003123 270.5121 169.3269 14.98313636    14
STARLINK-5326
1 55656C 23021AE  25222.11854167  .00009258  00000+0  77598-3 0  2222
2 55656  70.0032 357.7079 0003252 270.8518 131.5850 14.98314986    19
STARLINK-5328
1 55657C 23021AF  25222.12201389  .00004852  00000+0  40660-3 0  2221
2 55657  70.0035 338.0536 0003386 270.8489 308.9364 14.98328637    16
STARLINK-5477
1 55659C 23021AH  25222.10256944  .00006096  00000+0  51081-3 0  2229
2 55659  70.0032 338.0784 0003390 271.2843 226.1598 14.98325956    15
STARLINK-5479
1 55662C 23021AL  25222.09006944  .00014009  00000+0  11500-2 0  2228
2 55662  70.0030 337.6060 0003159 270.3362 272.3654 14.99111594    16
STARLINK-5473
1 55663C 23021AM  25222.10673611  .00011160  00000+0  93548-3 0  2220
2 55663  70.0031 337.9154 0003211 270.3517  24.6442 14.98309048    11
STARLINK-5474
1 55665C 23021AP  25222.10534722  .00011153  00000+0  93492-3 0  2221
2 55665  70.0032 337.8949 0003242 270.7103  39.3006 14.98309490    14
STARLINK-5459
1 55669C 23021AT  25222.10118056  .00012453  00000+0  10438-2 0  2225
2 55669  70.0032 337.9544 0003194 270.2709 332.2381 14.98309824    15
STARLINK-5423
1 55670C 23021AU  25222.11784722  .00012617  00000+0  10577-2 0  2223
2 55670  70.0032 337.8366 0003269 269.8740 130.0526 14.98303182    16
STARLINK-5460
1 55671C 23021AV  25222.10395833  .00011269  00000+0  94483-3 0  2225
2 55671  70.0033 338.1400 0003171 271.1947 165.3436 14.98302169    13
STARLINK-5232
1 55675C 23021AZ  25222.12201389  .00011359  00000+0  95209-3 0  2220
2 55675  70.0032 337.7034 0003311 276.2880 258.6409 14.98312833    17
STARLINK-5324
1 55677C 23021BB  25222.11923611  .00011474  00000+0  96172-3 0  2228
2 55677  70.0025 317.8596 0003594 262.1369 236.5046 14.98311504    18
STARLINK-5592
1 55741C 23028A   25222.10673611  .00006552  00000+0  54902-3 0  2224
2 55741  70.0008  58.0484 0003070 268.9758 110.9306 14.98329406    10
STARLINK-5594
1 55742C 23028B   25222.10673611  .00005536  00000+0  46404-3 0  2224
2 55742  70.0006  58.0734 0002882 267.0618  90.3634 14.98319125    14
STARLINK-5601
1 55744C 23028D   25222.10465278  .00006136  00000+0  51427-3 0  2222
2 55744  70.0007  58.0793 0002794 271.0630  74.2393 14.98322998    18
STARLINK-5577
1 55751C 23028L   25222.10326389  .00006965  00000+0  58368-3 0  2220
2 55751  70.0009  58.0324 0002825 269.1992 114.4940 14.98325293    18
STARLINK-5613
1 55752C 23028M   25222.10256944  .00007747  00000+0  64940-3 0  2222
2 55752  70.0007  57.8069 0002959 269.4193 313.1333 14.98312060    16
STARLINK-5612
1 55754C 23028P   25222.10326389  .00008364  00000+0  70098-3 0  2222
2 55754  70.0007  57.8557 0002926 269.6315 271.6476 14.98318933    13
STARLINK-5544
1 55757C 23028S   25222.10118056  .00008802  00000+0  73777-3 0  2229
2 55757  70.0008  57.8863 0003073 271.2003 236.3285 14.98316853    19
STARLINK-5072
1 55758C 23028T   25222.12131944  .00006981  00000+0  58508-3 0  2224
2 55758  70.0007  57.7847 0003031 269.7947  31.3428 14.98318442    11
STARLINK-5603
1 55762C 23028X   25222.09979167  .00006901  00000+0  57841-3 0  2223
2 55762  70.0014  38.0569 0002975 268.4248 187.7941 14.98318491    13
STARLINK-5499
1 55764C 23028Z   25222.10534722  .00006829  00000+0  57210-3 0  2220
2 55764  70.0014  38.0679 0002717 265.7721 197.8145 14.98339270    13
STARLINK-5584
1 55769C 23028AE  25222.10673611  .00006563  00000+0  55018-3 0  2225
2 55769  70.0012  37.9878 0002492 269.4142 269.2866 14.98314172    11
STARLINK-5835
1 55772C 23028AH  25222.09979167  .00006665  00000+0  55842-3 0  2220
2 55772  70.0014  37.8297 0003694 267.9844  29.8635 14.98328600    13
STARLINK-5833
1 55773C 23028AJ  25222.10465278  .00007791  00000+0  65302-3 0  2229
2 55773  70.0013  38.0164 0003143 270.1889 234.7676 14.98314375    19
STARLINK-5809
1 55775C 23028AL  25222.10118056  .00006661  00000+0  55814-3 0  2222
2 55775  70.0014  37.8754 0003404 276.0925 345.0469 14.98327244    15
STARLINK-5814
1 55777C 23028AN  25222.09909722  .00006145  00000+0  51478-3 0  2229
2 55777  70.0014  37.8300 0002392 253.2664  41.6681 14.98340641    17
STARLINK-5816
1 55778C 23028AP  25222.10534722  .00005610  00000+0  47016-3 0  2225
2 55778  70.0015  37.7895 0002439 270.2001  81.0764 14.98326252    15
STARLINK-5820
1 55781C 23028AS  25222.09979167  .00005882  00000+0  49275-3 0  2223
2 55781  70.0014  37.8869 0003197 273.4363   2.7759 14.98341169    16
STARLINK-5797
1 55784C 23028AV  25222.09979167  .00003368  00000+0  28219-3 0  2228
2 55784  70.0027  18.0287 0003299 269.4420 322.1356 14.98337533    12
STARLINK-5823
1 55786C 23028AX  25222.10326389  .00005481  00000+0  45931-3 0  2222
2 55786  70.0027  18.0186 0003306 266.7482 344.4561 14.98325452    11
STARLINK-5811
1 55787C 23028AY  25222.10048611  .00005394  00000+0  45207-3 0  2221
2 55787  70.0027  18.0764 0003128 269.8549 281.3705 14.98324833    15
STARLINK-5804
1 55788C 23028AZ  25222.10395833  .00005877  00000+0  49255-3 0  2226
2 55788  70.0027  18.0428 0003134 270.5118 321.9258 14.98325037    12
STARLINK-5807
1 55791C 23028BC  25222.10604167  .00003994  00000+0  33455-3 0  2226
2 55791  70.0027  17.9865 0003102 267.0847  21.5260 14.98344487    10
STARLINK-5856
1 55914C 23037A   25222.10395833  .00010804  00000+0  90493-3 0  2223
2 55914  70.0018 118.0940 0002736 270.9888 315.0887 14.98341190    18
STARLINK-5862
1 55920C 23037G   25222.10187500  .00003478  00000+0  29161-3 0  2223
2 55920  70.0011  98.1430 0002853 269.1938  14.5121 14.98310436    17
STARLINK-5861
1 55921C 23037H   25222.10465278  .00000145  00000+0  12122-4 0  2223
2 55921  70.0017 117.8898 0002898 269.7857 140.2420 14.98316050    13
STARLINK-5863
1 55922C 23037J   25222.10256944  .00001927  00000+0  16157-3 0  2222
2 55922  70.0017 117.9199 0003039 268.4176 107.8395 14.98317068    17
STARLINK-5854
1 55923C 23037K   25222.10187500  .00002601  00000+0  21797-3 0  2220
2 55923  70.0017 117.9463 0002634 272.3611  77.5803 14.98335558    11
STARLINK-5849
1 55924C 23037L   25222.10534722  .00010093  00000+0  84562-3 0  2226
2 55924  70.0010  98.1078 0002791 275.8470  48.9964 14.98330252    18
STARLINK-5896
1 55930C 23037S   25222.10048611  .00010763  00000+0  90187-3 0  2224
2 55930  70.0011  97.8978 0003165 269.4401 231.7946 14.98326354    10
STARLINK-5927
1 55934C 23037W   25222.10256944  .00011410  00000+0  95631-3 0  2227
2 55934  70.0011  97.8898 0003116 270.7841 240.8388 14.98315333    10
STARLINK-5918
1 55939C 23037AB  25222.10187500  .00007271  00000+0  60935-3 0  2222
2 55939  70.0011  97.9161 0003096 269.9834 216.2737 14.98322455    16
STARLINK-5864
1 55940C 23037AC  25222.10187500  .00006298  00000+0  52784-3 0  2225
2 55940  70.0012  97.9415 0003097 271.0705 192.6785 14.98320107    15
STARLINK-5914
1 55941C 23037AD  25222.10187500  .00005791  00000+0  48536-3 0  2223
2 55941  70.0011  98.0931 0002999 270.6748  58.0053 14.98322804    11
STARLINK-5899
1 55949C 23037AM  25222.10465278  .00009426  00000+0  78989-3 0  2226
2 55949  70.0006  78.1025 0003058 271.0587 163.8386 14.98322975    12
STARLINK-5892
1 55954C 23037AS  25222.09909722  .00008127  00000+0  68095-3 0  2221
2 55954  70.0007  77.8903 0002811 273.5986 333.8935 14.98331295    10
STARLINK-5929
1 55959C 23037AX  25222.10187500  .00008187  00000+0  68616-3 0  2225
2 55959  70.0008  77.9344 0003076 270.0695 307.4269 14.98318759    16
STARLINK-5906
1 55962C 23037BA  25222.09909722  .00007754  00000+0  64983-3 0  2227
2 55962  70.0007  78.0856 0003121 270.9512 156.5359 14.98321211    17
STARLINK-5924
1 55963C 23037BB  25222.10534722  .00008341  00000+0  69881-3 0  2229
2 55963  70.0008  77.9006 0002789 269.0259 349.6442 14.98332217    16
STARLINK-5895
1 55964C 23037BC  25222.11229167  .00021699  00000+0  17920-2 0  2222
2 55964  70.0004  78.0073 0002588 236.8685 244.7841 14.98874683    17
STARLINK-5905
1 55986C 23042A   25222.10118056 -.00002582  00000+0 -19056-3 0  2220
2 55986  43.0029 126.1856 0001356 263.0847 247.0375 15.02535981    15
STARLINK-5915
1 55987C 23042B   25222.10187500  .00008329  00000+0  61469-3 0  2229
2 55987  43.0028 125.9532 0001330 265.6583 344.4000 15.02521616    17
STARLINK-5916
1 55988C 23042C   25222.10256944 -.00003050  00000+0 -22506-3 0  2226
2 55988  43.0028 125.6875 0001288 262.9215 105.0889 15.02535183    19
STARLINK-5947
1 55989C 23042D   25222.10326389  .00002555  00000+0  18863-3 0  2226
2 55989  43.0028 126.0301 0001306 267.0631 314.4723 15.02516185    12
STARLINK-5946
1 55990C 23042E   25222.09840278  .00008023  00000+0  59209-3 0  2229
2 55990  43.0029 126.1584 0001350 267.4740 245.6233 15.02523132    14
STARLINK-5948
1 55991C 23042F   25222.10395833  .00003641  00000+0  26865-3 0  2227
2 55991  43.0025 125.8226 0001140 258.5348  50.8791 15.02529931    10
STARLINK-5969
1 55993C 23042H   25222.10256944 -.00004860  00000+0 -35862-3 0  2221
2 55993  43.0030 126.0792 0001346 264.2301 295.4813 15.02540512    10
STARLINK-5956
1 55994C 23042J   25222.09909722  .00003607  00000+0  26616-3 0  2222
2 55994  43.0023 125.9403 0001385 263.4913 343.5403 15.02528561    13
STARLINK-5957
1 55995C 23042K   25222.10187500  .00007199  00000+0  53125-3 0  2222
2 55995  43.0027 125.9951 0001283 263.0240 329.0015 15.02523123    19
STARLINK-5903
1 55996C 23042L   25222.10118056 -.00002388  00000+0 -17622-3 0  2222
2 55996  43.0027 125.7543 0001342 264.4696  65.9714 15.02535496    19
STARLINK-5902
1 55998C 23042N   25222.10326389 -.00000311  00000+0 -22984-4 0  2226
2 55998  43.0028 125.6863 0001404 264.1588 101.6108 15.02532014    10
STARLINK-5901
1 55999C 23042P   25222.10465278  .00000078  00000+0  57651-5 0  2226
2 55999  43.0022 125.7804 0001343 266.6749  64.5398 15.02526455    19
STARLINK-5910
1 56000C 23042Q   25222.10187500 -.00000938  00000+0 -69244-4 0  2226
2 56000  43.0029 125.5345 0001334 266.9267 157.4593 15.02521684    14
STARLINK-5944
1 56001C 23042R   25222.10534722 -.00020769  00000+0 -15336-2 0  2224
2 56001  43.0028 125.6319 0001481 266.9423 128.2173 15.02527705    13
STARLINK-5799
1 56002C 23042S   25222.10118056 -.00005866  00000+0 -43282-3 0  2226
2 56002  43.0029 125.5822 0001359 266.0379 136.5302 15.02539658    14
STARLINK-5789
1 56003C 23042T   25222.10256944  .00012760  00000+0  94168-3 0  2224
2 56003  43.0028 125.7342 0001361 264.4528  79.5186 15.02517336    19
STARLINK-5787
1 56004C 23042U   25222.10118056  .00002762  00000+0  20383-3 0  2225
2 56004  43.0027 125.4973 0001354 263.3758 175.2584 15.02528363    19
STARLINK-5801
1 56005C 23042V   25222.10465278  .00000897  00000+0  66226-4 0  2221
2 56005  43.0026 125.6059 0001377 266.9758 136.3713 15.02531834    19
STARLINK-5794
1 56006C 23042W   25222.10048611  .00005477  00000+0  40425-3 0  2221
2 56006  43.0028 125.4406 0001295 263.6397 195.2877 15.02522221    13
STARLINK-5806
1 56007C 23042X   25222.10118056 -.00000538  00000+0 -39698-4 0  2229
2 56007  43.0026 125.4820 0001219 261.1840 183.4604 15.02532871    13
STARLINK-5803
1 56008C 23042Y   25222.10465278 -.00002750  00000+0 -20288-3 0  2223
2 56008  43.0027 126.0763 0001333 262.1659 296.8261 15.02536817    16
STARLINK-5964
1 56009C 23042Z   25222.10187500 -.00001925  00000+0 -14204-3 0  2227
2 56009  43.0028 125.4461 0001479 260.4850 199.9447 15.02534174    14
STARLINK-5968
1 56010C 23042AA  25222.10256944 -.00005406  00000+0 -39890-3 0  2224
2 56010  43.0028 125.3861 0001403 265.2990 222.9347 15.02538485    19
STARLINK-5936
1 56011C 23042AB  25222.10604167  .00002852  00000+0  21045-3 0  2222
2 56011  43.0026 113.1911 0001411 267.1095 249.9184 15.02529207    15
STARLINK-5940
1 56012C 23042AC  25222.10326389  .00004873  00000+0  35963-3 0  2229
2 56012  43.0022 113.2814 0001402 264.5999 207.3391 15.02526200    17
STARLINK-5941
1 56013C 23042AD  25222.09979167 -.00001286  00000+0 -94886-4 0  2223
2 56013  43.0031 125.3577 0001419 264.7839 226.4340 15.02534705    16
STARLINK-5942
1 56014C 23042AE  25222.10326389  .00010518  00000+0  77611-3 0  2220
2 56014  43.0022 113.1902 0001346 265.5975 242.3896 15.02522754    17
STARLINK-5939
1 56015C 23042AF  25222.10534722  .00001536  00000+0  11331-3 0  2220
2 56015  43.0027 113.2252 0001452 260.8151 240.4266 15.02533024    16
STARLINK-5943
1 56016C 23042AG  25222.09909722  .00005349  00000+0  39469-3 0  2223
2 56016  43.0027 112.9979 0001301 268.3628 307.2292 15.02528449    10
STARLINK-5934
1 56017C 23042AH  25222.10256944 -.00002244  00000+0 -16558-3 0  2224
2 56017  43.0026 113.1242 0001266 262.2965 271.9941 15.02534416    12
STARLINK-5945
1 56018C 23042AJ  25222.10534722 -.00004032  00000+0 -29751-3 0  2224
2 56018  43.0022 112.9809 0001356 264.2089 339.2127 15.02538008    19
STARLINK-5949
1 56019C 23042AK  25222.10534722  .00004328  00000+0  31943-3 0  2227
2 56019  43.0022 113.1533 0001353 266.6699 264.6310 15.02523573    13
STARLINK-5912
1 56020C 23042AL  25222.10465278 -.00000538  00000+0 -39682-4 0  2228
2 56020  43.0027 113.0242 0001376 272.1096 309.5670 15.02520237    16
STARLINK-5907
1 56021C 23042AM  25222.10118056  .00012396  00000+0  91490-3 0  2225
2 56021  43.0022 113.0898 0001078 260.5944 284.1566 15.02514556    10
STARLINK-5783
1 56022C 23042AN  25222.10048611 -.00000988  00000+0 -72869-4 0  2221
2 56022  43.0028 112.8743 0001383 264.5660   6.6303 15.02534404    11
STARLINK-5771
1 56023C 23042AP  25222.10326389  .00012464  00000+0  91896-3 0  2223
2 56023  43.0028 112.9338 0001477 257.4132 358.6690 15.02551280    12
STARLINK-5772
1 56024C 23042AQ  25222.10048611  .00003202  00000+0  23638-3 0  2222
2 56024  43.0028 112.7458 0001349 266.8201  58.5181 15.02513668    12
STARLINK-5766
1 56025C 23042AR  25222.10048611  .00005615  00000+0  41436-3 0  2229
2 56025  43.0023 113.2994 0001363 265.5901 185.2980 15.02527225    17
STARLINK-5770
1 56026C 23042AS  25222.10395833 -.00004100  00000+0 -30238-3 0  2229
2 56026  43.0028 112.8400 0001414 264.4450  31.4738 15.02556855    18
STARLINK-5777
1 56027C 23042AT  25222.10256944  .00001198  00000+0  88405-4 0  2221
2 56027  43.0024 112.8936 0001298 259.3855  11.0740 15.02531320    18
STARLINK-5779
1 56028C 23042AU  25222.10465278  .00000000  00000+0  20675-7 0  2223
2 56028  43.0027 112.6618 0001363 262.1749 109.7162 15.02536662    11
STARLINK-5774
1 56029C 23042AV  25222.10465278  .00003115  00000+0  22986-3 0  2227
2 56029  43.0030 112.7929 0001416 264.7594  53.0416 15.02530195    15
STARLINK-5781
1 56030C 23042AW  25222.10048611 -.00011135  00000+0 -82148-3 0  2226
2 56030  43.0028 112.6453 0001317 263.5481 103.7962 15.02551325    14
STARLINK-5785
1 56031C 23042AX  25222.09909722  .00003320  00000+0  24497-3 0  2222
2 56031  43.0023 112.7387 0001378 263.0493  60.7342 15.02529687    12
STARLINK-5786
1 56032C 23042AY  25222.10465278 -.00002108  00000+0 -15551-3 0  2224
2 56032  43.0028 112.5069 0001208 259.1236 178.8924 15.02537343    11
STARLINK-5782
1 56034C 23042BA  25222.10395833  .00001872  00000+0  13810-3 0  2226
2 56034  43.0027 112.4962 0001385 266.5644 173.6972 15.02532488    15
STARLINK-5792
1 56035C 23042BB  25222.10604167  .00007367  00000+0  54373-3 0  2224
2 56035  43.0028 112.5851 0001398 267.9321 141.5717 15.02519923    16
STARLINK-5790
1 56036C 23042BC  25222.10118056  .00008178  00000+0  60357-3 0  2222
2 56036  43.0022 112.5516 0001338 264.9690 142.2389 15.02518639    15
STARLINK-5758
1 56037C 23042BD  25222.10395833  .00000558  00000+0  41147-4 0  2224
2 56037  43.0027  99.7576 0001298 266.1348  40.5420 15.02533078    12
STARLINK-5793
1 56038C 23042BE  25222.10326389  .00007488  00000+0  55274-3 0  2229
2 56038  43.0028 112.4694 0001355 270.4870 178.0728 15.02513494    18
STARLINK-5795
1 56039C 23042BF  25222.10395833  .00006002  00000+0  44297-3 0  2224
2 56039  43.0024  99.6988 0001143 268.1212  62.6255 15.02521233    19
STARLINK-5798
1 56040C 23042BG  25222.10187500 -.00009961  00000+0 -73499-3 0  2221
2 56040  43.0022  99.6761 0001376 259.3376  72.1357 15.02543393    19
STARLINK-5800
1 56041C 23042BH  25222.10326389  .00010922  00000+0  80628-3 0  2221
2 56041  43.0023  99.6413 0001258 271.7216  79.2466 15.02508372    12
STARLINK-6109
1 56094C 23046B   25222.10118056 -.00000651  00000+0 -48040-4 0  2226
2 56094  43.0009 228.9024 0001360 275.8295 342.4105 15.02532511    12
STARLINK-6090
1 56095C 23046C   25222.10465278  .00005462  00000+0  40317-3 0  2229
2 56095  43.0009 228.9711 0001388 274.5876 326.3951 15.02518647    11
STARLINK-6089
1 56096C 23046D   25222.10534722  .00006172  00000+0  45552-3 0  2226
2 56096  43.0009 228.8528 0001428 270.0461  22.7791 15.02520239    12
STARLINK-6077
1 56097C 23046E   25222.09979167 -.00022414  00000+0 -16542-2 0  2226
2 56097  43.0017 176.8249 0001398 266.9029 356.2937 15.02548873    15
STARLINK-6088
1 56098C 23046F   25222.10534722  .00012165  00000+0  89839-3 0  2223
2 56098  43.0008 228.9238 0001382 268.8890 353.8714 15.02489949    17
STARLINK-6076
1 56100C 23046H   25222.09909722  .00004558  00000+0  33627-3 0  2222
2 56100  43.0011 228.7568 0001459 260.3397  52.7013 15.02533748    17
STARLINK-6095
1 56101C 23046J   25222.10256944 -.00006437  00000+0 -47503-3 0  2224
2 56101  43.0014 228.7238 0001339 269.6899  68.1845 15.02539660    14
STARLINK-6075
1 56102C 23046K   25222.10256944 -.00006460  00000+0 -47669-3 0  2224
2 56102  43.0016 228.6527 0001381 268.8516  99.0764 15.02539851    16
STARLINK-6096
1 56103C 23046L   25222.10534722  .00005878  00000+0  43373-3 0  2226
2 56103  43.0011 228.6626 0001165 282.8981  87.9362 15.02531292    15
STARLINK-6062
1 56104C 23046M   25222.10256944  .00006643  00000+0  49021-3 0  2221
2 56104  43.0010 228.6925 0001538 276.7061  73.1881 15.02524351    13
STARLINK-6066
1 56105C 23046N   25222.10604167  .00005841  00000+0  43102-3 0  2229
2 56105  43.0011 228.5008 0001436 279.6277 161.1977 15.02528857    13
STARLINK-6030
1 56107C 23046Q   25222.10118056  .00000632  00000+0  46614-4 0  2223
2 56107  43.0011 228.4531 0001329 270.1541 174.3807 15.02539585    14
STARLINK-6081
1 56108C 23046R   25222.09840278 -.00020452  00000+0 -15091-2 0  2227
2 56108  43.0015 228.6583 0001477 269.1808  82.2009 15.02554799    11
STARLINK-6083
1 56109C 23046S   25222.10326389  .00004817  00000+0  35543-3 0  2222
2 56109  43.0012 228.4862 0001495 276.3441 161.4587 15.02531366    16
STARLINK-6082
1 56110C 23046T   25222.10395833  .00006551  00000+0  48330-3 0  2229
2 56110  43.0011 228.5576 0001363 269.2754 142.2048 15.02535040    14
STARLINK-6084
1 56111C 23046U   25222.09909722  .00004931  00000+0  36385-3 0  2223
2 56111  43.0008 228.3218 0001312 296.7365 196.6529 15.02528785    14
STARLINK-6080
1 56112C 23046V   25222.10048611  .00006031  00000+0  44508-3 0  2226
2 56112  43.0009 228.3857 0001353 267.3990 203.4682 15.02525798    16
STARLINK-6113
1 56113C 23046W   25222.08798611  .00005739  00000+0  42347-3 0  2229
2 56113  43.0009 228.3270 0001453 273.4742 183.7791 15.02528396    18
STARLINK-6101
1 56115C 23046Y   25222.08937500  .00006364  00000+0  46962-3 0  2225
2 56115  43.0011 228.2629 0001431 272.9109 215.9148 15.02523106    15
STARLINK-6114
1 56116C 23046Z   25222.10534722  .00002863  00000+0  21118-3 0  2224
2 56116  43.0010 228.3187 0001311 275.1951 239.9358 15.02547709    16
STARLINK-6107
1 56117C 23046AA  25222.09840278  .00006662  00000+0  49167-3 0  2224
2 56117  43.0010 215.9440 0001387 271.8161 329.9675 15.02522400    13
STARLINK-6105
1 56118C 23046AB  25222.11159722  .00024899  00000+0  50498-3 0  2226
2 56118  43.0007 193.6104 0000971 227.4951 195.1098 15.45487987    10
STARLINK-6091
1 56119C 23046AC  25222.10534722  .00005656  00000+0  41744-3 0  2227
2 56119  43.0009 216.0359 0001400 268.5349 316.7568 15.02522576    10
STARLINK-6079
1 56120C 23046AD  25222.10326389  .00010549  00000+0  77922-3 0  2221
2 56120  43.0014 216.1448 0001658 265.9609 265.9707 15.02484106    19
STARLINK-6092
1 56121C 23046AE  25222.10465278  .00003807  00000+0  28089-3 0  2222
2 56121  43.0009 216.0828 0001407 282.2114 281.2848 15.02530589    14
STARLINK-6094
1 56122C 23046AF  25222.09215278  .00005200  00000+0  38362-3 0  2228
2 56122  43.0007 228.3179 0001635 271.8268 201.9533 15.02534235    17
STARLINK-6115
1 56123C 23046AG  25222.09840278  .00006398  00000+0  47213-3 0  2227
2 56123  43.0011 215.9574 0001380 272.2217 323.5456 15.02525778    17
STARLINK-6126
1 56124C 23046AH  25222.10048611  .00006827  00000+0  50422-3 0  2224
2 56124  43.0008 216.1184 0001281 258.0140 277.0266 15.02495271    17
STARLINK-6119
1 56125C 23046AJ  25222.09979167 -.00007242  00000+0 -53443-3 0  2222
2 56125  43.0013 215.9884 0001303 269.7629 315.4950 15.02539490    13
STARLINK-6124
1 56126C 23046AK  25222.10187500 -.00003840  00000+0 -28338-3 0  2222
2 56126  43.0008 215.8928 0001326 267.4113   5.1933 15.02532880    14
STARLINK-6104
1 56127C 23046AL  25222.10256944 -.00012692  00000+0 -93657-3 0  2223
2 56127  43.0011 215.7841 0001308 268.7952  49.6415 15.02544390    14
STARLINK-6122
1 56128C 23046AM  25222.09979167 -.00007117  00000+0 -52520-3 0  2221
2 56128  43.0011 216.0165 0001321 267.6715 305.5637 15.02537907    14
STARLINK-6121
1 56129C 23046AN  25222.10534722 -.00012784  00000+0 -94359-3 0  2220
2 56129  43.0026 163.9342 0001393 266.7856  43.0128 15.02536177    10
STARLINK-6117
1 56130C 23046AP  25222.10465278  .00023761  00000+0  17541-2 0  2223
2 56130  43.0013 215.8364 0001065 270.9142  34.6909 15.02494257    15
STARLINK-6120
1 56131C 23046AQ  25222.09909722  .00043562  00000+0  32161-2 0  2225
2 56131  43.0010 215.6735 0001735 264.8256  88.8548 15.02469950    17
STARLINK-6071
1 56132C 23046AR  25222.10187500  .00007310  00000+0  53944-3 0  2224
2 56132  43.0006 215.8090 0001452 274.2610  34.4088 15.02525005    14
STARLINK-5566
1 56133C 23046AS  25222.10604167  .00006124  00000+0  45197-3 0  2221
2 56133  43.0007 215.5068 0001389 274.4828 170.9548 15.02521803    19
STARLINK-5564
1 56134C 23046AT  25222.10187500 -.00009171  00000+0 -67670-3 0  2226
2 56134  43.0008 215.7633 0001314 267.0713  59.6291 15.02542440    18
STARLINK-5489
1 56136C 23046AV  25222.10534722 -.00007488  00000+0 -55254-3 0  2224
2 56136  43.0013 215.6845 0001311 268.2225 101.3131 15.02540509    10
STARLINK-5090
1 56137C 23046AW  25222.12340278 -.00002678  00000+0 -19761-3 0  2227
2 56137  43.0011 215.2959 0001315 268.2619 319.2593 15.02537656    13
STARLINK-4774
1 56138C 23046AX  25222.11715278  .00005276  00000+0  38937-3 0  2224
2 56138  43.0009 215.5374 0001598 263.5642 205.9044 15.02519889    12
STARLINK-5375
1 56140C 23046AZ  25222.11854167  .00004984  00000+0  36775-3 0  2221
2 56140  43.0007 215.5008 0001257 267.2738 221.8111 15.02527067    15
STARLINK-5377
1 56141C 23046BA  25222.12270833 -.00001515  00000+0 -11183-3 0  2220
2 56141  43.0010 215.2853 0001374 273.1330 316.6586 15.02532399    12
STARLINK-5376
1 56142C 23046BB  25222.12131944 -.00005730  00000+0 -42281-3 0  2226
2 56142  43.0010 215.4357 0001296 268.4344 253.7211 15.02537564    14
STARLINK-5016
1 56143C 23046BC  25222.12409722  .00005579  00000+0  41177-3 0  2221
2 56143  43.0012 215.2081 0001376 267.9127 359.4553 15.02519896    12
STARLINK-5374
1 56144C 23046BD  25222.12201389  .00004843  00000+0  35739-3 0  2221
2 56144  43.0012 215.3936 0001335 271.2454 272.7172 15.02525993    18
STARLINK-5111
1 56146C 23046BF  25222.12062500  .00004750  00000+0  35047-3 0  2222
2 56146  43.0007 215.2567 0000697 287.9203 308.6084 15.02529307    13
STARLINK-5140
1 56147C 23046BG  25222.11645833 -.00001136  00000+0 -83840-4 0  2220
2 56147  43.0020 177.3629 0001256 264.7430 178.2173 15.02535974    10
STARLINK-5089
1 56148C 23046BH  25222.11715278 -.00002756  00000+0 -20336-3 0  2221
2 56148  43.0018 177.4047 0001325 266.4221 162.3064 15.02531820    16
STARLINK-30107
1 56287C 23056B   25222.09770833 -.00002920  00000+0 -21545-3 0  2227
2 56287  43.0019 280.1768 0001591 266.8666  68.7008 15.02533335    15
STARLINK-30106
1 56288C 23056C   25222.10256944  .00011158  00000+0  82364-3 0  2229
2 56288  43.0014 279.7415 0001743 273.4755 268.7477 15.02507405    17
STARLINK-30095
1 56289C 23056D   25222.09770833 -.00006105  00000+0 -45065-3 0  2221
2 56289  43.0012 253.9997 0001626 280.7252  70.2583 15.02527740    16
STARLINK-30103
1 56290C 23056E   25222.09840278  .00011156  00000+0  82344-3 0  2225
2 56290  43.0016 279.7213 0001637 267.7403 269.9461 15.02510321    13
STARLINK-30113
1 56291C 23056F   25222.09631944  .00011377  00000+0  83979-3 0  2224
2 56291  43.0016 279.8095 0001584 268.3663 221.9877 15.02509326    11
STARLINK-30098
1 56292C 23056G   25222.10395833 -.00015589  00000+0 -11503-2 0  2225
2 56292  43.0023 279.6331 0001428 268.0601 317.7285 15.02548454    19
STARLINK-30090
1 56293C 23056H   25222.09909722  .00011160  00000+0  82380-3 0  2223
2 56293  43.0020 280.4216 0001540 268.2974 326.6317 15.02507856    15
STARLINK-30049
1 56294C 23056J   25222.09770833 -.00014446  00000+0 -10660-2 0  2226
2 56294  43.0019 280.3282 0001473 266.9756 338.4708 15.02547052    11
STARLINK-30083
1 56295C 23056K   25222.10326389 -.00005609  00000+0 -41391-3 0  2229
2 56295  43.0010 254.1267 0001476 274.3565  34.5103 15.02537511    11
STARLINK-30089
1 56296C 23056L   25222.09909722  .00008947  00000+0  66033-3 0  2222
2 56296  43.0011 241.1121 0001615 267.4226  17.5257 15.02518580    16
STARLINK-30086
1 56297C 23056M   25222.09354167 -.00007315  00000+0 -53977-3 0  2223
2 56297  43.0017 280.0930 0001585 268.8328  62.2558 15.02538904    10
STARLINK-30109
1 56298C 23056N   25222.09909722 -.00012259  00000+0 -90464-3 0  2222
2 56298  43.0020 280.1498 0001444 266.9494  58.1623 15.02543929    12
STARLINK-30108
1 56299C 23056P   25222.10187500  .00010384  00000+0  76640-3 0  2222
2 56299  43.0013 267.5744 0001661 269.0404 249.3941 15.02515933    15
STARLINK-30104
1 56300C 23056Q   25222.10256944 -.00008635  00000+0 -63722-3 0  2229
2 56300  43.0016 279.6121 0001503 268.0572 328.2408 15.02540116    10
STARLINK-30101
1 56301C 23056R   25222.10048611 -.00017091  00000+0 -12612-2 0  2227
2 56301  43.0018 279.9904 0001590 271.5038 151.2388 15.02548395    15
STARLINK-30111
1 56302C 23056S   25222.09770833 -.00016085  00000+0 -11869-2 0  2229
2 56302  43.0015 279.8563 0001412 270.0139 173.7849 15.02549057    19
STARLINK-30099
1 56304C 23056U   25222.10187500  .00011522  00000+0  85033-3 0  2220
2 56304  43.0014 279.7793 0001594 268.6876 215.7362 15.02517330    12
STARLINK-30094
1 56305C 23056V   25222.10187500 -.00014724  00000+0 -10866-2 0  2221
2 56305  43.0016 279.7242 0001555 270.6023 231.8523 15.02545591    16
STARLINK-30112
1 56306C 23056W   25222.09770833 -.00012930  00000+0 -95414-3 0  2227
2 56306  43.0016 279.8974 0001546 268.1830 157.6022 15.02545151    19
STARLINK-6038
1 56317C 23058A   25222.09979167  .00001933  00000+0  15075-3 0  2226
2 56317  97.6523 222.8720 0001740 111.0179 126.6967 15.01268365    16
STARLINK-5988
1 56320C 23058D   25222.10395833  .00002232  00000+0  17415-3 0  2227
2 56320  97.6522 222.8770 0001780 134.2715 124.6823 15.01256050    18
STARLINK-5829
1 56347C 23058AG  25222.10465278  .00004590  00000+0  35795-3 0  2227
2 56347  97.6542 222.9914 0003594  77.2592  66.8190 15.01258808    11
STARLINK-5887
1 56349C 23058AJ  25222.10048611  .00003301  00000+0  25754-3 0  2220
2 56349  97.6536 223.0004 0003341  49.2656 102.3391 15.01249546    16
STARLINK-5886
1 56350C 23058AK  25222.10187500  .00004536  00000+0  35380-3 0  2220
2 56350  97.6539 222.9975 0003584  45.3603 103.7229 15.01253892    18
STARLINK-5891
1 56351C 23058AL  25222.10465278  .00004313  00000+0  33642-3 0  2224
2 56351  97.6534 223.0085 0003401  47.0347 137.0541 15.01254283    12
STARLINK-5885
1 56352C 23058AM  25222.10048611  .00003993  00000+0  31146-3 0  2223
2 56352  97.6541 222.9917 0003137  57.8567  73.7287 15.01253279    19
STARLINK-5874
1 56353C 23058AN  25222.10395833  .00002009  00000+0  15675-3 0  2221
2 56353  97.6529 223.0331 0001848  97.2193 153.1459 15.01256358    13
STARLINK-5877
1 56354C 23058AP  25222.10118056  .00005009  00000+0  39072-3 0  2222
2 56354  97.6542 222.9876 0003300  74.7497  49.2568 15.01255533    13
STARLINK-5533
1 56355C 23058AQ  25222.10465278  .00004020  00000+0  31349-3 0  2225
2 56355  97.6533 223.0201 0002069  35.6991 178.3096 15.01268674    14
STARLINK-5535
1 56356C 23058AR  25222.10118056  .00007039  00000+0  54900-3 0  2226
2 56356  97.6533 223.0129 0002208  57.0834 128.1254 15.01257608    17
STARLINK-5538
1 56357C 23058AS  25222.10534722  .00003551  00000+0  27691-3 0  2221
2 56357  97.6533 223.0202 0002621  57.4610 159.0327 15.01262528    16
STARLINK-5482
1 56358C 23058AT  25222.10048611  .00003010  00000+0  23480-3 0  2221
2 56358  97.6533 223.0083 0003428  44.6489 126.9606 15.01249165    17
STARLINK-5551
1 56359C 23058AU  25222.10395833  .00003811  00000+0  29722-3 0  2227
2 56359  97.6533 223.0228 0002031  39.1484 179.8310 15.01264263    17
STARLINK-5549
1 56360C 23058AV  25222.10118056  .00003696  00000+0  28826-3 0  2224
2 56360  97.6533 223.0204 0001807  67.5673 137.7781 15.01259789    10
STARLINK-5550
1 56361C 23058AW  25222.10534722  .00002099  00000+0  16373-3 0  2227
2 56361  97.6533 223.0286 0001783  66.3567 171.4998 15.01259275    18
STARLINK-5972
1 56362C 23058AX  25222.10256944  .00003405  00000+0  26562-3 0  2228
2 56362  97.6533 223.0295 0001242 125.6798 107.1648 15.01259998    14
STARLINK-6156
1 56374C 23061A   25222.10256944  .00007824  00000+0  57759-3 0  2226
2 56374  43.0015 267.3916 0001302 266.1342 106.1965 15.02510306    16
STARLINK-6158
1 56375C 23061B   25222.10187500 -.00031087  00000+0 -22945-2 0  2226
2 56375  43.0018 267.3212 0001200 269.1661 129.5041 15.02554857    16
STARLINK-6188
1 56376C 23061C   25222.10534722 -.00009043  00000+0 -66725-3 0  2221
2 56376  43.0022 267.0283 0001476 269.3432 262.2619 15.02544146    16
STARLINK-6189
1 56377C 23061D   25222.10534722 -.00008025  00000+0 -59221-3 0  2224
2 56377  43.0017 267.2598 0001406 268.1323 167.3044 15.02540380    14
STARLINK-6191
1 56378C 23061E   25222.10187500 -.00005058  00000+0 -37322-3 0  2224
2 56378  43.0018 267.3282 0001375 268.5065 124.0819 15.02539179    13
STARLINK-6157
1 56379C 23061F   25222.10534722  .00007747  00000+0  57176-3 0  2221
2 56379  43.0017 267.1158 0001611 274.6734 220.8744 15.02517705    10
STARLINK-6159
1 56381C 23061H   25222.10326389 -.00015103  00000+0 -11143-2 0  2222
2 56381  43.0017 267.2127 0001502 270.0249 178.1498 15.02552537    13
STARLINK-6160
1 56382C 23061J   25222.10118056 -.00001517  00000+0 -11196-3 0  2226
2 56382  43.0018 267.0611 0001417 267.2885 235.7599 15.02531900    13
STARLINK-6166
1 56383C 23061K   25222.10465278  .00007729  00000+0  57045-3 0  2220
2 56383  43.0018 267.0720 0001553 266.3482 243.4655 15.02514725    14
STARLINK-6153
1 56384C 23061L   25222.10395833  .00008443  00000+0  62307-3 0  2221
2 56384  43.0019 266.9464 0001891 259.8127 300.3398 15.02521768    19
STARLINK-6173
1 56385C 23061M   25222.10465278 -.00016549  00000+0 -12210-2 0  2228
2 56385  43.0015 266.9886 0001411 269.0462 276.8182 15.02554776    10
STARLINK-5836
1 56386C 23061N   25222.09979167  .00008214  00000+0  60625-3 0  2226
2 56386  43.0018 266.8806 0001491 265.9783 307.6901 15.02515033    19
STARLINK-6178
1 56387C 23061P   25222.10465278  .00006822  00000+0  50321-3 0  2227
2 56387  43.0016 266.7291 0001664 281.0722  12.9070 15.02540856    13
STARLINK-6176
1 56388C 23061Q   25222.10187500 -.00001940  00000+0 -14312-3 0  2225
2 56388  43.0018 267.2478 0001382 267.6127 155.0346 15.02537074    18
STARLINK-6145
1 56389C 23061R   25222.10465278  .00008157  00000+0  60205-3 0  2224
2 56389  43.0018 266.8978 0001553 268.1498 313.8132 15.02513539    13
STARLINK-6298
1 56391C 23061T   25222.10256944  .00008305  00000+0  61261-3 0  2223
2 56391  43.0017 266.8215 0001569 295.3231 311.2815 15.02540409    19
STARLINK-6301
1 56392C 23061U   25222.10256944 -.00009275  00000+0 -68438-3 0  2226
2 56392  43.0012 254.7239 0001375 269.6704 322.9844 15.02545139    17
STARLINK-6303
1 56393C 23061V   25222.09979167  .00008766  00000+0  64699-3 0  2221
2 56393  43.0012 266.7982 0001504 267.9092 341.8153 15.02518330    17
STARLINK-6305
1 56394C 23061W   25222.10465278  .00006936  00000+0  51195-3 0  2221
2 56394  43.0008 254.5725 0001467 267.8673  36.1987 15.02515625    18
STARLINK-6273
1 56395C 23061X   25222.10534722  .00006882  00000+0  50768-3 0  2228
2 56395  43.0012 254.6074 0001401 259.4868  30.1723 15.02535534    16
STARLINK-6302
1 56396C 23061Y   25222.10256944 -.00015425  00000+0 -11382-2 0  2229
2 56396  43.0015 254.5103 0001411 271.3278  51.4958 15.02549145    10
STARLINK-6271
1 56397C 23061Z   25222.10395833  .00007274  00000+0  53671-3 0  2220
2 56397  43.0013 254.6463 0001408 283.3370 346.8859 15.02527377    15
STARLINK-6288
1 56398C 23061AA  25222.10256944  .00027552  00000+0  20334-2 0  2220
2 56398  43.0012 254.4683 0001437 277.6059  63.1571 15.02499739    19
STARLINK-6277
1 56399C 23061AB  25222.10465278  .00040180  00000+0  29658-2 0  2223
2 56399  43.0013 254.5288 0001196 270.7011  51.2946 15.02481846    11
STARLINK-6267
1 56400C 23061AC  25222.10118056  .00007223  00000+0  53304-3 0  2222
2 56400  43.0010 254.4035 0001501 266.2242  97.1655 15.02524149    16
STARLINK-6256
1 56401C 23061AD  25222.10187500 -.00000244  00000+0 -18038-4 0  2227
2 56401  43.0008 241.4905 0001377 272.1188  51.5364 15.02539123    11
STARLINK-6284
1 56403C 23061AF  25222.09909722  .00007092  00000+0  52340-3 0  2224
2 56403  42.9999 254.4365 0001583 271.0371  69.0527 15.02521571    18
STARLINK-6287
1 56404C 23061AG  25222.10256944  .00007368  00000+0  54380-3 0  2220
2 56404  43.0014 254.2771 0001467 267.2655 151.7429 15.02516788    15
STARLINK-6285
1 56405C 23061AH  25222.10465278  .00007127  00000+0  52591-3 0  2228
2 56405  43.0015 254.3402 0001426 269.6374 130.5601 15.02523422    18
STARLINK-6283
1 56406C 23061AJ  25222.09979167 -.00006941  00000+0 -51211-3 0  2227
2 56406  43.0012 254.1747 0001384 271.0811 180.9430 15.02544882    14
STARLINK-6282
1 56407C 23061AK  25222.09840278  .00007424  00000+0  54784-3 0  2221
2 56407  43.0013 254.3298 0001424 273.6867 110.7338 15.02524259    17
STARLINK-6289
1 56408C 23061AL  25222.10465278 -.00006159  00000+0 -45448-3 0  2220
2 56408  43.0016 254.0393 0001342 266.4703 253.9770 15.02541646    11
STARLINK-6241
1 56409C 23061AM  25222.09909722  .00007380  00000+0  54458-3 0  2222
2 56409  43.0014 254.2535 0001212 272.5419 145.6820 15.02525743    11
STARLINK-6281
1 56410C 23061AN  25222.10118056 -.00008538  00000+0 -62997-3 0  2223
2 56410  43.0013 254.0533 0001368 270.6897 236.9445 15.02544892    12
STARLINK-6279
1 56411C 23061AP  25222.10187500 -.00012059  00000+0 -88991-3 0  2229
2 56411  43.0010 254.2102 0001373 268.7106 176.5824 15.02543990    19
STARLINK-6278
1 56412C 23061AQ  25222.10465278 -.00007787  00000+0 -57455-3 0  2224
2 56412  43.0013 253.9582 0001330 274.9245 281.5797 15.02543538    11
STARLINK-6258
1 56413C 23061AR  25222.09909722  .00007932  00000+0  58539-3 0  2224
2 56413  43.0012 254.1072 0001659 272.6593 205.6753 15.02518744    13
STARLINK-5136
1 56414C 23061AS  25222.11645833 -.00001614  00000+0 -11905-3 0  2227
2 56414  43.0009 253.8414 0001397 277.7349   6.7316 15.02539386    10
STARLINK-6268
1 56415C 23061AT  25222.05465278  .01162400  00000+0  20547-1 0  2224
2 56415  42.9975 249.6628 0001534 270.8990 143.9607 15.48312360    18
STARLINK-6260
1 56416C 23061AU  25222.09215278  .00006980  00000+0  51495-3 0  2229
2 56416  43.0011 241.6163 0001409 273.1880 327.7466 15.02531763    18
STARLINK-6261
1 56417C 23061AV  25222.10187500  .00008330  00000+0  61508-3 0  2225
2 56417  43.0013 253.9343 0001363 265.9150 293.7209 15.02501162    12
STARLINK-5356
1 56418C 23061AW  25222.12270833  .00007790  00000+0  57521-3 0  2229
2 56418  43.0009 241.2756 0001648 282.6341 196.0291 15.02500077    10
STARLINK-5350
1 56419C 23061AX  25222.12201389  .00006929  00000+0  51134-3 0  2227
2 56419  43.0013 253.7823 0001502 271.1425  55.4467 15.02522752    11
STARLINK-6272
1 56420C 23061AY  25222.10187500  .00006486  00000+0  47870-3 0  2225
2 56420  43.0009 241.3460 0001403 268.7937 115.0071 15.02520423    15
STARLINK-6270
1 56421C 23061AZ  25222.10395833 -.00009871  00000+0 -72833-3 0  2226
2 56421  43.0010 241.5906 0001359 270.8395  16.0367 15.02546036    13
STARLINK-6236
1 56422C 23061BA  25222.09909722  .00006508  00000+0  48026-3 0  2222
2 56422  43.0009 241.2760 0001476 271.9238 132.8979 15.02522175    19
STARLINK-6239
1 56423C 23061BB  25222.10118056 -.00002320  00000+0 -17116-3 0  2223
2 56423  43.0009 241.3061 0001351 271.9293 126.1208 15.02540812    17
STARLINK-6242
1 56424C 23061BC  25222.10326389 -.00004511  00000+0 -33287-3 0  2225
2 56424  43.0010 241.1644 0001375 270.2020 193.2256 15.02540220    12
STARLINK-6224
1 56425C 23061BD  25222.10118056  .00001107  00000+0  81649-4 0  2228
2 56425  43.0009 241.2179 0001310 279.9197 154.2081 15.02531061    11
STARLINK-5352
1 56426C 23061BE  25222.11854167  .00006689  00000+0  49358-3 0  2220
2 56426  43.0010 241.6671 0001535 272.7845  20.9454 15.02529318    10
STARLINK-5724
1 56427C 23061BF  25222.10118056  .00007241  00000+0  53431-3 0  2222
2 56427  43.0010 241.6374 0001569 272.2502 341.5582 15.02527741    15
STARLINK-6238
1 56428C 23061BG  25222.10256944 -.00002785  00000+0 -20550-3 0  2228
2 56428  43.0012 241.0793 0001495 282.5868 213.1570 15.02538216    14
STARLINK-6264
1 56429C 23061BH  25222.10118056  .00004707  00000+0  34718-3 0  2225
2 56429  43.0010 241.0429 0001781 268.9695 237.2106 15.02543607    15
STARLINK-5990
1 56448C 23064A   25222.10395833  .00012997  00000+0  10895-2 0  2228
2 56448  70.0023 318.0119 0003133 270.3134 347.5197 14.98306167    16
STARLINK-5986
1 56452C 23064E   25222.10604167  .00000544  00000+0  45553-4 0  2222
2 56452  70.0023 318.0806 0003335 269.3714 293.0037 14.98340261    11
STARLINK-5935
1 56453C 23064F   25222.10048611  .00014554  00000+0  12200-2 0  2226
2 56453  70.0024 318.0691 0003309 269.9958 284.9930 14.98303892    12
STARLINK-6050
1 56458C 23064L   25222.10118056  .00013229  00000+0  11091-2 0  2227
2 56458  70.0023 318.0157 0003353 270.5018 333.2412 14.98301318    11
STARLINK-6048
1 56459C 23064M   25222.10534722  .00011413  00000+0  95665-3 0  2223
2 56459  70.0024 317.8063 0003384 271.2138 174.1733 14.98309362    16
STARLINK-6047
1 56460C 23064N   25222.10534722  .00012612  00000+0  10571-2 0  2229
2 56460  70.0026 317.8802 0003479 270.9738 107.7842 14.98308997    14
STARLINK-6051
1 56463C 23064R   25222.09979167  .00012986  00000+0  10886-2 0  2229
2 56463  70.0022 318.0382 0003200 270.0962 303.6545 14.98304917    16
STARLINK-6043
1 56464C 23064S   25222.09979167  .00011917  00000+0  99893-3 0  2229
2 56464  70.0027 317.8686 0003294 270.5120 100.8057 14.98308746    19
STARLINK-6054
1 56465C 23064T   25222.10256944 -.00006811  00000+0 -57036-3 0  2225
2 56465  70.0003 277.7858 0003776 271.7936  26.8835 14.98365286    15
STARLINK-6053
1 56466C 23064U   25222.10187500  .00002924  00000+0  24503-3 0  2229
2 56466  70.0023 317.8137 0003383 270.9856 156.5622 14.98329883    18
STARLINK-6055
1 56467C 23064V   25222.10048611  .00004513  00000+0  37818-3 0  2228
2 56467  70.0015 298.0740 0003534 271.6344  37.0918 14.98324330    11
STARLINK-5523
1 56470C 23064Y   25222.10256944  .00009314  00000+0  78061-3 0  2221
2 56470  70.0015 298.0943 0003535 271.5321  25.9139 14.98315890    17
STARLINK-5521
1 56471C 23064Z   25222.10256944  .00009002  00000+0  75444-3 0  2228
2 56471  70.0014 298.0429 0003950 270.6280  71.8398 14.98317811    13
STARLINK-5545
1 56476C 23064AE  25222.10604167  .00008204  00000+0  68759-3 0  2221
2 56476  70.0016 298.0076 0003596 269.9792 113.7136 14.98318638    17
STARLINK-5534
1 56477C 23064AF  25222.10604167  .00009477  00000+0  79432-3 0  2225
2 56477  70.0012 297.8583 0003620 269.7994 248.0582 14.98312798    12
STARLINK-6214
1 56480C 23064AJ  25222.11229167  .00009780  00000+0  53801-3 0  2222
2 56480  69.9960 282.0718 0001801 266.0177 154.3673 15.13956792    19
STARLINK-6222
1 56481C 23064AK  25222.10395833  .00008061  00000+0  67563-3 0  2227
2 56481  70.0011 297.8367 0003438 270.3208 259.7129 14.98317027    15
STARLINK-6221
1 56484C 23064AN  25222.10465278  .00009646  00000+0  80843-3 0  2227
2 56484  70.0012 297.8604 0003367 270.1948 241.0684 14.98315888    16
STARLINK-6201
1 56486C 23064AQ  25222.10465278  .00010661  00000+0  89359-3 0  2229
2 56486  70.0013 297.8101 0003286 269.9468 286.3346 14.98312715    17
STARLINK-6196
1 56487C 23064AR  25222.10395833 -.00002067  00000+0 -17321-3 0  2222
2 56487  70.0003 277.7926 0003709 270.0579  58.7198 14.98335785    13
STARLINK-5923
1 56489C 23064AT  25222.10187500  .00004520  00000+0  37872-3 0  2221
2 56489  69.9998 277.9702 0003558 267.3923 252.4822 14.98335529    16
STARLINK-5842
1 56491C 23064AV  25222.10256944 -.00009628  00000+0 -80652-3 0  2223
2 56491  69.9998 277.9438 0003516 268.2884 277.8903 14.98353639    18
STARLINK-5529
1 56495C 23064AZ  25222.10673611  .00003256  00000+0  27289-3 0  2227
2 56495  70.0000 277.8582 0003581 273.0536   3.1863 14.98322353    12
STARLINK-5526
1 56496C 23064BA  25222.10534722 -.00048005  00000+0 -40206-2 0  2223
2 56496  69.9999 277.8363 0003756 270.9609  20.3144 14.98401015    11
STARLINK-5527
1 56497C 23064BB  25222.09909722 -.00002807  00000+0 -23520-3 0  2229
2 56497  70.0004 277.8267 0003428 270.5387   8.6358 14.98334927    13
STARLINK-5775
1 56503C 23065A   25222.10048611  .00008422  00000+0  62178-3 0  2220
2 56503  43.0023 280.4413 0001487 266.4973  29.9151 15.02506444    11
STARLINK-5716
1 56504C 23065B   25222.10187500  .00008649  00000+0  63855-3 0  2226
2 56504  43.0017 280.3909 0001528 266.1140  55.8586 15.02506267    16
STARLINK-5763
1 56505C 23065C   25222.09979167 -.00013722  00000+0 -10125-2 0  2224
2 56505  43.0019 280.3731 0001411 267.7869  54.8948 15.02550256    16
STARLINK-5340
1 56506C 23065D   25222.11854167  .00041768  00000+0  30843-2 0  2228
2 56506  43.0017 267.3566 0001428 279.3950 101.3593 15.02465629    17
STARLINK-5333
1 56507C 23065E   25222.12062500  .00006054  00000+0  44671-3 0  2226
2 56507  43.0012 241.2821 0001857 272.5447 134.7435 15.02528988    13
STARLINK-5335
1 56508C 23065F   25222.12201389  .00003780  00000+0  27893-3 0  2227
2 56508  43.0026 280.2070 0001470 273.0499 188.0212 15.02526614    11
STARLINK-5334
1 56509C 23065G   25222.11645833  .00009150  00000+0  67561-3 0  2226
2 56509  43.0026 280.1210 0001561 264.1685 214.9444 15.02501066    16
STARLINK-5339
1 56510C 23065H   25222.11993056  .00008941  00000+0  65995-3 0  2227
2 56510  43.0026 280.1896 0001518 265.0421 196.7605 15.02514328    19
STARLINK-5351
1 56511C 23065J   25222.12201389  .00004276  00000+0  31558-3 0  2225
2 56511  43.0021 280.0437 0001469 269.5712 257.6042 15.02527110    17
STARLINK-5349
1 56512C 23065K   25222.12270833 -.00001929  00000+0 -14232-3 0  2220
2 56512  43.0022 280.1216 0001465 265.4257 229.4721 15.02531618    19
STARLINK-5329
1 56513C 23065L   25222.11854167 -.00006834  00000+0 -50432-3 0  2220
2 56513  43.0016 280.0520 0001402 267.4412 246.9603 15.02538847    10
STARLINK-5348
1 56515C 23065N   25222.12340278  .00009461  00000+0  69828-3 0  2222
2 56515  43.0017 279.9829 0001471 265.9520 292.7876 15.02516417    11
STARLINK-5342
1 56516C 23065P   25222.12131944  .00009283  00000+0  68509-3 0  2228
2 56516  43.0025 280.0618 0001383 262.9286 254.4779 15.02517012    17
STARLINK-5345
1 56517C 23065Q   25222.11923611  .00004187  00000+0  30892-3 0  2220
2 56517  43.0024 279.8871 0001351 267.4775 316.7413 15.02534505    15
STARLINK-5346
1 56518C 23065R   25222.12270833 -.00013816  00000+0 -10192-2 0  2224
2 56518  43.0018 279.9428 0001591 269.3716 303.5957 15.02558151    10
STARLINK-6313
1 56519C 23065S   25222.09840278  .00008471  00000+0  62520-3 0  2229
2 56519  43.0016 279.9444 0001453 266.8450 228.6352 15.02518533    17
STARLINK-6344
1 56520C 23065T   25222.09979167  .00008886  00000+0  65593-3 0  2224
2 56520  43.0019 280.0237 0001455 265.6279 201.3308 15.02510819    11
STARLINK-6333
1 56521C 23065U   25222.09840278 -.00002419  00000+0 -17853-3 0  2229
2 56521  43.0017 279.6429 0001427 265.7722 355.9484 15.02532518    11
STARLINK-6327
1 56522C 23065V   25222.10256944  .00008743  00000+0  64541-3 0  2223
2 56522  43.0017 279.9367 0001637 285.2347 226.8310 15.02510973    14
STARLINK-6328
1 56523C 23065W   25222.10395833  .00008965  00000+0  66163-3 0  2223
2 56523  43.0017 279.6711 0001441 265.5180   2.2441 15.02516734    16
STARLINK-6323
1 56524C 23065X   25222.09979167  .00008992  00000+0  66383-3 0  2224
2 56524  43.0025 279.8060 0001401 265.4148 291.7125 15.02508972    13
STARLINK-6329
1 56525C 23065Y   25222.08173611 -.00012513  00000+0 -92334-3 0  2225
2 56525  43.0026 279.7112 0001470 268.5920 274.8804 15.02544753    13
STARLINK-6317
1 56526C 23065Z   25222.09840278  .00008652  00000+0  63818-3 0  2229
2 56526  43.0026 279.7285 0001715 265.9449 319.6140 15.02541053    15
STARLINK-6335
1 56527C 23065AA  25222.10326389 -.00010274  00000+0 -75814-3 0  2228
2 56527  43.0019 279.6013 0001357 267.8726  26.1778 15.02543219    10
STARLINK-6337
1 56528C 23065AB  25222.10395833  .00006658  00000+0  49152-3 0  2224
2 56528  43.0026 279.6232 0001423 274.7602  11.0263 15.02511417    13
STARLINK-6307
1 56529C 23065AC  25222.10048611  .00007901  00000+0  58285-3 0  2223
2 56529  43.0014 267.3522 0001288 277.9558  47.0105 15.02538462    14
STARLINK-6318
1 56530C 23065AD  25222.10256944  .00003843  00000+0  28347-3 0  2222
2 56530  43.0013 254.1669 0001500 281.7879 119.2047 15.02545260    18
STARLINK-6280
1 56531C 23065AE  25222.09840278  .00008115  00000+0  59921-3 0  2229
2 56531  43.0012 267.3206 0001437 265.1588  66.7137 15.02500127    12
STARLINK-6319
1 56532C 23065AF  25222.10048611  .00003572  00000+0  26362-3 0  2228
2 56532  43.0016 267.4357 0001371 267.7775  21.2221 15.02528203    13
STARLINK-6310
1 56533C 23065AG  25222.10465278 -.00008112  00000+0 -59860-3 0  2227
2 56533  43.0017 267.1967 0001402 268.7536 132.9753 15.02541294    15
STARLINK-6308
1 56534C 23065AH  25222.09840278  .00016382  00000+0  12087-2 0  2228
2 56534  43.0017 267.4041 0001347 268.9611  26.6407 15.02521605    15
STARLINK-6309
1 56535C 23065AJ  25222.10187500  .00008734  00000+0  64481-3 0  2221
2 56535  43.0028 293.2390 0001529 271.8682 117.6137 15.02506868    10
STARLINK-6312
1 56536C 23065AK  25222.10256944 -.00004982  00000+0 -36762-3 0  2225
2 56536  43.0028 293.1502 0001498 268.7245 160.5520 15.02536871    10
STARLINK-6311
1 56537C 23065AL  25222.10395833 -.00009461  00000+0 -69801-3 0  2224
2 56537  43.0033 293.1856 0001439 272.7462 145.9741 15.02549821    11
STARLINK-6314
1 56538C 23065AM  25222.09770833  .00007905  00000+0  58345-3 0  2220
2 56538  43.0014 267.1898 0001535 269.5233 112.6709 15.02515425    13
STARLINK-6135
1 56539C 23065AN  25222.09909722 -.00009985  00000+0 -73681-3 0  2224
2 56539  43.0022 293.0888 0001435 267.9317 178.6027 15.02543978    13
STARLINK-6136
1 56540C 23065AP  25222.09909722  .00004299  00000+0  31749-3 0  2226
2 56540  43.0030 293.0436 0001546 267.6593 196.9795 15.02499574    16
STARLINK-6249
1 56541C 23065AQ  25222.10187500  .00008625  00000+0  63676-3 0  2222
2 56541  43.0034 293.0387 0001399 266.9855 206.6413 15.02505604    13
STARLINK-6266
1 56542C 23065AR  25222.10395833 -.00005575  00000+0 -41141-3 0  2229
2 56542  43.0032 293.0989 0001409 265.9491 188.8896 15.02536523    17
STARLINK-6226
1 56544C 23065AT  25222.09909722 -.00003086  00000+0 -22771-3 0  2220
2 56544  43.0029 292.5203 0001385 265.6593  61.3084 15.02533251    10
STARLINK-6086
1 56545C 23065AU  25222.10465278  .00009142  00000+0  67443-3 0  2228
2 56545  43.0034 292.8797 0001708 270.5665 278.0843 15.02534132    11
STARLINK-6187
1 56546C 23065AV  25222.10118056 -.00000588  00000+0 -43408-4 0  2221
2 56546  43.0031 292.9999 0001500 265.8124 222.1010 15.02524154    10
STARLINK-6291
1 56547C 23065AW  25222.10534722 -.00011348  00000+0 -83744-3 0  2226
2 56547  43.0028 292.4507 0001381 267.1195 105.7185 15.02543257    11
STARLINK-6244
1 56548C 23065AX  25222.10187500 -.00003165  00000+0 -23360-3 0  2221
2 56548  43.0032 292.9359 0001443 267.7670 247.9239 15.02531997    17
STARLINK-6263
1 56549C 23065AY  25222.10534722 -.00014577  00000+0 -10755-2 0  2226
2 56549  43.0032 292.7158 0001349 266.8826 351.7378 15.02553226    18
STARLINK-6255
1 56550C 23065AZ  25222.10118056  .00008035  00000+0  59311-3 0  2228
2 56550  43.0032 292.8544 0001624 266.8554 281.1271 15.02514235    19
STARLINK-6199
1 56551C 23065BA  25222.10534722 -.00011367  00000+0 -83875-3 0  2227
2 56551  43.0032 292.6574 0001421 271.1220  11.5446 15.02547057    12
STARLINK-5802
1 56552C 23065BB  25222.10048611  .00007996  00000+0  59030-3 0  2222
2 56552  43.0032 292.7715 0001412 264.8346 315.4782 15.02508089    10
STARLINK-6074
1 56553C 23065BC  25222.10048611 -.00088696  00000+0 -65412-2 0  2221
2 56553  43.0024 292.6445 0001592 267.2004   7.1691 15.02642602    12
STARLINK-6295
1 56554C 23065BD  25222.09840278  .00008734  00000+0  64469-3 0  2224
2 56554  43.0031 292.7107 0001548 264.9863 334.0747 15.02512465    12
STARLINK-6252
1 56555C 23065BE  25222.09909722  .00008234  00000+0  60778-3 0  2229
2 56555  43.0027 292.5649 0001613 272.3613  30.5675 15.02512222    15
STARLINK-5302
1 56556C 23065BF  25222.12062500  .00009855  00000+0  72739-3 0  2228
2 56556  43.0027 292.4908 0001495 265.2641 136.2109 15.02513160    11
STARLINK-6265
1 56557C 23065BG  25222.10465278  .00009100  00000+0  67169-3 0  2220
2 56557  43.0023 292.4919 0001380 263.3593  87.6890 15.02512780    11
STARLINK-6286
1 56558C 23065BH  25222.09909722  .00006886  00000+0  50832-3 0  2223
2 56558  43.0031 292.9801 0001617 266.0813 216.5338 15.02511110    10
STARLINK-30122
1 56688C 23067A   25222.10326389  .00003289  00000+0  24276-3 0  2220
2 56688  43.0039 344.6878 0001384 267.0156 159.9432 15.02523089    16
STARLINK-30129
1 56689C 23067B   25222.10118056 -.00003939  00000+0 -29069-3 0  2220
2 56689  43.0044 344.5747 0001493 267.7793 202.0120 15.02530440    15
STARLINK-30124
1 56690C 23067C   25222.10187500 -.00001727  00000+0 -12745-3 0  2228
2 56690  43.0038 344.5401 0001930 263.0029 228.5775 15.02524166    11
STARLINK-30036
1 56692C 23067E   25222.10118056 -.00012364  00000+0 -91270-3 0  2229
2 56692  43.0037 344.4762 0001551 258.4220 265.4520 15.02529884    11
STARLINK-30067
1 56693C 23067F   25222.09701389 -.00011328  00000+0 -83625-3 0  2229
2 56693  43.0037 344.4122 0001524 258.6639 278.7092 15.02529341    17
STARLINK-30126
1 56694C 23067G   25222.09909722  .00001020  00000+0  75238-4 0  2229
2 56694  43.0036 344.4436 0001567 268.9193 261.5794 15.02547687    13
STARLINK-30121
1 56695C 23067H   25222.10326389  .00010797  00000+0  79697-3 0  2227
2 56695  43.0035 344.3156 0001312 268.1099 321.1134 15.02510019    16
STARLINK-30130
1 56697C 23067K   25222.09979167  .00002752  00000+0  20310-3 0  2225
2 56697  43.0037 344.0042 0001359 268.3550  86.3357 15.02522522    15
STARLINK-30068
1 56698C 23067L   25222.09770833 -.00007821  00000+0 -57752-3 0  2229
2 56698  43.0037 331.1179 0001356 260.5739  45.4033 15.02515185    18
STARLINK-30127
1 56699C 23067M   25222.10048611 -.00012447  00000+0 -91886-3 0  2220
2 56699  43.0036 344.3067 0001550 263.0576 329.1882 15.02529540    17
STARLINK-30053
1 56700C 23067N   25222.10326389 -.00009061  00000+0 -66887-3 0  2225
2 56700  43.0041 344.2451 0001603 258.8220   6.4950 15.02525936    15
STARLINK-30125
1 56701C 23067P   25222.09840278 -.00009656  00000+0 -71280-3 0  2225
2 56701  43.0036 344.2319 0001432 261.9530 355.0757 15.02526626    17
STARLINK-30117
1 56702C 23067Q   25222.10187500 -.00001881  00000+0 -13882-3 0  2226
2 56702  43.0038 344.6207 0001355 264.6440 172.8524 15.02530921    14
STARLINK-30132
1 56703C 23067R   25222.10118056 -.00007833  00000+0 -57792-3 0  2228
2 56703  43.0036 344.1663 0001432 267.7286  22.3433 15.02545087    19
STARLINK-30066
1 56704C 23067S   25222.09979167 -.00009431  00000+0 -69590-3 0  2220
2 56704  43.0042 343.9013 0001330 264.6052 126.1532 15.02544770    18
STARLINK-30080
1 56705C 23067T   25222.09840278 -.00000499  00000+0 -36859-4 0  2229
2 56705  43.0037 331.1344 0001470 276.5669  51.1189 15.02528192    15
STARLINK-30079
1 56706C 23067U   25222.10048611 -.00005520  00000+0 -40748-3 0  2224
2 56706  43.0037 344.0885 0001411 257.8408  64.5537 15.02526769    10
STARLINK-30070
1 56707C 23067V   25222.09701389  .00007955  00000+0  58728-3 0  2220
2 56707  43.0038 344.1508 0001274 267.5565  17.9269 15.02506513    13
STARLINK-30071
1 56708C 23067W   25222.10187500 -.00006988  00000+0 -51573-3 0  2224
2 56708  43.0036 343.9507 0001542 259.0097 124.9665 15.02536691    11
STARLINK-30085
1 56709C 23067X   25222.10048611 -.00005770  00000+0 -42580-3 0  2220
2 56709  43.0043 344.0424 0001305 264.1480  76.2641 15.02539417    12
STARLINK-6342
1 56770C 23078D   25222.08520833 -.00019685  00000+0 -16499-2 0  2227
2 56770  70.0017 177.9892 0003057 269.2611 346.2149 14.98346336    14
STARLINK-6296
1 56773C 23078G   25222.10048611  .00004041  00000+0  33866-3 0  2228
2 56773  70.0019 118.1204 0003036 271.3078 251.1373 14.98321671    19
STARLINK-6292
1 56775C 23078J   25222.10187500  .00001886  00000+0  15807-3 0  2220
2 56775  70.0019 118.0916 0003043 270.7732 281.6688 14.98324992    14
STARLINK-6274
1 56776C 23078K   25222.10326389  .00000609  00000+0  51012-4 0  2222
2 56776  70.0023 138.1247 0002991 262.4889 161.1796 14.98325410    10
STARLINK-5582
1 56777C 23078L   25222.10326389 -.00001997  00000+0 -16734-3 0  2227
2 56777  70.0024 158.1434 0003284 268.2172  19.1955 14.98328711    13
STARLINK-6304
1 56778C 23078M   25222.10534722 -.00005055  00000+0 -42372-3 0  2226
2 56778  70.0024 138.0939 0003085 270.3773 187.0573 14.98324189    17
STARLINK-6231
1 56779C 23078N   25222.09909722 -.00005328  00000+0 -44660-3 0  2226
2 56779  70.0027 137.9578 0003324 267.0616 291.7230 14.98323596    17
STARLINK-6352
1 56782C 23078R   25222.10256944 -.00001083  00000+0 -90786-4 0  2228
2 56782  70.0022 138.0755 0003104 269.9482 195.0022 14.98323179    15
STARLINK-6052
1 56793C 23078AC  25222.10048611 -.00005967  00000+0 -50003-3 0  2222
2 56793  70.0027 157.9476 0003913 260.6291 191.8678 14.98332733    13
STARLINK-6060
1 56794C 23078AD  25222.10118056  .00009259  00000+0  77631-3 0  2226
2 56794  70.0028 137.9272 0003128 272.7424 319.8355 14.98304616    10
STARLINK-6070
1 56802C 23078AM  25222.09979167  .00001531  00000+0  12833-3 0  2220
2 56802  70.0027 137.9370 0003195 266.1573 317.9731 14.98322273    10
STARLINK-6029
1 56803C 23078AN  25222.09979167 -.00013235  00000+0 -11094-2 0  2224
2 56803  70.0026 157.9237 0003078 269.5281 201.7588 14.98334301    12
STARLINK-6069
1 56804C 23078AP  25222.10187500 -.00001882  00000+0 -15777-3 0  2227
2 56804  70.0027 137.8749 0003110 271.7590   9.5089 14.98325838    19
STARLINK-6064
1 56805C 23078AQ  25222.09909722 -.00000456  00000+0 -38194-4 0  2229
2 56805  70.0027 137.9053 0003025 271.1167 332.6655 14.98326888    13
STARLINK-6040
1 56809C 23078AU  25222.09909722 -.00000152  00000+0 -12756-4 0  2222
2 56809  70.0023 157.8005 0003043 270.4874 309.6130 14.98319430    15
STARLINK-6031
1 56810C 23078AV  25222.10118056 -.00008826  00000+0 -73983-3 0  2222
2 56810  70.0026 157.8950 0003089 269.8650 231.4105 14.98330194    17
STARLINK-6056
1 56813C 23078AY  25222.10048611 -.00005122  00000+0 -42930-3 0  2228
2 56813  70.0023 157.7727 0003268 267.7992 341.3815 14.98329177    11
STARLINK-5982
1 56817C 23078BC  25222.09840278 -.00003723  00000+0 -31207-3 0  2229
2 56817  70.0026 157.8762 0003054 269.1762 239.6234 14.98329706    14
STARLINK-6028
1 56818C 23078BD  25222.10604167 -.00003076  00000+0 -25786-3 0  2223
2 56818  70.0023 157.7570 0002932 269.0799  10.9509 14.98327036    10
STARLINK-30119
1 56823C 23079A   25222.10187500  .00000094  00000+0  69640-5 0  2221
2 56823  43.0022 177.2262 0001193 262.3875 125.7907 15.02533291    14
STARLINK-30120
1 56824C 23079B   25222.10256944 -.00008345  00000+0 -61588-3 0  2221
2 56824  43.0019 177.1818 0001025 268.6731 141.3155 15.02535821    11
STARLINK-30084
1 56825C 23079C   25222.10118056 -.00006194  00000+0 -45716-3 0  2228
2 56825  43.0020 177.1430 0001137 266.5087 153.9811 15.02531456    17
STARLINK-30114
1 56826C 23079D   25222.10187500 -.00012421  00000+0 -91678-3 0  2227
2 56826  43.0020 177.1625 0001203 263.9017  70.3355 15.02537223    15
STARLINK-30151
1 56827C 23079E   25222.09701389 -.00007878  00000+0 -58142-3 0  2222
2 56827  43.0018 177.0746 0001240 265.3730 168.6237 15.02532834    18
STARLINK-30152
1 56828C 23079F   25222.09840278 -.00008203  00000+0 -60538-3 0  2229
2 56828  43.0021 177.0294 0000740 293.2711 166.2605 15.02538116    16
STARLINK-30128
1 56832C 23079K   25222.09631944 -.00006530  00000+0 -48191-3 0  2224
2 56832  43.0016 151.1146 0001002 259.7816 341.6254 15.02532887    17
STARLINK-30131
1 56833C 23079L   25222.10256944 -.00012825  00000+0 -94665-3 0  2221
2 56833  43.0017 151.0989 0001214 262.8158  72.4465 15.02533675    11
STARLINK-30069
1 56834C 23079M   25222.10881944  .00008522  00000+0  62771-3 0  2226
2 56834  43.0018 176.9260 0001285 275.5933 259.2280 15.02594771    15
STARLINK-30144
1 56835C 23079N   25222.10187500  .00006806  00000+0  50209-3 0  2220
2 56835  43.0022 176.9272 0000999 254.4197 259.9049 15.02535453    15
STARLINK-30142
1 56836C 23079P   25222.10256944  .00002660  00000+0  19624-3 0  2220
2 56836  43.0019 176.8761 0001155 267.2668 268.8789 15.02536586    12
STARLINK-30133
1 56837C 23079Q   25222.09840278  .00006335  00000+0  46754-3 0  2225
2 56837  43.0018 176.8463 0001170 265.0810 266.5970 15.02522620    14
STARLINK-30123
1 56838C 23079R   25222.10118056 -.00006964  00000+0 -25240-3 0  2227
2 56838  43.0006 148.8743 0001686 273.6930 188.3495 15.27564142    17
STARLINK-30076
1 56839C 23079S   25222.09770833 -.00017832  00000+0 -13162-2 0  2228
2 56839  43.0019 176.8027 0001247 265.8631 280.0953 15.02541425    13
STARLINK-30073
1 56840C 23079T   25222.11020833  .00118260  00000+0  35822-2 0  2223
2 56840  42.9981 104.3535 0008060 248.1318 223.8638 15.33184120    11
STARLINK-30078
1 56841C 23079U   25222.10118056 -.00015944  00000+0 -57773-3 0  2225
2 56841  43.0028 174.2996 0001668 263.2893 279.7700 15.27579700    11
STARLINK-30135
1 56842C 23079V   25222.09701389 -.00007697  00000+0 -56807-3 0  2224
2 56842  43.0021 177.1947 0001051 270.8378  73.0705 15.02534196    14
STARLINK-30137
1 56843C 23079W   25222.09770833 -.00009536  00000+0 -70383-3 0  2224
2 56843  43.0021 177.0211 0001008 267.5963 152.2071 15.02535200    16
STARLINK-30136
1 56844C 23079X   25222.09631944 -.00012583  00000+0 -92867-3 0  2221
2 56844  43.0011 177.3639 0001236 264.6148   3.4008 15.02540042    16
STARLINK-6206
1 56876C 23083A   25222.10187500  .00012701  00000+0  93734-3 0  2221
2 56876  43.0024 151.8886 0001407 262.8306 236.0607 15.02515514    17
STARLINK-6209
1 56877C 23083B   25222.09840278 -.00004785  00000+0 -35302-3 0  2220
2 56877  43.0021 151.8054 0001221 247.3575 274.7939 15.02542465    14
STARLINK-6182
1 56878C 23083C   25222.09909722 -.00002947  00000+0 -21747-3 0  2227
2 56878  43.0027 151.8879 0001174 266.7087 223.1097 15.02538956    19
STARLINK-5707
1 56879C 23083D   25222.10326389 -.00001765  00000+0 -13022-3 0  2226
2 56879  43.0026 151.8223 0001324 261.7392 268.7184 15.02536066    15
STARLINK-6177
1 56880C 23083E   25222.10256944 -.00013283  00000+0 -98040-3 0  2228
2 56880  43.0024 151.6076 0001253 264.7205 352.1573 15.02536959    17
STARLINK-5853
1 56881C 23083F   25222.10256944 -.00003340  00000+0 -24657-3 0  2225
2 56881  43.0026 151.7952 0001259 267.2334 271.5030 15.02524303    13
STARLINK-6175
1 56882C 23083G   25222.09909722  .00012922  00000+0  95368-3 0  2224
2 56882  43.0018 151.6433 0001343 261.7180 330.3279 15.02514435    14
STARLINK-6171
1 56883C 23083H   25222.10326389 -.00000985  00000+0 -72686-4 0  2226
2 56883  43.0026 151.7449 0001316 266.5838 293.9294 15.02526439    13
STARLINK-5515
1 56884C 23083J   25222.10534722  .00001417  00000+0  10457-3 0  2225
2 56884  43.0019 151.5222 0001421 261.9982  39.9646 15.02529877    17
STARLINK-5095
1 56885C 23083K   25222.11854167  .00003611  00000+0  26653-3 0  2228
2 56885  43.0024 151.6200 0001284 262.4084  38.8738 15.02523975    10
STARLINK-5496
1 56886C 23083L   25222.09979167  .00012043  00000+0  88867-3 0  2228
2 56886  43.0024 151.5371 0001350 263.9751  13.8958 15.02519561    13
STARLINK-6180
1 56887C 23083M   25222.10326389  .00009908  00000+0  73115-3 0  2229
2 56887  43.0018 151.5761 0001377 262.5597  10.0733 15.02521726    18
STARLINK-6181
1 56888C 23083N   25222.10465278 -.00004317  00000+0 -31863-3 0  2226
2 56888  43.0027 151.3339 0001347 267.0010 109.3301 15.02530425    14
STARLINK-6169
1 56889C 23083P   25222.10048611 -.00024192  00000+0 -17844-2 0  2220
2 56889  43.0020 151.4902 0001285 266.6057  33.0266 15.02573556    17
STARLINK-5528
1 56890C 23083Q   25222.10118056 -.00008194  00000+0 -60479-3 0  2220
2 56890  43.0027 151.3667 0001295 262.1133  89.4253 15.02531160    16
STARLINK-6213
1 56891C 23083R   25222.09840278  .00012277  00000+0  90603-3 0  2224
2 56891  43.0018 151.4584 0001284 261.4532  44.9659 15.02517110    14
STARLINK-6219
1 56892C 23083S   25222.10326389  .00011969  00000+0  88338-3 0  2228
2 56892  43.0026 151.2572 0001332 262.1966 142.6986 15.02512519    19
STARLINK-6216
1 56893C 23083T   25222.10048611  .00006692  00000+0  49384-3 0  2223
2 56893  43.0022 151.4038 0001258 262.2864  73.4513 15.02523884    14
STARLINK-6144
1 56894C 23083U   25222.10395833 -.00002804  00000+0 -20692-3 0  2229
2 56894  43.0024 151.2686 0001301 278.7578 123.8701 15.02537609    16
STARLINK-6208
1 56895C 23083V   25222.09909722  .00000253  00000+0  18679-4 0  2223
2 56895  43.0025 151.2536 0001296 262.0619 132.2641 15.02533314    13
STARLINK-6202
1 56896C 23083W   25222.10465278 -.00001787  00000+0 -13187-3 0  2222
2 56896  43.0026 151.1576 0001298 263.8443 184.6201 15.02526737    18
STARLINK-6200
1 56897C 23083X   25222.10326389 -.00010387  00000+0 -76674-3 0  2228
2 56897  43.0019 151.2138 0001364 265.1339 157.7999 15.02531745    19
STARLINK-6205
1 56898C 23083Y   25222.10256944 -.00002664  00000+0 -19664-3 0  2223
2 56898  43.0028 151.0845 0001328 267.2444 206.0007 15.02528790    17
STARLINK-6203
1 56899C 23083Z   25222.10118056 -.00014125  00000+0 -10411-2 0  2220
2 56899  43.0022 151.1388 0001021 260.4772 187.1867 15.02593784    12
STARLINK-6207
1 56900C 23083AA  25222.10326389 -.00004429  00000+0 -32691-3 0  2224
2 56900  43.0026 138.9946 0001208 265.7280 191.2169 15.02530151    11
STARLINK-6185
1 56901C 23083AB  25222.10118056  .00008929  00000+0  65899-3 0  2228
2 56901  43.0028 151.0630 0001297 264.3662 213.4078 15.02517347    15
STARLINK-6195
1 56902C 23083AC  25222.09979167 -.00004239  00000+0 -31286-3 0  2220
2 56902  43.0026 138.9715 0001260 266.9153 189.2601 15.02528812    16
STARLINK-6192
1 56903C 23083AD  25222.09979167 -.00002408  00000+0 -17765-3 0  2223
2 56903  43.0028 151.1129 0001360 262.4971 189.6923 15.02536582    19
STARLINK-6193
1 56904C 23083AE  25222.10395833 -.00002784  00000+0 -20540-3 0  2220
2 56904  43.0029 138.6440 0001360 263.1396 341.8030 15.02537358    19
STARLINK-6183
1 56905C 23083AF  25222.09909722 -.00007445  00000+0 -54928-3 0  2223
2 56905  43.0021 138.9370 0001340 262.3788 208.0100 15.02548828    17
STARLINK-6098
1 56906C 23083AG  25222.10118056 -.00005044  00000+0 -37218-3 0  2224
2 56906  43.0026 138.8744 0001087 257.3729 242.3721 15.02539281    17
STARLINK-6110
1 56907C 23083AH  25222.10256944 -.00003878  00000+0 -28612-3 0  2225
2 56907  43.0026 138.8851 0001403 260.9599 240.2965 15.02538784    18
STARLINK-6186
1 56908C 23083AJ  25222.09909722  .00003322  00000+0  24510-3 0  2228
2 56908  43.0022 138.7595 0001484 263.2184 279.3473 15.02529341    10
STARLINK-5999
1 56909C 23083AK  25222.10048611 -.00002717  00000+0 -20046-3 0  2221
2 56909  43.0026 138.9358 0001353 263.3387 208.6071 15.02535747    11
STARLINK-6179
1 56910C 23083AL  25222.10534722 -.00017126  00000+0 -12633-2 0  2228
2 56910  43.0024 138.6528 0001387 263.0499 343.3616 15.02563297    18
STARLINK-6116
1 56911C 23083AM  25222.10326389  .00006196  00000+0  45717-3 0  2220
2 56911  43.0028 138.8194 0001163 271.1546 257.8867 15.02528617    13
STARLINK-5805
1 56912C 23083AN  25222.10604167 -.00005268  00000+0 -38883-3 0  2221
2 56912  43.0023 138.5905 0001351 266.5110   7.7849 15.02526302    11
STARLINK-5950
1 56913C 23083AP  25222.10118056  .00008612  00000+0  63552-3 0  2224
2 56913  43.0027 138.7869 0001375 264.5422 271.2664 15.02523749    12
STARLINK-5961
1 56914C 23083AQ  25222.10534722  .00007656  00000+0  56499-3 0  2226
2 56914  43.0029 138.5057 0001238 260.9676  45.5978 15.02523392    15
STARLINK-5965
1 56915C 23083AR  25222.09979167 -.00004196  00000+0 -30972-3 0  2227
2 56915  43.0029 138.7104 0001449 269.0173 295.3472 15.02528107    10
STARLINK-5973
1 56916C 23083AS  25222.10534722  .00005263  00000+0  38840-3 0  2220
2 56916  43.0027 138.2930 0001360 268.9838 127.7338 15.02524056    17
STARLINK-5971
1 56917C 23083AT  25222.09979167 -.00000427  00000+0 -31531-4 0  2225
2 56917  43.0021 138.5810 0001353 262.0533 356.4042 15.02532271    12
STARLINK-5951
1 56918C 23083AU  25222.10048611  .00010117  00000+0  74658-3 0  2220
2 56918  43.0031 138.4463 0001405 262.9872  53.3146 15.02521605    17
STARLINK-5966
1 56919C 23083AV  25222.10534722  .00013363  00000+0  98615-3 0  2229
2 56919  43.0022 138.4784 0001403 262.7601  55.8155 15.02517426    13
STARLINK-5960
1 56920C 23083AW  25222.10256944  .00001759  00000+0  12985-3 0  2220
2 56920  43.0029 138.3447 0001312 266.8811  96.7925 15.02521122    11
STARLINK-5958
1 56921C 23083AX  25222.09909722  .00011772  00000+0  86874-3 0  2222
2 56921  43.0031 138.4960 0001439 264.2576  26.4916 15.02519127    18
STARLINK-5937
1 56922C 23083AY  25222.10395833 -.00008933  00000+0 -65908-3 0  2229
2 56922  43.0022 138.1713 0001376 262.8304 180.4641 15.02545658    19
STARLINK-5952
1 56923C 23083AZ  25222.10465278  .00003428  00000+0  25299-3 0  2222
2 56923  43.0031 138.3807 0001491 264.2191  92.6805 15.02529721    13
STARLINK-5731
1 56924C 23083BA  25222.10118056  .00054476  00000+0  40226-2 0  2227
2 56924  43.0027 138.1985 0001718 256.3576 165.8678 15.02452804    13
STARLINK-5733
1 56925C 23083BB  25222.10534722 -.00007786  00000+0 -57424-3 0  2223
2 56925  43.0021 138.2054 0001213 262.8807 169.8251 15.02558160    18
STARLINK-5746
1 56926C 23083BC  25222.10187500  .00002450  00000+0  18084-3 0  2222
2 56926  43.0028 138.2652 0001258 268.2283 127.7255 15.02526190    12
STARLINK-5808
1 56927C 23083BD  25222.10048611  .00001788  00000+0  13193-3 0  2221
2 56927  43.0028  48.9302 0001409 266.3289  75.1323 15.02525772    12
STARLINK-5850
1 57049C 23088B   25222.10465278  .00009417  00000+0  69491-3 0  2223
2 57049  43.0017 177.5896 0001252 267.6600 213.2752 15.02521977    14
STARLINK-5845
1 57050C 23088C   25222.10118056  .00008955  00000+0  66081-3 0  2222
2 57050  43.0019 177.3790 0000847 254.6496 303.6410 15.02522473    14
STARLINK-5839
1 57051C 23088D   25222.10534722  .00003539  00000+0  26115-3 0  2222
2 57051  43.0018 177.3971 0001145 278.3662 284.4702 15.02529211    12
STARLINK-5860
1 57052C 23088E   25222.10187500  .00003871  00000+0  28565-3 0  2221
2 57052  43.0012 177.4612 0001130 269.5132 256.4873 15.02528551    12
STARLINK-5865
1 57053C 23088F   25222.09979167  .00008722  00000+0  64369-3 0  2220
2 57053  43.0014 177.2563 0001294 263.0909 341.6855 15.02518455    19
STARLINK-5881
1 57054C 23088G   25222.09979167 -.00006359  00000+0 -46911-3 0  2220
2 57054  43.0023 177.1137 0001241 270.9163  34.0236 15.02547622    11
STARLINK-6237
1 57055C 23088H   25222.09840278 -.00009379  00000+0 -69205-3 0  2227
2 57055  43.0021 177.3631 0001323 266.3920 288.8796 15.02543113    13
STARLINK-6353
1 57056C 23088J   25222.10187500 -.00008130  00000+0 -59987-3 0  2222
2 57056  43.0022 177.1134 0001294 266.4059  43.8318 15.02543164    17
STARLINK-6223
1 57057C 23088K   25222.10187500 -.00004606  00000+0 -33988-3 0  2220
2 57057  43.0022 177.0486 0001189 266.6892  61.6018 15.02536268    19
STARLINK-6217
1 57058C 23088L   25222.10326389  .00005791  00000+0  42713-3 0  2221
2 57058  43.0022 177.1494 0001258 265.8967  33.7536 15.02541717    11
STARLINK-6211
1 57059C 23088M   25222.09909722  .00001546  00000+0  11411-3 0  2223
2 57059  43.0022 177.5055 0001146 271.2435 221.6968 15.02531831    19
STARLINK-6227
1 57060C 23088N   25222.10118056  .00003995  00000+0  29482-3 0  2226
2 57060  43.0019 177.5391 0001189 266.8811 219.3070 15.02528763    13
STARLINK-5869
1 57061C 23088P   25222.10048611 -.00042563  00000+0 -31409-2 0  2223
2 57061  43.0011 176.9472 0001330 266.7778 108.0852 15.02573763    10
STARLINK-5536
1 57062C 23088Q   25222.10256944  .00011291  00000+0  83324-3 0  2220
2 57062  43.0027 163.8861 0001287 261.5239 135.2697 15.02517879    16
STARLINK-5832
1 57063C 23088R   25222.10534722  .00009453  00000+0  69750-3 0  2228
2 57063  43.0014 176.8326 0001191 270.4007 166.8345 15.02528067    10
STARLINK-5822
1 57064C 23088S   25222.10604167  .00001876  00000+0  13840-3 0  2220
2 57064  43.0018 177.2977 0001301 263.7978 338.8803 15.02530192    19
STARLINK-5830
1 57065C 23088T   25222.10256944  .00003173  00000+0  23413-3 0  2226
2 57065  43.0015 177.5660 0001248 268.6117 207.0531 15.02527275    11
STARLINK-5827
1 57066C 23088U   25222.10534722  .00009644  00000+0  71167-3 0  2228
2 57066  43.0019 176.8783 0001314 263.7096 155.5043 15.02521843    10
STARLINK-5824
1 57067C 23088V   25222.10256944  .00009532  00000+0  70381-3 0  2229
2 57067  43.0012 177.2672 0001222 264.6649 337.3644 15.02498748    12
STARLINK-5844
1 57068C 23088W   25222.09979167  .00007168  00000+0  52891-3 0  2226
2 57068  43.0016 176.8202 0001268 265.8328 159.3612 15.02525585    15
STARLINK-5821
1 57069C 23088X   25222.10256944  .00025486  00000+0  18826-2 0  2222
2 57069  43.0021 164.4916 0001117 263.5736 246.7652 15.02468639    19
STARLINK-5828
1 57070C 23088Y   25222.10187500  .00006359  00000+0  46921-3 0  2221
2 57070  43.0016 164.7279 0001241 273.3278 137.0566 15.02527274    15
STARLINK-5834
1 57071C 23088Z   25222.10326389  .00010090  00000+0  74466-3 0  2224
2 57071  43.0025 164.5881 0001195 262.3005 209.7228 15.02519509    11
STARLINK-5843
1 57072C 23088AA  25222.10604167  .00001466  00000+0  10820-3 0  2229
2 57072  43.0024 164.6468 0001281 261.7051 195.3243 15.02529336    19
STARLINK-5838
1 57073C 23088AB  25222.10256944  .00001578  00000+0  11645-3 0  2226
2 57073  43.0025 164.7070 0001369 261.6498 158.5422 15.02529703    10
STARLINK-5773
1 57074C 23088AC  25222.10256944 -.00000847  00000+0 -62507-4 0  2221
2 57074  43.0013 176.7608 0001168 265.0963 193.1737 15.02530956    16
STARLINK-5542
1 57075C 23088AD  25222.10326389 -.00013349  00000+0 -98524-3 0  2221
2 57075  43.0018 164.4306 0001408 268.5250 269.6293 15.02537637    14
STARLINK-6155
1 57076C 23088AE  25222.09909722  .00001414  00000+0  10435-3 0  2221
2 57076  43.0017 164.6568 0000912 273.1343 158.3083 15.02529697    18
STARLINK-6194
1 57077C 23088AF  25222.10187500 -.00007533  00000+0 -55598-3 0  2225
2 57077  43.0020 164.5103 0001173 265.4288 235.1316 15.02535814    10
STARLINK-6246
1 57078C 23088AG  25222.09423611 -.00006857  00000+0 -50606-3 0  2223
2 57078  43.0015 164.6653 0001332 266.7588 144.3583 15.02535001    15
STARLINK-6245
1 57079C 23088AH  25222.10326389 -.00005140  00000+0 -37935-3 0  2224
2 57079  43.0018 164.3587 0001199 265.7802 302.4344 15.02529379    14
STARLINK-6243
1 57080C 23088AJ  25222.09979167 -.00013243  00000+0 -97737-3 0  2221
2 57080  43.0027 164.5646 0001308 265.3935 205.8730 15.02539352    16
STARLINK-6184
1 57081C 23088AK  25222.10256944 -.00010684  00000+0 -78851-3 0  2227
2 57081  43.0027 164.3176 0001264 267.7052 314.7747 15.02536341    13
STARLINK-6248
1 57082C 23088AL  25222.10118056  .00004951  00000+0  36537-3 0  2222
2 57082  43.0028 164.4124 0001340 262.6060 276.2887 15.02525628    10
STARLINK-6253
1 57083C 23088AM  25222.09909722  .00003526  00000+0  26020-3 0  2222
2 57083  43.0021 164.2354 0001010 266.0089 339.7169 15.02525926    19
STARLINK-6240
1 57084C 23088AN  25222.10048611  .00003934  00000+0  29029-3 0  2221
2 57084  43.0026 164.3414 0001159 263.3952 301.7850 15.02528569    18
STARLINK-6232
1 57085C 23088AP  25222.10256944 -.00001616  00000+0 -11922-3 0  2222
2 57085  43.0026 164.1566 0001298 269.0585  19.5034 15.02535144    19
STARLINK-6247
1 57086C 23088AQ  25222.10118056 -.00010499  00000+0 -77490-3 0  2225
2 57086  43.0026 164.2942 0001135 264.0256 322.9610 15.02534507    12
STARLINK-6251
1 57087C 23088AR  25222.10465278 -.00014275  00000+0 -10532-2 0  2226
2 57087  43.0028 164.1037 0001275 269.9565  47.8900 15.02553757    14
STARLINK-6257
1 57088C 23088AS  25222.10256944 -.00001812  00000+0 -13369-3 0  2220
2 57088  43.0028 164.2437 0001293 268.0727 344.4450 15.02532878    17
STARLINK-6259
1 57089C 23088AT  25222.10326389  .00001911  00000+0  14099-3 0  2221
2 57089  43.0018 163.9824 0001034 256.4122 108.0421 15.02534954    15
STARLINK-6254
1 57090C 23088AU  25222.09840278  .00003408  00000+0  25146-3 0  2227
2 57090  43.0027 164.1228 0001316 261.7559  28.3087 15.02529309    14
STARLINK-6262
1 57091C 23088AV  25222.10118056 -.00001293  00000+0 -95408-4 0  2223
2 57091  43.0026 164.0328 0001283 267.0252  68.1434 15.02526182    10
STARLINK-6225
1 57092C 23088AW  25222.09979167 -.00013171  00000+0 -97182-3 0  2228
2 57092  43.0027 164.0690 0001369 268.9651  46.6142 15.02550367    11
STARLINK-6229
1 57093C 23088AX  25222.10118056 -.00018042  00000+0 -13315-2 0  2220
2 57093  43.0017 163.9509 0001385 264.8153 106.4175 15.02544789    10
STARLINK-6235
1 57094C 23088AY  25222.09840278 -.00013606  00000+0 -10038-2 0  2227
2 57094  43.0025 163.9489 0001314 272.5209  89.6273 15.02553739    13
STARLINK-6132
1 57101C 23090A   25222.10326389 -.00012241  00000+0 -90372-3 0  2227
2 57101  43.0041 344.7379 0001440 259.1200 359.8187 15.02527457    13
STARLINK-6111
1 57102C 23090B   25222.09979167 -.00010954  00000+0 -80863-3 0  2227
2 57102  43.0043 344.6861 0001391 261.7787   8.4010 15.02527827    18
STARLINK-6130
1 57104C 23090D   25222.10465278 -.00003271  00000+0 -24142-3 0  2226
2 57104  43.0045 344.6876 0001440 263.9549  20.4886 15.02529461    14
STARLINK-6097
1 57105C 23090E   25222.10256944  .00005066  00000+0  37391-3 0  2227
2 57105  43.0043 344.6562 0001603 272.0103  19.2127 15.02516615    14
STARLINK-6118
1 57106C 23090F   25222.10465278  .00004975  00000+0  36729-3 0  2222
2 57106  43.0042 344.5679 0001236 268.3772  64.1784 15.02513073    17
STARLINK-6131
1 57107C 23090G   25222.09909722 -.00041870  00000+0 -30937-2 0  2229
2 57107  43.0048 344.4305 0001390 274.5960 100.0475 15.02525877    10
STARLINK-6099
1 57108C 23090H   25222.09840278 -.00001069  00000+0 -78909-4 0  2229
2 57108  43.0041 344.6315 0001333 266.9158  19.7659 15.02532596    14
STARLINK-6139
1 57109C 23090J   25222.10187500 -.00025341  00000+0 -18710-2 0  2225
2 57109  43.0043 344.4897 0001879 255.0476 104.6225 15.02535336    15
STARLINK-6134
1 57110C 23090K   25222.09909722  .00003257  00000+0  24038-3 0  2224
2 57110  43.0045 344.6461 0001439 271.1041  13.3238 15.02525030    17
STARLINK-6140
1 57111C 23090L   25222.09979167 -.00005834  00000+0 -43063-3 0  2229
2 57111  43.0048 344.3395 0001494 263.4594 150.9540 15.02528222    12
STARLINK-6141
1 57112C 23090M   25222.10534722 -.00005202  00000+0 -38395-3 0  2227
2 57112  43.0045 344.5250 0001460 262.0000  92.3585 15.02528753    19
STARLINK-6142
1 57113C 23090N   25222.10465278 -.00004523  00000+0 -33383-3 0  2224
2 57113  43.0044 344.3872 0001498 260.9765 149.7136 15.02525837    12
STARLINK-6125
1 57114C 23090P   25222.10326389  .00000358  00000+0  26450-4 0  2222
2 57114  43.0043 344.3517 0001364 265.9965 155.2194 15.02526339    11
STARLINK-6085
1 57115C 23090Q   25222.11020833  .00004167  00000+0  29386-3 0  2221
2 57115  43.0039 343.7585 0004858 283.9394  50.1888 15.04222423    14
STARLINK-6129
1 57116C 23090R   25222.10604167 -.00000551  00000+0 -40674-4 0  2228
2 57116  43.0042 344.4240 0001364 268.4036 131.7882 15.02528987    17
STARLINK-6148
1 57117C 23090S   25222.10326389  .00002684  00000+0  19820-3 0  2221
2 57117  43.0048 344.2320 0001637 274.6642 194.6743 15.02507078    18
STARLINK-6151
1 57118C 23090T   25222.10326389  .00186910  00000+0  61517-2 0  2226
2 57118  42.9967 329.3831 0001380 300.3340 340.1569 15.30500564    13
STARLINK-6150
1 57119C 23090U   25222.10326389  .00004385  00000+0  32370-3 0  2228
2 57119  43.0048 344.1739 0001234 267.0261 226.3207 15.02512689    11
STARLINK-6147
1 57120C 23090V   25222.10395833 -.00001681  00000+0 -12404-3 0  2224
2 57120  43.0046 344.2573 0001311 269.7749 191.2742 15.02528153    11
STARLINK-6152
1 57121C 23090W   25222.10256944 -.00001318  00000+0 -97261-4 0  2226
2 57121  43.0045 344.0615 0001376 268.8827 268.7895 15.02530586    16
STARLINK-6149
1 57122C 23090X   25222.10256944  .00000782  00000+0  57706-4 0  2229
2 57122  43.0046 344.1344 0001359 266.1729 241.4348 15.02528054    19
STARLINK-6154
1 57123C 23090Y   25222.10534722 -.00014457  00000+0 -10673-2 0  2229
2 57123  43.0044 344.0063 0001387 265.5657 305.1883 15.02529960    18
STARLINK-6146
1 57124C 23090Z   25222.10187500 -.00000361  00000+0 -26624-4 0  2222
2 57124  43.0048 344.1110 0001293 267.1981 248.6669 15.02526694    15
STARLINK-6100
1 57125C 23090AA  25222.09979167  .00001688  00000+0  12461-3 0  2223
2 57125  43.0038 331.6976 0001476 264.3035 352.4679 15.02523897    15
STARLINK-6167
1 57126C 23090AB  25222.10395833 -.00002740  00000+0 -20219-3 0  2220
2 57126  43.0047 344.0831 0001345 265.4778 267.6916 15.02529084    10
STARLINK-6165
1 57127C 23090AC  25222.10465278 -.00007873  00000+0 -58125-3 0  2221
2 57127  43.0042 343.9480 0001421 272.5834 318.4614 15.02522956    12
STARLINK-6163
1 57128C 23090AD  25222.10118056  .00005833  00000+0  43051-3 0  2225
2 57128  43.0049 344.0556 0001329 273.7914 262.3631 15.02517872    12
STARLINK-6170
1 57129C 23090AE  25222.10326389 -.00002683  00000+0 -19810-3 0  2224
2 57129  43.0043 331.8652 0001493 266.4043 291.0638 15.02511774    13
STARLINK-6172
1 57130C 23090AF  25222.10187500  .00003742  00000+0  27619-3 0  2227
2 57130  43.0045 343.9783 0001331 270.5692 299.4040 15.02521399    16
STARLINK-6162
1 57131C 23090AG  25222.10465278 -.00000303  00000+0 -22367-4 0  2227
2 57131  43.0043 331.7989 0001515 266.7614 322.2475 15.02514303    17
STARLINK-6128
1 57132C 23090AH  25222.10326389 -.00012265  00000+0 -90493-3 0  2221
2 57132  43.0044 343.8869 0001349 267.6025 345.9662 15.02550310    19
STARLINK-6143
1 57133C 23090AJ  25222.10048611 -.00008810  00000+0 -65062-3 0  2226
2 57133  43.0045 331.6497 0001498 270.9209   7.6877 15.02512822    15
STARLINK-6133
1 57134C 23090AK  25222.10256944 -.00012594  00000+0 -92876-3 0  2224
2 57134  43.0044 331.8231 0001337 258.8783 312.7205 15.02567263    11
STARLINK-6127
1 57135C 23090AL  25222.10534722 -.00004667  00000+0 -34443-3 0  2226
2 57135  43.0047 331.4910 0001411 262.3254  96.6591 15.02536577    11
STARLINK-6112
1 57136C 23090AM  25222.10187500 -.00033274  00000+0 -24543-2 0  2220
2 57136  43.0036 331.7876 0001460 272.0383 313.9157 15.02581616    16
STARLINK-5347
1 57137C 23090AN  25222.11715278 -.00006205  00000+0 -45814-3 0  2220
2 57137  43.0044 331.5266 0001335 259.1103 121.7539 15.02515270    16
STARLINK-5336
1 57138C 23090AP  25222.11715278 -.00004141  00000+0 -30556-3 0  2225
2 57138  43.0035 331.6893 0001476 264.1149  50.6008 15.02535356    14
STARLINK-5355
1 57139C 23090AQ  25222.12340278  .00004685  00000+0  34575-3 0  2227
2 57139  43.0035 331.4387 0001501 262.4067 176.3378 15.02519739    13
STARLINK-5357
1 57141C 23090AS  25222.11784722 -.00002463  00000+0 -18173-3 0  2225
2 57141  43.0041 331.3950 0001397 276.8314 161.8736 15.02531028    17
STARLINK-5361
1 57142C 23090AT  25222.12131944 -.00001917  00000+0 -14145-3 0  2227
2 57142  43.0042 331.3136 0001425 273.1253 208.4273 15.02530586    11
STARLINK-5358
1 57143C 23090AU  25222.12201389 -.00003538  00000+0 -26122-3 0  2228
2 57143  43.0043 331.2715 0001340 263.1132 240.2528 15.02514680    10
STARLINK-5150
1 57144C 23090AV  25222.11159722  .00005384  00000+0  39712-3 0  2229
2 57144  43.0045 331.4692 0001824 275.7172 110.9968 15.02540240    11
STARLINK-5768
1 57145C 23090AW  25222.10395833 -.00009931  00000+0 -73337-3 0  2229
2 57145  43.0037 331.2539 0001350 260.3961 193.2807 15.02515317    14
STARLINK-5791
1 57146C 23090AX  25222.10534722 -.00003463  00000+0 -25565-3 0  2226
2 57146  43.0043 331.3300 0001501 262.1040 162.9977 15.02520013    15
STARLINK-5765
1 57147C 23090AY  25222.10604167 -.00015848  00000+0 -11687-2 0  2227
2 57147  43.0043 331.1820 0001336 265.2010 223.6532 15.02572453    15
STARLINK-5788
1 57148C 23090AZ  25222.10118056 -.00004246  00000+0 -31346-3 0  2220
2 57148  43.0035 331.1258 0001371 265.1961 233.5436 15.02517505    15
STARLINK-5778
1 57149C 23090BA  25222.09979167  .00004541  00000+0  33529-3 0  2228
2 57149  43.0035 305.3556 0001464 262.6819 117.5787 15.02504043    10
STARLINK-5780
1 57150C 23090BB  25222.10395833 -.00011835  00000+0 -87330-3 0  2229
2 57150  43.0037 331.2975 0001332 264.0455 171.5665 15.02544940    18
STARLINK-5776
1 57151C 23090BC  25222.09979167 -.00005519  00000+0 -40733-3 0  2224
2 57151  43.0041 331.3020 0001453 262.5122 156.5675 15.02534247    17
STARLINK-6164
1 57152C 23090BD  25222.09840278 -.00001869  00000+0 -13792-3 0  2224
2 57152  43.0038 331.3568 0001457 263.0276 130.4860 15.02529305    17
STARLINK-5879
1 57153C 23090BE  25222.10534722 -.00005489  00000+0 -40511-3 0  2222
2 57153  43.0042 318.6038 0001419 266.2824  37.2382 15.02533831    17
STARLINK-6106
1 57154C 23090BF  25222.10187500  .00001863  00000+0  13748-3 0  2223
2 57154  43.0037 331.2214 0001331 263.9567 196.4040 15.02528572    15
STARLINK-6108
1 57155C 23090BG  25222.10048611 -.00001228  00000+0 -90644-4 0  2221
2 57155  43.0043 331.0417 0001428 265.4743 265.5414 15.02517031    17
STARLINK-6137
1 57156C 23090BH  25222.10048611 -.00003751  00000+0 -27699-3 0  2224
2 57156  43.0043 331.0836 0001422 265.2480 247.7667 15.02511399    16
STARLINK-5525
1 57218C 23094A   25222.10326389  .00007229  00000+0  53354-3 0  2227
2 57218  43.0025 100.4363 0001137 246.5681 241.8731 15.02516657    15
STARLINK-5520
1 57219C 23094B   25222.10604167  .00003331  00000+0  24578-3 0  2227
2 57219  43.0024 100.3809 0001325 262.5892 258.8955 15.02531084    17
STARLINK-5880
1 57220C 23094C   25222.10326389  .00003365  00000+0  24828-3 0  2221
2 57220  43.0026 100.1915 0001507 263.6789 326.9119 15.02532140    19
STARLINK-5875
1 57221C 23094D   25222.10465278  .00001421  00000+0  10487-3 0  2220
2 57221  43.0024 100.3598 0001386 263.5603 262.4300 15.02532111    10
STARLINK-5870
1 57222C 23094E   25222.10465278  .00013901  00000+0  10264-2 0  2229
2 57222  43.0026 100.2720 0001197 255.1136 307.0576 15.02496660    16
STARLINK-5519
1 57223C 23094F   25222.10326389  .00011748  00000+0  86691-3 0  2224
2 57223  43.0025 100.3202 0001359 267.9162 268.5774 15.02521530    18
STARLINK-5983
1 57224C 23094G   25222.10465278  .00003356  00000+0  24764-3 0  2225
2 57224  43.0027 100.2295 0001352 261.6085 318.5012 15.02526036    17
STARLINK-6294
1 57225C 23094H   25222.10534722  .00009246  00000+0  68238-3 0  2225
2 57225  43.0025 100.3329 0001432 265.8833 269.9057 15.02517720    19
STARLINK-6350
1 57226C 23094J   25222.10256944 -.00020287  00000+0 -14965-2 0  2220
2 57226  43.0025 100.0938 0001326 261.0753   7.7899 15.02566282    13
STARLINK-5996
1 57227C 23094K   25222.09979167  .00003526  00000+0  26014-3 0  2222
2 57227  43.0026 100.1679 0001310 260.9611 328.8547 15.02531924    14
STARLINK-6230
1 57228C 23094L   25222.10118056  .00005374  00000+0  39665-3 0  2226
2 57228  43.0022 100.0579 0001388 264.6184  14.8345 15.02519746    16
STARLINK-6233
1 57229C 23094M   25222.09979167 -.00003300  00000+0 -24353-3 0  2220
2 57229  43.0025 100.1514 0001388 264.5616 331.2780 15.02538135    11
STARLINK-6250
1 57230C 23094N   25222.10465278  .00006796  00000+0  50151-3 0  2222
2 57230  43.0024  99.9662 0001332 261.5276  66.7767 15.02522383    12
STARLINK-5840
1 57231C 23094P   25222.10465278  .00006895  00000+0  50886-3 0  2228
2 57231  43.0026  99.6652 0001413 267.1864 187.3419 15.02518183    13
STARLINK-5872
1 57232C 23094Q   25222.10118056  .00003086  00000+0  22777-3 0  2225
2 57232  43.0027  99.6664 0001227 267.7158 174.0228 15.02520613    15
STARLINK-5866
1 57233C 23094R   25222.10395833  .00000359  00000+0  26484-4 0  2226
2 57233  43.0019  99.7559 0001394 260.8623 153.8339 15.02528322    10
STARLINK-6368
1 57234C 23094S   25222.10118056  .00008901  00000+0  65679-3 0  2226
2 57234  43.0024  99.6370 0001388 262.9322 190.8079 15.02524180    19
STARLINK-6360
1 57235C 23094T   25222.09979167  .00007465  00000+0  55102-3 0  2227
2 57235  43.0024  99.8075 0001347 265.5804 114.5723 15.02515329    17
STARLINK-6315
1 57236C 23094U   25222.10465278 -.00002083  00000+0 -15371-3 0  2220
2 57236  43.0025  87.5733 0001300 262.2849 172.1456 15.02536604    18
STARLINK-6365
1 57237C 23094V   25222.09979167 -.00000100  00000+0 -73616-5 0  2222
2 57237  43.0020  99.7354 0001285 264.2141 145.9465 15.02532391    14
STARLINK-6334
1 57238C 23094W   25222.10187500 -.00011147  00000+0 -82251-3 0  2223
2 57238  43.0024  87.4830 0001414 262.4113 199.0718 15.02544388    15
STARLINK-6330
1 57239C 23094X   25222.09840278 -.00002909  00000+0 -21468-3 0  2229
2 57239  43.0021  99.6412 0001364 264.8142 179.8889 15.02536175    16
STARLINK-6351
1 57240C 23094Y   25222.10048611 -.00004674  00000+0 -34487-3 0  2220
2 57240  43.0025  87.3754 0001362 264.2105 237.8229 15.02539785    19
STARLINK-6349
1 57241C 23094Z   25222.10256944  .00008524  00000+0  62924-3 0  2224
2 57241  43.0021  87.5402 0001346 271.1395 170.0956 15.02511596    13
STARLINK-6306
1 57242C 23094AA  25222.10395833  .00006478  00000+0  47812-3 0  2221
2 57242  43.0025  87.4877 0001331 264.8339 201.9392 15.02521112    17
STARLINK-6346
1 57243C 23094AB  25222.09979167  .00006566  00000+0  48457-3 0  2222
2 57243  43.0023  87.5381 0001315 262.0411 170.1345 15.02522332    10
STARLINK-5610
1 57244C 23094AC  25222.10604167 -.00028379  00000+0 -20940-2 0  2224
2 57244  43.0020  87.3742 0001381 264.3306 255.7794 15.02563670    16
STARLINK-5587
1 57245C 23094AD  25222.10395833  .00009880  00000+0  72916-3 0  2227
2 57245  43.0022  87.4281 0001349 267.2298 223.5704 15.02519049    19
STARLINK-5049
1 57246C 23094AE  25222.11784722  .00004624  00000+0  34130-3 0  2225
2 57246  43.0023  86.9757 0001259 265.2422  97.0565 15.02519707    10
STARLINK-5039
1 57247C 23094AF  25222.12270833  .00008867  00000+0  65424-3 0  2223
2 57247  43.0022  87.2392 0001365 266.4455   1.9314 15.02528554    12
STARLINK-5514
1 57248C 23094AG  25222.10326389 -.00001833  00000+0 -13525-3 0  2223
2 57248  43.0024  87.3035 0001434 263.9808 277.1444 15.02534864    13
STARLINK-5517
1 57249C 23094AH  25222.10118056  .00006319  00000+0  46633-3 0  2222
2 57249  43.0019  87.2285 0001392 267.5250 274.3893 15.02526003    11
STARLINK-5488
1 57250C 23094AJ  25222.10673611 -.00000443  00000+0 -32668-4 0  2225
2 57250  43.0024  87.1246 0001358 262.3393   3.7049 15.02535934    18
STARLINK-5513
1 57251C 23094AK  25222.10187500  .00000379  00000+0  27944-4 0  2220
2 57251  43.0024  87.2376 0001326 264.1485 299.5068 15.02533793    18
STARLINK-5511
1 57252C 23094AL  25222.10187500 -.00000092  00000+0 -67934-5 0  2229
2 57252  43.0024  87.0524 0001460 265.3638  16.4288 15.02533992    15
STARLINK-5516
1 57253C 23094AM  25222.10534722  .00005237  00000+0  38653-3 0  2220
2 57253  43.0024  87.2053 0001372 273.4082 315.0999 15.02520786    14
STARLINK-5490
1 57254C 23094AN  25222.10395833 -.00006930  00000+0 -51136-3 0  2223
2 57254  43.0025  86.9689 0001361 265.7648  57.3577 15.02540939    17
STARLINK-5481
1 57255C 23094AP  25222.10465278  .00006799  00000+0  50185-3 0  2229
2 57255  43.0022  86.9935 0001266 264.1627  50.7269 15.02517982    10
STARLINK-5512
1 57256C 23094AQ  25222.10673611 -.00003322  00000+0 -24516-3 0  2222
2 57256  43.0024  86.7421 0001432 264.8796 169.4528 15.02535763    13
STARLINK-5503
1 57257C 23094AR  25222.10187500 -.00004415  00000+0 -32576-3 0  2229
2 57257  43.0026  87.0958 0001133 260.1289   3.5996 15.02544046    10
STARLINK-5476
1 57258C 23094AS  25222.10673611  .00007258  00000+0  53549-3 0  2222
2 57258  43.0025  86.9102 0001323 267.3341  88.8545 15.02530337    12
STARLINK-5026
1 57260C 23094AU  25222.11923611  .00003831  00000+0  28268-3 0  2227
2 57260  43.0021  86.7558 0001334 258.7785 201.1737 15.02529411    16
STARLINK-5485
1 57261C 23094AV  25222.10326389 -.00002808  00000+0 -20720-3 0  2226
2 57261  43.0020  99.8468 0000851 254.2949 120.5554 15.02536426    12
STARLINK-5504
1 57262C 23094AW  25222.09979167  .00009330  00000+0  68849-3 0  2222
2 57262  43.0024  86.9770 0001311 258.0309  48.5335 15.02523153    13
STARLINK-5509
1 57263C 23094AX  25222.09979167 -.00000924  00000+0 -68285-4 0  2220
2 57263  43.0025  99.8499 0001390 271.1449  90.9248 15.02494388    15
STARLINK-5858
1 57264C 23094AY  25222.10256944 -.00005696  00000+0 -42028-3 0  2221
2 57264  43.0021  86.7890 0001381 265.6256 128.1203 15.02538996    15
STARLINK-5890
1 57265C 23094AZ  25222.10395833  .00008702  00000+0  64227-3 0  2227
2 57265  43.0026  86.7527 0001430 268.9695 144.3444 15.02515760    17
STARLINK-30198
1 57290C 23096A   25222.10256944 -.00005733  00000+0 -42297-3 0  2222
2 57290  43.0025 293.2591 0001488 265.1832 134.0145 15.02545292    12
STARLINK-30239
1 57291C 23096B   25222.09770833  .00012388  00000+0  91441-3 0  2226
2 57291  43.0020 293.2442 0001438 265.2520 125.6841 15.02507720    16
STARLINK-30210
1 57292C 23096C   25222.10881944  .00053818  00000+0  27663-2 0  2222
2 57292  42.9975 283.8270 0015676  23.2392  77.3437 15.15532042    19
STARLINK-30235
1 57294C 23096E   25222.09770833 -.00005090  00000+0 -37559-3 0  2223
2 57294  43.0025 293.1127 0001602 274.0771 170.9371 15.02534341    12
STARLINK-30238
1 57296C 23096G   25222.10673611  .00054057  00000+0  27606-2 0  2229
2 57296  42.9988 283.3844 0014572  24.1444 261.7770 15.15775515    14
STARLINK-30234
1 57297C 23096H   25222.10881944  .00114660  00000+0  33963-2 0  2220
2 57297  42.9941 260.7885 0026239  55.1142  85.5068 15.33570271    14
STARLINK-30241
1 57298C 23096J   25222.10951389  .00059676  00000+0  28495-2 0  2221
2 57298  42.9971 280.5974 0015246  30.5976 345.9119 15.18101098    15
STARLINK-30236
1 57300C 23096L   25222.09770833 -.00015019  00000+0 -11082-2 0  2225
2 57300  43.0029 292.9336 0001352 267.5523 249.5824 15.02551278    11
STARLINK-30201
1 57301C 23096M   25222.09979167 -.00014926  00000+0 -11014-2 0  2228
2 57301  43.0025 292.8845 0001559 268.2563 278.2052 15.02548187    10
STARLINK-30233
1 57302C 23096N   25222.10256944  .00011815  00000+0  87219-3 0  2225
2 57302  43.0025 292.8044 0001518 265.0098 314.5547 15.02506707    10
STARLINK-30232
1 57303C 23096P   25222.10743056  .00054030  00000+0  27817-2 0  2224
2 57303  42.9983 283.4448 0014305  26.4439 236.3029 15.15493352    13
STARLINK-30177
1 57305C 23096R   25222.10951389  .00056646  00000+0  28780-2 0  2221
2 57305  42.9977 282.8565 0014968  23.7424 127.9408 15.15947141    16
STARLINK-30200
1 57306C 23096S   25222.10743056  .00059246  00000+0  28537-2 0  2221
2 57306  42.9977 280.7087 0015562  27.6194 307.1391 15.17795263    12
STARLINK-30209
1 57307C 23096T   25222.10604167  .00056364  00000+0  28807-2 0  2229
2 57307  42.9977 283.0321 0013875  27.4949  34.4242 15.15753578    17
STARLINK-30194
1 57308C 23096U   25222.10673611  .00442580  00000+0  50838-2 0  2228
2 57308  42.9856 246.8707 0026934  79.6051   9.2485 15.60222713    13
STARLINK-30163
1 57309C 23096V   25222.10812500  .00091135  00000+0  32804-2 0  2220
2 57309  42.9995 268.1200 0021700  41.5201 222.7579 15.27461291    19
STARLINK-30184
1 57310C 23096W   25222.09631944 -.00017151  00000+0 -12656-2 0  2222
2 57310  43.0014 266.8749 0001472 270.0018 326.8744 15.02550401    12
STARLINK-30175
1 57311C 23096X   25222.11090278  .00054851  00000+0  28368-2 0  2228
2 57311  42.9983 283.0457 0014247  24.5840  52.5780 15.15334597    15
STARLINK-6290
1 57328C 23099A   25222.09909722  .00005038  00000+0  37186-3 0  2221
2 57328  43.0043 319.0381 0001496 264.4565 106.9132 15.02516561    13
STARLINK-6138
1 57329C 23099B   25222.10395833 -.00000648  00000+0 -47798-4 0  2221
2 57329  43.0035 318.8824 0001455 268.1672 183.6084 15.02530579    12
STARLINK-6212
1 57330C 23099C   25222.10187500  .00003713  00000+0  27411-3 0  2226
2 57330  43.0043 318.9801 0001387 264.2286 140.2190 15.02510703    15
STARLINK-6234
1 57331C 23099D   25222.09979167  .00002570  00000+0  18978-3 0  2221
2 57331  43.0044 318.9765 0001392 265.1425 134.0579 15.02508071    14
STARLINK-5831
1 57332C 23099E   25222.10118056 -.00010760  00000+0 -79406-3 0  2221
2 57332  43.0041 318.9376 0001453 266.7560 151.9503 15.02542075    12
STARLINK-5585
1 57333C 23099F   25222.10187500  .00003564  00000+0  26304-3 0  2223
2 57333  43.0041 318.9209 0001522 263.5555 164.9383 15.02523146    12
STARLINK-5589
1 57334C 23099G   25222.10326389  .00003698  00000+0  27292-3 0  2229
2 57334  43.0034 318.8426 0001605 262.4358 203.6358 15.02522357    12
STARLINK-6316
1 57335C 23099H   25222.09979167  .00000890  00000+0  65666-4 0  2225
2 57335  43.0038 318.7221 0001477 263.0738 244.2837 15.02516933    11
STARLINK-6320
1 57336C 23099J   25222.10118056 -.00001908  00000+0 -14081-3 0  2227
2 57336  43.0034 318.3085 0001433 262.9647  54.2253 15.02529949    13
STARLINK-6322
1 57337C 23099K   25222.10534722 -.00000576  00000+0 -42560-4 0  2224
2 57337  43.0040 318.7862 0001525 264.7594 230.6201 15.02515577    16
STARLINK-6374
1 57338C 23099L   25222.10326389 -.00000423  00000+0 -31262-4 0  2221
2 57338  43.0034 318.7413 0001402 264.6119 243.5415 15.02516783    18
STARLINK-6332
1 57339C 23099M   25222.10395833 -.00003576  00000+0 -26389-3 0  2227
2 57339  43.0039 318.8223 0001453 267.4440 208.3782 15.02534406    16
STARLINK-6321
1 57340C 23099N   25222.10048611  .00000828  00000+0  61126-4 0  2222
2 57340  43.0036 318.5976 0001432 261.8870 297.3305 15.02527536    14
STARLINK-6377
1 57341C 23099P   25222.09840278  .00006893  00000+0  50864-3 0  2224
2 57341  43.0035 318.6814 0001424 260.8097 257.0092 15.02523828    13
STARLINK-6375
1 57342C 23099Q   25222.10534722  .00002728  00000+0  20136-3 0  2223
2 57342  43.0039 318.3540 0001550 265.0074  50.6877 15.02512515    12
STARLINK-6379
1 57343C 23099R   25222.10256944  .00000875  00000+0  64581-4 0  2225
2 57343  43.0041 318.6118 0001429 265.1809 293.3102 15.02511921    19
STARLINK-6380
1 57344C 23099S   25222.09909722 -.00004974  00000+0 -36702-3 0  2222
2 57344  43.0039 318.5151 0001418 265.5926 322.1564 15.02536486    11
STARLINK-6373
1 57345C 23099T   25222.10118056  .00001766  00000+0  13034-3 0  2224
2 57345  43.0043 318.5479 0001433 263.9282 317.0766 15.02514315    18
STARLINK-6359
1 57346C 23099U   25222.10395833 -.00023063  00000+0 -17009-2 0  2226
2 57346  43.0038 318.2728 0001360 269.0344  75.1181 15.02578341    14
STARLINK-6378
1 57347C 23099V   25222.10048611 -.00110300  00000+0 -81364-2 0  2222
2 57347  43.0039 318.4512 0001240 264.7272 354.5697 15.02655937    11
STARLINK-6372
1 57348C 23099W   25222.10048611  .00005571  00000+0  41123-3 0  2224
2 57348  43.0042 318.2213 0001464 270.4112  85.0844 15.02514602    10
STARLINK-6376
1 57349C 23099X   25222.10256944  .00002385  00000+0  17606-3 0  2224
2 57349  43.0036 318.2422 0001593 265.2943  89.4842 15.02506447    17
STARLINK-6362
1 57350C 23099Y   25222.10118056  .00005495  00000+0  40569-3 0  2226
2 57350  43.0040 306.1578 0001466 263.9766  51.2058 15.02505128    10
STARLINK-6331
1 57351C 23099Z   25222.10048611  .00002275  00000+0  16798-3 0  2226
2 57351  43.0040 318.2073 0001362 263.3357  98.1838 15.02506583    12
STARLINK-6297
1 57352C 23099AA  25222.10534722  .00005763  00000+0  42540-3 0  2229
2 57352  43.0036 306.0491 0001382 260.3051 113.4757 15.02516211    17
STARLINK-6324
1 57353C 23099AB  25222.10534722  .00002554  00000+0  18858-3 0  2220
2 57353  43.0042 318.1513 0001357 262.1214 137.7546 15.02505009    15
STARLINK-6293
1 57354C 23099AC  25222.10534722 -.00008104  00000+0 -59808-3 0  2220
2 57354  43.0038 305.9314 0001450 265.0424 156.8410 15.02538052    19
STARLINK-6276
1 57355C 23099AD  25222.10118056  .00004576  00000+0  33778-3 0  2224
2 57355  43.0036 306.1157 0001542 273.7095  59.4862 15.02514674    11
STARLINK-6355
1 57356C 23099AE  25222.10118056 -.00000815  00000+0 -60131-4 0  2223
2 57356  43.0036 305.9380 0001606 265.9917 139.3375 15.02528453    11
STARLINK-5600
1 57357C 23099AF  25222.10326389  .00004759  00000+0  35129-3 0  2221
2 57357  43.0037 306.0305 0001416 265.1637 109.3722 15.02512236    17
STARLINK-6299
1 57358C 23099AG  25222.09840278  .00004036  00000+0  29803-3 0  2228
2 57358  43.0030 305.8854 0001397 262.3271 158.0310 15.02506711    13
STARLINK-6347
1 57359C 23099AH  25222.09840278  .00005138  00000+0  37927-3 0  2229
2 57359  43.0036 306.1003 0001395 262.3761  67.7975 15.02512732    15
STARLINK-6348
1 57360C 23099AJ  25222.10256944  .00006658  00000+0  49143-3 0  2225
2 57360  43.0032 305.7762 0001475 265.5225 213.4327 15.02515351    10
STARLINK-6340
1 57361C 23099AK  25222.10534722  .00004221  00000+0  31150-3 0  2222
2 57361  43.0033 305.8759 0001521 263.0079 182.9196 15.02522166    17
STARLINK-6343
1 57362C 23099AL  25222.10465278  .00002050  00000+0  15132-3 0  2222
2 57362  43.0037 305.7174 0001441 264.3441 243.9350 15.02527334    12
STARLINK-6356
1 57363C 23099AM  25222.10118056  .00007901  00000+0  58320-3 0  2228
2 57363  43.0036 305.8236 0001797 269.9241 183.4751 15.02514780    19
STARLINK-6338
1 57364C 23099AN  25222.09840278 -.00004803  00000+0 -35440-3 0  2223
2 57364  43.0036 305.7374 0001410 268.2268 212.1999 15.02536966    19
STARLINK-5007
1 57365C 23099AP  25222.12131944  .00008954  00000+0  66096-3 0  2221
2 57365  43.0037 305.4788 0001427 265.5017  33.1418 15.02509510    19
STARLINK-6174
1 57366C 23099AQ  25222.10534722 -.00005060  00000+0 -37341-3 0  2229
2 57366  43.0035 305.6134 0001456 267.7115 286.3978 15.02533918    12
STARLINK-6215
1 57367C 23099AR  25222.09701389  .00007815  00000+0  57695-3 0  2225
2 57367  43.0028 292.5447 0001423 264.2975 279.3856 15.02508241    14
STARLINK-6218
1 57368C 23099AS  25222.09493056  .00006361  00000+0  46954-3 0  2226
2 57368  43.0028 305.6015 0001706 269.4528 258.2999 15.02510970    13
STARLINK-6168
1 57369C 23099AT  25222.10534722  .00007649  00000+0  56439-3 0  2224
2 57369  43.0037 305.6565 0001438 265.4566 270.6425 15.02525764    13
STARLINK-5353
1 57370C 23099AU  25222.12201389 -.00005751  00000+0 -42434-3 0  2222
2 57370  43.0033 305.3608 0001455 265.6830  84.7837 15.02540036    11
STARLINK-6032
1 57371C 23099AV  25222.09979167 -.00003346  00000+0 -24696-3 0  2223
2 57371  43.0036 305.6559 0001418 267.1172 250.8997 15.02532088    19
STARLINK-5975
1 57372C 23099AW  25222.10465278 -.00003096  00000+0 -22850-3 0  2221
2 57372  43.0034 305.3469 0001418 265.4336  33.1003 15.02534720    13
STARLINK-6370
1 57373C 23099AX  25222.10118056  .00005458  00000+0  40292-3 0  2223
2 57373  43.0037 306.0818 0001386 262.6849  76.5257 15.02512726    19
STARLINK-6369
1 57374C 23099AY  25222.10256944  .00006829  00000+0  50416-3 0  2225
2 57374  43.0031 292.6901 0001387 264.9051 242.7359 15.02506446    10
STARLINK-6363
1 57375C 23099AZ  25222.10256944  .00007947  00000+0  58666-3 0  2223
2 57375  43.0029 305.4582 0001388 265.1402 346.0592 15.02509911    17
STARLINK-6367
1 57376C 23099BA  25222.10326389  .00007812  00000+0  57643-3 0  2220
2 57376  43.0033 305.3238 0001654 273.6522  35.3304 15.02528413    10
STARLINK-6358
1 57377C 23099BB  25222.10048611  .00004210  00000+0  31081-3 0  2227
2 57377  43.0036 305.3961 0001616 265.3594   4.5990 15.02512509    10
STARLINK-6364
1 57378C 23099BC  25222.10256944 -.00006200  00000+0 -45752-3 0  2221
2 57378  43.0025 279.6365 0001406 269.4501 260.8258 15.02534921    16
STARLINK-6361
1 57379C 23099BD  25222.10187500 -.00010322  00000+0 -76161-3 0  2221
2 57379  43.0040 305.3434 0001449 268.6986  26.8096 15.02545139    16
STARLINK-6366
1 57380C 23099BE  25222.10187500 -.00004827  00000+0 -35619-3 0  2229
2 57380  43.0017 279.6232 0001360 267.1078 265.4175 15.02538519    12
STARLINK-6371
1 57381C 23099BF  25222.10326389  .00008995  00000+0  66372-3 0  2228
2 57381  43.0027 292.9905 0001409 267.2860 111.8395 15.02525390    14
STARLINK-30240
1 57404C 23102A   25222.10256944  .00007305  00000+0  53943-3 0  2222
2 57404  43.0035 318.8299 0001419 263.6825 156.6906 15.02500776    11
STARLINK-30192
1 57405C 23102B   25222.10187500 -.00001263  00000+0 -93211-4 0  2226
2 57405  43.0032 318.7771 0001391 264.7625 169.8922 15.02516395    10
STARLINK-30195
1 57406C 23102C   25222.10048611 -.00008753  00000+0 -64587-3 0  2220
2 57406  43.0031 318.7553 0001509 264.9785 180.1164 15.02541099    11
STARLINK-30207
1 57407C 23102D   25222.10256944  .00005119  00000+0  37797-3 0  2225
2 57407  43.0035 305.3968 0001581 266.6405   8.6567 15.02502829    15
STARLINK-30205
1 57408C 23102E   25222.09770833  .00000642  00000+0  47419-4 0  2221
2 57408  43.0033 318.6430 0001479 264.6644 219.5326 15.02510247    13
STARLINK-30222
1 57409C 23102F   25222.10118056 -.00012515  00000+0 -92356-3 0  2220
2 57409  43.0032 318.4960 0001494 263.9966 293.0669 15.02543248    19
STARLINK-30172
1 57410C 23102G   25222.10256944 -.00010906  00000+0 -80481-3 0  2229
2 57410  43.0031 318.5602 0001603 263.0214 265.5076 15.02541272    14
STARLINK-30214
1 57411C 23102H   25222.10048611  .00007517  00000+0  55482-3 0  2225
2 57411  43.0028 318.2054 0001396 264.8931  54.6242 15.02514241    11
STARLINK-30182
1 57412C 23102J   25222.10326389  .00002643  00000+0  19517-3 0  2221
2 57412  43.0030 318.5256 0001416 265.4752 284.8715 15.02507127    10
STARLINK-30191
1 57413C 23102K   25222.10326389 -.00032050  00000+0 -11607-2 0  2220
2 57413  43.0023 301.5757 0001233 268.9324 260.0289 15.27613056    19
STARLINK-30193
1 57414C 23102L   25222.09909722 -.00001152  00000+0 -85015-4 0  2222
2 57414  43.0020 318.4036 0001406 272.2457 309.5664 15.02532370    19
STARLINK-30208
1 57415C 23102M   25222.09840278 -.00014904  00000+0 -10999-2 0  2229
2 57415  43.0029 318.3795 0001435 262.8471 333.2752 15.02544724    11
STARLINK-30224
1 57416C 23102N   25222.09701389 -.00014160  00000+0 -10449-2 0  2223
2 57416  43.0031 318.3431 0001583 263.6484 342.9758 15.02545841    13
STARLINK-30043
1 57417C 23102P   25222.10326389 -.00016466  00000+0 -12150-2 0  2221
2 57417  43.0028 318.2231 0001456 265.9940  50.5258 15.02551210    12
STARLINK-30221
1 57418C 23102Q   25222.09840278  .00004271  00000+0  31535-3 0  2226
2 57418  43.0027 318.2935 0001230 264.1279   8.0960 15.02504775    11
STARLINK-30189
1 57430C 23105A   25222.09979167 -.00060289  00000+0 -44487-2 0  2225
2 57430  43.0037 331.8521 0001350 264.3907 196.3057 15.02594573    14
STARLINK-30188
1 57432C 23105C   25222.09979167  .00011878  00000+0  87613-3 0  2224
2 57432  43.0035 331.7638 0001494 263.5949 233.1402 15.02537932    18
STARLINK-30105
1 57433C 23105D   25222.10118056 -.00001753  00000+0 -63506-4 0  2228
2 57433  43.0011 145.7705 0001195 258.8318 179.0423 15.27568192    16
STARLINK-30102
1 57434C 23105E   25222.09770833 -.00007288  00000+0 -53786-3 0  2221
2 57434  43.0040 331.6842 0001448 264.1717 257.3418 15.02536849    12
STARLINK-30183
1 57436C 23105G   25222.11090278  .00069024  00000+0  29057-2 0  2221
2 57436  42.9966 312.7235 0018876 359.9360 312.7410 15.22338475    10
STARLINK-30237
1 57437C 23105H   25222.09840278  .00001796  00000+0  13262-3 0  2226
2 57437  43.0038 331.5548 0001283 264.8869 314.5134 15.02512602    18
STARLINK-30158
1 57438C 23105J   25222.09840278  .00003235  00000+0  23884-3 0  2228
2 57438  43.0038 331.5982 0001428 265.2802 296.0773 15.02513467    17
STARLINK-30159
1 57440C 23105L   25222.10187500 -.00000889  00000+0 -65709-4 0  2222
2 57440  43.0040 331.4917 0001536 267.4920 348.8234 15.02453445    12
STARLINK-30160
1 57441C 23105M   25222.10048611 -.00031696  00000+0 -23378-2 0  2226
2 57441  43.0031 331.4584 0001365 264.4675   2.1938 15.02581504    16
STARLINK-30146
1 57442C 23105N   25222.10326389 -.00001476  00000+0 -10896-3 0  2223
2 57442  43.0037 331.3995 0001541 262.0533  37.7485 15.02521824    11
STARLINK-30197
1 57443C 23105P   25222.10326389 -.00011614  00000+0 -85702-3 0  2227
2 57443  43.0034 331.3561 0001569 264.3453  53.4910 15.02544531    12
STARLINK-30181
1 57444C 23105Q   25222.09701389 -.00003330  00000+0 -24583-3 0  2229
2 57444  43.0035 331.2184 0001374 261.2781  94.8419 15.02520823    19
STARLINK-30215
1 57445C 23105R   25222.10326389 -.00024544  00000+0 -18098-2 0  2228
2 57445  43.0041 331.2394 0001346 311.8134  54.0095 15.02585832    12
STARLINK-30162
1 57446C 23105S   25222.10256944 -.00021090  00000+0 -15562-2 0  2224
2 57446  43.0029 318.4138 0001494 266.8926 135.7286 15.02556985    10
STARLINK-30178
1 57447C 23105T   25222.09909722 -.00012802  00000+0 -94466-3 0  2224
2 57447  43.0035 331.2499 0001450 275.5710  73.7985 15.02547276    11
STARLINK-30196
1 57448C 23105U   25222.10326389 -.00003831  00000+0 -28280-3 0  2222
2 57448  43.0030 331.0985 0001435 264.8428 161.1862 15.02523538    16
STARLINK-30225
1 57449C 23105V   25222.10326389 -.00002385  00000+0 -17604-3 0  2224
2 57449  43.0038 331.0519 0001446 256.2957 187.7651 15.02520396    11
STARLINK-30217
1 57450C 23105W   25222.10256944  .00001585  00000+0  11701-3 0  2226
2 57450  43.0030 318.2486 0001399 265.0791 227.7117 15.02512449    18
STARLINK-30216
1 57451C 23105X   25222.10326389 -.00009599  00000+0 -70832-3 0  2223
2 57451  43.0039 331.0240 0001434 260.9283 201.1453 15.02541111    16
STARLINK-30165
1 57457C 23107A   25222.09909722 -.00020895  00000+0 -15418-2 0  2227
2 57457  43.0029  48.9613 0001385 259.2197  26.6953 15.02553663    19
STARLINK-30140
1 57458C 23107B   25222.10256944  .00005394  00000+0  39801-3 0  2229
2 57458  43.0028  48.8982 0001280 273.5413  49.1644 15.02527804    16
STARLINK-30185
1 57459C 23107C   25222.10187500 -.00016140  00000+0 -11912-2 0  2226
2 57459  43.0025  48.8595 0001331 263.2141  73.8169 15.02544852    13
STARLINK-30077
1 57460C 23107D   25222.10118056  .00004069  00000+0  30029-3 0  2224
2 57460  43.0024  48.8185 0001377 260.8083  90.5061 15.02526419    13
STARLINK-30229
1 57461C 23107E   25222.09770833  .00005483  00000+0  40461-3 0  2222
2 57461  43.0030  49.0046 0001337 271.1435 349.2469 15.02529171    16
STARLINK-30088
1 57462C 23107F   25222.10048611 -.00031707  00000+0 -23408-2 0  2228
2 57462  43.0018  48.7782 0001350 258.5269 107.0411 15.02547495    11
STARLINK-30091
1 57463C 23107G   25222.09909722  .00004881  00000+0  36012-3 0  2223
2 57463  43.0024  48.6994 0001224 268.2222 125.8870 15.02530519    16
STARLINK-30116
1 57465C 23107J   25222.09631944 -.00011773  00000+0 -86872-3 0  2222
2 57465  43.0028  48.7309 0001324 261.0304 112.0175 15.02544839    12
STARLINK-30092
1 57467C 23107L   25222.10187500 -.00014598  00000+0 -10774-2 0  2225
2 57467  43.0022  48.5984 0001382 267.0113 178.2020 15.02543198    13
STARLINK-30039
1 57468C 23107M   25222.10326389 -.00027384  00000+0 -20206-2 0  2224
2 57468  43.0023  48.5475 0001322 264.4091 206.3349 15.02561412    16
STARLINK-30171
1 57469C 23107N   25222.09770833 -.00018099  00000+0 -13357-2 0  2222
2 57469  43.0026  48.4929 0001337 262.9338 213.8154 15.02548307    11
STARLINK-30186
1 57470C 23107P   25222.10048611  .00005326  00000+0  39308-3 0  2220
2 57470  43.0028  48.5191 0001263 260.2251 213.5498 15.02523157    14
STARLINK-30190
1 57471C 23107Q   25222.10673611  .00089795  00000+0  29353-2 0  2225
2 57471  42.9930  23.3124 0028552 297.2506  62.1709 15.30406408    18
STARLINK-30204
1 57472C 23107R   25222.09979167  .00004054  00000+0  29910-3 0  2224
2 57472  43.0022  48.4360 0001323 265.6653 240.3875 15.02532379    12
STARLINK-30187
1 57473C 23107S   25222.09979167 -.00001580  00000+0 -11662-3 0  2223
2 57473  43.0022  48.3847 0001317 269.1520 254.9994 15.02526470    15
STARLINK-30110
1 57474C 23107T   25222.10881944  .00028311  00000+0  11362-2 0  2226
2 57474  43.0031  20.2880 0020655 291.5403 325.3004 15.23950832    18
STARLINK-30155
1 57475C 23107U   25222.09631944 -.00027054  00000+0 -19967-2 0  2222
2 57475  43.0026  48.2822 0001419 266.5729 292.8233 15.02554734    19
STARLINK-30161
1 57476C 23107V   25222.10048611 -.00016852  00000+0 -12436-2 0  2226
2 57476  43.0032  48.2167 0001474 265.5197 334.4581 15.02548274    19
STARLINK-30176
1 57477C 23107W   25222.10326389 -.00017454  00000+0 -12880-2 0  2220
2 57477  43.0031  48.1721 0001424 260.1054   6.9519 15.02547511    17
STARLINK-30154
1 57495C 23113A   25222.09979167  .00007258  00000+0  53579-3 0  2223
2 57495  43.0016  87.4149 0001359 264.4705 227.8323 15.02512046    19
STARLINK-30145
1 57496C 23113B   25222.09909722 -.00019474  00000+0 -14371-2 0  2225
2 57496  43.0017  87.2167 0001280 262.4929 316.1612 15.02549057    13
STARLINK-30226
1 57497C 23113C   25222.09770833 -.00003775  00000+0 -27856-3 0  2225
2 57497  43.0018  87.1910 0001357 260.8586 328.2893 15.02537342    15
STARLINK-30203
1 57498C 23113D   25222.10118056 -.00018314  00000+0 -13515-2 0  2222
2 57498  43.0020  87.0359 0001432 262.5493  39.5106 15.02550174    12
STARLINK-30169
1 57499C 23113E   25222.09631944 -.00009616  00000+0 -70954-3 0  2223
2 57499  43.0020  74.7315 0001408 261.1962 210.6438 15.02543230    12
STARLINK-30164
1 57500C 23113F   25222.09770833  .00007100  00000+0  52416-3 0  2224
2 57500  43.0018  86.9205 0001536 275.4224  62.0086 15.02508189    18
STARLINK-30072
1 57501C 23113G   25222.10118056  .00014105  00000+0  10406-2 0  2225
2 57501  43.0019  86.8086 0001166 270.0111 122.1088 15.02527495    12
STARLINK-30228
1 57502C 23113H   25222.10604167  .00067079  00000+0  27375-2 0  2220
2 57502  42.9974  64.3911 0005161 266.7973 292.0675 15.23542023    12
STARLINK-30230
1 57503C 23113J   25222.10048611 -.00015496  00000+0 -11435-2 0  2225
2 57503  43.0018  86.9437 0001298 264.9437  69.4257 15.02547096    13
STARLINK-30213
1 57504C 23113K   25222.10187500  .00011555  00000+0  85221-3 0  2222
2 57504  43.0020  87.6117 0001452 274.2252 139.0872 15.02541970    13
STARLINK-30227
1 57505C 23113L   25222.10118056 -.00017081  00000+0 -12605-2 0  2220
2 57505  43.0018  74.2741 0001328 260.4057 292.0829 15.02548017    19
STARLINK-30212
1 57506C 23113M   25222.10256944  .00006617  00000+0  48850-3 0  2223
2 57506  43.0017  87.5711 0001318 267.0015 168.2642 15.02506324    11
STARLINK-30219
1 57507C 23113N   25222.10048611 -.00012796  00000+0 -94427-3 0  2222
2 57507  43.0018  87.5530 0001202 258.0918 183.8220 15.02545781    11
STARLINK-30074
1 57508C 23113P   25222.10326389 -.00017967  00000+0 -13258-2 0  2221
2 57508  43.0019  86.8418 0001401 265.3921 120.0864 15.02549810    10
STARLINK-30082
1 57509C 23113Q   25222.10118056 -.00012122  00000+0 -89448-3 0  2225
2 57509  43.0021  87.3780 0001331 263.5532 254.2476 15.02544574    13
STARLINK-30153
1 57510C 23113R   25222.09979167  .00013381  00000+0  98707-3 0  2227
2 57510  43.0018  87.3527 0001367 275.4114 252.7810 15.02533421    11
STARLINK-30147
1 57511C 23113S   25222.09770833 -.00017247  00000+0 -12727-2 0  2221
2 57511  43.0017  87.4823 0001186 259.1390 203.8001 15.02549943    10
STARLINK-30157
1 57512C 23113T   25222.10187500 -.00019928  00000+0 -14705-2 0  2223
2 57512  43.0029  61.0422 0001534 264.7922 164.2163 15.02553354    17
STARLINK-30168
1 57513C 23113U   25222.10326389  .00006584  00000+0  48600-3 0  2228
2 57513  43.0017  87.4642 0001339 264.7986 210.2604 15.02511655    14
STARLINK-30231
1 57514C 23113V   25222.09631944  .00009012  00000+0  66521-3 0  2224
2 57514  43.0016  87.3060 0001100 265.7292 261.8640 15.02513414    11
STARLINK-30081
1 57515C 23113W   25222.09701389  .00011065  00000+0  81610-3 0  2223
2 57515  43.0019  87.1519 0001316 262.2134 341.1362 15.02539450    19
STARLINK-30149
1 57516C 23113X   25222.10118056 -.00038698  00000+0 -28554-2 0  2229
2 57516  43.0022  86.9938 0001364 264.1701  55.9144 15.02573892    16
STARLINK-30259
1 57521C 23115A   25222.09631944 -.00008602  00000+0 -63477-3 0  2227
2 57521  43.0021  74.7722 0001468 264.8303  26.9810 15.02539692    15
STARLINK-30256
1 57522C 23115B   25222.10326389 -.00016155  00000+0 -11921-2 0  2222
2 57522  43.0020  74.6908 0001288 259.6840  87.7620 15.02549620    14
STARLINK-30261
1 57523C 23115C   25222.09631944  .00010139  00000+0  74813-3 0  2221
2 57523  43.0025  74.6845 0001466 261.6807  66.1679 15.02525178    11
STARLINK-30260
1 57524C 23115D   25222.10187500 -.00016585  00000+0 -12237-2 0  2222
2 57524  43.0025  74.6317 0001231 259.7016 116.2612 15.02553250    12
STARLINK-30253
1 57525C 23115E   25222.09701389  .00009927  00000+0  73208-3 0  2224
2 57525  43.0026  74.5135 0001013 277.9277 125.7483 15.02546066    18
STARLINK-30257
1 57526C 23115F   25222.09770833  .00008807  00000+0  64996-3 0  2225
2 57526  43.0020  74.5764 0001345 265.7605 123.7307 15.02519072    19
STARLINK-30250
1 57527C 23115G   25222.09770833  .00009976  00000+0  73610-3 0  2227
2 57527  43.0024  74.4622 0001316 268.1236 157.4299 15.02527126    14
STARLINK-30269
1 57528C 23115H   25222.10118056  .00010004  00000+0  73815-3 0  2224
2 57528  43.0022  74.2997 0001430 265.6937 250.7709 15.02527737    14
STARLINK-30266
1 57529C 23115J   25222.10187500 -.00012687  00000+0 -93619-3 0  2220
2 57529  43.0019  74.1483 0001454 258.7583 315.5809 15.02545596    10
STARLINK-30270
1 57530C 23115K   25222.10256944  .00009496  00000+0  70083-3 0  2223
2 57530  43.0020  74.2405 0001460 268.2043 273.8371 15.02516592    17
STARLINK-30268
1 57531C 23115L   25222.09909722 -.00015499  00000+0 -11437-2 0  2220
2 57531  43.0022  74.4313 0001453 265.9767 185.1144 15.02547479    10
STARLINK-30251
1 57532C 23115M   25222.10048611  .00009932  00000+0  73281-3 0  2223
2 57532  43.0018  74.3368 0001316 259.1876 229.5058 15.02526219    15
STARLINK-30254
1 57533C 23115N   25222.10118056 -.00021578  00000+0 -78177-3 0  2226
2 57533  43.0008 218.0963 0001534 264.0954 336.9974 15.27590674    10
STARLINK-30264
1 57534C 23115P   25222.10187500 -.00013489  00000+0 -51407-3 0  2226
2 57534  43.0023 323.5118 0001655 264.7318 349.5454 15.25915169    18
STARLINK-30166
1 57602C 23119A   25222.09770833 -.00011525  00000+0 -85046-3 0  2226
2 57602  43.0024 151.7117 0001141 261.6169  64.8761 15.02543443    10
STARLINK-30223
1 57603C 23119B   25222.10048611  .00009304  00000+0  68630-3 0  2221
2 57603  43.0021 151.4285 0001086 261.6555 187.9871 15.02536626    12
STARLINK-30218
1 57604C 23119C   25222.10395833 -.00010112  00000+0 -74617-3 0  2226
2 57604  43.0017 151.5057 0001213 268.2140 164.2484 15.02544928    13
STARLINK-30138
1 57605C 23119D   25222.10187500 -.00000792  00000+0 -58458-4 0  2226
2 57605  43.0023 151.4738 0001258 262.1070 177.0973 15.02532914    17
STARLINK-30255
1 57606C 23119E   25222.10048611 -.00006624  00000+0 -48897-3 0  2221
2 57606  43.0022 151.1464 0001318 266.8235 303.1449 15.02525304    16
STARLINK-30252
1 57607C 23119F   25222.10326389 -.00002163  00000+0 -15971-3 0  2224
2 57607  43.0018 138.8608 0001114 259.7576 131.3260 15.02518663    19
STARLINK-30258
1 57608C 23119G   25222.10187500  .00001430  00000+0  10554-3 0  2221
2 57608  43.0019 151.3576 0001417 268.4943 218.7977 15.02526894    16
STARLINK-30174
1 57609C 23119H   25222.10187500 -.00009085  00000+0 -67065-3 0  2227
2 57609  43.0018 151.2569 0001404 272.5564 256.8468 15.02529001    19
STARLINK-30248
1 57610C 23119J   25222.09840278 -.00005015  00000+0 -37015-3 0  2226
2 57610  43.0026 151.3188 0001431 267.9984 224.5628 15.02524762    11
STARLINK-30052
1 57611C 23119K   25222.09909722 -.00005843  00000+0 -43113-3 0  2222
2 57611  43.0016 151.2298 0001331 263.4617 268.8924 15.02540064    18
STARLINK-30245
1 57612C 23119L   25222.10256944 -.00002939  00000+0 -21693-3 0  2228
2 57612  43.0017 151.1672 0001271 264.4625 304.7407 15.02525129    19
STARLINK-30041
1 57613C 23119M   25222.10326389 -.00020043  00000+0 -14796-2 0  2221
2 57613  43.0015 151.1203 0001249 264.8160 326.2002 15.02538778    15
STARLINK-30244
1 57614C 23119N   25222.10118056  .00031546  00000+0  23296-2 0  2225
2 57614  43.0020 151.0889 0001093 266.3997 331.3059 15.02473410    13
STARLINK-30246
1 57615C 23119P   25222.10326389  .00001377  00000+0  10161-3 0  2223
2 57615  43.0016 151.0208 0001337 262.7308   4.3244 15.02530925    19
STARLINK-30075
1 57616C 23119Q   25222.09840278 -.00006087  00000+0 -44917-3 0  2221
2 57616  43.0018 151.8804 0001138 261.2919 356.8243 15.02539503    18
STARLINK-30148
1 57617C 23119R   25222.10395833 -.00003415  00000+0 -25196-3 0  2226
2 57617  43.0021 151.8082 0001248 263.8249  42.4065 15.02535787    17
STARLINK-30249
1 57618C 23119S   25222.10048611 -.00004026  00000+0 -29713-3 0  2224
2 57618  43.0015 151.7827 0001142 264.2499  41.2077 15.02530369    13
STARLINK-30141
1 57620C 23119U   25222.09631944 -.00001347  00000+0 -99384-4 0  2227
2 57620  43.0024 151.6425 0001357 266.0139  82.9969 15.02530226    12
STARLINK-30150
1 57621C 23119V   25222.09840278 -.00012415  00000+0 -91647-3 0  2221
2 57621  43.0019 151.6661 0000694 256.0829  92.2310 15.02531518    16
STARLINK-30056
1 57622C 23119W   25222.10187500 -.00012221  00000+0 -90202-3 0  2227
2 57622  43.0017 151.5761 0001303 268.0916 117.0411 15.02536371    13
STARLINK-30100
1 57623C 23119X   25222.09701389 -.00020597  00000+0 -15202-2 0  2224
2 57623  43.0018 151.5863 0000987 268.7206 108.1905 15.02546635    17
STARLINK-30309
1 57632C 23122A   25222.09076389 -.00002291  00000+0 -16906-3 0  2227
2 57632  43.0015 164.8070 0001018 264.1368 224.1010 15.02535289    15
STARLINK-30306
1 57633C 23122B   25222.09770833 -.00000058  00000+0 -42651-5 0  2220
2 57633  43.0023 164.7238 0001210 266.6933 277.1724 15.02533822    10
STARLINK-30323
1 57634C 23122C   25222.09493056 -.00011040  00000+0 -81476-3 0  2229
2 57634  43.0021 151.0845 0001230 264.4532 293.4510 15.02539969    17
STARLINK-30329
1 57635C 23122D   25222.10187500 -.00009602  00000+0 -70877-3 0  2220
2 57635  43.0023 164.6576 0000732 267.5504 316.9424 15.02531992    13
STARLINK-30330
1 57636C 23122E   25222.09840278 -.00013416  00000+0 -99024-3 0  2220
2 57636  43.0020 164.6352 0001088 265.9116 317.7872 15.02538129    14
STARLINK-30311
1 57637C 23122F   25222.09770833 -.00004815  00000+0 -35529-3 0  2223
2 57637  43.0016 164.5540 0001391 263.1546 352.8430 15.02539121    15
STARLINK-30328
1 57638C 23122G   25222.09979167  .00000328  00000+0  24204-4 0  2227
2 57638  43.0018 151.0857 0000810 255.8401 292.3157 15.02541641    17
STARLINK-30326
1 57639C 23122H   25222.10118056 -.00001195  00000+0 -88165-4 0  2223
2 57639  43.0011 164.0562 0001274 267.5294 205.6356 15.02532652    13
STARLINK-30324
1 57640C 23122J   25222.10048611  .00006147  00000+0  45373-3 0  2227
2 57640  43.0017 164.4524 0001136 260.9139  46.2042 15.02513675    10
STARLINK-30312
1 57641C 23122K   25222.10118056 -.00007857  00000+0 -57973-3 0  2229
2 57641  43.0022 164.4054 0001150 259.7983  69.0997 15.02543357    16
STARLINK-30263
1 57642C 23122L   25222.10256944 -.00015818  00000+0 -11675-2 0  2223
2 57642  43.0024 164.3115 0001359 262.8969 109.6140 15.02537925    11
STARLINK-30280
1 57643C 23122M   25222.10118056  .00002261  00000+0  16689-3 0  2222
2 57643  43.0012 164.1905 0001166 262.8022 156.2603 15.02528078    11
STARLINK-30247
1 57644C 23122N   25222.10187500  .00003671  00000+0  27078-3 0  2223
2 57644  43.0013 164.2344 0001200 252.9912 151.6786 15.02545701    11
STARLINK-30277
1 57645C 23122P   25222.09840278  .00026162  00000+0  94805-3 0  2222
2 57645  43.0016  65.3587 0001484 262.9321 218.0512 15.27536137    19
STARLINK-30265
1 57646C 23122Q   25222.09770833 -.00001510  00000+0 -11142-3 0  2227
2 57646  43.0022 164.3814 0001192 265.8785  62.2411 15.02528635    16
STARLINK-30286
1 57647C 23122R   25222.10256944 -.00010028  00000+0 -74016-3 0  2225
2 57647  43.0021 164.1363 0001173 261.7879 182.8277 15.02534267    18
STARLINK-30243
1 57648C 23122S   25222.09979167  .00000716  00000+0  52799-4 0  2229
2 57648  43.0012 163.9848 0001060 265.1113 236.5682 15.02533885    10
STARLINK-30299
1 57650C 23122U   25222.09979167 -.00005646  00000+0 -41667-3 0  2222
2 57650  43.0020 164.1110 0000993 299.9890 147.6155 15.02532809    10
STARLINK-30294
1 57651C 23122V   25222.10187500 -.00013953  00000+0 -10295-2 0  2229
2 57651  43.0019 151.3003 0001308 255.3115 238.0132 15.02552120    13
STARLINK-30276
1 57652C 23122W   25222.10187500 -.00001397  00000+0 -10305-3 0  2222
2 57652  43.0013 164.0134 0000988 271.2898 223.6411 15.02536763    17
STARLINK-30289
1 57653C 23122X   25222.09770833 -.00004477  00000+0 -33036-3 0  2226
2 57653  43.0018 151.3162 0000641 252.8080 199.9704 15.02537290    13
STARLINK-30267
1 57663C 23124A   25222.09840278  .00031609  00000+0  10652-2 0  2223
2 57663  53.1576 109.8539 0001383  82.9042 109.9484 15.30163117    15
STARLINK-30298
1 57665C 23124C   25222.10326389  .00015392  00000+0  51889-3 0  2228
2 57665  53.1579 109.8700 0001312  71.3470 136.6946 15.30168733    18
STARLINK-30275
1 57667C 23124E   25222.09840278  .00034513  00000+0  11636-2 0  2227
2 57667  53.1598 109.8979 0001173  79.5709 357.1617 15.30145712    16
STARLINK-30278
1 57668C 23124F   25222.09979167  .00020437  00000+0  68895-3 0  2228
2 57668  53.1595 109.8607 0001513  91.8404  21.5958 15.30163504    18
STARLINK-30322
1 57670C 23124H   25222.10118056  .00026921  00000+0  90780-3 0  2227
2 57670  53.1598 109.8808 0001446  81.3426  16.5300 15.30148263    10
STARLINK-30296
1 57671C 23124J   25222.09631944  .00022881  00000+0  77136-3 0  2223
2 57671  53.1580 109.8503 0001148  93.1889  70.8121 15.30160699    18
STARLINK-30274
1 57672C 23124K   25222.10048611  .00015623  00000+0  52729-3 0  2226
2 57672  53.1565 109.7656 0001130  65.9007 208.3026 15.30131256    19
STARLINK-30316
1 57673C 23124L   25222.10187500  .00025104  00000+0  84629-3 0  2227
2 57673  53.1586 109.8876 0001409 103.4453  62.0887 15.30159358    13
STARLINK-30313
1 57676C 23124P   25222.09979167  .00024528  00000+0  82698-3 0  2229
2 57676  53.1565 109.8041 0001079  70.8119 182.0422 15.30155136    14
STARLINK-30303
1 57677C 23124Q   25222.09770833  .00036097  00000+0  12173-2 0  2223
2 57677  53.1592 109.3080 0001205  79.2776  40.5991 15.30138385    12
STARLINK-30320
1 57678C 23124R   25222.09840278  .00028395  00000+0  95727-3 0  2224
2 57678  53.1590  96.8751 0001230  99.2959 224.5662 15.30154339    15
STARLINK-30295
1 57683C 23124W   25222.10048611  .00015226  00000+0  51328-3 0  2221
2 57683  53.1584 109.8862 0001477  86.7873  82.7149 15.30168728    12
STARLINK-30288
1 57698C 23129A   25222.10048611 -.00001481  00000+0 -10928-3 0  2223
2 57698  43.0018 189.7614 0001284 262.3688 282.0277 15.02537777    12
STARLINK-30347
1 57699C 23129B   25222.09840278 -.00005897  00000+0 -43519-3 0  2228
2 57699  43.0017 177.6376 0001057 268.2589 352.8363 15.02533717    18
STARLINK-30332
1 57700C 23129C   25222.09840278 -.00004433  00000+0 -32708-3 0  2224
2 57700  43.0017 189.7314 0001229 276.6024 274.5466 15.02542140    19
STARLINK-30345
1 57701C 23129D   25222.09979167 -.00022840  00000+0 -16856-2 0  2222
2 57701  43.0016 190.4127 0001054 290.8436 339.3175 15.02552074    15
STARLINK-30333
1 57702C 23129E   25222.10187500 -.00015221  00000+0 -11232-2 0  2225
2 57702  43.0017 190.3145 0001216 267.6282  49.8799 15.02545192    15
STARLINK-30336
1 57703C 23129F   25222.10048611 -.00001722  00000+0 -12704-3 0  2222
2 57703  43.0018 190.3685 0001294 266.1141  25.8407 15.02537445    12
STARLINK-30346
1 57704C 23129G   25222.09770833  .00003850  00000+0  28410-3 0  2222
2 57704  43.0015 190.2505 0001281 263.8823  67.1288 15.02527609    14
STARLINK-30342
1 57705C 23129H   25222.07965278  .01811000  00000+0  10287-1 0  2226
2 57705  43.0000 182.9323 0001819 239.6233 221.0110 15.76266694    18
STARLINK-30327
1 57707C 23129K   25222.10673611  .00038806  00000+0  26991-2 0  2223
2 57707  43.0018 177.0605 0002116 151.5418  54.4076 15.04710214    17
STARLINK-30315
1 57708C 23129L   25222.10256944  .00000170  00000+0  12577-4 0  2220
2 57708  43.0016 190.0976 0001154 277.4825 133.9536 15.02532945    18
STARLINK-30287
1 57709C 23129M   25222.10256944  .00007769  00000+0  57368-3 0  2228
2 57709  43.0016 190.1867 0001238 277.1660  98.3511 15.02498807    11
STARLINK-30335
1 57710C 23129N   25222.10256944  .00001159  00000+0  85468-4 0  2220
2 57710  43.0011 190.1420 0001005 289.4551 103.8465 15.02547143    18
STARLINK-30318
1 57711C 23129P   25222.10048611  .00000297  00000+0  21882-4 0  2223
2 57711  43.0017 190.2662 0001215 275.5204  52.5136 15.02534371    12
STARLINK-30348
1 57712C 23129Q   25222.10187500  .00008704  00000+0  64216-3 0  2223
2 57712  43.0014 190.0122 0001106 268.1361 175.5140 15.02531870    12
STARLINK-30349
1 57713C 23129R   25222.10048611 -.00014432  00000+0 -10651-2 0  2223
2 57713  43.0014 189.9375 0001219 268.5189 203.7593 15.02542522    19
STARLINK-30341
1 57714C 23129S   25222.09979167 -.00005193  00000+0 -38309-3 0  2226
2 57714  43.0017 189.6371 0001395 271.1310 323.5661 15.02549385    18
STARLINK-30300
1 57715C 23129T   25222.09770833 -.00015533  00000+0 -11464-2 0  2227
2 57715  43.0016 190.0801 0001268 266.5202 136.6245 15.02542441    16
STARLINK-30281
1 57716C 23129U   25222.09701389 -.00018186  00000+0 -13420-2 0  2229
2 57716  43.0016 189.8230 0001217 274.6899 232.8670 15.02549851    18
STARLINK-30325
1 57717C 23129V   25222.10187500 -.00011978  00000+0 -88339-3 0  2229
2 57717  43.0014 189.9690 0001379 255.8884 205.7936 15.02564545    13
STARLINK-30338
1 57718C 23129W   25222.09979167  .00001443  00000+0  10649-3 0  2229
2 57718  43.0012 189.8562 0000912 267.5056 237.0613 15.02533760    17
STARLINK-30334
1 57719C 23129X   25222.10118056 -.00013391  00000+0 -98806-3 0  2222
2 57719  43.0011 189.8910 0001231 256.9541 237.0798 15.02550519    15
STARLINK-30375
1 57732C 23131A   25222.08798611  .00008388  00000+0  61930-3 0  2224
2 57732  43.0011 229.0817 0001544 283.2401 323.5259 15.02505354    18
STARLINK-30310
1 57733C 23131B   25222.09840278  .00005686  00000+0  41952-3 0  2223
2 57733  43.0012 241.1213 0001553 272.7010 314.4605 15.02533625    10
STARLINK-30365
1 57734C 23131C   25222.09770833  .00032939  00000+0  24326-2 0  2229
2 57734  43.0012 241.5689 0002002 275.9322 109.1296 15.02469320    18
STARLINK-30371
1 57735C 23131D   25222.10256944  .00007468  00000+0  55110-3 0  2229
2 57735  43.0013 241.2710 0001619 274.3599 263.2560 15.02525327    10
STARLINK-30352
1 57736C 23131E   25222.09840278  .00008729  00000+0  64391-3 0  2229
2 57736  43.0007 241.1676 0001485 275.6729 293.4017 15.02535256    18
STARLINK-30344
1 57737C 23131F   25222.09701389  .00008707  00000+0  64256-3 0  2225
2 57737  43.0011 241.4680 0001445 274.7690 166.6521 15.02519392    19
STARLINK-30351
1 57738C 23131G   25222.09631944  .00007429  00000+0  54811-3 0  2221
2 57738  43.0009 241.7415 0001529 271.3685  52.0568 15.02530380    15
STARLINK-30242
1 57739C 23131H   25222.09909722  .00000681  00000+0  50280-4 0  2224
2 57739  43.0013 216.1532 0001417 258.3176   5.1508 15.02515977    11
STARLINK-30331
1 57740C 23131J   25222.09979167  .00017577  00000+0  63681-3 0  2226
2 57740  43.0002 214.3454 0001260 257.4017 143.0206 15.27551268    11
STARLINK-30364
1 57741C 23131K   25222.10187500 -.00011315  00000+0 -83503-3 0  2222
2 57741  43.0012 241.4947 0001435 273.4406 170.2568 15.02540937    12
STARLINK-30308
1 57742C 23131L   25222.09840278  .00005896  00000+0  43491-3 0  2226
2 57742  43.0008 241.6861 0001678 313.3104  39.4294 15.02538029    14
STARLINK-30361
1 57743C 23131M   25222.10326389  .00008135  00000+0  60018-3 0  2224
2 57743  43.0006 241.4443 0001493 273.0188 196.1585 15.02531061    19
STARLINK-30363
1 57744C 23131N   25222.09770833  .00008447  00000+0  62375-3 0  2224
2 57744  43.0010 228.9866 0001264 261.7670  55.6958 15.02499119    10
STARLINK-30362
1 57745C 23131P   25222.09701389 -.00006663  00000+0 -49166-3 0  2228
2 57745  43.0010 241.4340 0001389 271.8312 181.6033 15.02538688    10
STARLINK-30350
1 57746C 23131Q   25222.10256944 -.00014558  00000+0 -10741-2 0  2221
2 57746  43.0009 241.7740 0001556 273.3803  47.8297 15.02551065    13
STARLINK-30307
1 57747C 23131R   25222.09701389 -.00009426  00000+0 -69561-3 0  2221
2 57747  43.0013 241.4473 0001441 272.6237 174.7981 15.02539439    16
STARLINK-30356
1 57748C 23131S   25222.09840278 -.00015780  00000+0 -11645-2 0  2222
2 57748  43.0013 241.3390 0001450 272.7517 224.2657 15.02545889    13
STARLINK-30366
1 57749C 23131T   25222.10256944  .00007229  00000+0  53342-3 0  2224
2 57749  43.0012 241.0556 0001477 269.8937 357.8850 15.02525855    15
STARLINK-30357
1 57750C 23131U   25222.10187500 -.00014699  00000+0 -10846-2 0  2229
2 57750  43.0013 241.1894 0001418 271.1583 298.7546 15.02549553    18
STARLINK-30370
1 57751C 23131V   25222.09701389 -.00008779  00000+0 -64777-3 0  2220
2 57751  43.0012 228.9827 0001387 276.6794  54.9515 15.02543065    16
STARLINK-30368
1 57752C 23131W   25222.09631944 -.00012542  00000+0 -92557-3 0  2220
2 57752  43.0005 241.5338 0001399 271.6807 123.9197 15.02543322    19
STARLINK-30343
1 57753C 23131X   25222.10256944 -.00011127  00000+0 -82102-3 0  2229
2 57753  43.0010 241.2298 0001451 274.9164 280.7293 15.02546340    11
STARLINK-30397
1 57771C 23134A   25222.09909722 -.00008817  00000+0 -65060-3 0  2225
2 57771  43.0016 267.6151 0001520 269.3829 251.9830 15.02541650    16
STARLINK-30354
1 57772C 23134B   25222.09631944  .00010547  00000+0  77883-3 0  2221
2 57772  43.0014 266.9398 0001313 258.5964 176.3300 15.02496102    13
STARLINK-30383
1 57773C 23134C   25222.09701389  .00010239  00000+0  75563-3 0  2224
2 57773  43.0014 267.5834 0001648 271.4711 256.6482 15.02518134    14
STARLINK-30384
1 57774C 23134D   25222.06784722  .00010444  00000+0  77081-3 0  2229
2 57774  43.0017 267.6554 0001766 271.9790 134.2711 15.02515613    16
STARLINK-30305
1 57775C 23134E   25222.09631944  .00005112  00000+0  37726-3 0  2228
2 57775  43.0013 267.5441 0001650 270.4389 271.9505 15.02523896    19
STARLINK-30360
1 57776C 23134F   25222.10256944 -.00008041  00000+0 -59331-3 0  2226
2 57776  43.0010 267.4239 0001520 269.6424 342.6464 15.02542021    18
STARLINK-30355
1 57777C 23134G   25222.10118056  .00010789  00000+0  79621-3 0  2222
2 57777  43.0014 267.3185 0001525 269.2837  11.5715 15.02519330    19
STARLINK-30385
1 57778C 23134H   25222.09631944  .00009190  00000+0  67829-3 0  2228
2 57778  43.0010 254.7790 0001516 268.7864 236.0443 15.02514528    18
STARLINK-30359
1 57779C 23134J   25222.09840278 -.00011478  00000+0 -84697-3 0  2227
2 57779  43.0011 254.7159 0001484 272.5785 279.5434 15.02545928    18
STARLINK-30380
1 57780C 23134K   25222.09909722 -.00069225  00000+0 -51007-2 0  2220
2 57780  43.0013 267.0060 0001589 275.7279 137.9571 15.02657171    12
STARLINK-30369
1 57781C 23134L   25222.09909722 -.00014400  00000+0 -10627-2 0  2229
2 57781  43.0013 267.3017 0001471 269.0888  18.5085 15.02544916    16
STARLINK-30376
1 57782C 23134M   25222.10048611  .00009434  00000+0  69572-3 0  2226
2 57782  43.0011 267.0505 0001266 269.2844 133.9327 15.02546460    17
STARLINK-30389
1 57783C 23134N   25222.09840278 -.00006371  00000+0 -47014-3 0  2220
2 57783  43.0008 267.2311 0001379 268.3243  51.5717 15.02538241    15
STARLINK-30388
1 57784C 23134P   25222.10118056  .00010352  00000+0  76408-3 0  2226
2 57784  43.0014 267.1720 0001496 267.5973  85.3871 15.02513407    10
STARLINK-30381
1 57785C 23134Q   25222.09979167  .00010356  00000+0  76427-3 0  2228
2 57785  43.0012 266.7872 0001501 261.0772 210.6591 15.02519728    19
STARLINK-30382
1 57786C 23134R   25222.10256944  .00010155  00000+0  74958-3 0  2226
2 57786  43.0013 267.1215 0001549 268.9289 109.6080 15.02511301    17
STARLINK-30378
1 57787C 23134S   25222.09770833 -.00013362  00000+0 -98595-3 0  2221
2 57787  43.0016 266.8452 0001431 267.7694 210.6442 15.02547477    15
STARLINK-30387
1 57788C 23134T   25222.09770833  .00008616  00000+0  63556-3 0  2225
2 57788  43.0010 253.9133 0001551 276.5998 254.2903 15.02536459    15
STARLINK-30372
1 57789C 23134U   25222.10048611 -.00021898  00000+0 -79352-3 0  2220
2 57789  42.9999 193.3172 0001502 271.8873 264.9206 15.27584851    16
STARLINK-30373
1 57790C 23134V   25222.10881944  .00254540  00000+0  45483-2 0  2223
2 57790  42.9926 210.2636 0018743 121.0708 147.8860 15.48695795    18
STARLINK-30367
1 57791C 23134W   25222.09840278 -.00016029  00000+0 -11827-2 0  2222
2 57791  43.0012 266.9708 0001481 270.6502 157.4172 15.02552119    14
STARLINK-30304
1 57808C 23138A   25222.10812500  .00241480  00000+0  45055-2 0  2223
2 57808  42.9951 169.6286 0018657 164.9201  48.3468 15.47480860    15
STARLINK-30374
1 57809C 23138B   25222.10118056 -.00024906  00000+0 -18367-2 0  2229
2 57809  43.0025 306.1408 0001599 265.4233  91.6495 15.02580441    11
STARLINK-30394
1 57810C 23138C   25222.10187500 -.00015764  00000+0 -11632-2 0  2221
2 57810  43.0026 306.0938 0001551 266.4343 112.5491 15.02548377    13
STARLINK-30379
1 57811C 23138D   25222.10187500 -.00014424  00000+0 -10644-2 0  2226
2 57811  43.0025 306.0504 0001442 265.6407 131.3702 15.02545752    11
STARLINK-30395
1 57812C 23138E   25222.10187500 -.00015794  00000+0 -11655-2 0  2221
2 57812  43.0027 306.0073 0001525 265.4549 149.5900 15.02547182    12
STARLINK-30403
1 57813C 23138F   25222.10187500 -.00015087  00000+0 -11133-2 0  2228
2 57813  43.0026 305.9645 0001745 269.4440 163.6309 15.02546725    15
STARLINK-30413
1 57814C 23138G   25222.10048611 -.00024386  00000+0 -17994-2 0  2221
2 57814  43.0028 305.7174 0001493 266.9852 266.7387 15.02559259    19
STARLINK-30398
1 57815C 23138H   25222.09909722 -.00015146  00000+0 -11176-2 0  2229
2 57815  43.0026 305.9354 0001437 266.0934 169.9574 15.02549743    19
STARLINK-30386
1 57816C 23138J   25222.10256944  .00009473  00000+0  69936-3 0  2225
2 57816  43.0024 305.8741 0001459 264.5108 208.4256 15.02503900    18
STARLINK-30391
1 57817C 23138K   25222.10187500 -.00016759  00000+0 -12366-2 0  2228
2 57817  43.0024 305.8348 0001484 267.5200 219.6350 15.02552026    18
STARLINK-30401
1 57818C 23138L   25222.09840278 -.00018013  00000+0 -13292-2 0  2229
2 57818  43.0025 305.8106 0001428 266.8851 219.5145 15.02550979    10
STARLINK-30390
1 57819C 23138M   25222.09770833  .00012184  00000+0  89897-3 0  2225
2 57819  43.0026 305.7716 0001743 265.6205 234.9822 15.02524916    13
STARLINK-30409
1 57820C 23138N   25222.09909722  .00011303  00000+0  83450-3 0  2229
2 57820  43.0025 305.5728 0001427 267.1620 313.2130 15.02502367    11
STARLINK-30415
1 57821C 23138P   25222.09631944  .00010265  00000+0  75788-3 0  2229
2 57821  43.0026 305.6650 0001397 267.5331 273.7421 15.02503403    12
STARLINK-30407
1 57823C 23138R   25222.10256944  .00001317  00000+0  47717-4 0  2226
2 57823  42.9986 243.7127 0001419 266.0443 218.8160 15.27569647    10
STARLINK-30408
1 57824C 23138S   25222.09631944  .00010569  00000+0  78027-3 0  2228
2 57824  43.0025 305.6490 0001490 267.3914 279.8873 15.02506133    16
STARLINK-30377
1 57825C 23138T   25222.09909722  .00007179  00000+0  52998-3 0  2223
2 57825  43.0025 305.4220 0001409 264.4213  28.0523 15.02507696    17
STARLINK-30422
1 57826C 23138U   25222.09909722  .00012570  00000+0  92757-3 0  2222
2 57826  43.0025 305.4619 0001637 277.1444 357.1793 15.02520602    17
STARLINK-30402
1 57827C 23138V   25222.10048611  .00011735  00000+0  86642-3 0  2224
2 57827  43.0026 305.5119 0001442 266.2074 351.7182 15.02501129    12
STARLINK-30411
1 57828C 23138W   25222.09909722  .00011627  00000+0  85832-3 0  2222
2 57828  43.0034 305.5256 0001567 266.0057 332.3790 15.02505366    18
STARLINK-30418
1 57829C 23138X   25222.09979167  .00011187  00000+0  82528-3 0  2223
2 57829  43.0026 305.3722 0001400 263.4633  50.6982 15.02532484    17
STARLINK-30285
1 57840C 23141A   25222.09979167 -.00003420  00000+0 -11527-3 0  2224
2 57840  53.1591 186.9599 0001274  88.9906 220.6462 15.30188476    17
STARLINK-30410
1 57841C 23141B   25222.09631944 -.00014801  00000+0 -49901-3 0  2225
2 57841  53.1577 186.9273 0001309  86.8388 134.0196 15.30195936    12
STARLINK-30435
1 57842C 23141C   25222.09979167 -.00011787  00000+0 -39738-3 0  2225
2 57842  53.1573 186.9735 0001324  90.7287 131.7986 15.30193202    16
STARLINK-30423
1 57843C 23141D   25222.09909722 -.00023995  00000+0 -80861-3 0  2223
2 57843  53.1566 186.9792 0001245  89.8078 105.6312 15.30219897    13
STARLINK-30416
1 57847C 23141H   25222.10187500 -.00016187  00000+0 -54576-3 0  2220
2 57847  53.1583 186.9872 0001323  87.8296 198.4141 15.30195665    18
STARLINK-30430
1 57849C 23141K   25222.10048611  .00007380  00000+0  24882-3 0  2221
2 57849  53.1588 187.0000 0001339  86.1581 209.8616 15.30174505    10
STARLINK-30405
1 57851C 23141M   25222.10256944 -.00016139  00000+0 -54412-3 0  2220
2 57851  53.1580 187.0050 0001324  89.0083 183.6284 15.30196628    13
STARLINK-30431
1 57852C 23141N   25222.09840278 -.00008965  00000+0 -30221-3 0  2228
2 57852  53.1570 186.6190 0001514  89.1955  33.0888 15.30195205    11
STARLINK-30412
1 57854C 23141Q   25222.09840278  .00002527  00000+0  85187-4 0  2228
2 57854  53.1576 186.6871 0001410  87.4120 359.9874 15.30180570    19
STARLINK-30392
1 57855C 23141R   25222.09840278  .00004139  00000+0  13951-3 0  2229
2 57855  53.1573 186.6516 0001419  88.2900  16.5541 15.30181233    11
STARLINK-30290
1 57858C 23141U   25222.10256944 -.00015686  00000+0 -52872-3 0  2221
2 57858  53.1586 186.7352 0001286  88.5658 346.8733 15.30205460    13
STARLINK-30414
1 57859C 23141V   25222.09631944 -.00082582  00000+0 -27830-2 0  2221
2 57859  53.1582 186.7288 0001349  94.0732 324.3375 15.30277810    14
STARLINK-30432
1 57864C 23144A   25222.10118056 -.00043378  00000+0 -32022-2 0  2225
2 57864  43.0041 357.6207 0001345 267.1590 222.0206 15.02561853    18
STARLINK-30427
1 57865C 23144B   25222.09631944 -.00001982  00000+0 -14626-3 0  2226
2 57865  43.0038 357.6071 0001353 266.3601 214.4818 15.02534019    15
STARLINK-30393
1 57866C 23144C   25222.09770833 -.00000017  00000+0 -12403-5 0  2229
2 57866  43.0042 356.8656 0001316 268.6054 166.3089 15.02529300    19
STARLINK-30439
1 57867C 23144D   25222.10048611  .00000769  00000+0  56723-4 0  2228
2 57867  43.0043 357.5403 0001383 266.5805 254.8502 15.02528787    15
STARLINK-30442
1 57868C 23144E   25222.09701389 -.00005238  00000+0 -38629-3 0  2227
2 57868  43.0043 357.4735 0001469 264.8278 255.7620 15.02559346    19
STARLINK-30441
1 57869C 23144F   25222.09770833 -.00004821  00000+0 -35567-3 0  2223
2 57869  43.0040 357.6309 0001331 264.0499 188.2782 15.02542038    10
STARLINK-30460
1 57870C 23144G   25222.10048611  .00000578  00000+0  42674-4 0  2220
2 57870  43.0043 357.4538 0001267 267.2276 290.2898 15.02525068    19
STARLINK-30444
1 57871C 23144H   25222.09840278  .00000148  00000+0  10948-4 0  2220
2 57871  43.0040 357.3798 0001486 262.4150 319.9249 15.02517925    17
STARLINK-30446
1 57872C 23144J   25222.09701389 -.00010559  00000+0 -77947-3 0  2220
2 57872  43.0037 344.0946 0001538 270.1033 159.5115 15.02527490    14
STARLINK-30445
1 57873C 23144K   25222.09909722 -.00004893  00000+0 -36101-3 0  2223
2 57873  43.0040 357.4224 0001644 271.3528 296.6407 15.02540496    14
STARLINK-30447
1 57874C 23144L   25222.10256944 -.00009095  00000+0 -67112-3 0  2222
2 57874  43.0037 331.7089 0001444 264.3717 139.4280 15.02541316    10
STARLINK-30434
1 57875C 23144M   25222.09701389 -.00006169  00000+0 -45519-3 0  2225
2 57875  43.0043 357.2987 0001436 265.3697 345.4589 15.02539035    13
STARLINK-30429
1 57876C 23144N   25222.10048611  .00001717  00000+0  12669-3 0  2222
2 57876  43.0043 357.2380 0001373 266.0141  21.6663 15.02525629    13
STARLINK-30284
1 57877C 23144P   25222.09909722  .00006393  00000+0  47193-3 0  2225
2 57877  43.0028 318.8904 0001390 263.0024  66.5057 15.02512116    10
STARLINK-30433
1 57878C 23144Q   25222.09701389 -.00002318  00000+0 -17102-3 0  2227
2 57878  43.0043 357.2122 0001416 267.3975  19.4634 15.02543113    17
STARLINK-30358
1 57879C 23144R   25222.09631944 -.00025468  00000+0 -18801-2 0  2224
2 57879  43.0040 357.1835 0001468 254.5004  40.6819 15.02542660    10
STARLINK-30436
1 57880C 23144S   25222.09840278 -.00012673  00000+0 -93537-3 0  2222
2 57880  43.0041 357.0747 0001485 259.0693  89.4353 15.02537614    14
STARLINK-30339
1 57882C 23144U   25222.09909722 -.00001037  00000+0 -76494-4 0  2220
2 57882  43.0041 357.0269 0001252 267.1077 103.2046 15.02532821    12
STARLINK-30282
1 57883C 23144V   25222.09770833 -.00009691  00000+0 -71522-3 0  2220
2 57883  43.0043 356.9648 0001458 259.8032 133.0202 15.02535881    15
STARLINK-30340
1 57884C 23144W   25222.09979167 -.00003607  00000+0 -26608-3 0  2228
2 57884  43.0041 356.8871 0001217 261.2094 166.8497 15.02547806    19
STARLINK-30279
1 57885C 23144X   25222.10256944  .00006887  00000+0  50838-3 0  2225
2 57885  43.0041 356.9223 0001432 270.0088 155.1653 15.02512060    11
STARLINK-30465
1 57891C 23146A   25222.09909722 -.00000761  00000+0 -56167-4 0  2220
2 57891  43.0028  23.3317 0001442 267.1659 123.6806 15.02534399    13
STARLINK-30470
1 57892C 23146B   25222.10118056  .00001530  00000+0  11291-3 0  2226
2 57892  43.0026  23.2762 0001318 269.0015 151.1638 15.02531310    13
STARLINK-30473
1 57893C 23146C   25222.09979167  .00001175  00000+0  86719-4 0  2226
2 57893  43.0034  22.9265 0001318 268.0268 270.8763 15.02531709    16
STARLINK-30443
1 57894C 23146D   25222.09979167  .00002217  00000+0  16364-3 0  2223
2 57894  43.0036  23.1995 0001340 266.7131 182.0104 15.02526639    10
STARLINK-30467
1 57895C 23146E   25222.09631944  .00000437  00000+0  32249-4 0  2225
2 57895  43.0037  23.2614 0001261 265.3200 146.5751 15.02526792    18
STARLINK-30469
1 57896C 23146F   25222.09909722  .00000644  00000+0  47544-4 0  2222
2 57896  43.0032  23.1598 0001320 264.4395 198.5409 15.02534689    16
STARLINK-30474
1 57897C 23146G   25222.09909722 -.00020315  00000+0 -14993-2 0  2222
2 57897  43.0035  23.0894 0001419 268.1234 224.9137 15.02546703    12
STARLINK-30479
1 57898C 23146H   25222.10187500 -.00023435  00000+0 -17297-2 0  2223
2 57898  43.0034  23.0590 0001373 267.8423 246.2532 15.02546799    11
STARLINK-30481
1 57899C 23146J   25222.10118056  .00006756  00000+0  49875-3 0  2227
2 57899  43.0039  23.0209 0001334 256.8721 271.3936 15.02511912    16
STARLINK-30457
1 57900C 23146K   25222.10326389 -.00016246  00000+0 -11986-2 0  2228
2 57900  43.0038  22.8113 0001312 257.0340   6.6868 15.02558304    14
STARLINK-30472
1 57901C 23146L   25222.09631944 -.00000196  00000+0 -14473-4 0  2226
2 57901  43.0034  22.6110 0001352 265.7629  56.5907 15.02535065    13
STARLINK-30462
1 57902C 23146M   25222.10048611  .00000052  00000+0  38527-5 0  2228
2 57902  43.0036  22.9370 0001300 264.4119 296.2569 15.02533008    12
STARLINK-30449
1 57903C 23146N   25222.09840278  .00003259  00000+0  24046-3 0  2227
2 57903  43.0037  22.5566 0001363 267.2627  84.4016 15.02529012    15
STARLINK-30466
1 57904C 23146P   25222.10187500 -.00012268  00000+0 -90537-3 0  2222
2 57904  43.0037  22.8876 0001392 260.9193 325.3013 15.02540544    10
STARLINK-30451
1 57905C 23146Q   25222.09909722  .00001318  00000+0  97270-4 0  2223
2 57905  43.0030  22.5095 0001970 269.3374 104.1041 15.02538353    19
STARLINK-30428
1 57906C 23146R   25222.09979167  .00000291  00000+0  21469-4 0  2220
2 57906  43.0032  22.8536 0001394 266.4255 326.5479 15.02531700    15
STARLINK-30482
1 57907C 23146S   25222.09770833 -.00007602  00000+0 -56131-3 0  2228
2 57907  43.0034  22.8230 0001330 267.8944 331.9204 15.02516124    18
STARLINK-30464
1 57908C 23146T   25222.10118056 -.00014769  00000+0 -10899-2 0  2226
2 57908  43.0031  22.7170 0001409 265.2053  29.3722 15.02543939    15
STARLINK-30463
1 57909C 23146U   25222.10118056 -.00001916  00000+0 -14138-3 0  2228
2 57909  43.0034  22.7606 0001460 270.4117   6.1456 15.02539521    18
STARLINK-30453
1 57910C 23146V   25222.09979167 -.00026744  00000+0 -19739-2 0  2223
2 57910  43.0029  22.6816 0001495 259.2775  45.8276 15.02552243    15
STARLINK-30478
1 57911C 23146W   25222.09909722 -.00020326  00000+0 -15001-2 0  2222
2 57911  43.0026  22.4936 0001455 258.6822 120.7989 15.02547035    13
STARLINK-30477
1 57912C 23146X   25222.09631944 -.00019210  00000+0 -14178-2 0  2225
2 57912  43.0032  22.6577 0001385 267.0094  37.3308 15.02543727    13
STARLINK-30450
1 57913C 23147A   25222.09979167  .00004668  00000+0  34446-3 0  2229
2 57913  43.0031  36.1825 0001350 259.9644 136.0528 15.02524614    17
STARLINK-30483
1 57914C 23147B   25222.09770833 -.00008524  00000+0 -30884-3 0  2228
2 57914  43.0035 294.5866 0001341 263.0165 286.5739 15.27576565    15
STARLINK-30454
1 57915C 23147C   25222.10118056  .00003139  00000+0  23162-3 0  2220
2 57915  43.0034  36.0879 0001470 267.6296 172.0650 15.02531520    12
STARLINK-30501
1 57917C 23147E   25222.10326389  .00004166  00000+0  30748-3 0  2221
2 57917  43.0034  36.0331 0001498 267.7496 201.2860 15.02523093    14
STARLINK-30499
1 57918C 23147F   25222.09909722  .00030397  00000+0  11020-2 0  2224
2 57918  43.0011 295.1694 0001509 257.3081  38.2233 15.27518212    14
STARLINK-30496
1 57919C 23147G   25222.09631944 -.00001183  00000+0 -87184-4 0  2222
2 57919  43.0030  35.9855 0001314 250.4587 216.9153 15.02565795    11
STARLINK-30485
1 57920C 23147H   25222.10048611 -.00019792  00000+0 -14607-2 0  2222
2 57920  43.0029  35.9197 0001438 266.4203 241.6544 15.02548241    15
STARLINK-30492
1 57921C 23147J   25222.10118056 -.00011733  00000+0 -86590-3 0  2222
2 57921  43.0023  35.8719 0001499 266.2121 263.6472 15.02541546    18
STARLINK-30440
1 57923C 23147L   25222.10048611  .00004142  00000+0  30573-3 0  2227
2 57923  43.0029  35.8322 0001335 263.0170 281.1163 15.02519316    16
STARLINK-30487
1 57924C 23147M   25222.10187500  .00003035  00000+0  22395-3 0  2222
2 57924  43.0027  35.5509 0001337 267.4587  32.3918 15.02529546    11
STARLINK-30452
1 57925C 23147N   25222.10256944 -.00006589  00000+0 -48628-3 0  2228
2 57925  43.0023  35.7773 0001273 264.5725 308.8703 15.02534956    18
STARLINK-30468
1 57926C 23147P   25222.09909722 -.00002090  00000+0 -15415-3 0  2227
2 57926  43.0031  35.7590 0001543 265.2584 307.3483 15.02555548    15
STARLINK-30459
1 57927C 23147Q   25222.10881944  .00093415  00000+0  32651-2 0  2224
2 57927  42.9996 276.8648 0000964 306.4766  95.9589 15.28649064    14
STARLINK-30448
1 57928C 23147R   25222.09770833  .00004136  00000+0  30532-3 0  2226
2 57928  43.0026  35.6749 0001349 273.7262 327.5158 15.02516817    16
STARLINK-30476
1 57930C 23147T   25222.10743056  .00016429  00000+0  96628-3 0  2224
2 57930  43.0010  16.6521 0008302 278.8450 266.1967 15.10853200    15
STARLINK-30488
1 57931C 23147U   25222.09909722  .00004236  00000+0  31257-3 0  2227
2 57931  43.0034  35.6240 0001318 262.9088   3.8796 15.02525987    17
STARLINK-30471
1 57932C 23147V   25222.09840278  .00001593  00000+0  11757-3 0  2224
2 57932  43.0035  35.4115 0001327 266.6767  86.4842 15.02535004    13
STARLINK-30461
1 57933C 23147W   25222.10118056  .00001927  00000+0  14217-3 0  2224
2 57933  43.0034  35.5294 0001374 269.8622  44.2386 15.02535483    15
STARLINK-30458
1 57934C 23147X   25222.10743056  .00102340  00000+0  18736-2 0  2229
2 57934  42.9888 345.7820 0035963 336.0690  56.4475 15.47613002    12
STARLINK-30712
1 57935C 23148A   25222.10187500  .00021780  00000+0  73450-3 0  2220
2 57935  53.1576 287.0072 0001201  76.5142 101.3165 15.30151272    18
STARLINK-30716
1 57936C 23148B   25222.09562500  .00022410  00000+0  75566-3 0  2227
2 57936  53.1587 287.2704 0001281  83.3290 257.2558 15.30154361    12
STARLINK-30400
1 57937C 23148C   25222.09701389  .00010454  00000+0  35313-3 0  2229
2 57937  53.1574 287.0264 0001159  90.4508  43.1912 15.30109799    14
STARLINK-30710
1 57938C 23148D   25222.09701389  .00016029  00000+0  54065-3 0  2229
2 57938  53.1573 277.0527 0001196  83.0817 119.7654 15.30151098    19
STARLINK-30714
1 57939C 23148E   25222.09770833  .00021966  00000+0  74059-3 0  2221
2 57939  53.1588 287.3145 0001415  85.7482 231.4182 15.30158724    18
STARLINK-30711
1 57940C 23148F   25222.09909722  .00023738  00000+0  80039-3 0  2228
2 57940  53.1587 287.2941 0001251  99.9134 242.3581 15.30154652    11
STARLINK-30455
1 57942C 23148H   25222.10187500  .00023315  00000+0  78622-3 0  2220
2 57942  53.1589 287.2951 0001245 101.9767 220.7611 15.30151129    15
STARLINK-30456
1 57943C 23148J   25222.09631944  .00010723  00000+0  36164-3 0  2229
2 57943  53.1584 287.3117 0001258 101.0249 260.7695 15.30159361    18
STARLINK-30708
1 57944C 23148K   25222.10256944  .00018765  00000+0  63301-3 0  2222
2 57944  53.1571 287.0652 0001221  73.6627  73.1451 15.30144806    14
STARLINK-30705
1 57945C 23148L   25222.09909722  .00019837  00000+0  66892-3 0  2229
2 57945  53.1574 287.2019 0001106  88.9096 340.5389 15.30155535    10
STARLINK-30704
1 57946C 23148M   25222.09631944 -.00010870  00000+0 -36645-3 0  2221
2 57946  53.1596   4.2844 0001496  97.1554 199.6520 15.30193471    12
STARLINK-30706
1 57947C 23148N   25222.09840278  .00010090  00000+0  34035-3 0  2227
2 57947  53.1580 287.2607 0001146  96.9590 293.7913 15.30155429    18
STARLINK-30709
1 57948C 23148P   25222.10743056  .00201550  00000+0  27350-2 0  2220
2 57948  53.1464 275.0396 0004279 348.2232  12.0668 15.56805271    10
STARLINK-30707
1 57949C 23148Q   25222.10256944  .00011513  00000+0  38830-3 0  2220
2 57949  53.1575 287.2132 0001154 100.4077 330.7487 15.30156416    12
STARLINK-30713
1 57952C 23148T   25222.09979167  .00022115  00000+0  74555-3 0  2225
2 57952  53.1580 286.9426 0001141  91.3553 109.8718 15.30161930    16
STARLINK-30700
1 57953C 23148U   25222.10118056  .00016610  00000+0  55993-3 0  2228
2 57953  53.1577 277.0236 0001242  84.2894 275.0500 15.30167907    19
STARLINK-30703
1 57954C 23148V   25222.09631944  .00017598  00000+0  59375-3 0  2227
2 57954  53.1581 277.0075 0001235  86.9639  30.8494 15.30139630    15
STARLINK-30702
1 57955C 23148W   25222.10187500  .00018375  00000+0  61941-3 0  2220
2 57955  53.1585 277.0214 0001245  89.9949  35.1004 15.30167164    11
STARLINK-30396
1 57964C 23151A   25222.09770833  .00003665  00000+0  27040-3 0  2227
2 57964  43.0030  48.6009 0001345 266.1372 102.5370 15.02530946    14
STARLINK-30524
1 57965C 23151B   25222.08451389 -.00021959  00000+0 -16206-2 0  2228
2 57965  43.0024  48.3075 0001387 263.3933 190.0928 15.02551182    12
STARLINK-30521
1 57966C 23151C   25222.10256944 -.00017119  00000+0 -12633-2 0  2225
2 57966  43.0023  48.2989 0001360 265.8280 243.3644 15.02546112    12
STARLINK-30528
1 57967C 23151D   25222.09562500  .00004533  00000+0  33451-3 0  2228
2 57967  43.0030  48.2896 0001353 265.9247 223.6883 15.02529999    14
STARLINK-30495
1 57968C 23151E   25222.10048611  .00004200  00000+0  30991-3 0  2220
2 57968  43.0027  48.6485 0001463 266.7562  86.9172 15.02527886    14
STARLINK-30484
1 57969C 23151F   25222.10118056  .01582600  00000+0  49102-1 0  2220
2 57969  43.0005  46.9482 0001641 279.0873  77.3573 15.31011664    12
STARLINK-30494
1 57970C 23151G   25222.02895833 -.00007876  00000+0 -23811-3 0  2227
2 57970  43.0011 359.3463 0008292 335.7862 124.6271 15.33369739    10
STARLINK-30498
1 57971C 23151H   25222.09840278 -.00024961  00000+0 -18421-2 0  2222
2 57971  43.0029  48.7178 0001382 265.7384  46.6092 15.02554552    15
STARLINK-30505
1 57972C 23151J   25222.09840278  .00004078  00000+0  30089-3 0  2223
2 57972  43.0031  48.9338 0001392 271.6733 310.4900 15.02532127    18
STARLINK-30502
1 57973C 23151K   25222.10326389  .00005408  00000+0  39900-3 0  2227
2 57973  43.0029  48.7460 0001379 270.0412  44.5761 15.02535221    10
STARLINK-30489
1 57974C 23151L   25222.09979167 -.00007225  00000+0 -53312-3 0  2228
2 57974  43.0023  48.2463 0001325 262.6604 255.5228 15.02539979    10
STARLINK-30503
1 57975C 23151M   25222.10187500 -.00029964  00000+0 -22114-2 0  2222
2 57975  43.0031  48.8357 0001440 265.6491 359.4081 15.02556927    16
STARLINK-30512
1 57976C 23151N   25222.09770833  .00003455  00000+0  25494-3 0  2228
2 57976  43.0021  48.4263 0001267 266.5947 144.2082 15.02529784    13
STARLINK-30509
1 57977C 23151P   25222.09770833 -.00014297  00000+0 -10550-2 0  2223
2 57977  43.0025  61.9062 0001354 258.0983 219.7223 15.02548144    14
STARLINK-30511
1 57978C 23151Q   25222.09979167 -.00018437  00000+0 -13605-2 0  2229
2 57978  43.0026  61.8113 0001329 260.9981 264.1774 15.02551493    10
STARLINK-30508
1 57979C 23151R   25222.09770833  .00007574  00000+0  55927-3 0  2221
2 57979  43.0026  61.7662 0001446 266.9665 265.0566 15.02500883    10
STARLINK-30504
1 57980C 23151S   25222.10118056 -.00000396  00000+0 -15078-4 0  2229
2 57980  43.0023 347.9562 0001624 267.6965 224.6198 15.25900220    12
STARLINK-30510
1 57981C 23151T   25222.09631944 -.00014219  00000+0 -10493-2 0  2227
2 57981  43.0026  61.7420 0001354 265.5692 276.8680 15.02545355    18
STARLINK-30507
1 57982C 23151U   25222.09909722 -.00016745  00000+0 -12358-2 0  2228
2 57982  43.0022  61.6851 0001315 266.0114 309.5096 15.02545358    12
STARLINK-30515
1 57983C 23151V   25222.09631944 -.00015098  00000+0 -11142-2 0  2227
2 57983  43.0020  61.6565 0001316 264.7048 313.7971 15.02545524    19
STARLINK-30516
1 57984C 23151W   25222.10118056 -.00011254  00000+0 -83045-3 0  2226
2 57984  43.0022  61.5873 0001369 261.0981   1.7583 15.02545110    11
STARLINK-30519
1 57985C 23151X   25222.09701389 -.00021892  00000+0 -16156-2 0  2229
2 57985  43.0028  61.5674 0001311 264.5964 353.7345 15.02552057    17
STARLINK-30537
1 57991C 23153A   25222.09631944 -.00011165  00000+0 -82385-3 0  2227
2 57991  43.0021 138.8619 0001130 262.5131  72.9477 15.02545648    11
STARLINK-30534
1 57992C 23153B   25222.09701389 -.00000225  00000+0 -16603-4 0  2225
2 57992  43.0020 138.9820 0001297 262.4707  22.6560 15.02531996    14
STARLINK-30536
1 57993C 23153C   25222.10048611  .00003168  00000+0  23379-3 0  2224
2 57993  43.0018 138.7534 0001067 259.4728 134.6095 15.02528641    16
STARLINK-30538
1 57994C 23153D   25222.09562500 -.00006826  00000+0 -50381-3 0  2220
2 57994  43.0024 138.6892 0001207 263.2554 140.5949 15.02530976    14
STARLINK-30517
1 57995C 23153E   25222.09840278 -.00046055  00000+0 -33971-2 0  2225
2 57995  43.0017 138.6314 0001243 260.3979 176.4936 15.02594689    10
STARLINK-30523
1 57997C 23153G   25222.09840278 -.00003576  00000+0 -26388-3 0  2223
2 57997  43.0018 138.7207 0001304 263.2213 137.6156 15.02536575    19
STARLINK-30531
1 57998C 23153H   25222.09701389 -.00010211  00000+0 -75344-3 0  2223
2 57998  43.0019 138.2582 0001372 262.1709 329.5022 15.02543893    10
STARLINK-30552
1 57999C 23153J   25222.10118056 -.00000112  00000+0 -82891-5 0  2225
2 57999  43.0025 138.5332 0001234 253.9631 234.0451 15.02528712    12
STARLINK-30545
1 58000C 23153K   25222.10256944  .00000843  00000+0  62236-4 0  2227
2 58000  43.0018 138.4785 0001219 259.7994 253.7616 15.02528029    10
STARLINK-30535
1 58001C 23153L   25222.09770833 -.00009290  00000+0 -68552-3 0  2227
2 58001  43.0021 138.4625 0001288 263.8762 241.4010 15.02540815    12
STARLINK-30540
1 58002C 23153M   25222.09979167 -.00011429  00000+0 -84337-3 0  2225
2 58002  43.0025 138.9079 0001093 267.0708  51.1492 15.02545790    12
STARLINK-30546
1 58003C 23153N   25222.09979167  .00000827  00000+0  61052-4 0  2224
2 58003  43.0018 138.4070 0000629 259.6609 274.9260 15.02526452    14
STARLINK-30539
1 58004C 23153P   25222.10118056 -.00004316  00000+0 -31851-3 0  2221
2 58004  43.0022 138.3596 0001365 262.9757 297.1660 15.02536985    14
STARLINK-30530
1 58005C 23153Q   25222.08520833 -.00004162  00000+0 -30716-3 0  2227
2 58005  43.0019 138.3567 0000584 234.7838 274.9276 15.02536127    12
STARLINK-30526
1 58006C 23153R   25222.09701389  .00005901  00000+0  43552-3 0  2228
2 58006  43.0018 113.2837 0001254 266.2914 231.8296 15.02519269    16
STARLINK-30527
1 58007C 23153S   25222.09770833 -.00008272  00000+0 -29967-3 0  2229
2 58007  43.0021 313.3413 0001404 260.5883 308.0021 15.27578855    19
STARLINK-30522
1 58008C 23153T   25222.10256944 -.00001864  00000+0 -13752-3 0  2229
2 58008  43.0021 138.5590 0001280 263.8418 213.6758 15.02531169    13
STARLINK-30486
1 58009C 23153U   25222.10187500 -.00034977  00000+0 -25798-2 0  2224
2 58009  43.0018 138.3060 0001186 257.2207 324.6558 15.02586601    10
STARLINK-30520
1 58010C 23153V   25222.09631944 -.00036260  00000+0 -26753-2 0  2229
2 58010  43.0019 139.0556 0000972 255.6921 349.6453 15.02574588    10
STARLINK-30497
1 58011C 23153W   25222.09979167 -.00001761  00000+0 -12992-3 0  2221
2 58011  43.0020 138.9930 0001308 262.9392  19.2130 15.02533638    17
STARLINK-30525
1 58012C 23153X   25222.09701389 -.00002457  00000+0 -18137-3 0  2221
2 58012  43.0019 138.8778 0001317 266.3084  54.9346 15.02521244    16
STARLINK-30514
1 58028C 23156A   25222.09840278  .00002091  00000+0  70500-4 0  2227
2 58028  53.1595 340.9973 0001163  82.7008 263.4901 15.30170052    14
STARLINK-30518
1 58029C 23156B   25222.10187500  .00005276  00000+0  17795-3 0  2226
2 58029  53.1598 341.0920 0001032  89.7144 223.2653 15.30161694    15
STARLINK-30549
1 58030C 23156C   25222.10118056  .00014003  00000+0  47239-3 0  2222
2 58030  53.1608 341.1951 0001337 104.4465  59.4828 15.30148087    17
STARLINK-30561
1 58032C 23156E   25222.09770833  .00002091  00000+0  70508-4 0  2229
2 58032  53.1605 341.2802 0001337  97.9900  11.8754 15.30167842    12
STARLINK-30565
1 58034C 23156G   25222.09909722 -.00047808  00000+0 -16134-2 0  2222
2 58034  53.1604 341.3022 0001316 102.6773   3.2628 15.30196810    19
STARLINK-30437
1 58036C 23156J   25222.09979167  .00006864  00000+0  23154-3 0  2220
2 58036  53.1596 341.0171 0001164  78.0507 258.3731 15.30158827    19
STARLINK-30533
1 58037C 23156K   25222.09840278  .00028287  00000+0  95355-3 0  2226
2 58037  53.1580  71.0270 0001056 101.0756   8.4667 15.30158031    15
STARLINK-30559
1 58039C 23156M   25222.10048611  .00018481  00000+0  92116-3 0  2228
2 58039  53.1600  72.9610 0001367  94.5773 117.6822 15.17021215    12
STARLINK-30555
1 58040C 23156N   25222.09979167  .00027480  00000+0  92634-3 0  2221
2 58040  53.1585  70.9610 0001046  83.0602  74.8385 15.30159339    14
STARLINK-30542
1 58041C 23156P   25222.09770833 -.00007191  00000+0 -24243-3 0  2221
2 58041  53.1587 341.0594 0001151  82.5452 312.0168 15.30189053    16
STARLINK-30564
1 58043C 23156R   25222.09979167  .00006066  00000+0  20460-3 0  2229
2 58043  53.1600 341.3078 0001381  97.4716   6.4278 15.30162699    10
STARLINK-30548
1 58046C 23156U   25222.09631944  .00033106  00000+0  11162-2 0  2223
2 58046  53.1594  71.2543 0001338  91.8598 261.4284 15.30148251    17
STARLINK-30529
1 58047C 23156V   25222.09701389  .00015388  00000+0  51870-3 0  2228
2 58047  53.1603  71.3124 0001224  91.4516 230.8262 15.30173281    12
STARLINK-30554
1 58048C 23156W   25222.09701389  .00033119  00000+0  11459-2 0  2229
2 58048  53.1593  70.8651 0001008  73.2099 125.1983 15.29310436    13
STARLINK-30568
1 58051C 23158A   25222.10256944 -.00010368  00000+0 -76508-3 0  2229
2 58051  43.0018 100.3300 0001374 264.8193 315.9237 15.02544427    17
STARLINK-30575
1 58052C 23158B   25222.10118056  .00013009  00000+0  96004-3 0  2227
2 58052  43.0021 100.4238 0001312 267.5220 269.6453 15.02517726    13
STARLINK-30577
1 58053C 23158C   25222.10256944  .00011600  00000+0  85627-3 0  2221
2 58053  43.0022 100.2694 0001365 267.8044 331.0144 15.02510399    14
STARLINK-30566
1 58054C 23158D   25222.10118056 -.00010382  00000+0 -76613-3 0  2226
2 58054  43.0017 100.2093 0001318 262.6243   4.7067 15.02541486    13
STARLINK-30544
1 58055C 23158E   25222.09562500 -.00002064  00000+0 -15233-3 0  2221
2 58055  43.0017 100.0229 0001420 264.1152  63.2767 15.02535496    14
STARLINK-30553
1 58056C 23158F   25222.09979167  .00013978  00000+0  10315-2 0  2222
2 58056  43.0019 100.1294 0001304 265.2875  30.6004 15.02516453    19
STARLINK-30541
1 58057C 23158G   25222.09701389  .00006371  00000+0  47028-3 0  2223
2 58057  43.0019 100.1883 0001195 267.7855 355.0450 15.02514286    18
STARLINK-30573
1 58058C 23158H   25222.09562500 -.00022567  00000+0 -16653-2 0  2220
2 58058  43.0019 100.1105 0001353 265.0832  26.2590 15.02554522    17
STARLINK-30582
1 58059C 23158J   25222.10187500  .00000485  00000+0  35828-4 0  2226
2 58059  43.0019  99.9471 0001343 277.8719 101.4798 15.02516705    10
STARLINK-30558
1 58060C 23158K   25222.10187500 -.00017067  00000+0 -12594-2 0  2227
2 58060  43.0021 100.4483 0001325 263.6621 259.2466 15.02549500    14
STARLINK-30579
1 58061C 23158L   25222.09840278 -.00021784  00000+0 -16076-2 0  2224
2 58061  43.0020  74.6191 0001350 264.8093 110.3961 15.02551344    12
STARLINK-30588
1 58062C 23158M   25222.10256944  .00007515  00000+0  55461-3 0  2224
2 58062  43.0019  99.8549 0001334 270.1944 148.9224 15.02518500    10
STARLINK-30585
1 58063C 23158N   25222.09770833 -.00017982  00000+0 -13269-2 0  2221
2 58063  43.0019  99.7552 0001200 265.9009 180.9742 15.02550003    15
STARLINK-30587
1 58064C 23158P   25222.09770833  .00005097  00000+0  37626-3 0  2228
2 58064  43.0018  99.9265 0001353 266.2802 108.5150 15.02511759    16
STARLINK-30576
1 58065C 23158Q   25222.10187500 -.00017479  00000+0 -12897-2 0  2225
2 58065  43.0016 100.2505 0001286 264.6793 348.3640 15.02552661    19
STARLINK-30571
1 58066C 23158R   25222.09770833 -.00026594  00000+0 -19620-2 0  2220
2 58066  43.0021  99.6674 0001330 260.6334 222.2695 15.02568207    14
STARLINK-30567
1 58067C 23158S   25222.09770833  .00012919  00000+0  95339-3 0  2227
2 58067  43.0021 100.4397 0001143 264.5078 247.8609 15.02517840    13
STARLINK-30569
1 58068C 23158T   25222.09840278 -.00004621  00000+0 -34096-3 0  2225
2 58068  43.0020  99.8350 0001186 260.9511 153.6123 15.02536904    19
STARLINK-30480
1 58069C 23158U   25222.10187500 -.00030408  00000+0 -11026-2 0  2229
2 58069  43.0039 359.7626 0001716 254.3431  31.6000 15.27572154    14
STARLINK-30532
1 58070C 23158V   25222.10118056  .00011135  00000+0  82176-3 0  2220
2 58070  43.0020  99.7757 0001247 267.5188 180.1277 15.02518893    15
STARLINK-30513
1 58071C 23158W   25222.09701389 -.00026849  00000+0 -97273-3 0  2220
2 58071  42.9990 226.1134 0001173 265.7357  13.2017 15.27597026    11
STARLINK-30506
1 58072C 23158X   25222.09701389  .00008492  00000+0  62684-3 0  2221
2 58072  43.0019  99.7120 0001333 266.2555 194.9380 15.02511954    18
STARLINK-30604
1 58075C 23160A   25222.10256944 -.00030294  00000+0 -22344-2 0  2226
2 58075  43.0019 150.2739 0000781 254.5234 195.9468 15.02582083    19
STARLINK-30500
1 58076C 23160B   25222.10048611 -.00002753  00000+0 -20318-3 0  2226
2 58076  43.0023 149.5478 0001021 261.6564 124.1323 15.02528912    14
STARLINK-30613
1 58077C 23160C   25222.09701389 -.00006602  00000+0 -48735-3 0  2223
2 58077  43.0022 150.2160 0000982 262.5882 193.9513 15.02526294    15
STARLINK-30597
1 58078C 23160D   25222.10187500 -.00035793  00000+0 -26395-2 0  2229
2 58078  43.0016 150.3020 0001225 268.5775 160.0967 15.02592423    18
STARLINK-30598
1 58079C 23160E   25222.10256944 -.00005059  00000+0 -37339-3 0  2222
2 58079  43.0026 150.1415 0001346 266.3458 238.2969 15.02531446    12
STARLINK-30603
1 58080C 23160F   25222.09909722 -.00006314  00000+0 -46609-3 0  2226
2 58080  43.0024 150.1179 0001242 266.2574 237.6255 15.02527333    13
STARLINK-30602
1 58081C 23160G   25222.08868056  .00000057  00000+0  41855-5 0  2226
2 58081  43.0023 149.7316 0000932 262.0768   5.7025 15.02529611    14
STARLINK-30610
1 58082C 23160H   25222.09770833 -.00007751  00000+0 -57191-3 0  2221
2 58082  43.0018 150.0821 0001158 258.8685 255.4992 15.02541776    10
STARLINK-30551
1 58083C 23160J   25222.10118056 -.00005063  00000+0 -37374-3 0  2222
2 58083  43.0015 150.0182 0001370 268.3703 282.8667 15.02523331    11
STARLINK-30586
1 58084C 23160K   25222.10118056 -.00000187  00000+0 -13806-4 0  2220
2 58084  43.0018 149.9753 0001337 269.5068 299.7333 15.02526016    16
STARLINK-30609
1 58085C 23160L   25222.09631944 -.00006476  00000+0 -47783-3 0  2222
2 58085  43.0017 149.9580 0001328 263.0069 297.9347 15.02540591    13
STARLINK-30583
1 58086C 23160M   25222.09909722 -.00039432  00000+0 -29089-2 0  2221
2 58086  43.0017 149.8997 0001340 260.0024 334.0170 15.02582799    10
STARLINK-30557
1 58087C 23160N   25222.09701389 -.00023188  00000+0 -17118-2 0  2222
2 58087  43.0025 149.8934 0001243 264.8260 323.9559 15.02540297    12
STARLINK-30591
1 58088C 23160P   25222.10118056 -.00005246  00000+0 -38688-3 0  2229
2 58088  43.0017 149.8025 0001426 252.7266  28.5147 15.02559061    10
STARLINK-30584
1 58089C 23160Q   25222.10048611 -.00010851  00000+0 -80098-3 0  2229
2 58089  43.0019 149.7625 0000703 257.9100  37.7495 15.02531064    10
STARLINK-30590
1 58090C 23160R   25222.09909722 -.00006256  00000+0 -46178-3 0  2223
2 58090  43.0016 149.8565 0001150 266.6747 345.4110 15.02526131    16
STARLINK-30608
1 58091C 23160S   25222.10187500  .00000157  00000+0  11568-4 0  2226
2 58091  43.0016 149.7124 0001199 261.1118  60.0829 15.02529576    15
STARLINK-30615
1 58092C 23160T   25222.10118056  .00002431  00000+0  17937-3 0  2229
2 58092  43.0022 149.6527 0001235 263.0801  78.3884 15.02527907    19
STARLINK-30578
1 58093C 23160U   25222.10187500 -.00007613  00000+0 -56193-3 0  2226
2 58093  43.0019 150.2178 0001221 263.4670 201.3698 15.02530107    16
STARLINK-30574
1 58094C 23160V   25222.09770833 -.00012554  00000+0 -92666-3 0  2227
2 58094  43.0023 149.6474 0001169 262.7028  72.0070 15.02532980    11
STARLINK-30570
1 58095C 23160W   25222.10118056 -.00019674  00000+0 -14510-2 0  2224
2 58095  43.0021 149.5865 0001419 281.2152  90.2167 15.02573958    14
STARLINK-30581
1 58096C 23160X   25222.10187500 -.00003113  00000+0 -22974-3 0  2220
2 58096  43.0017 150.3430 0001144 260.4966 150.2229 15.02535383    11
STARLINK-30594
1 58097C 23161A   25222.09979167  .00014152  00000+0  47702-3 0  2227
2 58097  53.1575  68.3202 0001160  93.8905  15.0972 15.30174117    15
STARLINK-30600
1 58100C 23161D   25222.09701389  .00016079  00000+0  54200-3 0  2222
2 58100  53.1586  68.3918 0001149  86.3187 332.4764 15.30170485    11
STARLINK-30592
1 58102C 23161F   25222.09840278 -.00000841  00000+0 -28346-4 0  2220
2 58102  53.1566  68.2106 0001152  89.9929  69.4992 15.30189977    12
STARLINK-30612
1 58106C 23161K   25222.09979167 -.00049676  00000+0 -16745-2 0  2221
2 58106  53.1590  55.3420 0001268  94.7852  34.8422 15.30237074    12
STARLINK-30421
1 58107C 23161L   25222.09840278  .00026003  00000+0  87652-3 0  2225
2 58107  53.1584  55.3707 0001202  92.1369   0.7894 15.30161315    16
STARLINK-30606
1 58109C 23161N   25222.09840278  .00012657  00000+0  42659-3 0  2225
2 58109  53.1581  68.3572 0001336  90.4097 353.4687 15.30178879    17
STARLINK-30596
1 58110C 23161P   25222.09840278  .00023148  00000+0  78034-3 0  2220
2 58110  53.1576  68.1079 0001141  78.9004 132.9610 15.30161757    19
STARLINK-30595
1 58111C 23161Q   25222.10187500  .00025673  00000+0  86532-3 0  2222
2 58111  53.1597  68.4823 0001202  87.5594 305.6578 15.30164804    19
STARLINK-30593
1 58112C 23161R   25222.09909722  .00006247  00000+0  21056-3 0  2225
2 58112  53.1595  68.4565 0000660  74.4834 320.8796 15.30184498    12
STARLINK-30353
1 58113C 23161S   25222.09979167  .00009125  00000+0  30760-3 0  2226
2 58113  53.1598  68.5597 0001191  88.9249 257.9175 15.30178406    15
STARLINK-30572
1 58114C 23161T   25222.10256944  .00016614  00000+0  55993-3 0  2226
2 58114  53.1589  68.4050 0001274  81.4468 350.4984 15.30176058    10
STARLINK-30580
1 58115C 23161U   25222.09909722  .00018743  00000+0  63177-3 0  2222
2 58115  53.1572  68.1190 0001107  83.3858 114.8589 15.30169281    17
STARLINK-30493
1 58116C 23161V   25222.10256944  .00009481  00000+0  31957-3 0  2226
2 58116  53.1598  68.5116 0001259  87.9746 291.6232 15.30180350    11
STARLINK-30795
1 58118C 23162A   25222.09701389 -.00006323  00000+0 -46666-3 0  2222
2 58118  43.0009 202.8922 0001312 295.4420 303.4661 15.02535874    13
STARLINK-30765
1 58119C 23162B   25222.10256944  .00004001  00000+0  29527-3 0  2223
2 58119  43.0014 203.0700 0001403 265.9615 266.8809 15.02528564    10
STARLINK-30768
1 58120C 23162C   25222.10118056 -.00007320  00000+0 -54018-3 0  2228
2 58120  43.0015 202.8246 0001244 272.5318   6.9778 15.02536317    15
STARLINK-30799
1 58121C 23162D   25222.09840278  .00008542  00000+0  63009-3 0  2220
2 58121  43.0014 203.0775 0001220 315.5727 200.6049 15.02537647    12
STARLINK-30759
1 58122C 23162E   25222.10118056  .00002059  00000+0  15191-3 0  2221
2 58122  43.0014 202.7929 0001370 280.3091  11.2115 15.02534373    12
STARLINK-30781
1 58123C 23162F   25222.10118056  .00001509  00000+0  11135-3 0  2225
2 58123  43.0012 202.7758 0001158 282.1624  15.3843 15.02533079    12
STARLINK-30754
1 58124C 23162G   25222.09840278 -.00054966  00000+0 -40563-2 0  2225
2 58124  43.0013 203.0318 0001418 284.1133 250.2434 15.02585006    19
STARLINK-30766
1 58125C 23162H   25222.09979167  .00008328  00000+0  61460-3 0  2225
2 58125  43.0013 202.7406 0001442 276.3214  31.7372 15.02519846    16
STARLINK-30767
1 58126C 23162J   25222.09631944  .00004191  00000+0  30923-3 0  2228
2 58126  43.0014 202.7170 0001361 281.7006  25.5889 15.02527958    12
STARLINK-30790
1 58127C 23162K   25222.10048611 -.00010186  00000+0 -75172-3 0  2222
2 58127  43.0014 202.6475 0001263 273.3436  74.5421 15.02537482    14
STARLINK-30787
1 58128C 23162L   25222.09840278  .00004070  00000+0  30032-3 0  2229
2 58128  43.0015 202.6192 0000948 297.6699  56.9584 15.02529210    15
STARLINK-30756
1 58129C 23162M   25222.09770833  .00001665  00000+0  12287-3 0  2228
2 58129  43.0012 202.9916 0001186 276.5590 272.0434 15.02531857    16
STARLINK-30783
1 58130C 23162N   25222.10048611 -.00007820  00000+0 -57711-3 0  2226
2 58130  43.0015 202.5610 0001347 271.3121 112.6341 15.02538714    15
STARLINK-30757
1 58131C 23162P   25222.09631944 -.00009586  00000+0 -70747-3 0  2227
2 58131  43.0014 202.5401 0001196 264.3174 115.0969 15.02537264    17
STARLINK-30770
1 58132C 23162Q   25222.10187500 -.00019165  00000+0 -14144-2 0  2226
2 58132  43.0009 202.9213 0001273 267.6904 321.5017 15.02548867    19
STARLINK-30758
1 58133C 23162R   25222.09979167 -.00000901  00000+0 -66450-4 0  2220
2 58133  43.0011 202.5125 0001344 272.1907 132.0322 15.02538162    15
STARLINK-30761
1 58134C 23162S   25222.10256944 -.00006178  00000+0 -45593-3 0  2220
2 58134  43.0013 202.8812 0001150 275.4093 335.5701 15.02536182    12
STARLINK-30772
1 58135C 23162T   25222.09770833  .00003371  00000+0  24876-3 0  2228
2 58135  43.0013 203.3372 0001389 277.9979 126.3365 15.02530743    13
STARLINK-30776
1 58136C 23162U   25222.09909722  .00002924  00000+0  21580-3 0  2222
2 58136  43.0014 203.2691 0000924 261.8156 168.0823 15.02524371    13
STARLINK-30782
1 58137C 23162V   25222.09909722  .00004730  00000+0  34901-3 0  2221
2 58137  43.0013 203.2437 0001377 280.4136 167.5126 15.02527188    18
STARLINK-30769
1 58138C 23162W   25222.10118056 -.00002344  00000+0 -17291-3 0  2220
2 58138  43.0017 203.1491 0001230 266.3743 228.8547 15.02545627    13
STARLINK-30775
1 58139C 23162X   25222.09631944 -.00008474  00000+0 -62537-3 0  2228
2 58139  43.0013 203.2160 0001277 271.6014 179.3124 15.02537815    16
STARLINK-30780
1 58140C 23162Y   25222.09840278  .00004538  00000+0  33472-3 0  2223
2 58140  43.0012 203.1170 0001200 275.5744 222.5739 15.02545075    16
STARLINK-30831
1 58153C 23166D   25222.10187500  .00026538  00000+0  89496-3 0  2226
2 58153  53.1590 122.5338 0001244  87.9084 237.3045 15.30145426    14
STARLINK-30797
1 58154C 23166E   25222.09770833  .00022713  00000+0  76583-3 0  2226
2 58154  53.1586 122.6125 0001390  87.0919  69.9323 15.30155489    13
STARLINK-30804
1 58155C 23166F   25222.09631944  .00031176  00000+0  10514-2 0  2220
2 58155  53.1595 122.6703 0001352 103.2720 133.1646 15.30140645    15
STARLINK-30803
1 58157C 23166H   25222.09770833  .00027874  00000+0  93972-3 0  2223
2 58157  53.1586 122.5007 0001240  76.9405 242.7536 15.30155019    11
STARLINK-30788
1 58159C 23166K   25222.09701389  .00032270  00000+0  10882-2 0  2229
2 58159  53.1594 122.6351 0001387  95.6965 162.0086 15.30141936    13
STARLINK-30779
1 58160C 23166L   25222.10118056  .00027574  00000+0  92969-3 0  2224
2 58160  53.1593 122.5695 0001252  78.4389 225.4798 15.30152214    19
STARLINK-30763
1 58163C 23166P   25222.09979167  .00027497  00000+0  92699-3 0  2227
2 58163  53.1585 109.8616 0001248  85.5752 277.5385 15.30156263    10
STARLINK-30815
1 58164C 23166Q   25222.09979167  .00018249  00000+0  61524-3 0  2226
2 58164  53.1582 122.4756 0001170  83.0066 265.5933 15.30163900    11
STARLINK-30814
1 58165C 23166R   25222.10118056  .00024454  00000+0  82461-3 0  2229
2 58165  53.1581 122.1492 0001372  85.3543  73.7919 15.30150791    11
STARLINK-30789
1 58166C 23166S   25222.09631944  .00028626  00000+0  96514-3 0  2223
2 58166  53.1577 122.4571 0001133  71.9643 274.9606 15.30151966    18
STARLINK-30811
1 58167C 23166T   25222.10256944  .00025691  00000+0  86619-3 0  2223
2 58167  53.1573 122.2111 0001384  91.8938  39.9950 15.30153788    14
STARLINK-30812
1 58168C 23166U   25222.10118056  .00026499  00000+0  89351-3 0  2228
2 58168  53.1577 122.1843 0001172  77.4753  64.2050 15.30151279    15
STARLINK-30771
1 58169C 23166V   25222.09840278  .00030265  00000+0  10205-2 0  2222
2 58169  53.1568 122.3432 0001413  87.1436 323.6179 15.30146774    14
STARLINK-30764
1 58170C 23166W   25222.09979167  .00024680  00000+0  83224-3 0  2220
2 58170  53.1567 122.3030 0001053  84.9839 350.8831 15.30150756    13
STARLINK-30752
1 58171C 23166X   25222.10048611  .00012610  00000+0  42515-3 0  2222
2 58171  53.1568 122.2565 0001101  88.1418   8.9992 15.30168377    17
STARLINK-30753
1 58175C 23167A   25222.09909722  .00004718  00000+0  34798-3 0  2228
2 58175  43.0013 215.3747 0001528 285.7798 302.0743 15.02545516    14
STARLINK-30824
1 58176C 23167B   25222.09770833 -.00010802  00000+0 -79711-3 0  2225
2 58176  43.0012 215.3665 0001348 267.6915 318.7461 15.02541556    14
STARLINK-30791
1 58177C 23167C   25222.09562500 -.00009817  00000+0 -72445-3 0  2227
2 58177  43.0012 215.5800 0001327 272.6843 212.3403 15.02540421    16
STARLINK-30810
1 58178C 23167D   25222.09979167 -.00023421  00000+0 -17283-2 0  2224
2 58178  43.0011 216.1172 0001428 283.4639 349.6984 15.02555773    14
STARLINK-30819
1 58179C 23167E   25222.10118056 -.00007543  00000+0 -55660-3 0  2228
2 58179  43.0010 216.0642 0001296 274.8200  23.9028 15.02539421    19
STARLINK-30806
1 58180C 23167F   25222.10187500  .00006821  00000+0  50340-3 0  2226
2 58180  43.0010 215.7263 0001410 278.1269 162.6070 15.02522563    13
STARLINK-30821
1 58181C 23167G   25222.09909722 -.00009474  00000+0 -69917-3 0  2222
2 58181  43.0011 215.5132 0001312 271.6128 250.2479 15.02537893    10
STARLINK-30778
1 58182C 23167H   25222.09840278 -.00012087  00000+0 -89203-3 0  2227
2 58182  43.0014 215.4753 0001294 272.8198 263.3143 15.02540829    17
STARLINK-30809
1 58183C 23167J   25222.10187500 -.00019669  00000+0 -14522-2 0  2226
2 58183  43.0011 215.9751 0001320 266.8557  71.8213 15.02531704    12
STARLINK-30801
1 58184C 23167K   25222.09840278  .00004300  00000+0  31730-3 0  2228
2 58184  43.0011 215.9502 0001296 272.4338  65.3495 15.02529396    13
STARLINK-30793
1 58185C 23167L   25222.09909722  .00005014  00000+0  36998-3 0  2223
2 58185  43.0013 215.4296 0001487 281.6656 276.2549 15.02527991    10
STARLINK-30755
1 58186C 23167M   25222.10048611  .00007732  00000+0  57037-3 0  2223
2 58186  43.0010 215.8242 0001348 266.5700 130.4182 15.02538041    13
STARLINK-30760
1 58187C 23167N   25222.09701389 -.00040012  00000+0 -29532-2 0  2228
2 58187  43.0013 215.3951 0001314 268.5746 296.1761 15.02564400    15
STARLINK-30826
1 58188C 23167P   25222.09909722 -.00018504  00000+0 -13656-2 0  2221
2 58188  43.0015 215.8184 0001312 268.4166 127.2225 15.02546684    17
STARLINK-30796
1 58189C 23167Q   25222.10118056  .00004954  00000+0  36549-3 0  2225
2 58189  43.0011 215.8478 0001475 281.4876 107.3386 15.02537141    18
STARLINK-30820
1 58190C 23167R   25222.09631944  .00000364  00000+0  26879-4 0  2228
2 58190  43.0012 215.9171 0001373 270.4654  74.0849 15.02524237    17
STARLINK-30785
1 58191C 23167S   25222.09562500 -.00015114  00000+0 -11153-2 0  2228
2 58191  43.0015 215.7518 0001315 270.8413 142.0493 15.02546278    17
STARLINK-30807
1 58192C 23167T   25222.09909722  .00000135  00000+0  99518-5 0  2229
2 58192  43.0013 215.7743 0001273 268.0528 145.6621 15.02518521    17
STARLINK-30822
1 58193C 23167U   25222.09840278 -.00009994  00000+0 -73758-3 0  2220
2 58193  43.0010 215.6906 0001253 282.9958 162.9724 15.02539008    14
STARLINK-30830
1 58194C 23167V   25222.09701389 -.00006830  00000+0 -50398-3 0  2221
2 58194  43.0007 215.6264 0001400 280.8561 181.6420 15.02539848    12
STARLINK-30827
1 58195C 23167W   25222.09840278  .00005820  00000+0  42952-3 0  2226
2 58195  43.0012 215.6081 0001425 279.4190 202.6167 15.02525185    16
STARLINK-30798
1 58196C 23167X   25222.10048611  .00006712  00000+0  49534-3 0  2224
2 58196  43.0011 216.1519 0001378 279.7710 339.1348 15.02524408    10
STARLINK-30762
1 58197C 23167Y   25222.10187500  .00006111  00000+0  45099-3 0  2221
2 58197  43.0010 215.6256 0001367 274.8799 207.9377 15.02523292    17
STARLINK-30800
1 58206C 23170A   25222.10187500  .00010347  00000+0  76368-3 0  2225
2 58206  43.0010 265.8865 0001677 273.7977 252.5686 15.02515105    14
STARLINK-30845
1 58207C 23170B   25222.10048611 -.00038776  00000+0 -28610-2 0  2229
2 58207  43.0013 265.4423 0001409 272.1046  85.0750 15.02575823    11
STARLINK-30841
1 58208C 23170C   25222.09770833  .00010244  00000+0  75605-3 0  2221
2 58208  43.0013 266.0203 0001504 268.0223 181.6850 15.02516070    15
STARLINK-30839
1 58209C 23170D   25222.10048611 -.00008149  00000+0 -60134-3 0  2220
2 58209  43.0013 265.7625 0001494 268.3166 304.6142 15.02540600    14
STARLINK-30846
1 58210C 23170E   25222.09979167  .00010562  00000+0  77904-3 0  2222
2 58210  43.0013 265.8101 0001394 270.6500 280.3770 15.02538836    18
STARLINK-30838
1 58211C 23170F   25222.10048611  .00010744  00000+0  79293-3 0  2221
2 58211  43.0013 265.6774 0001614 269.6418 339.3607 15.02516209    18
STARLINK-30837
1 58212C 23170G   25222.10118056 -.00004081  00000+0 -30125-3 0  2223
2 58212  43.0015 265.8256 0001624 265.9422 274.7899 15.02518338    13
STARLINK-30813
1 58213C 23170H   25222.10256944  .00010658  00000+0  78679-3 0  2224
2 58213  43.0015 265.6219 0002077 270.2859   8.0483 15.02505720    15
STARLINK-30805
1 58214C 23170J   25222.10118056  .00010806  00000+0  79750-3 0  2222
2 58214  43.0012 265.5871 0001675 268.4276  20.4024 15.02515833    16
STARLINK-30851
1 58215C 23170K   25222.09979167  .00003145  00000+0  23218-3 0  2225
2 58215  43.0013 265.5501 0001579 286.1182  13.3212 15.02506996    14
STARLINK-30818
1 58217C 23170M   25222.09562500  .00010562  00000+0  77948-3 0  2226
2 58217  43.0013 265.4878 0001555 269.0735  43.7558 15.02517704    19
STARLINK-30794
1 58218C 23170N   25222.09631944  .00009247  00000+0  68203-3 0  2228
2 58218  43.0015 265.7230 0002026 268.4170 299.9115 15.02539586    13
STARLINK-30835
1 58219C 23170P   25222.09770833 -.00016230  00000+0 -11975-2 0  2225
2 58219  43.0013 265.3894 0001687 281.0371  79.1191 15.02552482    12
STARLINK-30792
1 58220C 23170Q   25222.09562500 -.00004789  00000+0 -35356-3 0  2223
2 58220  43.0013 265.3563 0001363 267.5150  99.5226 15.02516359    10
STARLINK-30836
1 58221C 23170R   25222.09770833  .00006003  00000+0  44280-3 0  2229
2 58221  43.0012 265.3031 0001520 280.8603 115.2786 15.02540677    13
STARLINK-30855
1 58222C 23170S   25222.09979167  .00010447  00000+0  77111-3 0  2227
2 58222  43.0010 265.9631 0001547 268.8598 210.1723 15.02513960    13
STARLINK-30840
1 58223C 23170T   25222.09840278 -.00018583  00000+0 -13711-2 0  2224
2 58223  43.0013 265.9270 0001471 270.4200 219.0979 15.02554631    12
STARLINK-30875
1 58224C 23170U   25222.10048611  .00011101  00000+0  81981-3 0  2220
2 58224  43.0013 265.4880 0001500 266.4019  54.8495 15.02490459    16
STARLINK-30872
1 58225C 23170V   25222.09562500 -.00021861  00000+0 -79190-3 0  2222
2 58225  43.0001 167.2754 0001385 266.0886 241.2041 15.27596311    12
STARLINK-30865
1 58226C 23170W   25222.09631944 -.00012432  00000+0 -91738-3 0  2228
2 58226  43.0011 254.6276 0001508 274.3244 320.5947 15.02545253    19
STARLINK-30874
1 58227C 23170X   25222.09770833  .00010368  00000+0  76517-3 0  2222
2 58227  43.0012 266.1053 0001518 271.2318 142.4250 15.02516766    16
STARLINK-30871
1 58228C 23170Y   25222.10048611  .00010495  00000+0  77486-3 0  2224
2 58228  43.0014 266.0459 0001304 264.4387 182.3282 15.02502630    14
STARLINK-30861
1 58230C 23171A   25222.09562500  .00002241  00000+0  16540-3 0  2228
2 58230  43.0039 355.8031 0001233 266.3172 164.7867 15.02524760    12
STARLINK-30867
1 58231C 23171B   25222.10256944 -.00017582  00000+0 -12976-2 0  2227
2 58231  43.0039 355.8063 0001594 272.0884 178.5653 15.02543471    18
STARLINK-30880
1 58232C 23171C   25222.09631944 -.00016447  00000+0 -12140-2 0  2225
2 58232  43.0042 355.8816 0001565 259.4471 139.3636 15.02536805    17
STARLINK-30777
1 58233C 23171D   25222.09979167 -.00004563  00000+0 -33654-3 0  2228
2 58233  43.0040 355.9475 0001292 270.8825 110.5612 15.02558092    12
STARLINK-30860
1 58234C 23171E   25222.09631944  .00001863  00000+0  13746-3 0  2225
2 58234  43.0039 355.9236 0001306 268.5511 112.2250 15.02526036    18
STARLINK-30879
1 58235C 23171F   25222.10743056  .00044030  00000+0  75459-3 0  2228
2 58235  42.9936 256.3982 0020060  71.3068 103.7175 15.50051164    19
STARLINK-30853
1 58236C 23171G   25222.10256944 -.00013944  00000+0 -10294-2 0  2221
2 58236  43.0040 355.9676 0001625 265.9874 112.5889 15.02530121    18
STARLINK-30866
1 58237C 23171H   25222.09770833 -.00000062  00000+0 -45960-5 0  2226
2 58237  43.0037 355.6079 0001268 263.2579 251.2651 15.02529367    13
STARLINK-30817
1 58238C 23171J   25222.09701389  .00025738  00000+0  19024-2 0  2221
2 58238  43.0041 356.0315 0001220 278.1041  52.3607 15.02445355    19
STARLINK-30847
1 58239C 23171K   25222.09631944 -.00025891  00000+0 -19114-2 0  2223
2 58239  43.0042 356.0870 0001526 256.4846  52.1885 15.02541124    15
STARLINK-30848
1 58240C 23171L   25222.09979167 -.00006371  00000+0 -47008-3 0  2223
2 58240  43.0043 357.0921 0001460 266.2300 341.7664 15.02542378    11
STARLINK-30843
1 58241C 23171M   25222.09562500  .00003423  00000+0  25260-3 0  2222
2 58241  43.0043 356.1205 0001371 265.2499  21.6221 15.02522873    17
STARLINK-30877
1 58242C 23171N   25222.10118056 -.00010352  00000+0 -76407-3 0  2228
2 58242  43.0038 355.6294 0001485 261.5198 253.7730 15.02533862    18
STARLINK-30864
1 58243C 23171P   25222.09840278  .00001284  00000+0  94778-4 0  2229
2 58243  43.0040 355.3539 0001338 265.9996   0.4528 15.02525870    14
STARLINK-30854
1 58244C 23171Q   25222.09770833 -.00010551  00000+0 -77874-3 0  2225
2 58244  43.0038 356.9461 0001573 260.1184  48.7213 15.02535056    13
STARLINK-30849
1 58245C 23171R   25222.10187500 -.00019119  00000+0 -14115-2 0  2228
2 58245  43.0040 355.3759 0001453 271.5222 355.7406 15.02533918    16
STARLINK-30886
1 58246C 23171S   25222.09909722  .00004330  00000+0  31964-3 0  2224
2 58246  43.0040 355.4741 0001268 262.2596 313.8888 15.02514176    18
STARLINK-30850
1 58247C 23171T   25222.09979167  .00002046  00000+0  15103-3 0  2224
2 58247  43.0040 355.4295 0001297 262.3110 335.6234 15.02520698    11
STARLINK-30823
1 58248C 23171U   25222.09840278 -.00003687  00000+0 -27213-3 0  2224
2 58248  43.0039 355.5197 0001471 262.2044 292.1188 15.02531508    18
STARLINK-30873
1 58249C 23171V   25222.10256944  .00002084  00000+0  15383-3 0  2221
2 58249  43.0040 355.5395 0001275 265.2269 293.6612 15.02520790    14
STARLINK-30808
1 58250C 23171W   25222.09770833 -.00012587  00000+0 -92904-3 0  2224
2 58250  43.0039 357.6092 0001429 257.5193 122.8392 15.02536458    18
STARLINK-30881
1 58251C 23171X   25222.10256944 -.00000559  00000+0 -41242-4 0  2225
2 58251  43.0042 356.0543 0001335 264.6107  41.8724 15.02528508    13
STARLINK-30883
1 58252C 23171Y   25222.09909722 -.00016124  00000+0 -11902-2 0  2226
2 58252  43.0038 355.6798 0001532 259.0535 226.9505 15.02534905    19
STARLINK-30907
1 58352C 23177B   25222.09770833  .00007401  00000+0  54620-3 0  2223
2 58352  43.0019  61.6366 0001291 265.1383  74.9038 15.02519096    11
STARLINK-30896
1 58353C 23177C   25222.10118056 -.00005659  00000+0 -21600-3 0  2226
2 58353  43.0016 323.4919 0001490 266.2806 232.5561 15.25854752    14
STARLINK-30832
1 58354C 23177D   25222.10187500 -.00010235  00000+0 -75527-3 0  2220
2 58354  43.0027  61.1341 0001333 265.7067 301.2352 15.02542039    10
STARLINK-30903
1 58355C 23177E   25222.09840278 -.00011826  00000+0 -87268-3 0  2229
2 58355  43.0022  61.7447 0001474 261.0766  40.6352 15.02544467    11
STARLINK-30905
1 58356C 23177F   25222.10048611 -.00044552  00000+0 -32869-2 0  2221
2 58356  43.0023  61.5399 0001409 267.4268 111.6718 15.02584855    12
STARLINK-30842
1 58357C 23177G   25222.09909722 -.00017420  00000+0 -12856-2 0  2227
2 58357  43.0023  47.5302 0001346 261.2120 212.4446 15.02545958    19
STARLINK-30858
1 58358C 23177H   25222.09562500  .00007787  00000+0  57454-3 0  2224
2 58358  43.0021  61.6723 0001424 264.9409  57.7884 15.02530143    15
STARLINK-30878
1 58359C 23177J   25222.09979167  .00006770  00000+0  49954-3 0  2223
2 58359  43.0025  61.0683 0001406 265.3306 320.3886 15.02528696    11
STARLINK-30897
1 58360C 23177K   25222.10118056 -.00025076  00000+0 -18505-2 0  2228
2 58360  43.0020  61.6850 0001380 264.8966  69.8934 15.02555396    13
STARLINK-30885
1 58361C 23177L   25222.10256944 -.00031319  00000+0 -23106-2 0  2228
2 58361  43.0025  61.5496 0001423 264.6469 131.7181 15.02570844    16
STARLINK-30890
1 58362C 23177M   25222.09840278  .00007587  00000+0  55976-3 0  2225
2 58362  43.0027  61.5251 0001338 265.9031 125.9708 15.02530061    19
STARLINK-30909
1 58363C 23177N   25222.09631944 -.00017951  00000+0 -13247-2 0  2226
2 58363  43.0025  61.5242 0001433 264.3576 122.2449 15.02549104    11
STARLINK-30904
1 58364C 23177P   25222.09840278  .00007285  00000+0  53758-3 0  2228
2 58364  43.0032  59.8344 0001290 267.8609 113.9441 15.02525499    19
STARLINK-30918
1 58365C 23177Q   25222.09770833 -.00013901  00000+0 -10258-2 0  2229
2 58365  43.0024  61.4019 0001406 262.9593 179.2337 15.02547962    14
STARLINK-30892
1 58366C 23177R   25222.09493056 -.00031356  00000+0 -23140-2 0  2227
2 58366  43.0027  61.4607 0001417 265.5975 143.5494 15.02560745    18
STARLINK-30891
1 58367C 23177S   25222.09979167  .00007675  00000+0  56656-3 0  2224
2 58367  43.0027  61.3448 0001481 267.3104 204.2569 15.02509575    18
STARLINK-30889
1 58368C 23177T   25222.09979167  .00007790  00000+0  57500-3 0  2222
2 58368  43.0022  61.3747 0001491 263.7810 195.7660 15.02512766    13
STARLINK-30870
1 58369C 23177U   25222.09840278  .00008343  00000+0  61571-3 0  2221
2 58369  43.0025  61.3215 0001327 270.9649 205.0771 15.02521295    10
STARLINK-30888
1 58370C 23177V   25222.10256944 -.00021888  00000+0 -16153-2 0  2222
2 58370  43.0023  61.7767 0001339 263.5164  30.7173 15.02552231    12
STARLINK-30859
1 58371C 23177W   25222.09840278  .00007214  00000+0  53246-3 0  2220
2 58371  43.0026  61.6513 0001254 266.3021  59.4989 15.02519284    17
STARLINK-30884
1 58372C 23177X   25222.09909722  .00007827  00000+0  57770-3 0  2227
2 58372  43.0025  61.2481 0001433 261.8445 248.0248 15.02518463    18
STARLINK-30852
1 58373C 23177Y   25222.09909722  .00007653  00000+0  56478-3 0  2229
2 58373  43.0028  61.5743 0001317 264.7747  94.8295 15.02522044    13
STARLINK-30911
1 58374C 23178A   25222.09840278  .00020580  00000+0  69301-3 0  2224
2 58374  53.1568 263.7312 0001189  86.4090  75.1469 15.30199036    17
STARLINK-30914
1 58377C 23178D   25222.09631944  .00012773  00000+0  43065-3 0  2229
2 58377  53.1566 263.7549 0001017  85.0710  53.5603 15.30167297    18
STARLINK-30920
1 58378C 23178E   25222.09979167  .00003085  00000+0  10399-3 0  2222
2 58378  53.1562 251.3260 0001162  82.6462 269.4428 15.30180535    19
STARLINK-30915
1 58380C 23178G   25222.09979167  .00004440  00000+0  14969-3 0  2228
2 58380  53.1587 174.1534 0001309  84.6247 175.8367 15.30175420    10
STARLINK-30923
1 58381C 23178H   25222.09631944  .00013023  00000+0  43910-3 0  2222
2 58381  53.1568 263.9857 0001238  81.9910 282.8899 15.30165312    11
STARLINK-30927
1 58382C 23178J   25222.10187500  .00015829  00000+0  53384-3 0  2221
2 58382  53.1577 264.1512 0001544  95.2924 224.5853 15.30153601    17
STARLINK-30921
1 58383C 23178K   25222.10118056  .00012837  00000+0  43286-3 0  2228
2 58383  53.1564 263.9750 0001216  82.7861 326.2980 15.30164360    17
STARLINK-30825
1 58384C 23178L   25222.09701389  .00009868  00000+0  33267-3 0  2222
2 58384  53.1565 263.7941 0001123  85.1236  28.2626 15.30173172    16
STARLINK-30930
1 58385C 23178M   25222.09631944  .00010609  00000+0  35763-3 0  2220
2 58385  53.1571 263.7037 0001152  85.7928  81.8995 15.30175049    15
STARLINK-30929
1 58386C 23178N   25222.09840278  .00010851  00000+0  36579-3 0  2228
2 58386  53.1577 264.1700 0001270  82.9141 113.2638 15.30175448    18
STARLINK-30913
1 58388C 23178Q   25222.09840278  .00006706  00000+0  22603-3 0  2227
2 58388  53.1576 264.1221 0001585  72.0455 251.9071 15.30181725    10
STARLINK-30938
1 58389C 23178R   25222.09979167  .00012069  00000+0  40683-3 0  2225
2 58389  53.1578 264.1372 0001198  84.2724 235.7083 15.30174996    19
STARLINK-30868
1 58390C 23178S   25222.09562500  .00010448  00000+0  35226-3 0  2222
2 58390  53.1570 264.0669 0001222  96.8011 246.7630 15.30169552    19
STARLINK-30916
1 58391C 23178T   25222.09979167  .00015204  00000+0  51264-3 0  2229
2 58391  53.1580 264.0933 0001347  88.7069 202.2990 15.30163737    11
STARLINK-30887
1 58394C 23178W   25222.10048611  .00011900  00000+0  40112-3 0  2224
2 58394  53.1578 264.1559 0001150  92.7518 132.3292 15.30175175    19
STARLINK-30934
1 58395C 23178X   25222.09562500  .00086747  00000+0  29275-2 0  2228
2 58395  53.1574 264.1744 0001306  95.4980 230.5208 15.30063441    18
STARLINK-30964
1 58402C 23180A   25222.10048611 -.00009497  00000+0 -70079-3 0  2222
2 58402  43.0021 125.4488 0001046 259.6977 331.2225 15.02542278    14
STARLINK-30844
1 58403C 23180B   25222.09979167 -.00013483  00000+0 -99492-3 0  2220
2 58403  43.0021 126.1864 0001061 257.2583  23.3619 15.02545977    10
STARLINK-30876
1 58404C 23180C   25222.09909722 -.00016967  00000+0 -12519-2 0  2225
2 58404  43.0020 126.1463 0001472 264.1072  30.7568 15.02554954    11
STARLINK-30952
1 58405C 23180D   25222.09562500 -.00005408  00000+0 -39921-3 0  2220
2 58405  43.0017 126.1216 0001185 264.3072  29.8462 15.02522387    14
STARLINK-30925
1 58406C 23180E   25222.10187500 -.00003790  00000+0 -27977-3 0  2226
2 58406  43.0024 126.0445 0001401 266.7068  79.3257 15.02521214    18
STARLINK-30954
1 58407C 23180F   25222.09909722  .00000611  00000+0  45078-4 0  2223
2 58407  43.0018 125.4120 0001203 267.5737 333.8692 15.02525291    17
STARLINK-30906
1 58408C 23180G   25222.09631944 -.00016404  00000+0 -12104-2 0  2223
2 58408  43.0021 126.2092 0001350 267.2200 282.5965 15.02549755    18
STARLINK-30940
1 58409C 23180H   25222.09493056  .00020144  00000+0  76739-3 0  2223
2 58409  43.0024  20.8527 0001409 269.7649 296.5122 15.25895243    14
STARLINK-30933
1 58410C 23180J   25222.09770833  .00019877  00000+0  72046-3 0  2224
2 58410  42.9996  21.7039 0001676 257.1806 317.1975 15.27534287    18
STARLINK-30919
1 58411C 23180K   25222.09840278  .00003282  00000+0  24226-3 0  2226
2 58411  43.0021 124.6449 0001437 268.9447 264.0152 15.02513243    13
STARLINK-30924
1 58412C 23180L   25222.09701389  .00022947  00000+0  83141-3 0  2226
2 58412  43.0007  22.1937 0001956 259.1780 106.2114 15.27544594    15
STARLINK-30931
1 58413C 23180M   25222.09562500  .00003187  00000+0  23521-3 0  2228
2 58413  43.0020 113.3399 0001335 272.3389 350.2697 15.02518582    17
STARLINK-30922
1 58414C 23180N   25222.09979167  .00002284  00000+0  16858-3 0  2222
2 58414  43.0021 125.7818 0001369 267.6016 175.3348 15.02522439    18
STARLINK-30949
1 58415C 23180P   25222.10048611 -.00002481  00000+0 -18312-3 0  2224
2 58415  43.0019 125.8082 0001427 265.7179 162.9867 15.02517457    16
STARLINK-30967
1 58416C 23180Q   25222.09770833 -.00002487  00000+0 -18356-3 0  2225
2 58416  43.0019 125.8806 0001236 262.4163 133.1506 15.02533280    18
STARLINK-30955
1 58417C 23180R   25222.08798611  .00009258  00000+0  68329-3 0  2225
2 58417  43.0020 125.5887 0001266 267.6165 219.5636 15.02517645    19
STARLINK-30895
1 58418C 23180S   25222.09770833  .00001258  00000+0  92843-4 0  2224
2 58418  43.0025 125.7211 0001286 265.2179 202.5117 15.02517414    19
STARLINK-30917
1 58419C 23180T   25222.09770833 -.00042948  00000+0 -15563-2 0  2220
2 58419  43.0033  58.7130 0001814 265.7893 198.7549 15.27604512    17
STARLINK-30899
1 58420C 23180U   25222.10048611 -.00012098  00000+0 -89264-3 0  2229
2 58420  43.0021 125.6207 0001099 262.2902 256.4731 15.02550833    17
STARLINK-30902
1 58421C 23180V   25222.09909722 -.00007729  00000+0 -57061-3 0  2222
2 58421  43.0023 125.3639 0001110 263.0423 356.4619 15.02523750    11
STARLINK-30912
1 58422C 23180W   25222.09979167  .00003075  00000+0  11152-3 0  2222
2 58422  43.0003  25.2465 0001364 270.6615 240.1463 15.27531678    14
STARLINK-30900
1 58423C 23180X   25222.09701389 -.00023285  00000+0 -17179-2 0  2223
2 58423  43.0017 125.7192 0001264 263.2968 182.6019 15.02564475    12
STARLINK-30908
1 58424C 23180Y   25222.10187500  .00009189  00000+0  67827-3 0  2220
2 58424  43.0019 124.5623 0001229 268.4592 301.3222 15.02514716    11
STARLINK-30869
1 58437C 23183A   25222.10187500 -.00020303  00000+0 -14982-2 0  2223
2 58437  43.0024 113.1428 0001256 265.5083 133.0306 15.02553153    12
STARLINK-30969
1 58438C 23183B   25222.10118056  .00011747  00000+0  86706-3 0  2228
2 58438  43.0020 113.1894 0001178 267.0514 109.6924 15.02513201    10
STARLINK-30951
1 58439C 23183C   25222.08451389  .00005189  00000+0  38296-3 0  2229
2 58439  43.0018 113.1929 0001301 265.6823  56.8736 15.02519770    13
STARLINK-30950
1 58440C 23183D   25222.10118056 -.00032980  00000+0 -11946-2 0  2228
2 58440  43.0003 320.0682 0001580 256.8854  96.3244 15.27608264    16
STARLINK-30942
1 58441C 23183E   25222.09909722  .00006656  00000+0  49127-3 0  2227
2 58441  43.0019 112.9004 0001183 266.6795 225.0021 15.02519972    16
STARLINK-30959
1 58442C 23183F   25222.09979167  .00002385  00000+0  17606-3 0  2220
2 58442  43.0019 112.8108 0001359 268.0123 263.5260 15.02515326    18
STARLINK-30971
1 58443C 23183G   25222.10118056  .00008797  00000+0  64936-3 0  2226
2 58443  43.0017 112.9256 0001190 256.1013 228.8577 15.02513268    19
STARLINK-30963
1 58444C 23183H   25222.09979167  .00023971  00000+0  17684-2 0  2221
2 58444  43.0022 112.7615 0001172 245.7800 303.6105 15.02519153    19
STARLINK-30961
1 58445C 23183J   25222.09562500  .00008176  00000+0  60340-3 0  2229
2 58445  43.0020 112.7422 0001161 267.5127 277.4889 15.02520329    10
STARLINK-30975
1 58446C 23183K   25222.09493056  .00002955  00000+0  21815-3 0  2222
2 58446  43.0020 113.3498 0001321 273.1281   9.7211 15.02515195    13
STARLINK-30976
1 58447C 23183L   25222.09701389 -.00003410  00000+0 -25159-3 0  2228
2 58447  43.0018 112.6389 0001273 265.5947 340.9996 15.02536064    10
STARLINK-30926
1 58448C 23183M   25222.10118056  .00007900  00000+0  58308-3 0  2222
2 58448  43.0018 112.5012 0001253 265.7216  21.5327 15.02516849    11
STARLINK-30943
1 58449C 23183N   25222.10048611  .00010515  00000+0  77584-3 0  2225
2 58449  43.0025  87.3683 0001413 268.2278  11.8077 15.02524957    10
STARLINK-30946
1 58450C 23183P   25222.09840278 -.00012759  00000+0 -94152-3 0  2228
2 58450  43.0019 113.2473 0001453 266.1677  77.4949 15.02545346    16
STARLINK-30944
1 58451C 23183Q   25222.09840278  .00004793  00000+0  35377-3 0  2220
2 58451  43.0018 112.6884 0001265 270.6492 307.4394 15.02519674    16
STARLINK-30928
1 58452C 23183R   25222.10118056  .00003027  00000+0  22343-3 0  2223
2 58452  43.0020 112.6291 0001198 267.0567 344.1261 15.02515490    13
STARLINK-30957
1 58453C 23183S   25222.09840278  .00004888  00000+0  36087-3 0  2226
2 58453  43.0019 113.3276 0001435 270.9268  36.7165 15.02509889    10
STARLINK-30966
1 58454C 23183T   25222.09909722  .00006696  00000+0  49435-3 0  2227
2 58454  43.0019 113.2806 0001403 266.9597  62.4777 15.02510338    10
STARLINK-30935
1 58455C 23183U   25222.09770833 -.00012421  00000+0 -91655-3 0  2223
2 58455  43.0020 113.0289 0001350 265.0147 165.0478 15.02545265    13
STARLINK-30960
1 58456C 23183V   25222.09562500  .00034546  00000+0  12523-2 0  2220
2 58456  43.0034  76.1524 0001698 268.4369 296.7039 15.27516311    10
STARLINK-30958
1 58457C 23183W   25222.10187500  .00008959  00000+0  66113-3 0  2220
2 58457  43.0017 112.8114 0001244 268.1891 268.5842 15.02521913    15
STARLINK-30962
1 58458C 23183X   25222.09840278 -.00007531  00000+0 -55575-3 0  2224
2 58458  43.0020 112.5160 0001486 266.1451  24.0550 15.02539430    10
STARLINK-30977
1 58459C 23183Y   25222.09562500  .00006688  00000+0  49357-3 0  2225
2 58459  43.0019 112.9980 0001166 266.6394 170.1780 15.02522804    14
STARLINK-30947
1 58473C 23186A   25222.09701389 -.00010216  00000+0 -75392-3 0  2226
2 58473  43.0025 137.5089 0000952 250.1554 294.7490 15.02540869    10
STARLINK-30995
1 58474C 23186B   25222.09631944  .00019900  00000+0  72117-3 0  2225
2 58474  43.0036   4.2799 0001279 257.1013  21.1709 15.27541828    19
STARLINK-30941
1 58475C 23186C   25222.10187500 -.00069176  00000+0 -51033-2 0  2227
2 58475  43.0020 137.3952 0001346 256.7760 350.5489 15.02611757    17
STARLINK-30980
1 58476C 23186D   25222.09909722 -.00002358  00000+0 -17399-3 0  2221
2 58476  43.0018 137.3669 0001263 261.9637 348.3130 15.02533489    12
STARLINK-30965
1 58477C 23186E   25222.10048611  .00002882  00000+0  21268-3 0  2225
2 58477  43.0025 124.1661 0001424 265.6464  68.8860 15.02529570    15
STARLINK-30990
1 58478C 23186F   25222.09493056 -.00003318  00000+0 -24483-3 0  2220
2 58478  43.0018 137.3462 0001440 264.3654 341.3786 15.02534760    11
STARLINK-30984
1 58480C 23186H   25222.09631944  .00001082  00000+0  79843-4 0  2228
2 58480  43.0025 136.7310 0001263 267.0411 238.6672 15.02526371    12
STARLINK-30956
1 58481C 23186J   25222.09562500  .00017797  00000+0  13145-2 0  2221
2 58481  43.0023 112.5306 0001351 262.3464 150.8771 15.02481060    12
STARLINK-30997
1 58482C 23186K   25222.08381944 -.00020096  00000+0 -14836-2 0  2228
2 58482  43.0019 136.9875 0001364 263.7374  84.1912 15.02535187    14
STARLINK-30994
1 58483C 23186L   25222.10256944  .00019121  00000+0  69318-3 0  2224
2 58483  43.0029  15.1040 0001393 260.2369 137.6307 15.27529895    14
STARLINK-30991
1 58484C 23186M   25222.09909722 -.00002534  00000+0 -18703-3 0  2226
2 58484  43.0022 136.6703 0001166 261.0729 277.7234 15.02532396    18
STARLINK-30979
1 58485C 23186N   25222.09562500 -.00003391  00000+0 -25030-3 0  2229
2 58485  43.0021 137.2544 0001112 263.9267  21.6762 15.02524018    11
STARLINK-31005
1 58486C 23186P   25222.08381944  .00017289  00000+0  12756-2 0  2229
2 58486  43.0019 137.2764 0001153 246.3302 353.2290 15.02522548    19
STARLINK-30987
1 58487C 23186Q   25222.09909722  .00000542  00000+0  40031-4 0  2224
2 58487  43.0019 137.1490 0001108 262.3978  78.0687 15.02520442    15
STARLINK-31000
1 58488C 23186R   25222.08451389 -.00006582  00000+0 -48583-3 0  2226
2 58488  43.0019 137.1845 0001260 265.7491  13.7771 15.02527873    11
STARLINK-30993
1 58489C 23186S   25222.09770833 -.00007249  00000+0 -53491-3 0  2221
2 58489  43.0024 137.0704 0001286 263.3356 105.6427 15.02540788    12
STARLINK-30978
1 58490C 23186T   25222.09840278  .00081613  00000+0  60323-2 0  2220
2 58490  43.0023 137.0231 0001583 271.9533 118.9095 15.02389829    15
STARLINK-30953
1 58491C 23186U   25222.09909722  .00018102  00000+0  65599-3 0  2225
2 58491  43.0012  22.4496 0001621 257.0854 338.3257 15.27542802    15
STARLINK-30986
1 58492C 23186V   25222.09770833 -.00003426  00000+0 -25284-3 0  2227
2 58492  43.0022 136.8969 0001085 264.5228 176.5945 15.02527383    10
STARLINK-30985
1 58493C 23186W   25222.09562500  .00003182  00000+0  23481-3 0  2222
2 58493  43.0019 136.8652 0000308 237.6366 210.2272 15.02526103    15
STARLINK-30981
1 58494C 23186X   25222.09840278 -.00001559  00000+0 -11504-3 0  2225
2 58494  43.0021 136.8063 0000738 251.3178 229.6172 15.02526291    17
STARLINK-31002
1 58495C 23186Y   25222.08312500 -.00004822  00000+0 -35583-3 0  2226
2 58495  43.0019 136.8466 0001099 255.8387 160.3944 15.02536149    15
STARLINK-31026
1 58508C 23191A   25222.07965278 -.00008820  00000+0 -65094-3 0  2224
2 58508  43.0014 176.8923 0001062 268.7026 215.4765 15.02538098    18
STARLINK-31020
1 58509C 23191B   25222.08451389  .00000944  00000+0  69662-4 0  2222
2 58509  43.0019 177.6751 0000960 283.0088 244.9027 15.02530810    18
STARLINK-30989
1 58510C 23191C   25222.09979167 -.00006754  00000+0 -49854-3 0  2221
2 58510  43.0019 176.0793 0001003 266.1339 262.3059 15.02530682    15
STARLINK-30968
1 58511C 23191D   25222.10256944 -.00014267  00000+0 -10532-2 0  2223
2 58511  43.0019 176.0215 0001255 265.0807 296.4433 15.02534046    14
STARLINK-30982
1 58512C 23191E   25222.09701389  .00019523  00000+0  14417-2 0  2224
2 58512  43.0018 176.0124 0001160 251.3797 298.0596 15.02487011    11
STARLINK-30998
1 58513C 23191F   25222.08312500 -.00019394  00000+0 -14315-2 0  2222
2 58513  43.0011 176.0443 0000968 274.3210 217.9677 15.02544006    17
STARLINK-30983
1 58514C 23191G   25222.10187500 -.00000283  00000+0 -20883-4 0  2222
2 58514  43.0026 175.3817 0001115 278.0897 190.0632 15.02542551    13
STARLINK-31017
1 58515C 23191H   25222.08243056  .00026221  00000+0  95051-3 0  2225
2 58515  43.0035 346.2051 0001257 251.5163 213.0603 15.27525232    10
STARLINK-31028
1 58516C 23191J   25222.08104167 -.00005854  00000+0 -43196-3 0  2229
2 58516  43.0017 175.9637 0001283 266.5623 250.4715 15.02538641    14
STARLINK-31011
1 58517C 23191K   25222.07965278 -.00010853  00000+0 -80093-3 0  2229
2 58517  43.0011 176.0207 0001182 267.1763 224.3287 15.02539087    13
STARLINK-31021
1 58518C 23191L   25222.08173611  .00008652  00000+0  63813-3 0  2226
2 58518  43.0021 175.3453 0001323 265.1587 147.9654 15.02544159    13
STARLINK-31010
1 58519C 23191M   25222.07965278  .00018759  00000+0  13834-2 0  2220
2 58519  43.0022 175.3651 0001243 260.2946 123.6855 15.02538640    13
STARLINK-31003
1 58520C 23191N   25222.08243056 -.00012764  00000+0 -94206-3 0  2221
2 58520  43.0015 175.9178 0001217 263.9950 278.6144 15.02538481    18
STARLINK-31015
1 58521C 23191P   25222.08034722 -.00021085  00000+0 -15562-2 0  2223
2 58521  43.0019 175.8861 0001248 265.4632 283.8993 15.02547542    17
STARLINK-31023
1 58522C 23191Q   25222.08520833 -.00016064  00000+0 -11856-2 0  2220
2 58522  43.0013 175.8159 0001215 268.2924 325.4370 15.02540493    11
STARLINK-30932
1 58523C 23191R   25222.10118056 -.00006762  00000+0 -49906-3 0  2226
2 58523  43.0020 175.6838 0001196 266.5223  71.7240 15.02534370    17
STARLINK-30992
1 58524C 23191S   25222.09631944 -.00013043  00000+0 -96262-3 0  2228
2 58524  43.0019 175.6646 0001248 266.3214  63.6250 15.02539771    10
STARLINK-30948
1 58525C 23191T   25222.09562500 -.00013751  00000+0 -10149-2 0  2225
2 58525  43.0022 175.6294 0001269 266.1147  78.1039 15.02539697    13
STARLINK-31013
1 58526C 23191U   25222.08243056 -.00002232  00000+0 -16473-3 0  2226
2 58526  43.0013 175.6581 0001069 268.6004  22.2051 15.02531213    10
STARLINK-31001
1 58527C 23191V   25222.08381944 -.00007476  00000+0 -55162-3 0  2229
2 58527  43.0019 175.3452 0001182 259.9777 128.5214 15.02541973    12
STARLINK-31004
1 58528C 23191W   25222.08312500  .00011726  00000+0  86496-3 0  2227
2 58528  43.0012 175.6114 0000741 301.2876  11.1955 15.02537183    12
STARLINK-30988
1 58529C 23191X   25222.09840278 -.00007070  00000+0 -52182-3 0  2221
2 58529  43.0017 175.4844 0000863 256.2229 157.1378 15.02534144    16
STARLINK-31009
1 58530C 23191Y   25222.08312500 -.00002565  00000+0 -18917-3 0  2226
2 58530  43.0018 175.5240 0001435 283.0695  65.5096 15.02550165    11
STARLINK-31012
1 58531C 23192A   25222.08312500  .00012506  00000+0  42196-3 0  2228
2 58531  53.1588 325.5270 0001158  81.2029 111.8423 15.30143819    11
STARLINK-31035
1 58532C 23192B   25222.08451389  .00043073  00000+0  14523-2 0  2223
2 58532  53.1576 312.4826 0001219  66.0284 254.0235 15.30135642    19
STARLINK-31036
1 58533C 23192C   25222.08520833  .00041776  00000+0  14084-2 0  2225
2 58533  53.1600 325.8920 0001295  65.8965 324.0494 15.30140332    15
STARLINK-30936
1 58534C 23192D   25222.09631944  .00017315  00000+0  58396-3 0  2220
2 58534  53.1596 315.6122 0001269  85.9539 150.1776 15.30153326    10
STARLINK-31032
1 58535C 23192E   25222.08312500  .00011107  00000+0  37477-3 0  2224
2 58535  53.1587 325.5605 0001226  79.3449  96.2549 15.30143823    16
STARLINK-31014
1 58538C 23192H   25222.08104167 -.00005946  00000+0 -20056-3 0  2226
2 58538  53.1593 325.7187 0000957 101.4546 347.0047 15.30173279    16
STARLINK-31055
1 58539C 23192J   25222.08243056 -.00000458  00000+0 -15454-4 0  2228
2 58539  53.1595 325.7462 0001236  90.4756 348.1859 15.30171267    14
STARLINK-31019
1 58540C 23192K   25222.08243056 -.00002884  00000+0 -97283-4 0  2225
2 58540  53.1587 325.6437 0001166  99.1433  31.8744 15.30170773    18
STARLINK-31030
1 58542C 23192M   25222.08312500  .00025084  00000+0  84588-3 0  2226
2 58542  53.1596 325.7772 0001004  93.0482 331.9926 15.30149147    18
STARLINK-31049
1 58543C 23192N   25222.07895833  .00018279  00000+0  61664-3 0  2229
2 58543  53.1597 325.8309 0001140 102.2936 282.3660 15.30144351    11
STARLINK-31048
1 58544C 23192P   25222.08590278  .00012284  00000+0  41442-3 0  2228
2 58544  53.1598 325.3321 0001329  91.4764 186.6975 15.30147102    11
STARLINK-31057
1 58545C 23192Q   25222.08381944 -.00006054  00000+0 -20430-3 0  2221
2 58545  53.1598 325.8427 0001091  90.8935 303.1132 15.30157283    15
STARLINK-31050
1 58546C 23192R   25222.07965278  .00027202  00000+0  91694-3 0  2225
2 58546  53.1599 325.8963 0001299  91.8760 261.6441 15.30159551    10
STARLINK-31016
1 58548C 23192T   25222.08520833 -.00018733  00000+0 -63139-3 0  2226
2 58548  53.1592 325.3687 0000802  67.1913 189.6102 15.30209940    19
STARLINK-31056
1 58550C 23192V   25222.08104167  .00009296  00000+0  31368-3 0  2228
2 58550  53.1588 325.4689 0001320  84.1408 132.3237 15.30143588    13
STARLINK-31044
1 58589C 23200A   25222.08451389  .00008375  00000+0  61800-3 0  2222
2 58589  43.0012 239.6829 0001536 273.4587 228.3036 15.02523445    13
STARLINK-31062
1 58590C 23200B   25222.08381944  .00009320  00000+0  68785-3 0  2223
2 58590  43.0012 241.6473 0001655 273.8320 126.0462 15.02518654    17
STARLINK-31096
1 58592C 23200D   25222.08243056  .00001976  00000+0  14581-3 0  2220
2 58592  43.0010 241.1571 0001516 268.4498 334.2880 15.02526519    19
STARLINK-31094
1 58593C 23200E   25222.07965278 -.00020313  00000+0 -14988-2 0  2225
2 58593  43.0012 240.4586 0001395 273.1372 255.7379 15.02556966    18
STARLINK-31075
1 58594C 23200F   25222.07965278 -.00008883  00000+0 -65543-3 0  2228
2 58594  43.0014 240.2771 0001404 289.6051 311.4088 15.02544070    12
STARLINK-30857
1 58595C 23200G   25222.10118056  .00007853  00000+0  57950-3 0  2224
2 58595  43.0011 240.2118 0001721 283.8015  55.7726 15.02523974    10
STARLINK-31059
1 58596C 23200H   25222.08590278 -.00004729  00000+0 -17141-3 0  2221
2 58596  43.0016 127.1510 0001466 269.3294 284.2317 15.27559611    18
STARLINK-31087
1 58597C 23200J   25222.08520833 -.00009813  00000+0 -72410-3 0  2221
2 58597  43.0011 240.2110 0001447 272.4999  16.6281 15.02541940    19
STARLINK-31079
1 58598C 23200K   25222.09076389  .00037525  00000+0  25664-2 0  2222
2 58598  43.0006 239.1902 0003411   9.2709  11.7123 15.05335169    16
STARLINK-31052
1 58600C 23200M   25222.08590278  .00008469  00000+0  62500-3 0  2229
2 58600  43.0009 240.1228 0001432 269.9628  59.0083 15.02520677    19
STARLINK-31074
1 58601C 23200N   25222.08381944  .00008893  00000+0  65635-3 0  2221
2 58601  43.0008 240.0910 0001495 270.2032  65.5156 15.02517676    17
STARLINK-31071
1 58602C 23200P   25222.08104167  .00025178  00000+0  91326-3 0  2223
2 58602  43.0042 123.7282 0001326 276.6592 226.3844 15.27506959    19
STARLINK-31080
1 58603C 23200Q   25222.08381944 -.00025533  00000+0 -18841-2 0  2221
2 58603  43.0010 240.0469 0001411 273.6240  80.1151 15.02558512    19
STARLINK-31088
1 58604C 23200R   25222.08034722 -.00002935  00000+0 -21656-3 0  2221
2 58604  43.0011 240.0081 0001424 278.9333  74.0234 15.02540915    18
STARLINK-31038
1 58605C 23200S   25222.08104167  .00008609  00000+0  63533-3 0  2225
2 58605  43.0009 239.9331 0001520 272.6076 120.1936 15.02521297    17
STARLINK-31082
1 58606C 23200T   25222.07965278  .00002201  00000+0  16230-3 0  2227
2 58606  43.0010 239.9833 0001548 275.1573  92.0976 15.02555336    19
STARLINK-31069
1 58607C 23200U   25222.08034722 -.00011659  00000+0 -86037-3 0  2221
2 58607  43.0012 239.8904 0001411 273.9369 133.1231 15.02543578    14
STARLINK-31067
1 58608C 23200V   25222.08173611 -.00012741  00000+0 -94026-3 0  2223
2 58608  43.0012 239.8393 0001401 272.6324 159.9829 15.02542924    16
STARLINK-31085
1 58609C 23200W   25222.08104167  .00008194  00000+0  60466-3 0  2220
2 58609  43.0013 239.8020 0001391 267.2803 179.6052 15.02524955    16
STARLINK-31089
1 58610C 23200X   25222.08243056  .00008216  00000+0  60629-3 0  2229
2 58610  43.0013 240.4666 0001556 276.7770 231.1409 15.02523264    15
STARLINK-31061
1 58611C 23200Y   25222.08590278  .00008672  00000+0  63995-3 0  2226
2 58611  43.0013 239.7303 0001496 271.1958 220.0560 15.02521448    12
STARLINK-31054
1 58619C 23203B   25222.07895833 -.00024481  00000+0 -88714-3 0  2225
2 58619  43.0002 182.3000 0001147 270.2918 197.1897 15.27587414    13
STARLINK-31134
1 58621C 23203D   25222.08104167 -.00020227  00000+0 -73306-3 0  2227
2 58621  43.0024 182.5786 0001566 270.6686  88.0220 15.27578520    10
STARLINK-31133
1 58622C 23203E   25222.08243056 -.00043319  00000+0 -15699-2 0  2226
2 58622  42.9999 182.2284 0000890 239.2010 268.6409 15.27603357    13
STARLINK-31068
1 58623C 23203F   25222.08381944  .00012126  00000+0  43925-3 0  2220
2 58623  43.0003 182.1687 0001113 264.9757 271.6652 15.27564210    18
STARLINK-31129
1 58624C 23203G   25222.08104167 -.00025341  00000+0 -91835-3 0  2229
2 58624  43.0002 182.1507 0001418 272.3815 263.1831 15.27585783    18
STARLINK-30774
1 58625C 23203H   25222.09909722 -.00029331  00000+0 -10630-2 0  2227
2 58625  43.0002 181.9969 0001441 272.8652  23.3432 15.27587844    11
STARLINK-31086
1 58626C 23203J   25222.07965278 -.00018446  00000+0 -66851-3 0  2226
2 58626  43.0023 181.7722 0001325 264.8093  65.8152 15.27577941    18
STARLINK-31065
1 58627C 23203K   25222.08451389 -.00022937  00000+0 -83124-3 0  2223
2 58627  43.0003 181.9053 0001530 265.5615  28.1649 15.27583362    19
STARLINK-31092
1 58628C 23203L   25222.08243056 -.00049091  00000+0 -17791-2 0  2220
2 58628  43.0002 182.0405 0000763 272.8068 312.8584 15.27608668    10
STARLINK-31091
1 58629C 23203M   25222.07895833 -.00010898  00000+0 -41569-3 0  2220
2 58629  43.0011 184.6626 0001510 255.9853 305.8093 15.25884049    13
STARLINK-31084
1 58630C 23203N   25222.08451389 -.00041396  00000+0 -15785-2 0  2224
2 58630  43.0007 184.6031 0001392 273.2338 331.4975 15.25925994    18
STARLINK-31064
1 58631C 23203P   25222.08173611  .00006776  00000+0  25836-3 0  2224
2 58631  43.0006 184.5586 0001540 264.3647 349.9984 15.25880451    13
STARLINK-31081
1 58632C 23203Q   25222.08173611 -.00020737  00000+0 -79039-3 0  2224
2 58632  43.0008 184.5277 0001914 267.9001 358.8458 15.25918003    11
STARLINK-31022
1 58633C 23203R   25222.08520833 -.00022838  00000+0 -87069-3 0  2223
2 58633  43.0005 184.5696 0001535 270.2314 350.7340 15.25912330    15
STARLINK-31025
1 58634C 23203S   25222.08104167 -.00016473  00000+0 -62782-3 0  2225
2 58634  43.0008 180.8971 0001498 259.2476  56.4953 15.25916503    14
STARLINK-31018
1 58635C 23203T   25222.08243056 -.00047210  00000+0 -17110-2 0  2224
2 58635  43.0020 182.4405 0001326 271.8627 151.0934 15.27604848    16
STARLINK-31008
1 58636C 23203U   25222.07895833 -.00014116  00000+0 -51153-3 0  2225
2 58636  43.0024 182.4951 0001492 260.4830 129.1777 15.27577550    11
STARLINK-31077
1 58637C 23203V   25222.08520833 -.00041733  00000+0 -15124-2 0  2224
2 58637  43.0008 182.3694 0001231 274.0679 185.4028 15.27601418    15
STARLINK-31078
1 58638C 23203W   25222.08312500 -.00052847  00000+0 -19145-2 0  2220
2 58638  43.0001 182.3274 0001025 266.6268 202.5341 15.27623923    19
STARLINK-31070
1 58639C 23203X   25222.07965278 -.00017525  00000+0 -63515-3 0  2221
2 58639  43.0022 182.5389 0001587 268.8580 103.4182 15.27574763    15
STARLINK-31090
1 58640C 23203Y   25222.08381944 -.00029199  00000+0 -10584-2 0  2223
2 58640  43.0024 174.4385 0001487 276.5052 241.5489 15.27580599    12
STARLINK-31113
1 58668C 23211B   25222.08520833 -.00016584  00000+0 -60082-3 0  2227
2 58668  43.0032 200.0115 0001510 263.6389 180.5475 15.27586249    10
STARLINK-31128
1 58669C 23211C   25222.07965278 -.00039017  00000+0 -14137-2 0  2228
2 58669  42.9998 200.2547 0001280 260.5814  61.0647 15.27606770    10
STARLINK-31083
1 58670C 23211D   25222.08034722 -.00019703  00000+0 -71381-3 0  2227
2 58670  43.0025 199.9840 0001514 264.4641 174.1830 15.27589784    11
STARLINK-30828
1 58671C 23211E   25222.10118056 -.00039623  00000+0 -14357-2 0  2226
2 58671  42.9989 200.2695 0001303 273.9344 109.6254 15.27606352    18
STARLINK-31104
1 58672C 23211F   25222.08034722 -.00037773  00000+0 -13685-2 0  2228
2 58672  43.0021 199.9301 0001420 271.4008 188.4474 15.27607490    19
STARLINK-31131
1 58673C 23211G   25222.08590278 -.00044477  00000+0 -16111-2 0  2228
2 58673  43.0001 189.4998 0001390 275.4378 164.6793 15.27618793    12
STARLINK-31124
1 58674C 23211H   25222.07895833 -.00028636  00000+0 -10377-2 0  2220
2 58674  43.0023 200.0964 0001443 271.4779 117.0848 15.27589382    14
STARLINK-31126
1 58675C 23211J   25222.08034722 -.00021641  00000+0 -78412-3 0  2228
2 58675  43.0019 199.8705 0001491 272.5163 208.5959 15.27588207    14
STARLINK-31066
1 58676C 23211K   25222.08520833  .00009382  00000+0  69271-3 0  2221
2 58676  43.0027 304.4893 0001426 266.9444 227.7491 15.02500643    18
STARLINK-31058
1 58677C 23211L   25222.08034722 -.00074126  00000+0 -26860-2 0  2225
2 58677  43.0018 200.1211 0001378 276.1107 105.9791 15.27637336    17
STARLINK-31125
1 58678C 23211M   25222.07965278 -.00028990  00000+0 -10505-2 0  2221
2 58678  42.9988 200.4236 0001194 261.6639 349.2569 15.27592089    18
STARLINK-31110
1 58679C 23211N   25222.08243056 -.00026104  00000+0 -94594-3 0  2222
2 58679  43.0005 200.1572 0001462 271.2067 101.1002 15.27589047    18
STARLINK-31112
1 58680C 23211P   25222.08104167 -.00021458  00000+0 -77751-3 0  2226
2 58680  42.9999 200.2640 0001380 269.2266  52.9783 15.27586362    10
STARLINK-31147
1 58681C 23211Q   25222.08243056  .00010822  00000+0  39211-3 0  2228
2 58681  42.9998 200.4581 0001197 267.9983 336.9585 15.27557349    11
STARLINK-31144
1 58682C 23211R   25222.08451389 -.00031204  00000+0 -11301-2 0  2227
2 58682  43.0009 199.8892 0001167 261.1301 228.7075 15.27613650    10
STARLINK-31095
1 58683C 23211S   25222.08381944  .00008384  00000+0  30374-3 0  2220
2 58683  43.0010 200.6210 0001315 264.1628 277.6713 15.27560865    19
STARLINK-31107
1 58684C 23211T   25222.08312500 -.00076800  00000+0 -27822-2 0  2226
2 58684  42.9996 200.7155 0001499 258.4294 244.2479 15.27647998    10
STARLINK-31121
1 58685C 23211U   25222.08520833 -.00037656  00000+0 -13648-2 0  2224
2 58685  43.0001 199.9349 0001429 273.4426 199.0850 15.27593998    11
STARLINK-31137
1 58686C 23211V   25222.08520833 -.00025139  00000+0 -91093-3 0  2229
2 58686  42.9989 200.4067 0001192 272.5806   1.8266 15.27589924    14
STARLINK-31139
1 58688C 23211X   25222.08451389 -.00022720  00000+0 -86600-3 0  2221
2 58688  42.9983 199.4831 0001434 270.3321  42.3182 15.25919243    19
STARLINK-31106
1 58689C 23211Y   25222.08034722 -.00015874  00000+0 -57518-3 0  2228
2 58689  42.9997 200.3341 0001372 270.6278  19.4610 15.27580858    17
STARLINK-11075 [DTC]
1 58706C 24002B   25222.10118056  .00017729  00000+0  14632-3 0  2222
2 58706  53.1565 237.1377 0001128  84.5542 296.4933 15.69645403    13
STARLINK-11077 [DTC]
1 58707C 24002C   25222.10118056  .00035259  00000+0  29082-3 0  2226
2 58707  53.1567 237.1740 0001240  85.1811 268.1024 15.69642994    10
STARLINK-31031
1 58711C 24002G   25222.08243056  .00009294  00000+0  31338-3 0  2224
2 58711  53.1593 132.9583 0001165  84.5718 342.6238 15.30168591    15
STARLINK-31029
1 58712C 24002H   25222.08173611  .00018609  00000+0  62744-3 0  2229
2 58712  53.1572 132.6682 0001293  82.2323 132.3784 15.30159267    19
STARLINK-30973
1 58713C 24002J   25222.10118056  .00020126  00000+0  67876-3 0  2223
2 58713  53.1568 132.6468 0001183  68.5111 218.3708 15.30150812    15
STARLINK-31100
1 58714C 24002K   25222.08173611  .00026004  00000+0  87691-3 0  2227
2 58714  53.1571 132.7691 0001171  73.8961  88.3710 15.30148046    12
STARLINK-31102
1 58715C 24002L   25222.08312500  .00020564  00000+0  69349-3 0  2225
2 58715  53.1598 133.0209 0001333  98.3868 297.7590 15.30152704    17
STARLINK-31093
1 58717C 24002N   25222.08312500  .00024482  00000+0  82554-3 0  2223
2 58717  53.1579 132.8780 0001147  72.0693  45.4880 15.30150725    18
STARLINK-31051
1 58719C 24002Q   25222.08451389  .00029457  00000+0  99340-3 0  2222
2 58719  53.1583 132.8771 0001228  73.9157  39.6848 15.30143177    12
STARLINK-31027
1 58720C 24002R   25222.08520833  .00019657  00000+0  66296-3 0  2220
2 58720  53.1572 132.6827 0001107  88.4962 127.8040 15.30150783    18
STARLINK-30972
1 58721C 24002S   25222.09840278  .00021507  00000+0  72549-3 0  2225
2 58721  53.1568 132.6659 0001131  77.2498 188.5283 15.30142063    19
STARLINK-31040
1 58722C 24002T   25222.08104167  .00021967  00000+0  74077-3 0  2223
2 58722  53.1587 132.9259 0001063  73.6187   3.3923 15.30152655    12
STARLINK-30893
1 58724C 24002V   25222.09979167  .00024328  00000+0  82024-3 0  2221
2 58724  53.1596 132.9864 0001590  91.1062  19.4339 15.30155525    16
STARLINK-30856
1 58725C 24002W   25222.09909722  .00016702  00000+0  56335-3 0  2225
2 58725  53.1597 132.9943 0001334 101.8671 359.0651 15.30149272    19
STARLINK-31115
1 58729C 24005B   25222.08520833  .00012710  00000+0  93832-3 0  2221
2 58729  43.0021 291.0360 0001680 261.9318 159.7056 15.02502894    19
STARLINK-31204
1 58731C 24005D   25222.09284722  .00316690  00000+0  47429-2 0  2223
2 58731  42.9922 245.1086 0019272  87.0126 268.2172 15.53533502    16
STARLINK-31180
1 58732C 24005E   25222.08243056  .00011392  00000+0  84081-3 0  2225
2 58732  43.0026 291.4034 0001725 267.9816 354.3128 15.02512863    19
STARLINK-31164
1 58733C 24005F   25222.08312500  .00008427  00000+0  62219-3 0  2221
2 58733  43.0024 291.8629 0001442 264.0359 163.6961 15.02502937    15
STARLINK-31152
1 58734C 24005G   25222.07895833  .00009296  00000+0  68619-3 0  2221
2 58734  43.0025 291.8417 0001568 264.4958 158.6822 15.02509614    19
STARLINK-31157
1 58735C 24005H   25222.08243056  .00012659  00000+0  93448-3 0  2222
2 58735  43.0022 291.7804 0001943 264.4933 195.4188 15.02504505    14
STARLINK-31076
1 58736C 24005J   25222.08451389  .00012505  00000+0  92269-3 0  2223
2 58736  43.0025 291.7240 0001496 255.7389 233.4692 15.02522344    17
STARLINK-31101
1 58737C 24005K   25222.08451389  .00010267  00000+0  75777-3 0  2222
2 58737  43.0022 291.6375 0001502 265.8607 259.5390 15.02513337    12
STARLINK-31108
1 58738C 24005L   25222.07965278  .00009244  00000+0  68235-3 0  2223
2 58738  43.0022 291.7077 0001520 266.4562 214.5997 15.02509433    16
STARLINK-31042
1 58739C 24005M   25222.08312500 -.00020160  00000+0 -14876-2 0  2222
2 58739  43.0020 291.6015 0001405 265.9020 269.9882 15.02553687    18
STARLINK-31159
1 58740C 24005N   25222.07965278 -.00006945  00000+0 -51253-3 0  2225
2 58740  43.0022 291.5763 0001530 265.9699 269.1509 15.02537031    15
STARLINK-31148
1 58741C 24005P   25222.08590278 -.00018144  00000+0 -13388-2 0  2221
2 58741  43.0021 291.5184 0001507 267.4275 319.5595 15.02552191    12
STARLINK-31151
1 58742C 24005Q   25222.08451389  .00011675  00000+0  86184-3 0  2226
2 58742  43.0022 291.4821 0001391 265.0996 332.4162 15.02508322    17
STARLINK-31156
1 58743C 24005R   25222.07965278 -.00014406  00000+0 -10630-2 0  2222
2 58743  43.0022 291.4648 0001603 266.3652 322.8421 15.02546345    12
STARLINK-31167
1 58744C 24005S   25222.08520833 -.00031185  00000+0 -11888-2 0  2227
2 58744  43.0011 188.8875 0000994 270.6266 195.6050 15.25925231    17
STARLINK-31176
1 58745C 24005T   25222.08381944 -.00015101  00000+0 -11143-2 0  2220
2 58745  43.0021 291.3555 0001750 269.1674  18.6599 15.02549068    18
STARLINK-31181
1 58746C 24005U   25222.07965278 -.00038930  00000+0 -14110-2 0  2220
2 58746  43.0004 182.5757 0001255 272.4433 283.3259 15.27596256    17
STARLINK-31183
1 58747C 24005V   25222.08381944  .00012058  00000+0  89015-3 0  2222
2 58747  43.0019 291.2706 0001573 267.4873  56.4352 15.02505386    11
STARLINK-31165
1 58748C 24005W   25222.08104167  .00011368  00000+0  83925-3 0  2220
2 58748  43.0019 291.3271 0001818 277.0127  13.8502 15.02504386    14
STARLINK-31160
1 58749C 24005X   25222.08451389  .00012291  00000+0  90743-3 0  2224
2 58749  43.0021 291.1110 0001367 264.4827  99.3269 15.02502653    18
STARLINK-31179
1 58750C 24005Y   25222.08104167  .00011695  00000+0  86350-3 0  2221
2 58750  43.0019 291.2400 0001476 266.4548  60.4758 15.02499573    11
STARLINK-31127
1 58765C 24011A   25222.08381944  .00014940  00000+0  50367-3 0  2229
2 58765  53.1584 276.6073 0001113  77.3351 221.5891 15.30168511    12
STARLINK-31114
1 58766C 24011B   25222.08034722  .00015549  00000+0  52415-3 0  2221
2 58766  53.1576 274.6104 0001169  88.7336 141.5955 15.30170545    19
STARLINK-31145
1 58768C 24011D   25222.08868056  .00013945  00000+0  69222-3 0  2220
2 58768  53.1568 278.5840 0001941  59.5283 320.4328 15.17169101    10
STARLINK-31135
1 58771C 24011G   25222.08451389  .00018458  00000+0  62228-3 0  2224
2 58771  53.1580 274.4751 0001128  95.3398 216.1361 15.30163519    16
STARLINK-31136
1 58772C 24011H   25222.08312500  .00016668  00000+0  56193-3 0  2221
2 58772  53.1584 276.5702 0001067  98.5322 214.0256 15.30165751    14
STARLINK-31073
1 58773C 24011J   25222.08173611  .00012759  00000+0  43012-3 0  2223
2 58773  53.1583 276.6471 0001088  82.5074 187.4844 15.30170720    16
STARLINK-31122
1 58774C 24011K   25222.08104167  .00011917  00000+0  40147-3 0  2225
2 58774  53.1586 276.7139 0001607  91.7989 139.3925 15.30193160    15
STARLINK-31123
1 58775C 24011L   25222.08520833  .00018631  00000+0  62823-3 0  2223
2 58775  53.1591 276.4015 0001278  93.5277 311.9522 15.30157552    12
STARLINK-31117
1 58776C 24011M   25222.07895833  .00016016  00000+0  54000-3 0  2221
2 58776  53.1570 276.7994 0001150  81.4915  97.5991 15.30163352    15
STARLINK-31120
1 58778C 24011P   25222.08104167  .00010406  00000+0  35090-3 0  2222
2 58778  53.1572 276.9221 0001139  96.0094  24.7597 15.30166016    15
STARLINK-31142
1 58779C 24011Q   25222.07965278  .00018425  00000+0  62125-3 0  2228
2 58779  53.1571 276.7744 0001130  82.8135 111.7383 15.30160658    19
STARLINK-31099
1 58781C 24011S   25222.08173611  .00058176  00000+0  20111-2 0  2229
2 58781  53.1569 276.7264 0001098  77.5163 148.9831 15.29311447    13
STARLINK-31060
1 58782C 24011T   25222.07895833  .00003650  00000+0  91100-4 0  2221
2 58782  53.1581 149.1879 0001001  93.1262 216.1423 15.39603076    19
STARLINK-31039
1 58784C 24011V   25222.08451389  .00012354  00000+0  41660-3 0  2224
2 58784  53.1579 276.6479 0001288  79.2919 194.4071 15.30161681    10
STARLINK-31034
1 58785C 24011W   25222.08590278 -.00012724  00000+0 -42898-3 0  2223
2 58785  53.1574 174.1927 0001278  88.0804 258.4123 15.30193652    18
STARLINK-31024
1 58786C 24011X   25222.08173611  .00017822  00000+0  60085-3 0  2222
2 58786  53.1575 274.6037 0001181  81.6155 150.5747 15.30164069    13
STARLINK-31189
1 58787C 24012A   25222.08243056 -.00019460  00000+0 -70502-3 0  2222
2 58787  42.9976 279.9338 0001552 268.6862 236.4004 15.27589468    11
STARLINK-31185
1 58788C 24012B   25222.07895833 -.00011583  00000+0 -44142-3 0  2227
2 58788  42.9992 280.6004 0001706 267.8889 310.9965 15.25914301    10
STARLINK-31166
1 58789C 24012C   25222.08173611 -.00011432  00000+0 -43566-3 0  2224
2 58789  43.0001 279.9052 0001408 263.9490 243.8751 15.25915145    16
STARLINK-31187
1 58790C 24012D   25222.07895833 -.00011878  00000+0 -45266-3 0  2225
2 58790  42.9995 280.5394 0001481 264.8399 338.9260 15.25914775    13
STARLINK-31162
1 58791C 24012E   25222.08451389 -.00016675  00000+0 -60412-3 0  2221
2 58791  43.0008 280.1259 0001342 266.1619 165.4985 15.27586379    17
STARLINK-31184
1 58793C 24012G   25222.08034722 -.00018906  00000+0 -68492-3 0  2226
2 58793  42.9977 280.0796 0001530 270.0191 167.0032 15.27589525    12
STARLINK-31192
1 58794C 24012H   25222.08243056 -.00049481  00000+0 -18845-2 0  2227
2 58794  42.9995 279.8171 0001025 274.9527 273.9480 15.25973206    16
STARLINK-31161
1 58795C 24012J   25222.08104167 -.00009808  00000+0 -35535-3 0  2222
2 58795  42.9985 280.1076 0001498 269.2785 157.4182 15.27577822    13
STARLINK-31195
1 58796C 24012K   25222.08034722 -.00013713  00000+0 -52260-3 0  2226
2 58796  43.0013 280.3432 0001416 267.7109  58.3386 15.25916444    19
STARLINK-31193
1 58797C 24012L   25222.07826389 -.00019775  00000+0 -71634-3 0  2224
2 58797  42.9994 280.2391 0001437 263.2076  98.6602 15.27593994    17
STARLINK-31168
1 58798C 24012M   25222.08243056  .00030519  00000+0  11060-2 0  2223
2 58798  43.0005 280.2657 0001108 281.4996  82.1072 15.27531095    19
STARLINK-31191
1 58800C 24012P   25222.08381944 -.00016415  00000+0 -59470-3 0  2225
2 58800  42.9994 279.9975 0001522 270.2691 207.0987 15.27585577    11
STARLINK-31170
1 58801C 24012Q   25222.08034722 -.00014039  00000+0 -53503-3 0  2226
2 58801  43.0014 280.2065 0001566 271.4555 104.3575 15.25915438    15
STARLINK-31141
1 58803C 24012S   25222.07895833 -.00018621  00000+0 -70960-3 0  2222
2 58803  43.0023 280.1211 0001453 262.0155 143.4656 15.25923580    17
STARLINK-31188
1 58804C 24012T   25222.08104167 -.00015054  00000+0 -57374-3 0  2228
2 58804  43.0023 280.1398 0001564 263.8723 140.6368 15.25916769    17
STARLINK-31138
1 58806C 24012V   25222.08104167  .00001698  00000+0  64738-4 0  2220
2 58806  43.0000 279.7951 0001166 268.7938 284.9796 15.25894499    15
STARLINK-31163
1 58807C 24012W   25222.07965278 -.00021141  00000+0 -76593-3 0  2226
2 58807  43.0012 279.9113 0001449 264.4191 232.4519 15.27591500    19
STARLINK-31174
1 58808C 24012X   25222.08173611 -.00023362  00000+0 -84636-3 0  2224
2 58808  43.0010 279.8832 0001486 268.7760 246.6470 15.27593878    18
STARLINK-31169
1 58809C 24012Y   25222.08451389  .00017308  00000+0  66002-3 0  2224
2 58809  43.0017 279.9441 0000745 284.8055 213.5438 15.25864942    14
STARLINK-31271
1 58827C 24017B   25222.06923611  .00026874  00000+0  90614-3 0  2223
2 58827  53.1596 107.5180 0001294 100.6882 230.7952 15.30151539    16
STARLINK-31253
1 58830C 24017E   25222.08034722  .00020420  00000+0  68844-3 0  2226
2 58830  53.1570 107.0389 0001374  94.2006 153.7304 15.30161940    15
STARLINK-31232
1 58831C 24017F   25222.08243056  .00024816  00000+0  83673-3 0  2229
2 58831  53.1577 106.9831 0001207  79.0064 203.6800 15.30154310    12
STARLINK-31263
1 58832C 24017G   25222.08451389 -.00026802  00000+0 -66894-3 0  2225
2 58832  53.1568 101.9336 0000959  79.8030 249.5471 15.39635354    16
STARLINK-31246
1 58835C 24017K   25222.08451389  .00026391  00000+0  88985-3 0  2224
2 58835  53.1564 107.1217 0001418  79.0500 139.5137 15.30151232    12
STARLINK-31249
1 58838C 24017N   25222.08034722  .00017062  00000+0  57580-3 0  2227
2 58838  53.1576 107.2890 0001112 116.1226   3.9473 15.30133332    13
STARLINK-31250
1 58839C 24017P   25222.08243056  .00025613  00000+0  63928-3 0  2224
2 58839  53.1569 101.8406 0001104  99.2035 270.0759 15.39582651    14
STARLINK-31248
1 58840C 24017Q   25222.08381944  .00024831  00000+0  83708-3 0  2224
2 58840  53.1591 119.7754 0001212  97.7622 172.0815 15.30159991    12
STARLINK-31236
1 58841C 24017R   25222.07965278  .00021954  00000+0  74014-3 0  2225
2 58841  53.1585 107.3614 0001142  79.4027   1.8422 15.30160137    19
STARLINK-31228
1 58842C 24017S   25222.08312500 -.00000927  00000+0 -31255-4 0  2221
2 58842  53.1581 107.3104 0001052  94.6687  23.1539 15.30188043    13
STARLINK-31280
1 58843C 24017T   25222.07895833  .00026364  00000+0  88886-3 0  2228
2 58843  53.1588 107.3986 0001413  81.4082 338.5634 15.30153930    19
STARLINK-31264
1 58845C 24017V   25222.08034722 -.00002614  00000+0 -88115-4 0  2223
2 58845  53.1578 196.8104 0001333  88.9460  85.1258 15.30190650    15
STARLINK-31273
1 58846C 24017W   25222.07826389 -.00071605  00000+0 -24124-2 0  2225
2 58846  53.1592 107.4363 0001244  92.4079 306.2491 15.30276352    14
STARLINK-31262
1 58847C 24017X   25222.08243056 -.00001780  00000+0 -60050-4 0  2228
2 58847  53.1589 196.8786 0001645  81.9006  63.0366 15.30166505    17
STARLINK-31238
1 58853C 24019A   25222.08104167  .00010062  00000+0  38350-3 0  2224
2 58853  43.0031   3.0396 0001484 262.7420 337.6754 15.25889143    15
STARLINK-31158
1 58854C 24019B   25222.08243056  .00018323  00000+0  66405-3 0  2226
2 58854  43.0013   4.0436 0001042 271.9031 283.1352 15.27540466    15
STARLINK-31237
1 58855C 24019C   25222.08104167  .00015872  00000+0  57511-3 0  2220
2 58855  43.0001   3.7113 0001852 261.9098  74.0321 15.27549925    14
STARLINK-31244
1 58856C 24019D   25222.08034722  .00016341  00000+0  59193-3 0  2220
2 58856  43.0033   3.9135 0001462 261.0450 339.1079 15.27559203    11
STARLINK-31216
1 58857C 24019E   25222.08104167 -.00008225  00000+0 -29798-3 0  2224
2 58857  43.0022 342.0275 0000925 264.7265 105.5157 15.27581219    13
STARLINK-31226
1 58858C 24019F   25222.08034722  .00019936  00000+0  72250-3 0  2224
2 58858  43.0009   4.1248 0001475 268.5048 246.7660 15.27538839    14
STARLINK-31197
1 58859C 24019G   25222.07826389  .00025639  00000+0  92939-3 0  2225
2 58859  43.0047   4.2801 0001394 264.5374 175.5966 15.27526877    18
STARLINK-31213
1 58860C 24019H   25222.08034722  .00005251  00000+0  19008-3 0  2224
2 58860  43.0044   3.9271 0001267 277.5758 315.4078 15.27591075    14
STARLINK-31199
1 58861C 24019J   25222.08173611  .00024695  00000+0  89543-3 0  2220
2 58861  43.0025   3.8728 0001539 287.6645 334.3144 15.27518126    19
STARLINK-31200
1 58862C 24019K   25222.08312500  .00024374  00000+0  88375-3 0  2229
2 58862  43.0007   3.8833 0001723 275.1578 347.3952 15.27519786    13
STARLINK-31149
1 58863C 24019L   25222.08381944  .00016974  00000+0  61471-3 0  2223
2 58863  43.0020   3.5204 0001397 264.9386 149.9036 15.27566484    14
STARLINK-31242
1 58864C 24019M   25222.08173611  .00007815  00000+0  28298-3 0  2228
2 58864  43.0038   3.9728 0001449 265.3744 314.0864 15.27578100    12
STARLINK-31223
1 58865C 24019N   25222.07895833  .00026815  00000+0  97198-3 0  2221
2 58865  43.0021   4.0164 0001588 257.8266 299.2941 15.27527026    11
STARLINK-31219
1 58866C 24019P   25222.08520833  .00018177  00000+0  65867-3 0  2228
2 58866  43.0029   3.6466 0001297 258.9458 106.9919 15.27545833    17
STARLINK-31198
1 58867C 24019Q   25222.08173611  .00009520  00000+0  34487-3 0  2223
2 58867  42.9998   3.7737 0001547 266.8051  30.5182 15.27563479    18
STARLINK-31196
1 58868C 24019R   25222.08034722  .00020686  00000+0  74918-3 0  2222
2 58868  43.0009   4.3283 0001460 266.2806 163.9835 15.27560254    17
STARLINK-31203
1 58869C 24019S   25222.08381944  .00022617  00000+0  86254-3 0  2226
2 58869  43.0003 359.3787 0001911 260.9468  72.4493 15.25856082    19
STARLINK-31201
1 58870C 24019T   25222.08451389  .00018027  00000+0  65342-3 0  2224
2 58870  43.0022   3.5475 0001311 256.8860 147.7224 15.27535656    19
STARLINK-31214
1 58871C 24019U   25222.08312500  .00008700  00000+0  31515-3 0  2228
2 58871  43.0021   3.7109 0001377 263.4222  62.7373 15.27567718    18
STARLINK-31215
1 58872C 24019V   25222.08451389  .00014452  00000+0  52360-3 0  2220
2 58872  43.0035   3.7527 0001296 275.7341  43.9031 15.27554986    11
STARLINK-31177
1 58873C 24019W   25222.08243056  .00014081  00000+0  51036-3 0  2228
2 58873  43.0009   3.6963 0000910 273.0375  63.5082 15.27543383    19
STARLINK-30945
1 58874C 24019X   25222.10187500  .00023010  00000+0  83408-3 0  2223
2 58874  43.0007   4.0242 0001374 269.1141 350.5351 15.27529154    13
STARLINK-31212
1 58875C 24019Y   25222.08312500  .00005634  00000+0  20405-3 0  2221
2 58875  43.0017   3.6046 0001413 263.3516 112.2789 15.27576781    14
STARLINK-31306
1 58876C 24020A   25222.08312500 -.00000603  00000+0 -20317-4 0  2220
2 58876  53.1574 225.0768 0001297  93.5653  10.8228 15.30189112    14
STARLINK-31326
1 58877C 24020B   25222.08381944  .00001919  00000+0  64685-4 0  2224
2 58877  53.1564 225.6767 0001457  89.4999  70.4469 15.30186464    10
STARLINK-31300
1 58878C 24020C   25222.07826389  .00003475  00000+0  11713-3 0  2223
2 58878  53.1574 225.1329 0001278  93.0963 327.0615 15.30181151    16
STARLINK-31209
1 58883C 24020H   25222.08173611 -.00007065  00000+0 -23816-3 0  2221
2 58883  53.1577 225.2651 0001262  90.4860 273.1775 15.30193854    15
STARLINK-31315
1 58884C 24020J   25222.08312500 -.00004429  00000+0 -14930-3 0  2222
2 58884  53.1573 199.9535 0001362  90.0898  78.0645 15.30190403    13
STARLINK-31318
1 58885C 24020K   25222.07687500 -.00001355  00000+0 -45671-4 0  2229
2 58885  53.1560 225.6670 0001286  88.9141  50.2247 15.30183662    18
STARLINK-31320
1 58886C 24020L   25222.08520833 -.00000285  00000+0 -96199-5 0  2229
2 58886  53.1575 225.2830 0001309  91.4307 273.9358 15.30190203    14
STARLINK-31321
1 58887C 24020M   25222.07965278 -.00000045  00000+0 -15299-5 0  2221
2 58887  53.1574 225.3432 0001229  90.9263 226.3548 15.30191292    11
STARLINK-31007
1 58889C 24020P   25222.08034722  .00012521  00000+0  42212-3 0  2228
2 58889  53.1571 225.3743 0001272  81.8269 221.8638 15.30170321    18
STARLINK-31230
1 58890C 24020Q   25222.07965278  .00003604  00000+0  12149-3 0  2226
2 58890  53.1574 223.1781 0001291  87.1720 262.1039 15.30179935    16
STARLINK-31245
1 58891C 24020R   25222.08520833 -.00005079  00000+0 -17127-3 0  2223
2 58891  53.1571 184.1556 0001264  83.3451   4.3273 15.30182605    13
STARLINK-31255
1 58893C 24020T   25222.08520833 -.00004505  00000+0 -15183-3 0  2228
2 58893  53.1569 225.3857 0001193  91.3227 221.6883 15.30195070    16
STARLINK-31243
1 58894C 24020U   25222.07965278 -.00001411  00000+0 -47554-4 0  2225
2 58894  53.1567 225.4457 0001173  94.2191 170.7193 15.30192001    11
STARLINK-31218
1 58895C 24020V   25222.08520833 -.00003989  00000+0 -13449-3 0  2228
2 58895  53.1566 225.4540 0001160  86.4606 191.6682 15.30188035    11
STARLINK-31221
1 58896C 24020W   25222.09145833  .00055900  00000+0  79493-3 0  2222
2 58896  53.1451 213.9535 0003506  21.6991 286.3121 15.55693172    15
STARLINK-31317
1 58931C 24027A   25222.07965278 -.00005089  00000+0 -17155-3 0  2222
2 58931  53.1576 212.4228 0001599  89.5391 190.2760 15.30188863    14
STARLINK-31378
1 58932C 24027B   25222.07965278  .00004222  00000+0  14230-3 0  2220
2 58932  53.1579 212.4565 0001330  83.1154 179.2473 15.30183623    19
STARLINK-31350
1 58933C 24027C   25222.08173611  .00003100  00000+0  10450-3 0  2228
2 58933  53.1569 212.3442 0001334  97.2740 228.9318 15.30180123    15
STARLINK-31337
1 58934C 24027D   25222.08173611  .00009400  00000+0  31675-3 0  2220
2 58934  53.1566 212.3105 0001461  86.6570 256.9048 15.30188120    19
STARLINK-31362
1 58935C 24027E   25222.07826389 -.00016684  00000+0 -56240-3 0  2226
2 58935  53.1565 212.8432 0001271  82.8474 339.9125 15.30202822    11
STARLINK-31383
1 58936C 24027F   25222.08451389  .00004851  00000+0  16357-3 0  2228
2 58936  53.1567 212.8022 0001417  95.4184   7.6313 15.30173868    14
STARLINK-31390
1 58937C 24027G   25222.08520833  .00005256  00000+0  17718-3 0  2222
2 58937  53.1570 212.7528 0001185  90.4463  39.6885 15.30179641    10
STARLINK-31377
1 58938C 24027H   25222.08104167 -.00006299  00000+0 -21238-3 0  2223
2 58938  53.1566 212.8064 0001289  83.7372   5.9806 15.30187089    15
STARLINK-31372
1 58939C 24027J   25222.08520833 -.00005957  00000+0 -20081-3 0  2221
2 58939  53.1573 212.7177 0001214  85.8671  61.7165 15.30190464    10
STARLINK-31371
1 58940C 24027K   25222.08243056  .00002326  00000+0  78385-4 0  2228
2 58940  53.1572 212.7190 0001174  90.0976  47.9791 15.30186261    18
STARLINK-31345
1 58941C 24027L   25222.07965278 -.00003145  00000+0 -10601-3 0  2223
2 58941  53.1578 212.6740 0001264  92.8339  59.0087 15.30191240    13
STARLINK-31354
1 58942C 24027M   25222.07826389  .00003989  00000+0  13447-3 0  2228
2 58942  53.1576 212.7146 0001153  86.9795  39.7758 15.30180616    15
STARLINK-31346
1 58943C 24027N   25222.08104167  .00001452  00000+0  48934-4 0  2226
2 58943  53.1582 210.3009 0001308  85.9499 198.6153 15.30184937    11
STARLINK-31336
1 58944C 24027P   25222.07826389 -.00005135  00000+0 -17307-3 0  2226
2 58944  53.1568 212.8058 0001202  92.2751 347.9335 15.30194510    11
STARLINK-31311
1 58948C 24027T   25222.08451389  .00002799  00000+0  94349-4 0  2228
2 58948  53.1597 210.2872 0001321  83.4730 214.4162 15.30184140    18
STARLINK-31330
1 58951C 24027W   25222.08243056 -.00009417  00000+0 -31748-3 0  2221
2 58951  53.1582 209.7395 0001336  89.4390 127.7826 15.30192689    13
STARLINK-31293
1 58952C 24027X   25222.07965278  .00000279  00000+0  94157-5 0  2228
2 58952  53.1581 212.4991 0001318  86.5433 152.5510 15.30188985    12
STARLINK-31373
1 58965C 24031A   25222.06715278 -.00017337  00000+0 -58435-3 0  2221
2 58965  53.1566 199.3658 0001455  84.9512  36.3828 15.30207374    19
STARLINK-31314
1 58967C 24031C   25222.07201389 -.00004242  00000+0 -14297-3 0  2226
2 58967  53.1571 199.3879 0001291  89.1419  35.7280 15.30192913    10
STARLINK-31356
1 58968C 24031D   25222.07965278  .00009988  00000+0  33679-3 0  2226
2 58968  53.1582 171.7534 0001300  84.8891 300.0758 15.30166072    17
STARLINK-31335
1 58969C 24031E   25222.08451389 -.00003294  00000+0 -11103-3 0  2225
2 58969  53.1574 196.8650 0001225  92.9312 272.4300 15.30194031    11
STARLINK-31368
1 58970C 24031F   25222.08243056  .00002181  00000+0  73509-4 0  2228
2 58970  53.1571 199.3348 0001324  88.2066  99.9077 15.30182632    13
STARLINK-31333
1 58971C 24031G   25222.08243056 -.00007008  00000+0 -23627-3 0  2229
2 58971  53.1599 187.0593 0001321  88.9298 200.4839 15.30188406    11
STARLINK-31351
1 58972C 24031H   25222.08173611 -.00002802  00000+0 -94445-4 0  2223
2 58972  53.1589 199.5240 0001328  96.5255 348.8809 15.30187350    14
STARLINK-31369
1 58975C 24031L   25222.08520833 -.00058169  00000+0 -19614-2 0  2228
2 58975  53.1589 199.6104 0001320  83.6454 328.6031 15.30235771    11
STARLINK-31324
1 58976C 24031M   25222.08520833 -.00003119  00000+0 -10511-3 0  2222
2 58976  53.1587 199.6445 0001309  93.4323 301.2994 15.30194172    13
STARLINK-31358
1 58977C 24031N   25222.08520833  .00000245  00000+0  82672-5 0  2227
2 58977  53.1567 199.2789 0001527  94.1241 120.9512 15.30178926    19
STARLINK-31355
1 58978C 24031P   25222.08243056 -.00007314  00000+0 -24652-3 0  2225
2 58978  53.1582 199.6921 0001294  91.5722 270.4051 15.30196574    13
STARLINK-31380
1 58979C 24031Q   25222.08381944 -.00010145  00000+0 -34205-3 0  2226
2 58979  53.1579 199.7196 0001229  94.9724 257.2252 15.30190330    12
STARLINK-31353
1 58980C 24031R   25222.08451389 -.00006731  00000+0 -22689-3 0  2228
2 58980  53.1581 199.6961 0001283  89.5179 278.1238 15.30194801    13
STARLINK-31339
1 58981C 24031S   25222.08451389  .00014671  00000+0  49466-3 0  2221
2 58981  53.1576 199.7510 0001235  85.5139 252.9940 15.30164728    13
STARLINK-31384
1 58983C 24031U   25222.08104167 -.00007536  00000+0 -25404-3 0  2222
2 58983  53.1570 199.8352 0001242  89.6385 194.8906 15.30195219    15
STARLINK-31379
1 58984C 24031V   25222.08173611 -.00009488  00000+0 -31990-3 0  2228
2 58984  53.1567 199.8775 0001287  89.8351 175.2698 15.30190704    10
STARLINK-31385
1 58985C 24031W   25222.08173611 -.00016428  00000+0 -55384-3 0  2224
2 58985  53.1584 197.4398 0001284  91.3167 310.4953 15.30199908    17
STARLINK-31468
1 58998C 24036A   25222.08034722  .00007738  00000+0  26093-3 0  2229
2 58998  53.1600 340.7629 0001453  77.8864 110.9965 15.30166268    10
STARLINK-31440
1 58999C 24036B   25222.08034722 -.00004951  00000+0 -16689-3 0  2226
2 58999  53.1601 340.7771 0001298  86.0050  91.2313 15.30193329    12
STARLINK-31529
1 59000C 24036C   25222.08243056  .00000784  00000+0  26456-4 0  2224
2 59000  53.1606 338.8350 0001129  95.4104 357.4019 15.30160078    14
STARLINK-31431
1 59002C 24036E   25222.07965278 -.00019600  00000+0 -66115-3 0  2226
2 59002  53.1590 341.2641 0001328  97.2186 191.9269 15.30184237    11
STARLINK-31435
1 59004C 24036G   25222.08381944  .00045276  00000+0  15274-2 0  2226
2 59004  53.1602 340.7711 0001731  76.2872 114.2605 15.30114215    17
STARLINK-31484
1 59005C 24036H   25222.08312500  .00006707  00000+0  22627-3 0  2226
2 59005  53.1603 340.8084 0001412 108.8674  60.4702 15.30153339    11
STARLINK-31456
1 59007C 24036K   25222.07965278  .00011620  00000+0  39188-3 0  2223
2 59007  53.1603 340.8592 0001146  92.8167  39.9232 15.30159471    12
STARLINK-31460
1 59008C 24036L   25222.08312500  .00008980  00000+0  30290-3 0  2229
2 59008  53.1595 341.1669 0001224  77.2862 271.7214 15.30156184    12
STARLINK-31488
1 59009C 24036M   25222.07895833  .00010847  00000+0  36581-3 0  2228
2 59009  53.1604 340.8153 0001313  90.2212  61.9278 15.30162218    15
STARLINK-31528
1 59010C 24036N   25222.08034722  .00004970  00000+0  16754-3 0  2223
2 59010  53.1597 341.4036 0001138  86.1317 131.2100 15.30181231    11
STARLINK-31491
1 59011C 24036P   25222.07895833  .00016459  00000+0  55490-3 0  2226
2 59011  53.1597 341.4220 0000935  92.1739 111.7023 15.30165487    18
STARLINK-31465
1 59012C 24036Q   25222.08243056 -.00009597  00000+0 -32365-3 0  2225
2 59012  53.1594 341.3483 0001222  95.7929 156.3138 15.30180458    13
STARLINK-31389
1 59013C 24036R   25222.08381944 -.00008417  00000+0 -28388-3 0  2225
2 59013  53.1596 341.3753 0001313  88.1389 154.1826 15.30176111    14
STARLINK-31526
1 59016C 24036U   25222.07895833 -.00027938  00000+0 -94308-3 0  2228
2 59016  53.1585 315.7034 0001065 109.3004 147.3459 15.30168816    15
STARLINK-31406
1 59017C 24036V   25222.08381944  .00000034  00000+0  85377-6 0  2228
2 59017  53.1600 331.3880 0001376  81.9916 188.3655 15.39567488    19
STARLINK-31527
1 59018C 24036W   25222.08451389 -.00008962  00000+0 -30225-3 0  2229
2 59018  53.1593 341.1937 0001303  96.2235 242.9758 15.30180343    19
STARLINK-31436
1 59019C 24036X   25222.07826389  .00011163  00000+0  37661-3 0  2221
2 59019  53.1598 341.4335 0001145  74.7071 119.5736 15.30149012    16
STARLINK-30996
1 59023C 24038A   25222.08243056  .00007341  00000+0  27985-3 0  2224
2 59023  43.0006 141.9948 0001380 256.9259 203.1479 15.25883461    10
STARLINK-31006
1 59024C 24038B   25222.07895833  .00020884  00000+0  75689-3 0  2221
2 59024  43.0000  91.6708 0001422 258.6299 245.0609 15.27536451    16
STARLINK-31178
1 59025C 24038C   25222.08381944 -.00034825  00000+0 -13287-2 0  2223
2 59025  43.0003 141.9578 0001464 285.4238 194.8161 15.25899931    18
STARLINK-31227
1 59026C 24038D   25222.08451389 -.00014093  00000+0 -53732-3 0  2220
2 59026  43.0013 141.9286 0001472 258.1439 238.2702 15.25901253    10
STARLINK-30863
1 59027C 24038E   25222.10187500 -.00016721  00000+0 -63809-3 0  2221
2 59027  43.0017 141.5513 0001418 283.7966  60.1714 15.25874821    18
STARLINK-31206
1 59028C 24038F   25222.08451389  .00035678  00000+0  12928-2 0  2223
2 59028  42.9992  77.0498 0001342 252.7150 109.2610 15.27529699    13
STARLINK-31224
1 59029C 24038G   25222.08381944  .00003233  00000+0  11719-3 0  2223
2 59029  43.0003 141.8643 0001594 266.2022 257.4325 15.27550219    19
STARLINK-31186
1 59030C 24038H   25222.07895833 -.00003453  00000+0 -13166-3 0  2225
2 59030  43.0000 141.8776 0001435 272.3697 230.8045 15.25890830    13
STARLINK-31211
1 59031C 24038J   25222.08104167  .00011279  00000+0  40859-3 0  2222
2 59031  42.9998 141.8125 0001929 276.6114 260.0121 15.27560106    17
STARLINK-30862
1 59032C 24038K   25222.09701389  .00012145  00000+0  44031-3 0  2222
2 59032  43.0003 131.1351 0001674 264.8155  98.0005 15.27533675    12
STARLINK-31210
1 59033C 24038L   25222.08520833 -.00040144  00000+0 -14560-2 0  2220
2 59033  43.0008 138.6763 0001573 283.0589 132.4862 15.27572267    13
STARLINK-31231
1 59034C 24038M   25222.08312500 -.00010655  00000+0 -38618-3 0  2226
2 59034  43.0003 138.6358 0001851 273.0522 152.1802 15.27565329    18
STARLINK-31207
1 59035C 24038N   25222.08520833 -.00009148  00000+0 -33161-3 0  2220
2 59035  42.9996 138.5703 0001498 277.7640 180.1513 15.27561557    19
STARLINK-31217
1 59036C 24038P   25222.08381944  .00026254  00000+0  95169-3 0  2220
2 59036  43.0000  44.2570 0001595 253.2149 266.1184 15.27526104    12
STARLINK-31208
1 59037C 24038Q   25222.07965278 -.00008603  00000+0 -32804-3 0  2225
2 59037  43.0007 140.8292 0001420 269.4964 300.4854 15.25894023    17
STARLINK-31235
1 59038C 24038R   25222.08104167 -.00002185  00000+0 -79231-4 0  2224
2 59038  42.9998 138.5582 0001778 268.9014 180.2350 15.27548942    10
STARLINK-31220
1 59039C 24038S   25222.08034722 -.00032252  00000+0 -12304-2 0  2228
2 59039  43.0024 141.6495 0001324 257.2445 340.7448 15.25901125    12
STARLINK-31225
1 59040C 24038T   25222.08173611 -.00035383  00000+0 -12836-2 0  2229
2 59040  42.9999 138.3314 0001508 288.2414 242.6594 15.27561626    12
STARLINK-31240
1 59041C 24038U   25222.08451389  .00015202  00000+0  55065-3 0  2229
2 59041  43.0028 138.8675 0001418 269.3852  64.3755 15.27560645    17
STARLINK-31202
1 59042C 24038V   25222.08381944 -.00016692  00000+0 -60539-3 0  2227
2 59042  43.0027 138.0637 0001533 281.6932  27.9595 15.27550289    11
STARLINK-31234
1 59043C 24038W   25222.08104167  .00008087  00000+0  29314-3 0  2221
2 59043  43.0022 138.8024 0001282 254.6867  95.3931 15.27543746    16
STARLINK-31153
1 59044C 24038X   25222.08104167 -.00015735  00000+0 -57068-3 0  2229
2 59044  43.0000 138.5064 0001669 253.6503 216.7819 15.27550182    15
STARLINK-31241
1 59045C 24038Y   25222.08451389  .00022467  00000+0  81472-3 0  2225
2 59045  43.0026 138.8324 0001567 255.9284  92.0649 15.27516921    13
STARLINK-31205
1 59046C 24038Z   25222.08520833 -.00020126  00000+0 -72987-3 0  2220
2 59046  43.0015 138.7262 0001708 250.8009 143.5080 15.27557139    15
STARLINK-31265
1 59074C 24041A   25222.08520833  .00023691  00000+0  85899-3 0  2229
2 59074  42.9991  65.7410 0001576 252.7612 310.6991 15.27520791    17
STARLINK-31276
1 59075C 24041B   25222.07965278  .00026907  00000+0  97507-3 0  2227
2 59075  43.0031  65.3559 0001525 276.1915  73.4782 15.27534208    15
STARLINK-31259
1 59076C 24041C   25222.08243056  .00063478  00000+0  23028-2 0  2222
2 59076  43.0033  65.3908 0001735 277.6739  66.0682 15.27462514    16
STARLINK-31281
1 59077C 24041D   25222.08034722  .00031799  00000+0  11524-2 0  2220
2 59077  43.0035  65.4527 0001455 279.6256  31.4090 15.27528851    18
STARLINK-31274
1 59078C 24041E   25222.08381944  .00031485  00000+0  11413-2 0  2221
2 59078  42.9985  65.8160 0001572 251.5338 275.9722 15.27521509    18
STARLINK-31257
1 59079C 24041F   25222.08243056  .00027270  00000+0  98864-3 0  2226
2 59079  43.0014  65.6045 0001767 256.6662 355.1701 15.27520360    18
STARLINK-31299
1 59080C 24041G   25222.07895833 -.00017844  00000+0 -64652-3 0  2229
2 59080  43.0016 327.9336 0001301 256.2786 325.0499 15.27584490    10
STARLINK-31292
1 59081C 24041H   25222.08451389  .00029638  00000+0  10739-2 0  2223
2 59081  43.0036  65.4780 0001658 260.9533  51.8031 15.27537801    17
STARLINK-31286
1 59082C 24041J   25222.08520833  .00029191  00000+0  10580-2 0  2223
2 59082  43.0037  65.5235 0001754 258.0628  37.3366 15.27527343    15
STARLINK-31252
1 59083C 24041K   25222.07826389 -.00004738  00000+0 -17166-3 0  2228
2 59083  43.0015 342.5883 0001445 256.8133  34.0781 15.27574935    17
STARLINK-31261
1 59084C 24041L   25222.08034722  .00031501  00000+0  11417-2 0  2220
2 59084  42.9979  65.9207 0001538 251.1493 221.8461 15.27526169    18
STARLINK-31290
1 59085C 24041M   25222.07826389  .00027505  00000+0  99709-3 0  2228
2 59085  42.9992  51.5570 0001357 286.8711  37.4447 15.27522846    18
STARLINK-31279
1 59086C 24041N   25222.07826389  .00031544  00000+0  11427-2 0  2227
2 59086  42.9992  66.1210 0001691 254.5328 129.1088 15.27541879    16
STARLINK-31266
1 59087C 24041P   25222.08034722  .00034571  00000+0  12537-2 0  2227
2 59087  43.0027  65.5980 0001352 267.2281 340.2364 15.27502922    17
STARLINK-31313
1 59088C 24041Q   25222.07895833  .00027994  00000+0  10144-2 0  2228
2 59088  43.0021  65.6392 0001625 256.2696 329.3038 15.27536013    15
STARLINK-31307
1 59089C 24041R   25222.08381944  .00029202  00000+0  10580-2 0  2221
2 59089  43.0034  65.5654 0001651 258.5521  15.0000 15.27540666    18
STARLINK-31316
1 59090C 24041S   25222.08173611  .00025514  00000+0  92467-3 0  2220
2 59090  43.0038  18.9327 0001798 269.3671 333.8580 15.27532364    11
STARLINK-31310
1 59092C 24041U   25222.08104167  .00031520  00000+0  11414-2 0  2228
2 59092  43.0028  66.1831 0001382 263.6922  99.9265 15.27554260    11
STARLINK-31343
1 59093C 24041V   25222.08451389  .00031284  00000+0  11341-2 0  2226
2 59093  42.9995  65.9970 0001557 249.7906 203.7207 15.27517977    10
STARLINK-31295
1 59095C 24041X   25222.08243056  .00025652  00000+0  92991-3 0  2221
2 59095  43.0002  65.7171 0001500 252.4979 309.8046 15.27524630    16
STARLINK-31291
1 59096C 24041Y   25222.08243056  .00031390  00000+0  11375-2 0  2224
2 59096  43.0002  65.6821 0001484 277.7233 298.6661 15.27531476    16
STARLINK-31312
1 59152C 24044A   25222.07895833 -.00001910  00000+0 -69235-4 0  2222
2 59152  43.0023 171.3897 0001278 259.5951 242.7860 15.27555636    11
STARLINK-31308
1 59153C 24044B   25222.08034722 -.00050446  00000+0 -18289-2 0  2225
2 59153  43.0007 175.2490 0001478 276.6455 101.5672 15.27596622    10
STARLINK-31270
1 59154C 24044C   25222.08034722 -.00045695  00000+0 -16552-2 0  2227
2 59154  42.9994 222.1661 0001188 266.3952  24.5238 15.27620875    12
STARLINK-31341
1 59155C 24044D   25222.07965278 -.00029719  00000+0 -11328-2 0  2221
2 59155  43.0014 224.4571 0001453 273.5949 142.0470 15.25926293    19
STARLINK-31338
1 59156C 24044E   25222.08451389 -.00028675  00000+0 -10930-2 0  2224
2 59156  43.0013 224.3978 0001397 274.3327 180.4842 15.25924266    12
STARLINK-31334
1 59157C 24044F   25222.07826389 -.00029206  00000+0 -11131-2 0  2225
2 59157  43.0010 224.4008 0001350 270.0801 162.7855 15.25928330    17
STARLINK-31297
1 59158C 24044G   25222.08034722 -.00021899  00000+0 -79342-3 0  2228
2 59158  42.9993 222.2159 0001364 262.9849   6.7355 15.27589912    19
STARLINK-31182
1 59159C 24044H   25222.08034722 -.00015657  00000+0 -56724-3 0  2223
2 59159  43.0016 221.7363 0001462 266.9089 207.9641 15.27585986    18
STARLINK-31327
1 59160C 24044J   25222.08520833 -.00051517  00000+0 -18655-2 0  2223
2 59160  42.9989 222.2219 0001415 271.1105  11.1457 15.27637288    11
STARLINK-31256
1 59161C 24044K   25222.08451389 -.00019153  00000+0 -69389-3 0  2224
2 59161  43.0012 221.7617 0001714 267.2287 209.3635 15.27589526    16
STARLINK-31272
1 59162C 24044L   25222.08243056 -.00022678  00000+0 -82165-3 0  2228
2 59162  43.0007 221.8226 0001822 270.5105 173.3698 15.27590245    13
STARLINK-31278
1 59163C 24044M   25222.08520833 -.00014773  00000+0 -53515-3 0  2224
2 59163  43.0000 221.8567 0001505 266.7312 171.2194 15.27588298    13
STARLINK-31309
1 59164C 24044N   25222.08034722 -.00026459  00000+0 -95868-3 0  2223
2 59164  42.9994 221.9320 0001401 265.9103 124.0659 15.27593063    14
STARLINK-31325
1 59165C 24044P   25222.07965278 -.00031154  00000+0 -11287-2 0  2222
2 59165  42.9990 221.9696 0001420 264.6554 107.3586 15.27601844    14
STARLINK-31342
1 59166C 24044Q   25222.08520833 -.00047680  00000+0 -17276-2 0  2223
2 59166  42.9990 221.9878 0001462 270.1082 111.2731 15.27613037    14
STARLINK-31298
1 59167C 24044R   25222.08034722  .00040263  00000+0  14599-2 0  2224
2 59167  42.9991 222.0650 0001639 276.1862  57.1811 15.27502197    15
STARLINK-31322
1 59168C 24044S   25222.07965278 -.00024231  00000+0 -87788-3 0  2223
2 59168  43.0000 222.4025 0001347 270.8347 277.2411 15.27593635    12
STARLINK-31329
1 59169C 24044T   25222.08381944 -.00018845  00000+0 -68280-3 0  2227
2 59169  42.9991 222.2775 0001340 263.8301 349.6344 15.27586388    11
STARLINK-31340
1 59170C 24044U   25222.07965278 -.00041165  00000+0 -14918-2 0  2225
2 59170  43.0003 182.5335 0001457 259.8885 331.2200 15.27601969    11
STARLINK-31344
1 59171C 24044V   25222.08173611 -.00021261  00000+0 -77022-3 0  2220
2 59171  42.9995 222.3401 0001005 254.3479 326.4012 15.27593169    14
STARLINK-31348
1 59172C 24044W   25222.07895833 -.00027917  00000+0 -10120-2 0  2226
2 59172  43.0006 175.2712 0001578 276.9126  86.5907 15.27579922    13
STARLINK-31289
1 59173C 24044X   25222.08312500 -.00059457  00000+0 -21534-2 0  2228
2 59173  42.9993 222.0968 0001247 260.9802  66.4372 15.27638912    16
STARLINK-31283
1 59174C 24044Y   25222.08104167  .00024434  00000+0  88431-3 0  2222
2 59174  43.0014 175.1619 0001466 265.7026 151.5014 15.27580313    18
STARLINK-31439
1 59178C 24045A   25222.08312500  .00003269  00000+0  11846-3 0  2228
2 59178  43.0003 204.2845 0001293 271.1180 212.9255 15.27560834    10
STARLINK-31410
1 59179C 24045B   25222.08381944 -.00022823  00000+0 -82704-3 0  2227
2 59179  42.9997 207.6300 0001968 271.1867 261.7975 15.27584245    18
STARLINK-31395
1 59180C 24045C   25222.07965278 -.00025378  00000+0 -91971-3 0  2220
2 59180  43.0018 208.0318 0001342 272.6214  81.7813 15.27585050    14
STARLINK-31486
1 59181C 24045D   25222.08381944 -.00018118  00000+0 -65657-3 0  2220
2 59181  43.0012 204.3338 0001279 273.5926 193.0657 15.27579775    19
STARLINK-31411
1 59182C 24045E   25222.08312500  .00080353  00000+0  29125-2 0  2220
2 59182  43.0010 207.2995 0000796 248.0870  62.5273 15.27475641    18
STARLINK-31382
1 59184C 24045G   25222.07826389 -.00025269  00000+0 -91571-3 0  2228
2 59184  43.0013 207.2569 0001386 275.6830  36.5238 15.27587316    13
STARLINK-31394
1 59185C 24045H   25222.07965278 -.00032634  00000+0 -11825-2 0  2227
2 59185  42.9999 197.1001 0000920 271.7721 315.1639 15.27596977    16
STARLINK-31403
1 59186C 24045J   25222.07826389 -.00025687  00000+0 -93077-3 0  2227
2 59186  43.0022 186.1801 0001274 270.0330  82.9567 15.27590494    10
STARLINK-31514
1 59187C 24045K   25222.07965278 -.00010362  00000+0 -37549-3 0  2225
2 59187  42.9996 207.6866 0001227 274.9595 220.9433 15.27572217    12
STARLINK-31478
1 59188C 24045L   25222.07895833  .00012737  00000+0  46188-3 0  2220
2 59188  42.9997 207.5485 0001787 265.4716 283.3224 15.27527143    10
STARLINK-31498
1 59189C 24045M   25222.07826389 -.00023467  00000+0 -85027-3 0  2220
2 59189  43.0004 207.8943 0001073 268.7497 134.6040 15.27590596    10
STARLINK-31563
1 59190C 24045N   25222.08312500 -.00032203  00000+0 -11670-2 0  2228
2 59190  42.9999 207.3804 0001454 271.0290   4.2823 15.27592256    11
STARLINK-31551
1 59191C 24045P   25222.08520833  .00059023  00000+0  21375-2 0  2229
2 59191  43.0008 203.7939 0001453 256.1275  91.4598 15.27525120    13
STARLINK-31536
1 59192C 24045Q   25222.07826389 -.00065368  00000+0 -23691-2 0  2228
2 59192  42.9995 207.5981 0001332 273.9573 249.7244 15.27622636    16
STARLINK-31548
1 59193C 24045R   25222.08381944 -.00021908  00000+0 -79396-3 0  2229
2 59193  43.0014 207.9533 0001374 273.0848 125.5080 15.27581795    19
STARLINK-31542
1 59194C 24045S   25222.08451389 -.00013937  00000+0 -50504-3 0  2224
2 59194  43.0016 207.1895 0001355 263.0165  97.7477 15.27576262    18
STARLINK-31554
1 59195C 24045T   25222.08034722 -.00029936  00000+0 -10847-2 0  2224
2 59195  42.9992 207.7820 0001226 261.3548 195.9272 15.27596683    10
STARLINK-31558
1 59196C 24045U   25222.08173611  .00022359  00000+0  81043-3 0  2223
2 59196  43.0014 207.2554 0001611 258.7053  65.4654 15.27532324    13
STARLINK-31275
1 59197C 24045V   25222.08590278 -.00007202  00000+0 -26099-3 0  2228
2 59197  42.9997 207.8022 0001297 275.0117 191.6294 15.27569834    19
STARLINK-31590
1 59198C 24045W   25222.07826389 -.00029559  00000+0 -10710-2 0  2224
2 59198  43.0012 207.9466 0001327 269.9714 112.1649 15.27596926    16
STARLINK-31567
1 59199C 24045X   25222.08104167 -.00017419  00000+0 -63118-3 0  2222
2 59199  42.9997 207.4402 0001330 268.8394 333.7721 15.27582322    15
STARLINK-31503
1 59200C 24045Y   25222.08312500 -.00030515  00000+0 -11058-2 0  2224
2 59200  42.9996 207.4787 0001395 275.8464 317.0113 15.27593834    10
STARLINK-31603
1 59201C 24046A   25222.07826389  .00005806  00000+0  19569-3 0  2229
2 59201  53.1583  58.5408 0001164  88.9914  28.5351 15.30183072    10
STARLINK-31577
1 59203C 24046C   25222.08381944  .00013326  00000+0  44922-3 0  2222
2 59203  53.1596  57.8588 0001338  89.3660  30.3368 15.30172255    13
STARLINK-31522
1 59204C 24046D   25222.08173611  .00015411  00000+0  51948-3 0  2226
2 59204  53.1580  58.5002 0001202  79.4026  68.9047 15.30171424    10
STARLINK-31586
1 59205C 24046E   25222.08243056  .00023446  00000+0  79032-3 0  2229
2 59205  53.1579  58.2188 0001182  79.6521 212.0826 15.30163754    14
STARLINK-31247
1 59206C 24046F   25222.08520833  .00027727  00000+0  93475-3 0  2224
2 59206  53.1568  58.3520 0001160  78.9989 152.4459 15.30154940    16
STARLINK-31591
1 59207C 24046G   25222.08381944  .00004835  00000+0  15881-3 0  2223
2 59207  53.1584  58.1720 0000962  82.2227 237.2906 15.31016839    11
STARLINK-31601
1 59209C 24046J   25222.08312500  .00019361  00000+0  65320-3 0  2220
2 59209  53.1598  57.9283 0001212  88.7765 352.2907 15.30139715    13
STARLINK-31520
1 59210C 24046K   25222.07895833  .00011178  00000+0  37683-3 0  2225
2 59210  53.1571  58.3478 0001140  89.5875 124.8534 15.30172578    11
STARLINK-31492
1 59212C 24046M   25222.08173611  .00010456  00000+0  35244-3 0  2220
2 59212  53.1589  58.5373 0001626  79.0445  46.0069 15.30177428    11
STARLINK-31517
1 59213C 24046N   25222.08381944  .00030959  00000+0  10436-2 0  2226
2 59213  53.1591  58.1708 0001170  78.1179 256.1484 15.30155537    13
STARLINK-31604
1 59214C 24046P   25222.08173611  .00015111  00000+0  50940-3 0  2225
2 59214  53.1583  58.1851 0001286  93.0519 212.3129 15.30170971    15
STARLINK-31434
1 59215C 24046Q   25222.08243056  .00031627  00000+0  10669-2 0  2220
2 59215  53.1596  57.8970 0001201  94.4371   0.1512 15.30130348    19
STARLINK-31417
1 59216C 24046R   25222.08451389  .00015573  00000+0  52496-3 0  2228
2 59216  53.1586  58.5190 0001230  92.8462  53.3302 15.30170406    12
STARLINK-31421
1 59218C 24046T   25222.07965278  .00006811  00000+0  22957-3 0  2220
2 59218  53.1599  57.9917 0001369  90.4650 319.7024 15.30182192    19
STARLINK-31523
1 59220C 24046V   25222.08173611  .00030071  00000+0  10136-2 0  2226
2 59220  53.1575  58.2525 0001139  79.7678 190.6918 15.30158454    12
STARLINK-31516
1 59221C 24046W   25222.08104167  .00007737  00000+0  26084-3 0  2220
2 59221  53.1598  57.9817 0001232  96.3362 309.8944 15.30176792    15
STARLINK-31490
1 59222C 24046X   25222.08381944  .00010853  00000+0  36586-3 0  2222
2 59222  53.1582  58.4920 0001296  92.7239  61.2576 15.30175342    13
STARLINK-31420
1 59223C 24046Y   25222.07895833  .00009923  00000+0  33449-3 0  2220
2 59223  53.1577  58.4807 0001362  91.3991  53.2433 15.30175360    19
STARLINK-31304
1 59231C 24049A   25222.07965278 -.00025161  00000+0 -91166-3 0  2227
2 59231  43.0014 247.8780 0001340 274.6835 213.2166 15.27591115    12
STARLINK-31305
1 59232C 24049B   25222.08520833 -.00016427  00000+0 -59510-3 0  2225
2 59232  42.9979 258.3462 0001281 265.1179 190.6363 15.27588207    10
STARLINK-31459
1 59233C 24049C   25222.08312500 -.00016215  00000+0 -58739-3 0  2223
2 59233  43.0015 258.5794 0001364 267.1327  92.2334 15.27589591    15
STARLINK-31438
1 59234C 24049D   25222.08173611 -.00027327  00000+0 -98958-3 0  2225
2 59234  42.9978 247.5771 0001489 258.0390 354.4533 15.27612134    16
STARLINK-31467
1 59235C 24049E   25222.07895833 -.00013225  00000+0 -47912-3 0  2228
2 59235  43.0007 258.5684 0001241 264.9903  85.5903 15.27584950    16
STARLINK-31444
1 59236C 24049F   25222.08034722  .00009740  00000+0  35287-3 0  2229
2 59236  43.0020 189.0978 0001583 267.5704  29.4616 15.27559737    16
STARLINK-31505
1 59237C 24049G   25222.08312500 -.00033609  00000+0 -12177-2 0  2228
2 59237  43.0017 258.6417 0001436 270.6142  67.5138 15.27602870    11
STARLINK-31494
1 59238C 24049H   25222.08381944 -.00013763  00000+0 -49858-3 0  2223
2 59238  42.9987 258.3371 0001507 271.1598 191.0768 15.27585389    19
STARLINK-31303
1 59239C 24049J   25222.08173611 -.00032627  00000+0 -11819-2 0  2229
2 59239  43.0011 247.7366 0001386 262.4625 258.1976 15.27605779    17
STARLINK-31408
1 59240C 24049K   25222.08381944 -.00017059  00000+0 -61797-3 0  2224
2 59240  43.0004 258.8675 0001403 267.8479 335.0735 15.27590626    15
STARLINK-31427
1 59241C 24049L   25222.08104167 -.00006076  00000+0 -22013-3 0  2220
2 59241  42.9997 258.9018 0001433 269.1219 297.2989 15.27573850    17
STARLINK-31423
1 59242C 24049M   25222.08451389 -.00013808  00000+0 -50018-3 0  2229
2 59242  43.0007 258.8255 0001567 268.8660 352.0302 15.27587148    12
STARLINK-31433
1 59243C 24049N   25222.08451389 -.00017021  00000+0 -61660-3 0  2226
2 59243  42.9997 258.4840 0001382 265.4177 136.9673 15.27590849    18
STARLINK-31285
1 59244C 24049P   25222.07965278 -.00014094  00000+0 -51059-3 0  2221
2 59244  42.9987 258.3085 0001483 271.5523 188.9706 15.27585190    10
STARLINK-31268
1 59245C 24049Q   25222.07826389 -.00022310  00000+0 -80820-3 0  2229
2 59245  42.9986 254.7126 0001388 265.1717 213.4171 15.27594575    11
STARLINK-31284
1 59246C 24049R   25222.08312500 -.00017624  00000+0 -63845-3 0  2226
2 59246  42.9989 258.4402 0001517 269.2920 146.6756 15.27589245    12
STARLINK-31424
1 59247C 24049S   25222.08104167 -.00012668  00000+0 -45885-3 0  2222
2 59247  43.0019 255.1168 0001506 270.0496  82.2382 15.27589668    17
STARLINK-31405
1 59248C 24049T   25222.08381944 -.00012329  00000+0 -44668-3 0  2225
2 59248  43.0017 258.7276 0001527 272.0557  27.4617 15.27580276    16
STARLINK-31426
1 59249C 24049U   25222.08243056  .00022163  00000+0  80331-3 0  2229
2 59249  43.0015 258.7799 0001414 266.5946   4.0629 15.27533983    17
STARLINK-31407
1 59250C 24049V   25222.08104167 -.00017032  00000+0 -61711-3 0  2222
2 59250  42.9982 247.3576 0001276 268.2624  72.4535 15.27584550    16
STARLINK-31393
1 59252C 24049X   25222.08520833 -.00008587  00000+0 -31109-3 0  2229
2 59252  42.9981 244.0012 0001418 266.9328  37.4672 15.27578972    14
STARLINK-31425
1 59253C 24049Y   25222.08104167 -.00020841  00000+0 -75501-3 0  2229
2 59253  42.9987 258.4009 0001414 266.0127 159.7149 15.27593196    12
STARLINK-31659
1 59254C 24050A   25222.08312500 -.00052461  00000+0 -17674-2 0  2223
2 59254  53.1571  81.7170 0000781  80.3785 194.4633 15.30257223    11
STARLINK-31629
1 59255C 24050B   25222.08034722  .00025939  00000+0  87450-3 0  2229
2 59255  53.1569  83.9429 0001193  76.5342 139.4467 15.30156332    17
STARLINK-31652
1 59256C 24050C   25222.08451389  .00019457  00000+0  65595-3 0  2226
2 59256  53.1578  83.7875 0001077  91.9494 216.7905 15.30163975    18
STARLINK-31655
1 59257C 24050D   25222.07756944  .00013122  00000+0  44224-3 0  2220
2 59257  53.1595  45.7062 0001364  82.5289 185.2225 15.30180553    17
STARLINK-31506
1 59259C 24050F   25222.08104167  .00032880  00000+0  11092-2 0  2225
2 59259  53.1571  83.9055 0001160  73.5986 163.6571 15.30130163    13
STARLINK-31288
1 59260C 24050G   25222.09076389  .00058965  00000+0  90596-3 0  2221
2 59260  53.1439  73.0167 0001564 110.0564 211.8694 15.53586119    12
STARLINK-31598
1 59263C 24050K   25222.07895833 -.00008390  00000+0 -28279-3 0  2223
2 59263  53.1598  84.2847 0001247  90.7516 297.2602 15.30197342    17
STARLINK-31645
1 59264C 24050L   25222.08034722  .00020401  00000+0  68772-3 0  2224
2 59264  53.1566  84.0200 0001127  75.3110  99.9417 15.30165489    18
STARLINK-31648
1 59266C 24050N   25222.07826389  .00025659  00000+0  86502-3 0  2224
2 59266  53.1576  83.8489 0001189  79.3241 177.5165 15.30158241    15
STARLINK-31579
1 59267C 24050P   25222.08243056  .00037176  00000+0  12542-2 0  2229
2 59267  53.1568  83.9758 0001149  91.9959 112.2903 15.30122170    17
STARLINK-31627
1 59268C 24050Q   25222.08104167  .00007118  00000+0  23993-3 0  2225
2 59268  53.1589  84.2215 0001471  89.7709 344.6106 15.30180735    16
STARLINK-31616
1 59270C 24050S   25222.08312500  .00022876  00000+0  77117-3 0  2225
2 59270  53.1573  84.1082 0001184  96.1960  42.0279 15.30162097    16
STARLINK-31630
1 59271C 24050T   25222.08173611  .00008640  00000+0  29138-3 0  2227
2 59271  53.1584  71.4062 0001123  91.1613 356.0012 15.30163218    18
STARLINK-31595
1 59273C 24050V   25222.07895833  .00023143  00000+0  78016-3 0  2229
2 59273  53.1574  83.8928 0001319  89.5258 153.6763 15.30162076    15
STARLINK-31463
1 59296C 24056A   25222.08034722  .00021434  00000+0  77676-3 0  2225
2 59296  43.0035 341.8189 0001297 264.7031 221.8532 15.27539372    12
STARLINK-31487
1 59297C 24056B   25222.08381944  .00016849  00000+0  61081-3 0  2224
2 59297  43.0029 345.9612 0001576 287.6625 283.6227 15.27532029    14
STARLINK-31386
1 59298C 24056C   25222.08451389  .00016070  00000+0  58264-3 0  2221
2 59298  43.0010 345.7200 0001403 248.0725  66.0894 15.27529899    11
STARLINK-31409
1 59299C 24056D   25222.08034722  .00020088  00000+0  72812-3 0  2229
2 59299  43.0015 338.8736 0001641 259.8522  11.8396 15.27534103    12
STARLINK-31489
1 59300C 24056E   25222.08173611  .00016038  00000+0  58101-3 0  2228
2 59300  43.0044 345.5318 0001512 269.7504 113.9040 15.27555407    15
STARLINK-31502
1 59301C 24056F   25222.08451389 -.00003414  00000+0 -12369-3 0  2222
2 59301  43.0001 338.4984 0001871 255.8508 180.2950 15.27569319    11
STARLINK-31447
1 59302C 24056G   25222.08104167 -.00060895  00000+0 -22077-2 0  2224
2 59302  43.0013 345.7756 0001411 265.8880  15.0426 15.27608061    18
STARLINK-31504
1 59303C 24056H   25222.08243056 -.00012089  00000+0 -43786-3 0  2229
2 59303  43.0008 345.8631 0001128 269.3195 336.7404 15.27589735    14
STARLINK-31474
1 59304C 24056J   25222.07826389  .00002837  00000+0  10276-3 0  2221
2 59304  43.0023 338.9468 0001422 275.5258 316.3349 15.27575855    19
STARLINK-31500
1 59305C 24056K   25222.07965278  .00007931  00000+0  28745-3 0  2223
2 59305  43.0010 345.8312 0001316 287.8727 324.1355 15.27549042    13
STARLINK-31480
1 59306C 24056L   25222.08451389  .00016246  00000+0  58870-3 0  2229
2 59306  43.0031 345.6128 0001388 260.1112  96.4631 15.27546211    12
STARLINK-31282
1 59307C 24056M   25222.07895833  .00020514  00000+0  74373-3 0  2224
2 59307  43.0020 345.9348 0000979 283.2967 282.4530 15.27526660    18
STARLINK-31485
1 59308C 24056N   25222.08312500 -.00007039  00000+0 -25496-3 0  2222
2 59308  43.0029 346.0103 0001599 259.0586 287.1553 15.27584429    10
STARLINK-31455
1 59309C 24056P   25222.08451389  .00020084  00000+0  72790-3 0  2224
2 59309  43.0032 342.5561 0001659 261.2560 289.9239 15.27538295    19
STARLINK-31475
1 59310C 24056Q   25222.08104167  .00006967  00000+0  25241-3 0  2228
2 59310  43.0032 342.5416 0001791 257.9944 288.2580 15.27560196    11
STARLINK-31445
1 59312C 24056S   25222.08034722  .00009793  00000+0  35494-3 0  2220
2 59312  43.0016 352.8501 0001230 262.7108 308.9393 15.27548196    16
STARLINK-31495
1 59313C 24056T   25222.08173611  .00007407  00000+0  26847-3 0  2224
2 59313  43.0012 338.4605 0001305 250.6398 191.4515 15.27546479    11
STARLINK-31477
1 59314C 24056U   25222.08034722  .00002173  00000+0  78724-4 0  2221
2 59314  43.0030 338.2566 0001474 264.1427 262.2777 15.27565084    16
STARLINK-31446
1 59315C 24056V   25222.08034722  .00008753  00000+0  31728-3 0  2224
2 59315  43.0040 345.4876 0001286 252.9789 144.3586 15.27543078    16
STARLINK-31479
1 59316C 24056W   25222.07895833  .00018614  00000+0  67469-3 0  2220
2 59316  43.0035 349.8422 0001054 260.4816 116.9110 15.27537343    10
STARLINK-31349
1 59317C 24056X   25222.08104167 -.00001690  00000+0 -61176-4 0  2223
2 59317  43.0025 345.6806 0001546 265.8482  50.3533 15.27596757    18
STARLINK-31464
1 59318C 24056Y   25222.07895833  .00012134  00000+0  43967-3 0  2220
2 59318  43.0037 345.5924 0001225 261.8353  85.4116 15.27552652    11
STARLINK-31402
1 59320C 24057A   25222.07756944 -.00019575  00000+0 -70910-3 0  2229
2 59320  42.9987 254.5366 0001428 267.4389 214.5473 15.27592841    16
STARLINK-31578
1 59321C 24057B   25222.08104167  .00037256  00000+0  13510-2 0  2221
2 59321  43.0000 301.6874 0001209 253.7223  25.7806 15.27501925    10
STARLINK-31530
1 59322C 24057C   25222.08173611 -.00035404  00000+0 -12821-2 0  2221
2 59322  43.0030 302.4166 0001936 273.1924  65.9549 15.27617179    17
STARLINK-31565
1 59323C 24057D   25222.07895833 -.00008571  00000+0 -31063-3 0  2223
2 59323  43.0017 309.7937 0001218 254.6261 243.5703 15.27566075    14
STARLINK-31570
1 59324C 24057E   25222.08312500 -.00014009  00000+0 -50747-3 0  2223
2 59324  43.0010 302.5072 0001697 270.5790  33.7606 15.27587834    11
STARLINK-31611
1 59325C 24057F   25222.07826389 -.00013147  00000+0 -47645-3 0  2223
2 59325  43.0009 302.5547 0001103 264.2396   6.2870 15.27573072    18
STARLINK-31632
1 59326C 24057G   25222.08034722 -.00015056  00000+0 -54543-3 0  2223
2 59326  43.0019 313.3842 0001279 275.8199 176.0935 15.27587367    11
STARLINK-31599
1 59327C 24057H   25222.08381944 -.00013575  00000+0 -49189-3 0  2229
2 59327  42.9992 301.8969 0001575 280.9236 281.9484 15.27578489    10
STARLINK-31614
1 59328C 24057J   25222.07756944 -.00009523  00000+0 -34502-3 0  2226
2 59328  43.0018 302.2526 0001607 261.8784 132.1702 15.27576980    12
STARLINK-31493
1 59329C 24057K   25222.08381944 -.00032575  00000+0 -11800-2 0  2220
2 59329  42.9994 301.9982 0001499 261.3447 259.0724 15.27606521    14
STARLINK-31634
1 59330C 24057L   25222.07895833 -.00013806  00000+0 -50033-3 0  2226
2 59330  43.0029 302.3598 0001628 258.8454  93.3332 15.27572813    18
STARLINK-31633
1 59331C 24057M   25222.08173611 -.00021018  00000+0 -76165-3 0  2229
2 59331  43.0026 302.3084 0001194 260.8734 120.7446 15.27583355    12
STARLINK-31594
1 59332C 24057N   25222.07826389  .00005729  00000+0  20764-3 0  2229
2 59332  43.0018 313.4435 0001432 257.1457 162.0485 15.27550301    10
STARLINK-31572
1 59333C 24057P   25222.08104167 -.00016201  00000+0 -58693-3 0  2225
2 59333  43.0009 313.4598 0001261 276.4624 143.9140 15.27588656    11
STARLINK-31573
1 59334C 24057Q   25222.08451389 -.00026026  00000+0 -94308-3 0  2226
2 59334  42.9997 301.6809 0001303 261.8117  29.8000 15.27590476    12
STARLINK-31588
1 59335C 24057R   25222.07965278 -.00020888  00000+0 -75679-3 0  2223
2 59335  42.9995 301.7990 0001277 263.8863 325.5542 15.27589330    17
STARLINK-31596
1 59336C 24057S   25222.08451389 -.00037933  00000+0 -13741-2 0  2228
2 59336  42.9992 301.8223 0001503 259.3007 335.6796 15.27613190    12
STARLINK-31612
1 59337C 24057T   25222.08034722  .00060996  00000+0  22125-2 0  2226
2 59337  43.0009 302.1482 0001542 258.9533 185.7441 15.27470160    16
STARLINK-31550
1 59338C 24057U   25222.08173611 -.00027901  00000+0 -10110-2 0  2220
2 59338  43.0013 302.4778 0001402 264.3159  46.5578 15.27592928    15
STARLINK-31473
1 59339C 24057V   25222.08034722 -.00016054  00000+0 -58173-3 0  2229
2 59339  42.9993 301.9979 0001235 277.7811 230.6199 15.27580204    14
STARLINK-31562
1 59340C 24057W   25222.08243056 -.00008673  00000+0 -31431-3 0  2229
2 59340  43.0008 317.1053 0001407 265.7729  87.0703 15.27568636    13
STARLINK-31600
1 59341C 24057X   25222.07895833 -.00010268  00000+0 -37201-3 0  2229
2 59341  43.0008 309.8499 0001237 276.3559 200.6182 15.27579070    14
STARLINK-31628
1 59342C 24057Y   25222.07965278 -.00029920  00000+0 -10836-2 0  2220
2 59342  43.0021 302.2694 0001385 264.5781 126.7717 15.27612805    10
STARLINK-31605
1 59348C 24060A   25222.07895833  .00015278  00000+0  55374-3 0  2225
2 59348  42.9998   4.2557 0001098 279.7059  58.3803 15.27541640    15
STARLINK-31532
1 59349C 24060B   25222.08451389  .00024848  00000+0  90040-3 0  2223
2 59349  43.0017  14.8959 0001356 262.3294 346.9900 15.27539111    13
STARLINK-31593
1 59350C 24060C   25222.06923611  .00022508  00000+0  81554-3 0  2226
2 59350  43.0036  14.5925 0001202 276.6453  51.2662 15.27543568    13
STARLINK-31555
1 59351C 24060D   25222.07826389  .00019578  00000+0  70954-3 0  2227
2 59351  43.0007  15.0327 0001440 264.5161 267.9363 15.27539308    11
STARLINK-31561
1 59352C 24060E   25222.08381944  .00023443  00000+0  84962-3 0  2222
2 59352  43.0036  14.4759 0001427 263.7633 158.5527 15.27535922    11
STARLINK-31413
1 59353C 24060F   25222.08243056  .00022340  00000+0  80937-3 0  2227
2 59353  43.0043  14.6682 0001762 269.0390  67.8300 15.27546798    12
STARLINK-31422
1 59354C 24060G   25222.07965278  .00027917  00000+0  10124-2 0  2229
2 59354  43.0035  15.3088 0001589 270.4193 149.4408 15.27510357    14
STARLINK-31416
1 59355C 24060H   25222.08173611  .00025403  00000+0  92074-3 0  2226
2 59355  43.0013  14.9560 0001234 274.5853 298.2401 15.27530530    17
STARLINK-31552
1 59356C 24060J   25222.08312500  .00013659  00000+0  49468-3 0  2228
2 59356  43.0029  15.2534 0001432 267.0896 193.0253 15.27568797    17
STARLINK-31557
1 59357C 24060K   25222.08451389  .00018789  00000+0  68083-3 0  2221
2 59357  43.0035  10.7955 0001724 276.1400 225.2151 15.27544898    19
STARLINK-31559
1 59358C 24060L   25222.07965278  .00028098  00000+0  10186-2 0  2222
2 59358  43.0030  14.7831 0001396 265.4589  13.7074 15.27521418    13
STARLINK-31501
1 59359C 24060M   25222.07965278  .00025377  00000+0  92012-3 0  2229
2 59359  43.0016  15.1570 0001080 283.4003 200.1335 15.27519360    19
STARLINK-31549
1 59360C 24060N   25222.08451389  .00022995  00000+0  83323-3 0  2223
2 59360  43.0041  14.6047 0001416 266.4984 103.0651 15.27541102    15
STARLINK-31560
1 59361C 24060P   25222.08381944  .00023055  00000+0  83579-3 0  2224
2 59361  43.0012  15.0482 0001488 264.4837 277.3339 15.27525951    18
STARLINK-31571
1 59362C 24060Q   25222.07826389  .00024104  00000+0  87351-3 0  2229
2 59362  43.0012  15.1124 0001409 258.1429 238.9192 15.27537201    14
STARLINK-31553
1 59363C 24060R   25222.08034722  .00002382  00000+0  86312-4 0  2224
2 59363  43.0023   8.0279 0001285 266.4292 300.4339 15.27564147    18
STARLINK-31547
1 59364C 24060S   25222.07965278  .00022328  00000+0  80919-3 0  2221
2 59364  43.0014   3.5552 0001965 266.2235   5.7591 15.27536173    16
STARLINK-31537
1 59365C 24060T   25222.08104167  .00024837  00000+0  90012-3 0  2227
2 59365  43.0023  15.1944 0001669 254.9741 214.9789 15.27534778    10
STARLINK-31451
1 59366C 24060U   25222.08243056  .00019272  00000+0  69808-3 0  2225
2 59366  43.0039  14.5660 0001635 271.5736 107.7156 15.27557541    18
STARLINK-31428
1 59367C 24060V   25222.07895833  .00025454  00000+0  92257-3 0  2224
2 59367  43.0041  14.7352 0001339 272.0663  24.5051 15.27531738    18
STARLINK-31419
1 59368C 24060W   25222.08243056  .00026430  00000+0  95798-3 0  2228
2 59368  43.0022  14.7987 0001406 264.3385  15.9459 15.27528840    18
STARLINK-31583
1 59369C 24060X   25222.08104167  .00026102  00000+0  94612-3 0  2228
2 59369  43.0041   3.9190 0001421 264.5653 219.3854 15.27528536    14
STARLINK-31461
1 59370C 24060Y   25222.07965278  .00027138  00000+0  98382-3 0  2225
2 59370  43.0017   4.0768 0001455 267.7675 144.8975 15.27522294    19
STARLINK-31641
1 59374C 24062A   25222.07826389 -.00021899  00000+0 -73819-3 0  2228
2 59374  53.1593 161.4314 0001332  89.0942 235.7592 15.30207763    15
STARLINK-31430
1 59375C 24062B   25222.08520833  .00033204  00000+0  11201-2 0  2222
2 59375  53.1581 161.3156 0001567  87.5117 316.3279 15.30128777    18
STARLINK-31695
1 59376C 24062C   25222.07895833  .00002485  00000+0  83769-4 0  2224
2 59376  53.1601 158.5877 0001269  86.1493 240.2834 15.30178425    18
STARLINK-31716
1 59377C 24062D   25222.08381944  .00027622  00000+0  93122-3 0  2222
2 59377  53.1564 109.9104 0001252  94.0424  82.3492 15.30154846    10
STARLINK-31698
1 59379C 24062F   25222.08173611 -.00000078  00000+0 -26350-5 0  2223
2 59379  53.1599 158.5540 0001286  85.5851 273.5956 15.30182214    19
STARLINK-31680
1 59380C 24062G   25222.07826389  .00013282  00000+0  44788-3 0  2223
2 59380  53.1591 161.4156 0001365  83.0690 247.6497 15.30161723    15
STARLINK-31713
1 59381C 24062H   25222.08034722 -.00007636  00000+0 -25745-3 0  2227
2 59381  53.1575 161.2696 0001249  93.6956 318.2811 15.30188692    17
STARLINK-31715
1 59384C 24062L   25222.08381944  .00002199  00000+0  74126-4 0  2226
2 59384  53.1591 158.4632 0001283  88.2494 317.3173 15.30182877    11
STARLINK-31717
1 59385C 24062M   25222.07826389 -.00010937  00000+0 -36885-3 0  2223
2 59385  53.1586 158.7715 0001325  93.3531 136.1906 15.30182959    19
STARLINK-31714
1 59387C 24062P   25222.07965278  .00005890  00000+0  19859-3 0  2228
2 59387  53.1581 158.8012 0001187  95.3836 124.3605 15.30171237    15
STARLINK-31647
1 59389C 24062R   25222.07895833 -.00006957  00000+0 -21964-3 0  2226
2 59389  53.1585 158.9808 0001180  94.2390  48.1084 15.32297390    16
STARLINK-31626
1 59392C 24062U   25222.08173611  .00005146  00000+0  17349-3 0  2223
2 59392  53.1585 158.4348 0001188  91.3200 320.2316 15.30174656    19
STARLINK-31607
1 59394C 24062W   25222.07826389  .00008364  00000+0  28198-3 0  2220
2 59394  53.1597 158.5189 0001252  85.3489 272.1685 15.30172310    11
STARLINK-31608
1 59397C 24062X   25222.08381944  .00013533  00000+0  45634-3 0  2225
2 59397  53.1577 158.8142 0001286  86.4964 138.7864 15.30162448    18
STARLINK-31534
1 59398C 24064A   25222.08243056 -.00020856  00000+0 -75580-3 0  2220
2 59398  43.0021 170.8474 0001468 263.1993 237.5918 15.27582432    14
STARLINK-31544
1 59399C 24064B   25222.08034722  .00022128  00000+0  80138-3 0  2226
2 59399  43.0020 171.5398 0001250 266.6436 299.5876 15.27561173    16
STARLINK-31545
1 59400C 24064C   25222.08104167 -.00005588  00000+0 -20285-3 0  2220
2 59400  43.0007 171.0054 0001226 212.6830 216.8343 15.27509083    13
STARLINK-31507
1 59401C 24064D   25222.08243056 -.00049319  00000+0 -17880-2 0  2228
2 59401  43.0003 171.0762 0001422 275.2768 126.5220 15.27597474    11
STARLINK-31543
1 59402C 24064E   25222.07826389  .00034212  00000+0  12398-2 0  2227
2 59402  43.0011 171.4446 0001438 271.8810 325.3946 15.27527559    12
STARLINK-31366
1 59403C 24064F   25222.08243056 -.00046642  00000+0 -16908-2 0  2226
2 59403  43.0003 171.2290 0001325 274.2359  63.8849 15.27596696    13
STARLINK-31374
1 59404C 24064G   25222.08451389  .00029245  00000+0  10606-2 0  2224
2 59404  42.9999 120.1423 0001253 268.9221 194.1763 15.27507456    14
STARLINK-31400
1 59405C 24064H   25222.08451389 -.00050496  00000+0 -18310-2 0  2229
2 59405  43.0015 170.8836 0001468 280.8348 210.2719 15.27591885    17
STARLINK-31391
1 59406C 24064J   25222.07270833 -.00053954  00000+0 -19562-2 0  2224
2 59406  43.0008 171.0005 0001421 279.6558 125.2149 15.27598596    17
STARLINK-31387
1 59407C 24064K   25222.08312500 -.00023183  00000+0 -84014-3 0  2220
2 59407  43.0016 171.4699 0001339 271.5941 331.2558 15.27584532    13
STARLINK-31396
1 59409C 24064M   25222.08243056 -.00041461  00000+0 -15032-2 0  2223
2 59409  43.0015 160.7088 0001479 248.9379 144.8834 15.27587808    19
STARLINK-31412
1 59410C 24064N   25222.08104167 -.00034802  00000+0 -12616-2 0  2220
2 59410  43.0004 171.1839 0001522 253.2420  98.4654 15.27585303    16
STARLINK-31483
1 59411C 24064P   25222.07826389 -.00050887  00000+0 -18446-2 0  2225
2 59411  43.0000 171.3546 0001120 276.2834 356.4439 15.27602995    13
STARLINK-31568
1 59412C 24064Q   25222.07965278 -.00049618  00000+0 -17986-2 0  2225
2 59412  43.0002 171.3806 0001160 266.9021 359.3251 15.27601602    11
STARLINK-31615
1 59413C 24064R   25222.08312500 -.00019017  00000+0 -68906-3 0  2220
2 59413  43.0026 164.3307 0001345 256.1279  66.3175 15.27584722    10
STARLINK-31457
1 59414C 24064S   25222.08104167 -.00034898  00000+0 -12652-2 0  2229
2 59414  43.0024 164.3753 0001474 273.6841  23.1864 15.27582205    16
STARLINK-31398
1 59415C 24064T   25222.08173611 -.00025165  00000+0 -91200-3 0  2224
2 59415  43.0003 171.1283 0001435 273.2392 103.4625 15.27583974    13
STARLINK-31399
1 59416C 24064U   25222.07895833 -.00048734  00000+0 -17666-2 0  2221
2 59416  43.0006 171.0589 0001554 273.4042 123.4225 15.27599080    14
STARLINK-31401
1 59417C 24064V   25222.08173611 -.00042129  00000+0 -15271-2 0  2228
2 59417  43.0018 164.3089 0001311 267.3697  68.6734 15.27594489    10
STARLINK-31414
1 59418C 24064W   25222.08034722 -.00026305  00000+0 -95331-3 0  2222
2 59418  43.0001 171.2921 0001396 272.3127  33.0716 15.27585535    10
STARLINK-31415
1 59419C 24064X   25222.08381944 -.00044866  00000+0 -16268-2 0  2227
2 59419  43.0028 171.6190 0001293 281.8213 261.2437 15.27586709    18
STARLINK-31466
1 59420C 24064Y   25222.08173611 -.00015028  00000+0 -54458-3 0  2221
2 59420  43.0024 171.5798 0001477 262.9713 289.7884 15.27576816    17
STARLINK-11087 [DTC]
1 59421C 24065A   25222.10465278  .00022629  00000+0  18679-3 0  2227
2 59421  53.1565  57.0615 0001132  86.9189 120.0182 15.69636136    11
STARLINK-11090 [DTC]
1 59422C 24065B   25222.09979167  .00042945  00000+0  35406-3 0  2223
2 59422  53.1560  56.9170 0000847 101.8530 160.6801 15.69645967    10
STARLINK-11093 [DTC]
1 59423C 24065C   25222.10118056  .00047919  00000+0  39504-3 0  2227
2 59423  53.1562  56.9667 0000837 103.9517 138.6940 15.69642909    13
STARLINK-11083 [DTC]
1 59424C 24065D   25222.10326389  .00043247  00000+0  35657-3 0  2223
2 59424  53.1564  57.0123 0000851 103.8623 122.8331 15.69644589    13
STARLINK-11085 [DTC]
1 59425C 24065E   25222.09909722  .00043789  00000+0  36106-3 0  2221
2 59425  53.1561  56.8637 0000790  94.9147 191.4368 15.69642146    10
STARLINK-31773
1 59429C 24065J   25222.07895833 -.00009634  00000+0 -32475-3 0  2228
2 59429  53.1568 186.4803 0001369  94.8829 286.2348 15.30195182    17
STARLINK-31772
1 59430C 24065K   25222.07826389 -.00006258  00000+0 -21093-3 0  2223
2 59430  53.1579 184.3772 0001378  91.0829 271.6763 15.30193159    13
STARLINK-31613
1 59431C 24065L   25222.08104167  .00019176  00000+0  64685-3 0  2223
2 59431  53.1595 184.5039 0001550  98.0582 210.2099 15.30144767    17
STARLINK-31580
1 59434C 24065P   25222.08312500  .00002314  00000+0  78009-4 0  2220
2 59434  53.1577 186.5291 0001374  88.1597 281.0359 15.30180063    16
STARLINK-31696
1 59435C 24065Q   25222.08034722 -.00008633  00000+0 -29102-3 0  2229
2 59435  53.1591 184.4717 0001427  88.5607 233.3352 15.30193386    13
STARLINK-31700
1 59436C 24065R   25222.07965278 -.00008604  00000+0 -29007-3 0  2220
2 59436  53.1585 184.4049 0001335  94.3284 258.6357 15.30190273    16
STARLINK-31711
1 59438C 24065T   25222.07826389 -.00026915  00000+0 -90714-3 0  2229
2 59438  53.1590 184.4456 0001395  86.9127 240.9269 15.30217568    18
STARLINK-31708
1 59439C 24065U   25222.08451389 -.00033933  00000+0 -11442-2 0  2223
2 59439  53.1574 184.3128 0002145  89.1835 325.5044 15.30207740    13
STARLINK-31622
1 59456C 24068B   25222.08451389 -.00033112  00000+0 -12011-2 0  2227
2 59456  43.0029 149.7677 0001429 286.1598 231.7027 15.27563786    18
STARLINK-31319
1 59457C 24068C   25222.08104167 -.00017957  00000+0 -65093-3 0  2225
2 59457  43.0016 146.0142 0001615 277.3067 353.1012 15.27568735    14
STARLINK-31625
1 59458C 24068D   25222.08312500 -.00050565  00000+0 -18336-2 0  2227
2 59458  43.0018 149.6385 0001424 281.7542 285.0400 15.27590098    11
STARLINK-31631
1 59459C 24068E   25222.07895833 -.00044560  00000+0 -16161-2 0  2224
2 59459  43.0001 145.8340 0001506 280.7353  56.0974 15.27580221    12
STARLINK-31620
1 59460C 24068F   25222.08173611 -.00008937  00000+0 -32398-3 0  2229
2 59460  43.0026 146.1113 0001572 258.9299 332.8703 15.27560590    14
STARLINK-31511
1 59462C 24068H   25222.08451389 -.00015896  00000+0 -57620-3 0  2229
2 59462  43.0023 149.7159 0001463 261.5666 277.4471 15.27569655    16
STARLINK-31364
1 59463C 24068J   25222.08034722 -.00045936  00000+0 -16659-2 0  2222
2 59463  43.0008 145.9302 0000859 263.2536  38.7788 15.27582740    10
STARLINK-31597
1 59464C 24068K   25222.08312500 -.00036884  00000+0 -13378-2 0  2223
2 59464  43.0013 149.5845 0001508 277.5568 310.5010 15.27569006    13
STARLINK-31621
1 59465C 24068L   25222.08034722 -.00053370  00000+0 -19354-2 0  2220
2 59465  43.0022 149.7009 0001468 283.8763 253.4653 15.27591629    14
STARLINK-31462
1 59466C 24068M   25222.08312500 -.00021907  00000+0 -79415-3 0  2220
2 59466  43.0005 149.4668 0001257 272.1876 358.2401 15.27572706    16
STARLINK-31592
1 59467C 24068N   25222.08034722 -.00039824  00000+0 -14446-2 0  2227
2 59467  43.0030 149.8399 0001540 286.9758 186.7402 15.27568306    13
STARLINK-31267
1 59468C 24068P   25222.08034722 -.00019106  00000+0 -67511-3 0  2221
2 59468  43.0011 145.3908 0001513 278.2562 243.9715 15.28406302    18
STARLINK-31381
1 59469C 24068Q   25222.08173611  .00000617  00000+0  22380-4 0  2224
2 59469  43.0026 146.2060 0001463 261.9899 287.3624 15.27551733    19
STARLINK-31546
1 59470C 24068R   25222.08381944 -.00016669  00000+0 -60421-3 0  2229
2 59470  43.0011 145.9432 0001607 276.5552  30.3801 15.27569279    19
STARLINK-31575
1 59471C 24068S   25222.08520833 -.00019671  00000+0 -71308-3 0  2224
2 59471  43.0021 146.0383 0001483 264.8301   7.3090 15.27570665    17
STARLINK-31610
1 59473C 24068U   25222.07687500 -.00006439  00000+0 -23337-3 0  2227
2 59473  43.0001 149.4101 0001381 254.7184  23.7465 15.27563964    18
STARLINK-31581
1 59474C 24068V   25222.08312500 -.00001145  00000+0 -41515-4 0  2222
2 59474  43.0018 142.4359 0001725 257.4292  57.1784 15.27557267    11
STARLINK-31566
1 59475C 24068W   25222.08104167 -.00035757  00000+0 -12967-2 0  2224
2 59475  42.9998 149.4356 0001443 247.9610  32.2821 15.27573030    18
STARLINK-31515
1 59476C 24068X   25222.08381944 -.00044737  00000+0 -16223-2 0  2222
2 59476  43.0006 149.5247 0001332 279.5982 333.4660 15.27584062    15
STARLINK-31531
1 59477C 24068Y   25222.08173611  .00024381  00000+0  88388-3 0  2226
2 59477  43.0001  94.4088 0001520 277.4913 167.1936 15.27524384    11
STARLINK-31753
1 59484C 24071A   25222.08381944  .00038792  00000+0  14058-2 0  2221
2 59484  43.0030  94.8556 0001362 264.0421  50.5087 15.27521393    14
STARLINK-31733
1 59486C 24071C   25222.07826389  .00035165  00000+0  12739-2 0  2224
2 59486  42.9993  94.5003 0001523 264.5097 182.0787 15.27536832    11
STARLINK-31657
1 59487C 24071D   25222.08104167  .00009847  00000+0  35724-3 0  2227
2 59487  42.9994  94.7058 0001535 284.9642  85.1192 15.27513597    16
STARLINK-31754
1 59488C 24071E   25222.07965278  .00019601  00000+0  71101-3 0  2223
2 59488  43.0025 102.3694 0001697 286.1242 130.3434 15.27508986    13
STARLINK-31638
1 59489C 24071F   25222.07826389  .00014314  00000+0  51915-3 0  2220
2 59489  42.9994  94.7011 0001385 286.4610  75.3762 15.27519219    13
STARLINK-31670
1 59490C 24071G   25222.07965278  .00022389  00000+0  81186-3 0  2227
2 59490  42.9997 106.2153 0001405 245.2504  18.2100 15.27518940    14
STARLINK-31712
1 59491C 24071H   25222.08034722  .00013983  00000+0  50681-3 0  2226
2 59491  42.9997 106.2074 0001581 282.6725 337.5269 15.27541473    12
STARLINK-31684
1 59492C 24071J   25222.08104167  .00024470  00000+0  88725-3 0  2221
2 59492  43.0018 102.4104 0001505 279.7430 123.0858 15.27519312    16
STARLINK-31678
1 59493C 24071K   25222.07895833  .00023370  00000+0  84716-3 0  2222
2 59493  43.0002 102.5209 0001402 281.3351  67.5420 15.27527816    19
STARLINK-31744
1 59494C 24071L   25222.08243056 -.00001652  00000+0 -59890-4 0  2225
2 59494  43.0008 102.4510 0001977 251.1201 138.1494 15.27545468    15
STARLINK-31719
1 59495C 24071M   25222.08104167  .00035825  00000+0  12984-2 0  2223
2 59495  43.0034  95.0460 0001344 278.4805 309.9713 15.27522013    19
STARLINK-31728
1 59496C 24071N   25222.08104167  .00030332  00000+0  10993-2 0  2220
2 59496  43.0000  94.7723 0001263 247.2123  94.4761 15.27528248    13
STARLINK-31720
1 59497C 24071P   25222.08381944  .00029976  00000+0  10867-2 0  2223
2 59497  43.0005  95.2488 0001636 282.9060 228.9062 15.27520112    13
STARLINK-31731
1 59498C 24071Q   25222.08451389  .00008799  00000+0  31912-3 0  2220
2 59498  42.9994  94.4451 0001630 249.9724 238.2602 15.27526111    13
STARLINK-31742
1 59499C 24071R   25222.07895833  .00029425  00000+0  10669-2 0  2220
2 59499  42.9985  94.5951 0001635 250.9600 157.1471 15.27512811    15
STARLINK-31512
1 59500C 24071S   25222.08104167  .00028810  00000+0  10439-2 0  2229
2 59500  43.0024  54.6479 0001436 255.5721 277.5916 15.27538328    12
STARLINK-31458
1 59501C 24071T   25222.08104167  .00015925  00000+0  57774-3 0  2227
2 59501  42.9990  94.6535 0001589 280.9402 110.3781 15.27508790    11
STARLINK-31357
1 59502C 24071U   25222.07965278  .00035722  00000+0  12941-2 0  2228
2 59502  43.0029  95.1527 0001793 270.4258 267.8991 15.27536799    15
STARLINK-31508
1 59503C 24071V   25222.08034722  .00024848  00000+0  90131-3 0  2226
2 59503  43.0017  95.1981 0001812 288.0050 233.0741 15.27505199    12
STARLINK-31535
1 59504C 24071W   25222.08104167  .00010547  00000+0  38262-3 0  2226
2 59504  42.9997 102.5574 0001567 287.5979  51.6252 15.27515565    19
STARLINK-31533
1 59505C 24071X   25222.07756944  .00007489  00000+0  27161-3 0  2229
2 59505  43.0002  95.3133 0001652 247.9777 215.3648 15.27526635    18
STARLINK-31524
1 59506C 24071Y   25222.07826389  .00029881  00000+0  10830-2 0  2225
2 59506  43.0016  87.8687 0001701 282.1314 321.3611 15.27527578    12
STARLINK-31635
1 59511C 24073A   25222.08104167  .00032304  00000+0  11714-2 0  2223
2 59511  43.0020  72.6989 0001878 283.0123 206.3411 15.27509341    11
STARLINK-31650
1 59512C 24073B   25222.07826389  .00056447  00000+0  20486-2 0  2220
2 59512  43.0012  73.1860 0001403 262.2239  13.7473 15.27456334    19
STARLINK-31658
1 59513C 24073C   25222.07826389  .00007753  00000+0  28082-3 0  2228
2 59513  43.0033  32.8159 0001452 261.3166 220.4064 15.27568151    13
STARLINK-31669
1 59515C 24073E   25222.08312500  .00030210  00000+0  10956-2 0  2220
2 59515  42.9996  72.8193 0001580 284.6394 159.5978 15.27505757    15
STARLINK-31671
1 59516C 24073F   25222.07826389  .00034175  00000+0  12392-2 0  2225
2 59516  43.0031  73.3159 0001546 287.8538 291.5162 15.27507825    13
STARLINK-31674
1 59517C 24073G   25222.08173611  .00028234  00000+0  10234-2 0  2222
2 59517  42.9997  72.9831 0001527 281.5721  91.2976 15.27524398    11
STARLINK-31679
1 59519C 24073J   25222.08034722  .00030805  00000+0  11167-2 0  2226
2 59519  43.0026  62.4998 0001534 251.7065 155.0742 15.27521230    16
STARLINK-31370
1 59520C 24073K   25222.07756944  .00028869  00000+0  10463-2 0  2229
2 59520  43.0026  73.2894 0001718 265.5414 324.1040 15.27528080    18
STARLINK-31404
1 59521C 24073L   25222.08451389  .00028231  00000+0  10235-2 0  2226
2 59521  43.0035  73.3829 0001634 254.7649 316.5752 15.27519069    17
STARLINK-31453
1 59522C 24073M   25222.07965278  .00030281  00000+0  10972-2 0  2229
2 59522  43.0026  55.2988 0001555 280.4782 117.3549 15.27534723    14
STARLINK-31476
1 59523C 24073N   25222.07965278  .00030717  00000+0  11131-2 0  2222
2 59523  43.0020  73.2248 0001410 252.8949   9.4421 15.27530975    11
STARLINK-31376
1 59524C 24073P   25222.09076389  .00311030  00000+0  46576-2 0  2222
2 59524  42.9916  63.3597 0023591 274.1338 152.0505 15.53429089    14
STARLINK-31538
1 59525C 24073Q   25222.07826389  .00029273  00000+0  10614-2 0  2223
2 59525  42.9992  72.8966 0001597 283.3631 112.8806 15.27513716    14
STARLINK-31564
1 59526C 24073R   25222.08034722  .00024677  00000+0  89455-3 0  2220
2 59526  43.0004  72.7819 0001742 257.3134 192.8323 15.27525407    10
STARLINK-31452
1 59527C 24073S   25222.07965278  .00029757  00000+0  10782-2 0  2229
2 59527  43.0033  73.3604 0001544 256.2552 309.4847 15.27535593    18
STARLINK-31618
1 59528C 24073T   25222.08937500  .00025512  00000+0  80399-3 0  2225
2 59528  43.0008  71.4775 0005764 247.4854  55.9532 15.32035126    11
STARLINK-31513
1 59529C 24073U   25222.08034722  .00029199  00000+0  10581-2 0  2220
2 59529  43.0035  69.8318 0002248 267.8682 313.2123 15.27533565    15
STARLINK-31392
1 59530C 24073V   25222.07895833  .00033051  00000+0  11977-2 0  2221
2 59530  43.0004  73.1255 0001539 253.4202  47.5612 15.27529260    19
STARLINK-31619
1 59531C 24073W   25222.07965278  .00034077  00000+0  12351-2 0  2229
2 59531  42.9997  72.9395 0001593 251.8997 130.7398 15.27522956    15
STARLINK-31624
1 59532C 24073X   25222.09145833  .00786770  00000+0  58331-2 0  2221
2 59532  42.9958  42.4200 0025144 300.6085 135.4018 15.70714200    13
STARLINK-31509
1 59533C 24073Y   25222.07965278  .00033914  00000+0  12297-2 0  2229
2 59533  43.0036  73.4741 0001558 283.5788 239.7478 15.27509597    10
STARLINK-31734
1 59534C 24074A   25222.07895833  .00030462  00000+0  11046-2 0  2226
2 59534  42.9990  87.6971 0001442 255.2495 232.2269 15.27508890    14
STARLINK-31738
1 59535C 24074B   25222.07965278  .00013472  00000+0  48874-3 0  2220
2 59535  42.9994  94.7562 0001569 285.3658 112.3282 15.27512282    12
STARLINK-31721
1 59536C 24074C   25222.08451389  .00015828  00000+0  57413-3 0  2221
2 59536  42.9995  98.2969 0001616 283.0809 129.8185 15.27513783    12
STARLINK-31737
1 59537C 24074D   25222.08381944  .00020626  00000+0  74763-3 0  2220
2 59537  43.0002  98.4917 0001724 273.5290  57.6154 15.27533729    13
STARLINK-31725
1 59538C 24074E   25222.08034722  .00029690  00000+0  10756-2 0  2221
2 59538  43.0030  87.9145 0001926 262.0114  21.0138 15.27541431    19
STARLINK-31539
1 59539C 24074F   25222.08034722  .00037250  00000+0  13495-2 0  2226
2 59539  43.0020  98.6631 0001569 274.0915 334.2180 15.27534355    16
STARLINK-31397
1 59540C 24074G   25222.08312500  .00039273  00000+0  14230-2 0  2226
2 59540  43.0033  98.8296 0001339 268.9886 276.8666 15.27528168    10
STARLINK-31481
1 59541C 24074H   25222.07826389 -.00071488  00000+0 -25921-2 0  2226
2 59541  43.0020  98.1480 0001450 273.8172 182.4311 15.27613320    16
STARLINK-31540
1 59542C 24074J   25222.07895833  .00013215  00000+0  47937-3 0  2221
2 59542  42.9991  98.3783 0001492 287.9303  73.1305 15.27516496    13
STARLINK-31574
1 59543C 24074K   25222.08243056  .00018450  00000+0  66862-3 0  2221
2 59543  43.0020  98.6957 0001535 279.1713 319.4166 15.27541790    17
STARLINK-31556
1 59544C 24074L   25222.07409722  .00035018  00000+0  12685-2 0  2227
2 59544  43.0028  98.7819 0001404 264.7942 273.7208 15.27539258    18
STARLINK-31582
1 59545C 24074M   25222.08243056  .00030242  00000+0  10965-2 0  2228
2 59545  43.0034  98.8831 0001612 283.8398 236.9723 15.27514163    10
STARLINK-31519
1 59546C 24074N   25222.08104167  .00029031  00000+0  10521-2 0  2220
2 59546  43.0006  98.2139 0001517 277.9518 158.1653 15.27531008    11
STARLINK-31736
1 59547C 24074P   25222.08104167  .00034675  00000+0  12568-2 0  2224
2 59547  43.0028  91.6206 0001488 273.1085  23.2670 15.27520661    16
STARLINK-31675
1 59548C 24074Q   25222.08243056  .00032958  00000+0  11944-2 0  2225
2 59548  43.0000  98.4085 0001753 258.1766 100.6932 15.27527502    13
STARLINK-31722
1 59549C 24074R   25222.08381944  .00023790  00000+0  86277-3 0  2221
2 59549  43.0013  98.1479 0001403 289.6531 183.0622 15.27512730    11
STARLINK-31741
1 59550C 24074S   25222.07826389  .00017008  00000+0  61698-3 0  2224
2 59550  42.9998  98.2790 0001566 281.9675 117.7318 15.27510401    13
STARLINK-31699
1 59551C 24074T   25222.08243056  .00020781  00000+0  75328-3 0  2227
2 59551  42.9999  98.4388 0001407 280.6011  64.1226 15.27531851    19
STARLINK-31750
1 59552C 24074U   25222.08034722  .00020768  00000+0  75321-3 0  2224
2 59552  43.0010  98.6089 0001482 253.4644  16.2097 15.27514219    12
STARLINK-31723
1 59553C 24074V   25222.08034722  .00004059  00000+0  14728-3 0  2224
2 59553  43.0005  98.5587 0001333 287.6298   3.2857 15.27517694    18
STARLINK-31724
1 59554C 24074W   25222.07756944  .00028680  00000+0  10393-2 0  2220
2 59554  43.0018  62.5578 0001619 254.5368   9.8043 15.27534736    17
STARLINK-31730
1 59555C 24074X   25222.07895833  .00024168  00000+0  87660-3 0  2221
2 59555  43.0033  98.9516 0001759 288.2269 192.3074 15.27507206    13
STARLINK-31718
1 59556C 24074Y   25222.07756944  .00011888  00000+0  43102-3 0  2229
2 59556  43.0029  98.8069 0001343 254.9875 281.5330 15.27532867    10
STARLINK-31747
1 59564C 24076A   25222.08034722  .00010745  00000+0  38952-3 0  2222
2 59564  43.0027 113.4747 0001370 252.0655  55.4509 15.27539656    18
STARLINK-31388
1 59565C 24076B   25222.08520833  .00021833  00000+0  79210-3 0  2228
2 59565  43.0031 124.2639 0000879 265.8010 252.6140 15.27503162    19
STARLINK-31332
1 59566C 24076C   25222.08173611 -.00000065  00000+0 -23596-5 0  2221
2 59566  43.0000 123.8229 0001325 276.6205  46.5301 15.27548578    18
STARLINK-31689
1 59567C 24076D   25222.08451389  .00035465  00000+0  12848-2 0  2228
2 59567  43.0029 120.7158 0001711 266.3294 280.7935 15.27536095    16
STARLINK-31471
1 59568C 24076E   25222.07965278 -.00004936  00000+0 -17890-3 0  2229
2 59568  43.0026 124.1272 0001391 276.2099 275.1977 15.27560839    13
STARLINK-31470
1 59569C 24076F   25222.07826389  .00017809  00000+0  64561-3 0  2227
2 59569  43.0031 120.6660 0001296 278.0263 270.1508 15.27531367    18
STARLINK-31587
1 59570C 24076G   25222.07756944  .00037813  00000+0  13711-2 0  2225
2 59570  43.0031 124.2393 0001732 266.5513 230.9814 15.27505013    11
STARLINK-31606
1 59571C 24076H   25222.08034722 -.00006852  00000+0 -24839-3 0  2225
2 59571  43.0004 123.6458 0001510 254.2487 139.0877 15.27555048    16
STARLINK-31666
1 59572C 24076J   25222.07965278  .00003297  00000+0  11948-3 0  2229
2 59572  43.0035 117.0919 0001512 274.4437 314.0988 15.27552558    12
STARLINK-31683
1 59573C 24076K   25222.07826389  .00035245  00000+0  12768-2 0  2227
2 59573  43.0007 123.9399 0001417 281.2649 340.2508 15.27538257    14
STARLINK-31751
1 59574C 24076L   25222.07826389 -.00057131  00000+0 -20693-2 0  2224
2 59574  43.0024 124.3986 0001382 270.5309 167.0671 15.27635509    10
STARLINK-31510
1 59575C 24076M   25222.08312500  .00151340  00000+0  54860-2 0  2229
2 59575  43.0030 120.6767 0001517 261.6318 299.2058 15.27402029    11
STARLINK-31663
1 59576C 24076N   25222.07826389  .00019933  00000+0  72309-3 0  2224
2 59576  43.0028 124.3325 0001093 271.8947 187.0791 15.27507995    16
STARLINK-31692
1 59577C 24076P   25222.08243056 -.00009317  00000+0 -33754-3 0  2228
2 59577  43.0030 124.1167 0001314 265.8306 286.7140 15.27579164    12
STARLINK-31685
1 59578C 24076Q   25222.08034722  .00007173  00000+0  26014-3 0  2224
2 59578  43.0002 123.6870 0001366 245.4286 126.7728 15.27528326    14
STARLINK-31686
1 59579C 24076R   25222.08312500  .00034198  00000+0  12407-2 0  2225
2 59579  42.9998 123.7253 0001083 254.7488 111.5325 15.27490154    18
STARLINK-31668
1 59580C 24076S   25222.07965278  .00020184  00000+0  73211-3 0  2223
2 59580  43.0008 123.5982 0001394 266.7140 144.1086 15.27511833    18
STARLINK-31690
1 59581C 24076T   25222.08104167 -.00001689  00000+0 -61280-4 0  2222
2 59581  43.0002 123.8748 0001390 250.6045  47.5984 15.27532837    18
STARLINK-31701
1 59582C 24076U   25222.08104167 -.00008438  00000+0 -30601-3 0  2224
2 59582  43.0022 124.0828 0001571 250.8468 322.4467 15.27544780    16
STARLINK-31697
1 59583C 24076V   25222.07965278 -.00006456  00000+0 -23416-3 0  2226
2 59583  43.0011 123.9845 0001350 250.4129 357.6931 15.27539908    19
STARLINK-31662
1 59584C 24076W   25222.08451389  .00033482  00000+0  12142-2 0  2221
2 59584  43.0031 124.1411 0001415 267.6614 289.3400 15.27504909    10
STARLINK-31702
1 59585C 24076X   25222.07756944  .00050699  00000+0  18357-2 0  2229
2 59585  43.0021 124.4051 0001156 248.7061 177.8977 15.27538549    18
STARLINK-31704
1 59586C 24076Y   25222.08381944  .00027824  00000+0  10089-2 0  2223
2 59586  43.0034  80.7398 0001641 250.3534 195.0416 15.27513300    12
STARLINK-31770
1 59601C 24080A   25222.08173611 -.00012438  00000+0 -45080-3 0  2223
2 59601  43.0020 153.2417 0001697 262.2958 207.5583 15.27568137    18
STARLINK-31778
1 59602C 24080B   25222.08451389 -.00036569  00000+0 -13265-2 0  2225
2 59602  43.0022 149.7914 0001579 284.9425 190.5524 15.27565625    17
STARLINK-31776
1 59603C 24080C   25222.07965278 -.00042281  00000+0 -15327-2 0  2221
2 59603  43.0011 156.6854 0001262 278.2696 189.8829 15.27593179    15
STARLINK-31765
1 59604C 24080D   25222.07965278 -.00043020  00000+0 -15600-2 0  2228
2 59604  42.9990 149.4109 0001516 279.7609 338.7240 15.27583841    12
STARLINK-31767
1 59605C 24080E   25222.08034722 -.00045603  00000+0 -16533-2 0  2226
2 59605  43.0016 153.1517 0001476 279.0223 225.6756 15.27592646    18
STARLINK-31782
1 59606C 24080F   25222.08173611 -.00008571  00000+0 -31066-3 0  2220
2 59606  43.0022 156.8098 0001662 274.6869 148.3051 15.27562579    15
STARLINK-31755
1 59607C 24080G   25222.07826389 -.00007880  00000+0 -28561-3 0  2225
2 59607  43.0026 156.8804 0000840 258.0726 124.5701 15.27564066    11
STARLINK-31585
1 59608C 24080H   25222.08243056 -.00024527  00000+0 -88907-3 0  2228
2 59608  43.0019 149.0025 0001485 258.2515 178.2069 15.27576805    14
STARLINK-31667
1 59609C 24080J   25222.07826389 -.00039139  00000+0 -14186-2 0  2226
2 59609  43.0009 149.0732 0001972 256.4413 135.8372 15.27594799    15
STARLINK-31729
1 59610C 24080K   25222.07756944 -.00017532  00000+0 -63563-3 0  2224
2 59610  43.0020 149.7611 0001560 283.3136 182.1754 15.27564501    14
STARLINK-31448
1 59611C 24080L   25222.08173611 -.00014003  00000+0 -50746-3 0  2229
2 59611  43.0006 149.5320 0001406 273.4898 299.8126 15.27574779    15
STARLINK-31748
1 59612C 24080M   25222.08034722 -.00039425  00000+0 -14295-2 0  2222
2 59612  42.9998 149.2868 0001491 277.9212  33.9155 15.27582247    19
STARLINK-31746
1 59613C 24080N   25222.07965278 -.00012162  00000+0 -44073-3 0  2228
2 59613  43.0028 156.8962 0001539 265.1644 103.9284 15.27572801    12
STARLINK-31762
1 59614C 24080P   25222.07756944 -.00050425  00000+0 -18284-2 0  2225
2 59614  43.0007 153.1116 0001182 277.2636 233.3707 15.27592860    15
STARLINK-31761
1 59615C 24080Q   25222.08034722 -.00053100  00000+0 -19248-2 0  2224
2 59615  43.0018 153.4305 0001738 251.8680 111.3718 15.27604647    19
STARLINK-31768
1 59616C 24080R   25222.08034722 -.00054604  00000+0 -19801-2 0  2220
2 59616  43.0000 153.0591 0001300 283.7947 256.2954 15.27593582    15
STARLINK-31769
1 59617C 24080S   25222.07895833 -.00047991  00000+0 -17402-2 0  2224
2 59617  43.0028 153.3032 0001500 252.2125 181.1940 15.27588690    15
STARLINK-31784
1 59618C 24080T   25222.08104167 -.00045726  00000+0 -16570-2 0  2228
2 59618  43.0015 156.7248 0000787 275.7483 178.7649 15.27608917    14
STARLINK-31777
1 59619C 24080U   25222.08173611 -.00023602  00000+0 -85534-3 0  2225
2 59619  43.0021 156.7757 0001569 270.8470 166.2860 15.27583757    19
STARLINK-31771
1 59620C 24080V   25222.09006944  .00018643  00000+0  65601-3 0  2222
2 59620  43.0017 153.1148 0001591 223.3279 310.2724 15.28503761    14
STARLINK-31758
1 59621C 24080W   25222.07826389 -.00045440  00000+0 -16480-2 0  2221
2 59621  43.0005 149.1438 0001515 277.9207  86.1297 15.27580825    10
STARLINK-31774
1 59622C 24080X   25222.07895833 -.00017126  00000+0 -62062-3 0  2220
2 59622  43.0015 149.6319 0001435 275.6335 246.9839 15.27578067    16
STARLINK-31763
1 59623C 24080Y   25222.08381944 -.00007887  00000+0 -28602-3 0  2220
2 59623  43.0032 153.3257 0001628 272.3485 166.6030 15.27544406    14
STARLINK-31749
1 59631C 24082A   25222.08451389 -.00038190  00000+0 -13827-2 0  2225
2 59631  43.0017 254.5158 0001549 265.4148  92.3759 15.27628369    15
STARLINK-31781
1 59632C 24082B   25222.08104167 -.00013996  00000+0 -50704-3 0  2228
2 59632  43.0012 240.7549 0001530 267.2832 272.5199 15.27586239    11
STARLINK-31541
1 59633C 24082C   25222.08034722 -.00016877  00000+0 -61145-3 0  2220
2 59633  42.9986 247.7456 0001473 267.8196   5.1830 15.27587107    16
STARLINK-31797
1 59634C 24082D   25222.08034722 -.00019029  00000+0 -68940-3 0  2223
2 59634  42.9990 254.7857 0001584 269.5555 319.2376 15.27588926    10
STARLINK-31798
1 59635C 24082E   25222.07756944 -.00023124  00000+0 -83767-3 0  2225
2 59635  43.0006 255.2229 0001445 267.3634 129.2799 15.27596455    14
STARLINK-31802
1 59636C 24082F   25222.08243056 -.00004038  00000+0 -14633-3 0  2221
2 59636  42.9990 255.0929 0001380 268.2800 197.6286 15.27561723    13
STARLINK-31791
1 59637C 24082G   25222.08451389 -.00016496  00000+0 -59756-3 0  2228
2 59637  43.0003 254.6141 0001825 271.8444  43.5660 15.27590219    17
STARLINK-31727
1 59638C 24082H   25222.07826389 -.00019374  00000+0 -70184-3 0  2220
2 59638  43.0015 255.2690 0001544 265.0477 114.1967 15.27592144    10
STARLINK-31807
1 59639C 24082J   25222.08381944 -.00022681  00000+0 -82158-3 0  2224
2 59639  42.9995 255.1356 0001431 263.9321 188.3392 15.27597034    12
STARLINK-31806
1 59640C 24082K   25222.08034722 -.00013620  00000+0 -49358-3 0  2223
2 59640  42.9985 254.9198 0001381 269.9071 262.3399 15.27573973    12
STARLINK-31804
1 59641C 24082L   25222.07826389 -.00015912  00000+0 -57642-3 0  2222
2 59641  43.0009 254.5979 0001443 268.6049  33.6230 15.27589050    11
STARLINK-31660
1 59642C 24082M   25222.08034722 -.00041722  00000+0 -15118-2 0  2225
2 59642  42.9992 214.4907 0001409 273.5647 217.4682 15.27607204    13
STARLINK-31800
1 59643C 24082N   25222.07965278 -.00015199  00000+0 -55062-3 0  2226
2 59643  42.9987 255.0568 0001295 266.5272 198.1954 15.27587653    13
STARLINK-31789
1 59644C 24082P   25222.08173611 -.00010606  00000+0 -38401-3 0  2226
2 59644  42.9993 254.7265 0001611 277.4584 340.1151 15.27600203    15
STARLINK-31795
1 59645C 24082Q   25222.08104167 -.00020303  00000+0 -73557-3 0  2223
2 59645  43.0012 196.2941 0001487 263.2554 233.2451 15.27588869    10
STARLINK-31796
1 59646C 24082R   25222.08451389 -.00014262  00000+0 -51663-3 0  2226
2 59646  42.9990 254.7940 0001295 268.3053 329.2821 15.27587743    17
STARLINK-31801
1 59647C 24082S   25222.07895833 -.00012817  00000+0 -46429-3 0  2220
2 59647  43.0017 255.3137 0001402 265.5954  96.2402 15.27586630    14
STARLINK-31790
1 59648C 24082T   25222.08937500  .01004800  00000+0  66299-2 0  2228
2 59648  42.9902 181.7753 0019061 166.3789 331.5648 15.73398049    19
STARLINK-31787
1 59650C 24082V   25222.08243056 -.00021121  00000+0 -76510-3 0  2221
2 59650  42.9987 254.8555 0001404 265.7968 299.0858 15.27595383    12
STARLINK-31277
1 59651C 24082W   25222.08312500 -.00016826  00000+0 -60956-3 0  2226
2 59651  42.9986 254.9530 0001426 265.6486 260.6245 15.27588763    12
STARLINK-31799
1 59652C 24082X   25222.08104167 -.00021225  00000+0 -76891-3 0  2229
2 59652  42.9986 244.1867 0001494 267.9332  41.6116 15.27592465    15
STARLINK-31764
1 59653C 24082Y   25222.08243056 -.00046921  00000+0 -16997-2 0  2221
2 59653  42.9998 254.6726 0001500 264.8095  17.9421 15.27621000    12
STARLINK-31589
1 59654C 24084A   25222.08104167 -.00014389  00000+0 -52152-3 0  2220
2 59654  43.0014 156.6844 0001382 266.6762  46.7223 15.27569998    12
STARLINK-31665
1 59655C 24084B   25222.08381944 -.00044963  00000+0 -16304-2 0  2220
2 59655  43.0003 153.3151 0001435 277.4284   6.2187 15.27585969    10
STARLINK-31912
1 59656C 24084C   25222.07687500 -.00024540  00000+0 -88952-3 0  2225
2 59656  42.9999 157.0775 0001436 275.7621 219.0704 15.27578079    16
STARLINK-31904
1 59657C 24084D   25222.08451389 -.00041213  00000+0 -14943-2 0  2225
2 59657  43.0003 156.8961 0000819 268.5333 324.9963 15.27585169    14
STARLINK-31858
1 59658C 24084E   25222.07895833 -.00041962  00000+0 -15218-2 0  2228
2 59658  43.0023 156.5915 0001542 279.8575  64.6068 15.27578776    10
STARLINK-31881
1 59659C 24084F   25222.07826389 -.00052419  00000+0 -18999-2 0  2227
2 59659  43.0004 153.2741 0001211 244.0766  37.2083 15.27608752    11
STARLINK-31885
1 59660C 24084G   25222.07965278 -.00041553  00000+0 -15066-2 0  2229
2 59660  43.0001 153.4377 0001298 278.5456 299.7021 15.27585467    14
STARLINK-31880
1 59661C 24084H   25222.08034722 -.00044400  00000+0 -16103-2 0  2229
2 59661  43.0005 153.2486 0001489 279.9015  20.0127 15.27579700    11
STARLINK-31886
1 59662C 24084J   25222.08381944 -.00042822  00000+0 -15526-2 0  2225
2 59662  43.0002 156.9846 0001348 279.6577 274.6720 15.27588307    12
STARLINK-31909
1 59663C 24084K   25222.09006944  .00040104  00000+0  14361-2 0  2226
2 59663  43.0011 156.6965 0001724 253.8969 100.0054 15.27910839    10
STARLINK-31910
1 59664C 24084L   25222.08243056 -.00016805  00000+0 -60913-3 0  2221
2 59664  43.0020 156.6155 0001470 269.0679  73.2247 15.27570244    14
STARLINK-31902
1 59666C 24084N   25222.08243056 -.00020958  00000+0 -75964-3 0  2229
2 59666  43.0006 157.0953 0001500 278.1258 226.0690 15.27575150    10
STARLINK-31913
1 59667C 24084P   25222.07756944 -.00018616  00000+0 -67485-3 0  2221
2 59667  43.0009 153.2108 0001440 278.4388  27.3487 15.27568881    13
STARLINK-31866
1 59668C 24084Q   25222.07895833  .00033384  00000+0  12094-2 0  2225
2 59668  43.0022 149.4605 0001296 260.1758 163.7144 15.27538341    19
STARLINK-31917
1 59669C 24084R   25222.08173611 -.00048503  00000+0 -17587-2 0  2223
2 59669  43.0006 156.8560 0001537 277.9931 321.4921 15.27589712    15
STARLINK-31860
1 59670C 24084S   25222.08312500 -.00021029  00000+0 -76219-3 0  2229
2 59670  43.0001 153.3610 0001509 275.8933 342.6566 15.27576072    13
STARLINK-31854
1 59671C 24084T   25222.08104167  .00031095  00000+0  11272-2 0  2227
2 59671  43.0030 123.8221 0001537 270.1285 218.5813 15.27519369    17
STARLINK-31842
1 59672C 24084U   25222.08173611 -.00044042  00000+0 -15968-2 0  2222
2 59672  43.0002 153.4725 0001428 280.4951 288.0071 15.27589353    16
STARLINK-31871
1 59673C 24084V   25222.08034722 -.00052488  00000+0 -19027-2 0  2225
2 59673  43.0008 156.7591 0001585 253.7274  20.5389 15.27603136    12
STARLINK-31875
1 59674C 24084W   25222.07756944 -.00047673  00000+0 -17287-2 0  2228
2 59674  43.0005 153.2913 0001607 274.5447 355.9339 15.27586737    15
STARLINK-31877
1 59675C 24084X   25222.07756944  .00008732  00000+0  31634-3 0  2223
2 59675  43.0004 156.9786 0001229 262.1085 271.8552 15.27561225    12
STARLINK-31884
1 59676C 24084Y   25222.08243056 -.00021590  00000+0 -78249-3 0  2222
2 59676  43.0006 156.8238 0001503 276.5900 347.8352 15.27578146    18
STARLINK-32108
1 59682C 24086A   25222.07756944 -.00024623  00000+0 -89227-3 0  2223
2 59682  43.0014 178.5768 0001321 271.2345 200.3182 15.27587080    17
STARLINK-32080
1 59683C 24086B   25222.07965278 -.00043763  00000+0 -15865-2 0  2228
2 59683  43.0017 178.8563 0001374 275.6680  87.1245 15.27593866    15
STARLINK-32091
1 59684C 24086C   25222.07687500 -.00021331  00000+0 -77307-3 0  2225
2 59684  43.0001 167.4731 0001526 274.1505 150.9777 15.27579829    11
STARLINK-32085
1 59685C 24086D   25222.08034722 -.00044222  00000+0 -16028-2 0  2225
2 59685  43.0019 174.9699 0001246 273.3323 281.5908 15.27600636    13
STARLINK-32100
1 59686C 24086E   25222.08243056 -.00009157  00000+0 -33178-3 0  2222
2 59686  43.0023 156.8299 0001343 269.9206 178.0255 15.27577058    19
STARLINK-32089
1 59687C 24086F   25222.07756944 -.00045300  00000+0 -16420-2 0  2227
2 59687  43.0001 174.7832 0001033 266.7718 357.7567 15.27599760    13
STARLINK-32103
1 59688C 24086G   25222.07895833 -.00021486  00000+0 -77887-3 0  2223
2 59688  43.0013 164.3970 0001495 278.9138 352.3343 15.27572264    11
STARLINK-32105
1 59689C 24086H   25222.08104167 -.00054290  00000+0 -19673-2 0  2225
2 59689  43.0003 174.6799 0001124 261.8378  57.1389 15.27616742    10
STARLINK-32106
1 59690C 24086J   25222.07965278 -.00050678  00000+0 -18366-2 0  2228
2 59690  43.0008 167.3051 0001305 257.1700 246.9540 15.27610176    17
STARLINK-32090
1 59691C 24086K   25222.07895833 -.00001782  00000+0 -64565-4 0  2224
2 59691  43.0023 178.8342 0001732 269.8594 110.2784 15.27562230    10
STARLINK-32088
1 59693C 24086M   25222.08381944 -.00057765  00000+0 -20948-2 0  2227
2 59693  43.0003 167.3819 0001485 282.1980 202.4783 15.27595731    19
STARLINK-32107
1 59694C 24086N   25222.07895833 -.00045207  00000+0 -16384-2 0  2221
2 59694  43.0022 175.2129 0001433 254.3456 193.8895 15.27603652    14
STARLINK-32104
1 59695C 24086P   25222.08381944 -.00028573  00000+0 -10356-2 0  2226
2 59695  43.0014 171.6452 0001440 274.6674 204.8081 15.27583834    19
STARLINK-32094
1 59696C 24086Q   25222.08104167 -.00048423  00000+0 -17557-2 0  2223
2 59696  43.0023 175.2499 0001377 280.8827 157.6245 15.27592802    11
STARLINK-32099
1 59697C 24086R   25222.08104167 -.00050349  00000+0 -18250-2 0  2225
2 59697  43.0005 174.7289 0001365 275.0756  22.7318 15.27603829    12
STARLINK-32096
1 59698C 24086S   25222.08243056 -.00045497  00000+0 -16491-2 0  2220
2 59698  43.0009 174.9054 0001176 266.9984 320.6259 15.27599875    10
STARLINK-32102
1 59699C 24086T   25222.07687500 -.00021277  00000+0 -77108-3 0  2229
2 59699  43.0002 174.8364 0001293 271.2702 328.1797 15.27581243    14
STARLINK-32092
1 59700C 24086U   25222.07965278 -.00011114  00000+0 -40279-3 0  2221
2 59700  43.0019 175.0553 0001486 271.3369 244.3671 15.27571351    11
STARLINK-32093
1 59701C 24086V   25222.08312500 -.00023648  00000+0 -85684-3 0  2221
2 59701  43.0021 175.0009 0001194 262.3907 286.5597 15.27591032    18
STARLINK-32087
1 59702C 24086W   25222.07895833 -.00031389  00000+0 -11377-2 0  2224
2 59702  43.0000 174.8745 0000811 258.2652 331.4665 15.27588653    17
STARLINK-32086
1 59703C 24086X   25222.07826389 -.00046796  00000+0 -16963-2 0  2229
2 59703  43.0005 174.6445 0001288 272.3518  52.6007 15.27598684    12
STARLINK-32098
1 59704C 24086Y   25222.07965278 -.00037836  00000+0 -13716-2 0  2229
2 59704  43.0025 175.1630 0001473 280.2026 193.0872 15.27586728    11
STARLINK-11107 [DTC]
1 59708C 24088A   25222.10534722  .00031963  00000+0  26363-3 0  2221
2 59708  53.1564 289.0037 0001100  85.0681 316.5176 15.69646757    10
STARLINK-11088 [DTC]
1 59709C 24088B   25222.10187500  .00028875  00000+0  23819-3 0  2221
2 59709  53.1567 289.6338 0000849  79.5541 357.3024 15.69647297    11
STARLINK-11092 [DTC]
1 59710C 24088C   25222.10048611  .00030269  00000+0  24968-3 0  2228
2 59710  53.1566 289.5840 0000880  76.6769  20.0627 15.69645977    10
STARLINK-11082 [DTC]
1 59711C 24088D   25222.10118056  .00031222  00000+0  25755-3 0  2225
2 59711  53.1566 289.5236 0000862  70.6814  57.7237 15.69644365    19
STARLINK-11108 [DTC]
1 59712C 24088E   25222.10465278  .00042311  00000+0  34883-3 0  2220
2 59712  53.1566 289.4497 0001062  99.0061  76.7325 15.69646705    19
STARLINK-11100 [DTC]
1 59713C 24088F   25222.10187500  .00026618  00000+0  21958-3 0  2221
2 59713  53.1567 289.4055 0000876  88.6520  99.1531 15.69648154    15
STARLINK-11094 [DTC]
1 59714C 24088G   25222.09979167  .00026821  00000+0  22127-3 0  2223
2 59714  53.1568 289.3657 0001078  97.5029 106.2618 15.69645218    16
STARLINK-11099 [DTC]
1 59716C 24088J   25222.09909722  .00043521  00000+0  35889-3 0  2220
2 59716  53.1568 289.3045 0001275  89.2791 138.2779 15.69638760    19
STARLINK-11096 [DTC]
1 59719C 24088M   25222.09909722  .00034142  00000+0  28159-3 0  2224
2 59719  53.1566 289.6983 0001116  92.4887 300.9279 15.69644928    16
STARLINK-31834
1 59721C 24088P   25222.08104167  .00006213  00000+0  20944-3 0  2228
2 59721  53.1603  43.0042 0001255  91.2487 181.6353 15.30177932    17
STARLINK-31766
1 59723C 24088R   25222.08173611  .00018467  00000+0  62240-3 0  2229
2 59723  53.1597  42.8860 0001381  64.0537 270.8137 15.30172881    19
STARLINK-31836
1 59724C 24088S   25222.07756944  .00006998  00000+0  23589-3 0  2224
2 59724  53.1599  42.9507 0001389  82.9320 205.6989 15.30181596    12
STARLINK-31827
1 59727C 24088V   25222.07826389  .00012623  00000+0  42549-3 0  2227
2 59727  53.1594  43.1638 0001177  90.0118  91.9500 15.30176004    11
STARLINK-31472
1 59730C 24090A   25222.08312500 -.00010210  00000+0 -36995-3 0  2220
2 59730  43.0013 298.5196 0001538 271.2226 242.7397 15.27575143    11
STARLINK-31817
1 59731C 24090B   25222.07965278 -.00017415  00000+0 -63103-3 0  2221
2 59731  43.0008 298.3034 0001453 282.3003 311.5943 15.27582722    10
STARLINK-31841
1 59732C 24090C   25222.09145833  .00120360  00000+0  37081-2 0  2228
2 59732  42.9991 261.4352 0005583  45.2588 290.1643 15.32661330    14
STARLINK-31833
1 59733C 24090D   25222.07965278 -.00012770  00000+0 -46267-3 0  2224
2 59733  43.0028 298.7241 0001088 266.8501 150.1632 15.27582436    16
STARLINK-31849
1 59734C 24090E   25222.07756944 -.00035028  00000+0 -12689-2 0  2224
2 59734  43.0037 291.6750 0001410 271.4065 192.4499 15.27608885    17
STARLINK-31661
1 59735C 24090F   25222.07826389 -.00034587  00000+0 -12527-2 0  2226
2 59735  43.0025 291.5216 0001441 260.5006 270.8586 15.27614132    19
STARLINK-31707
1 59736C 24090G   25222.08034722 -.00011451  00000+0 -41493-3 0  2220
2 59736  43.0007 298.4833 0001673 270.5221 249.3768 15.27575753    16
STARLINK-31821
1 59737C 24090H   25222.08381944 -.00008736  00000+0 -31663-3 0  2222
2 59737  43.0022 298.6160 0001407 249.8547 225.5357 15.27566169    15
STARLINK-31819
1 59738C 24090J   25222.08451389 -.00016155  00000+0 -58527-3 0  2226
2 59738  43.0018 298.5611 0001744 261.9514 238.4157 15.27586376    17
STARLINK-31726
1 59739C 24090K   25222.07895833 -.00017859  00000+0 -64700-3 0  2224
2 59739  43.0008 298.2559 0001675 268.5179 342.7403 15.27588875    17
STARLINK-31759
1 59740C 24090L   25222.08381944  .00064746  00000+0  23471-2 0  2224
2 59740  43.0021 298.8546 0001476 261.6982 114.5040 15.27486612    19
STARLINK-31818
1 59741C 24090M   25222.08451389  .00030520  00000+0  11055-2 0  2224
2 59741  43.0031 298.7459 0001097 269.6662 152.7369 15.27547135    11
STARLINK-31816
1 59742C 24090N   25222.07826389  .00008432  00000+0  30568-3 0  2228
2 59742  43.0012 298.9494 0002030 300.8061   9.5396 15.27540962    11
STARLINK-31809
1 59743C 24090P   25222.08243056 -.00013858  00000+0 -50208-3 0  2227
2 59743  43.0031 291.5453 0001206 266.2880 266.8023 15.27584006    17
STARLINK-31779
1 59744C 24090Q   25222.08451389 -.00039812  00000+0 -14419-2 0  2229
2 59744  43.0006 298.3241 0001533 262.3402 337.0629 15.27618795    16
STARLINK-31805
1 59745C 24090R   25222.08243056 -.00023700  00000+0 -85846-3 0  2222
2 59745  43.0003 298.1842 0001472 258.5203  33.1033 15.27600514    10
STARLINK-31681
1 59746C 24090S   25222.07826389 -.00020949  00000+0 -75893-3 0  2221
2 59746  43.0036 291.6180 0001366 266.4630 222.4682 15.27593274    11
STARLINK-31636
1 59747C 24090T   25222.08381944 -.00020600  00000+0 -74626-3 0  2223
2 59747  43.0007 298.3609 0001523 259.7509 321.6864 15.27592085    18
STARLINK-31640
1 59748C 24090U   25222.07756944 -.00011245  00000+0 -40740-3 0  2224
2 59748  43.0020 298.6123 0001578 265.8191 189.2439 15.27582254    16
STARLINK-31677
1 59749C 24090V   25222.08312500 -.00019963  00000+0 -72337-3 0  2224
2 59749  43.0028 298.8037 0001331 273.1749 120.5156 15.27583588    14
STARLINK-31783
1 59750C 24090W   25222.08034722 -.00028701  00000+0 -10399-2 0  2222
2 59750  43.0017 298.9211 0001406 266.2716  69.6857 15.27595096    17
STARLINK-31808
1 59751C 24090X   25222.08173611 -.00030425  00000+0 -11022-2 0  2224
2 59751  43.0004 298.1385 0001390 266.0760  42.9415 15.27602075    17
STARLINK-31822
1 59752C 24090Y   25222.08034722 -.00018897  00000+0 -68468-3 0  2220
2 59752  43.0006 298.4297 0001703 270.5689 270.5544 15.27585991    12
STARLINK-11118 [DTC]
1 59754C 24091B   25222.10395833  .00041969  00000+0  34616-3 0  2221
2 59754  53.1573 169.6401 0000952  91.1983  25.1045 15.69636391    17
STARLINK-11097 [DTC]
1 59759C 24091G   25222.10534722  .00052337  00000+0  43173-3 0  2227
2 59759  53.1578 169.2923 0001365  80.2838 210.3025 15.69622659    17
STARLINK-11098 [DTC]
1 59760C 24091H   25222.10395833 -.00036826  00000+0 -30396-3 0  2227
2 59760  53.1573 169.2421 0001350  92.8294 217.6984 15.69697042    18
STARLINK-11117 [DTC]
1 59761C 24091J   25222.09979167 -.00091078  00000+0 -75074-3 0  2226
2 59761  53.1571 169.2058 0001018  96.4615 218.1518 15.69784442    11
STARLINK-11110 [DTC]
1 59762C 24091K   25222.10048611  .00040439  00000+0  33346-3 0  2229
2 59762  53.1569 169.1453 0001273  93.4298 252.8668 15.69642854    15
STARLINK-11111 [DTC]
1 59764C 24091M   25222.10256944  .00039259  00000+0  32375-3 0  2220
2 59764  53.1577 168.9647 0000988  85.4717 355.8131 15.69644072    10
STARLINK-11106 [DTC]
1 59765C 24091N   25222.10534722  .00051498  00000+0  42470-3 0  2220
2 59765  53.1576 169.0076 0001106 101.3893 327.8719 15.69630271    11
STARLINK-31739
1 59766C 24091P   25222.07965278  .00018934  00000+0  63847-3 0  2220
2 59766  53.1583 286.8712 0001227  84.2165  46.8213 15.30156327    10
STARLINK-31828
1 59767C 24091Q   25222.08243056  .00013326  00000+0  44950-3 0  2229
2 59767  53.1581 289.8548 0001315 101.6907 319.7075 15.30150737    12
STARLINK-31826
1 59768C 24091R   25222.08173611  .00019518  00000+0  65809-3 0  2224
2 59768  53.1580 289.8963 0001304  78.6691 321.4395 15.30159733    14
STARLINK-31830
1 59769C 24091S   25222.08381944  .00017752  00000+0  59896-3 0  2222
2 59769  53.1576 289.9202 0001036  88.0825 306.0905 15.30139556    10
STARLINK-31829
1 59770C 24091T   25222.08034722  .00019619  00000+0  66156-3 0  2224
2 59770  53.1583 289.8348 0001111  85.7873 341.5530 15.30155391    14
STARLINK-31786
1 59771C 24091U   25222.08451389  .00016245  00000+0  54787-3 0  2226
2 59771  53.1574 289.9620 0001342  92.7645 281.9412 15.30153665    18
STARLINK-31835
1 59772C 24091V   25222.08381944  .00013627  00000+0  45967-3 0  2227
2 59772  53.1584 289.7782 0001170  90.4730  13.4854 15.30151195    10
STARLINK-31363
1 59782C 24093A   25222.08243056 -.00006074  00000+0 -22009-3 0  2223
2 59782  43.0020 320.7367 0001862 269.7089 297.4066 15.27567912    18
STARLINK-31868
1 59783C 24093B   25222.08104167  .00005688  00000+0  20611-3 0  2228
2 59783  43.0017 320.7257 0001758 260.4277 291.9765 15.27555300    17
STARLINK-31848
1 59784C 24093C   25222.08034722 -.00015236  00000+0 -55191-3 0  2221
2 59784  43.0014 320.4744 0001036 275.5833  54.4513 15.27589692    11
STARLINK-31890
1 59785C 24093D   25222.08451389 -.00015636  00000+0 -56654-3 0  2223
2 59785  43.0006 320.4953 0001455 264.5972  67.1218 15.27582572    15
STARLINK-31862
1 59786C 24093E   25222.08034722  .00001379  00000+0  49984-4 0  2228
2 59786  43.0027 323.6225 0001897 261.4299 198.6110 15.27561840    10
STARLINK-31870
1 59787C 24093F   25222.07826389 -.00023394  00000+0 -84738-3 0  2224
2 59787  43.0024 323.5830 0001560 257.8817 211.8956 15.27599829    15
STARLINK-31888
1 59788C 24093G   25222.08034722 -.00000854  00000+0 -30939-4 0  2229
2 59788  43.0030 323.7061 0001149 271.4906 153.1626 15.27564708    15
STARLINK-31863
1 59789C 24093H   25222.07895833 -.00015833  00000+0 -57354-3 0  2229
2 59789  43.0028 323.6810 0001566 254.2263 176.9202 15.27590105    15
STARLINK-31873
1 59790C 24093J   25222.08104167 -.00020258  00000+0 -73395-3 0  2225
2 59790  43.0036 323.8031 0001314 271.4561 114.5468 15.27589848    10
STARLINK-31865
1 59791C 24093K   25222.07895833  .00015318  00000+0  55537-3 0  2229
2 59791  43.0035 323.8653 0001128 254.1011  99.2300 15.27530473    15
STARLINK-31823
1 59794C 24093N   25222.08381944  .00003765  00000+0  13643-3 0  2221
2 59794  43.0031 323.8885 0001386 262.9716  95.9062 15.27558953    17
STARLINK-31916
1 59795C 24093P   25222.08451389 -.00009113  00000+0 -33008-3 0  2225
2 59795  43.0031 323.9360 0001481 265.2637  76.1816 15.27587011    16
STARLINK-31907
1 59797C 24093R   25222.08034722 -.00013073  00000+0 -47348-3 0  2227
2 59797  43.0023 323.9953 0001391 257.6406  46.7383 15.27591639    19
STARLINK-31687
1 59798C 24093S   25222.08034722 -.00001933  00000+0 -70064-4 0  2222
2 59798  43.0020 324.3269 0001889 265.2970 257.6017 15.27561754    17
STARLINK-31810
1 59799C 24093T   25222.08312500 -.00005586  00000+0 -20246-3 0  2220
2 59799  43.0011 324.1280 0001367 285.0814 330.9287 15.27564154    18
STARLINK-31812
1 59800C 24093U   25222.08381944  .00015069  00000+0  54620-3 0  2229
2 59800  43.0013 324.0259 0001223 281.8541  20.4253 15.27539478    15
STARLINK-31815
1 59801C 24093V   25222.08034722 -.00020918  00000+0 -75788-3 0  2228
2 59801  43.0009 324.0953 0001286 255.8544   6.0977 15.27589071    12
STARLINK-31814
1 59802C 24093W   25222.07826389 -.00021474  00000+0 -77788-3 0  2226
2 59802  43.0020 324.3749 0001549 256.7543 233.4520 15.27596442    13
STARLINK-31794
1 59803C 24093X   25222.08034722  .00046978  00000+0  17025-2 0  2221
2 59803  43.0018 324.2441 0001474 284.0744 274.0498 15.27512728    13
STARLINK-31824
1 59804C 24093Y   25222.07687500 -.00032540  00000+0 -11784-2 0  2227
2 59804  43.0012 324.2142 0001650 269.9369 290.4259 15.27616930    14
STARLINK-31947
1 59835C 24097A   25222.08312500  .00023471  00000+0  85042-3 0  2221
2 59835  43.0041  29.1847 0001664 281.2335 196.5135 15.27543710    12
STARLINK-31929
1 59836C 24097B   25222.08173611  .00020355  00000+0  73738-3 0  2227
2 59836  43.0017  29.7122 0001448 260.5007 350.2947 15.27553397    16
STARLINK-31927
1 59837C 24097C   25222.07826389  .00022714  00000+0  82301-3 0  2221
2 59837  43.0009  29.4479 0001538 259.9082  92.0355 15.27542950    12
STARLINK-31855
1 59838C 24097D   25222.07895833  .00023690  00000+0  85827-3 0  2222
2 59838  43.0041  29.1447 0001610 284.7142 191.3184 15.27545859    19
STARLINK-31887
1 59839C 24097E   25222.08243056  .00026376  00000+0  95568-3 0  2225
2 59839  43.0026  29.7552 0001695 251.9235 341.4699 15.27539769    10
STARLINK-31925
1 59840C 24097F   25222.09006944  .00028641  00000+0  99385-3 0  2229
2 59840  43.0013  29.5707 0001999 296.8633  38.3225 15.28948095    19
STARLINK-31852
1 59841C 24097G   25222.07756944  .00023050  00000+0  83474-3 0  2221
2 59841  43.0017  22.5661 0001449 261.0559  67.5700 15.27560042    10
STARLINK-31906
1 59842C 24097H   25222.07687500  .00022939  00000+0  83145-3 0  2223
2 59842  43.0005  29.5582 0001445 283.8418  18.0287 15.27532095    17
STARLINK-31857
1 59843C 24097J   25222.07965278  .00018424  00000+0  66747-3 0  2228
2 59843  43.0037  29.0594 0001501 258.3263 256.9184 15.27552357    11
STARLINK-31851
1 59844C 24097K   25222.07895833  .00025378  00000+0  91940-3 0  2227
2 59844  43.0037  29.2559 0002026 279.8453 153.7282 15.27544709    12
STARLINK-31903
1 59845C 24097L   25222.06715278  .00025486  00000+0  92357-3 0  2224
2 59845  43.0004  22.4902 0001438 253.0824  74.8340 15.27536257    13
STARLINK-31922
1 59846C 24097M   25222.07895833  .00021307  00000+0  77210-3 0  2221
2 59846  43.0038  29.1133 0001677 259.9186 230.2888 15.27541057    11
STARLINK-31889
1 59847C 24097N   25222.08381944  .00021212  00000+0  76833-3 0  2221
2 59847  43.0038  29.8179 0001505 261.8578 310.8722 15.27556462    14
STARLINK-31859
1 59848C 24097P   25222.08104167 -.00052424  00000+0 -19004-2 0  2229
2 59848  43.0007  22.4929 0001416 266.9992 102.0349 15.27602232    13
STARLINK-31895
1 59849C 24097Q   25222.08451389  .00022713  00000+0  82315-3 0  2223
2 59849  43.0027  29.2736 0001829 260.0592 182.9166 15.27536331    16
STARLINK-31899
1 59850C 24097R   25222.08104167  .00019027  00000+0  68843-3 0  2228
2 59850  43.0016  29.3433 0001452 265.9828 136.4581 15.27593485    17
STARLINK-31896
1 59851C 24097S   25222.08243056  .00022998  00000+0  83348-3 0  2228
2 59851  43.0004  29.3870 0001689 257.4153 131.6522 15.27534890    16
STARLINK-31897
1 59852C 24097T   25222.09076389  .00143060  00000+0  37671-2 0  2224
2 59852  43.0024 356.5453 0006698 336.6304 303.9686 15.37534684    11
STARLINK-31892
1 59853C 24097U   25222.08381944  .00022875  00000+0  82865-3 0  2226
2 59853  43.0010  29.6160 0001695 262.3185  35.3257 15.27551232    11
STARLINK-31891
1 59854C 24097V   25222.07756944  .00024850  00000+0  90050-3 0  2222
2 59854  43.0016  29.7020 0001504 256.7372 345.3011 15.27537596    17
STARLINK-31882
1 59855C 24097W   25222.08243056  .00025876  00000+0  93784-3 0  2225
2 59855  43.0002  22.4262 0001584 253.7585 144.1313 15.27530922    18
STARLINK-31691
1 59856C 24097X   25222.07965278  .00026868  00000+0  97356-3 0  2223
2 59856  43.0036  29.0060 0001849 257.4026 279.0885 15.27537060    12
STARLINK-31569
1 59857C 24097Y   25222.08381944  .00024370  00000+0  88331-3 0  2226
2 59857  43.0007  29.4602 0001598 254.3505 106.9829 15.27531022    14
STARLINK-31654
1 59858C 24098A   25222.07826389  .00017604  00000+0  63791-3 0  2229
2 59858  43.0031  25.6401 0001677 257.6682 289.6150 15.27546550    15
STARLINK-31442
1 59859C 24098B   25222.08312500  .00026340  00000+0  95476-3 0  2228
2 59859  43.0011  36.9360 0001566 252.6788 279.0700 15.27527277    11
STARLINK-31651
1 59860C 24098C   25222.08173611  .00025214  00000+0  91364-3 0  2229
2 59860  43.0019  33.0331 0001475 280.6889  78.7516 15.27539819    13
STARLINK-31584
1 59862C 24098E   25222.08104167  .00023434  00000+0  84928-3 0  2221
2 59862  43.0040  32.9047 0001692 257.5182 154.7334 15.27535924    17
STARLINK-31950
1 59863C 24098F   25222.08243056  .00025929  00000+0  93983-3 0  2225
2 59863  43.0015  33.1270 0001533 286.0730  34.7993 15.27529034    14
STARLINK-31931
1 59864C 24098G   25222.08104167  .00025273  00000+0  91461-3 0  2226
2 59864  43.0006  33.3712 0001568 254.3356 319.8129 15.27580979    11
STARLINK-31938
1 59865C 24098H   25222.08173611  .00024809  00000+0  89923-3 0  2221
2 59865  43.0038  32.7579 0001104 272.0641 200.5949 15.27530113    12
STARLINK-31941
1 59866C 24098J   25222.07965278  .00028957  00000+0  10498-2 0  2227
2 59866  43.0037  15.3097 0001337 250.5239 126.9803 15.27519816    13
STARLINK-31952
1 59867C 24098K   25222.08243056  .00022852  00000+0  82779-3 0  2222
2 59867  43.0007  33.1770 0001680 260.1612  39.4559 15.27552269    15
STARLINK-31921
1 59868C 24098L   25222.07756944  .00015021  00000+0  54440-3 0  2221
2 59868  43.0005 352.7143 0001474 261.3234 259.8581 15.27543160    15
STARLINK-31760
1 59869C 24098M   25222.08312500  .00023279  00000+0  84327-3 0  2220
2 59869  43.0008  33.3138 0001503 258.4726 348.3816 15.27550333    16
STARLINK-31945
1 59870C 24098N   25222.08312500  .00024352  00000+0  88229-3 0  2220
2 59870  43.0020  28.9707 0001510 257.5530 354.5447 15.27544214    15
STARLINK-31937
1 59871C 24098P   25222.08312500  .00021477  00000+0  77801-3 0  2220
2 59871  43.0000  26.0838 0001556 254.8611 121.0805 15.27551428    18
STARLINK-31940
1 59873C 24098R   25222.08034722  .00017891  00000+0  64772-3 0  2227
2 59873  43.0022  25.4368 0001332 278.7106 357.7718 15.27575301    18
STARLINK-31933
1 59874C 24098S   25222.08451389  .00023916  00000+0  86694-3 0  2222
2 59874  43.0030  32.9663 0001839 254.1471 141.8849 15.27527527    18
STARLINK-31936
1 59875C 24098T   25222.08312500  .00006374  00000+0  23101-3 0  2227
2 59875  43.0009   0.6993 0001244 268.0813 118.5328 15.27553349    11
STARLINK-31935
1 59876C 24098U   25222.08034722  .00024705  00000+0  89528-3 0  2228
2 59876  43.0002  33.2755 0001735 255.9459 356.8564 15.27535829    11
STARLINK-31934
1 59877C 24098V   25222.08381944  .00018438  00000+0  66784-3 0  2225
2 59877  43.0040  29.3088 0001797 259.4180 214.9637 15.27559129    11
STARLINK-31943
1 59878C 24098W   25222.08104167  .00023589  00000+0  85440-3 0  2229
2 59878  43.0026  37.0806 0001456 262.8111 207.8392 15.27554633    18
STARLINK-31926
1 59879C 24098X   25222.07756944  .00016980  00000+0  61518-3 0  2222
2 59879  43.0040  22.5657 0002087 263.1665 305.5045 15.27552388    13
STARLINK-31919
1 59880C 24098Y   25222.08381944  .00022377  00000+0  81074-3 0  2225
2 59880  43.0015  33.0676 0001658 258.2152  91.4915 15.27546484    11
STARLINK-31974
1 59885C 24100A   25222.08104167 -.00015572  00000+0 -56416-3 0  2227
2 59885  42.9988 240.4484 0001535 268.0404 109.6942 15.27584583    11
STARLINK-31975
1 59886C 24100B   25222.07965278 -.00025986  00000+0 -94113-3 0  2221
2 59886  42.9987 240.4891 0001400 264.4374  91.4469 15.27607659    12
STARLINK-31976
1 59887C 24100C   25222.07687500 -.00048781  00000+0 -17663-2 0  2223
2 59887  43.0017 244.4105 0001346 269.6890 235.4988 15.27637617    13
STARLINK-31965
1 59888C 24100D   25222.08034722 -.00005807  00000+0 -21038-3 0  2221
2 59888  42.9994 240.6365 0001304 266.8437  29.2328 15.27578206    17
STARLINK-31969
1 59889C 24100E   25222.07965278 -.00008214  00000+0 -29759-3 0  2223
2 59889  42.9986 236.9710 0001199 264.0016 117.5618 15.27577449    17
STARLINK-31951
1 59890C 24100F   25222.08034722 -.00016177  00000+0 -58612-3 0  2224
2 59890  42.9992 240.2494 0001376 268.3377 190.4646 15.27583895    10
STARLINK-31949
1 59891C 24100G   25222.07965278 -.00027942  00000+0 -10123-2 0  2229
2 59891  42.9980 240.3984 0001395 270.3547 120.9665 15.27597483    13
STARLINK-31977
1 59892C 24100H   25222.08104167 -.00019950  00000+0 -72279-3 0  2224
2 59892  42.9984 233.2173 0001433 268.5054 238.3158 15.27588074    11
STARLINK-31963
1 59893C 24100J   25222.07687500 -.00021002  00000+0 -76085-3 0  2221
2 59893  42.9988 240.6042 0001453 271.8161  26.3828 15.27591814    16
STARLINK-31961
1 59894C 24100K   25222.08243056 -.00016331  00000+0 -59166-3 0  2227
2 59894  42.9991 233.4451 0001451 265.6654 149.7564 15.27586140    14
STARLINK-31964
1 59895C 24100L   25222.08034722 -.00018178  00000+0 -65852-3 0  2226
2 59895  43.0003 240.1134 0001789 287.1996 228.2091 15.27590611    12
STARLINK-31905
1 59896C 24100M   25222.07756944 -.00019552  00000+0 -70832-3 0  2224
2 59896  43.0003 237.1158 0001234 264.4042  49.0954 15.27591973    19
STARLINK-31928
1 59897C 24100N   25222.08104167 -.00007364  00000+0 -26677-3 0  2226
2 59897  43.0013 240.7384 0001317 266.5375 350.9179 15.27579141    12
STARLINK-31953
1 59898C 24100P   25222.07895833 -.00007642  00000+0 -27696-3 0  2224
2 59898  42.9992 237.0568 0001383 265.9233  76.4997 15.27567756    16
STARLINK-31942
1 59899C 24100Q   25222.07826389 -.00022079  00000+0 -79978-3 0  2226
2 59899  42.9985 240.3096 0001395 262.4197 163.6874 15.27596533    14
STARLINK-31676
1 59900C 24100R   25222.07756944 -.00022087  00000+0 -80015-3 0  2221
2 59900  42.9987 240.5481 0001192 264.7904  58.4532 15.27594310    18
STARLINK-31908
1 59901C 24100S   25222.07756944 -.00015646  00000+0 -56712-3 0  2222
2 59901  42.9987 233.4203 0001377 265.5836 144.3776 15.27569193    16
STARLINK-31914
1 59902C 24100T   25222.08312500 -.00014337  00000+0 -51939-3 0  2222
2 59902  43.0003 240.6691 0001411 270.6839  19.4728 15.27585896    15
STARLINK-31850
1 59903C 24100U   25222.07826389 -.00018373  00000+0 -66553-3 0  2229
2 59903  42.9984 240.1819 0001646 267.4900 208.1428 15.27593889    17
STARLINK-31924
1 59904C 24100V   25222.07965278 -.00012897  00000+0 -46723-3 0  2223
2 59904  42.9984 240.3506 0001469 267.0279 145.4906 15.27584826    16
STARLINK-31898
1 59905C 24100W   25222.08173611 -.00015183  00000+0 -55007-3 0  2223
2 59905  42.9988 237.0062 0001158 269.7960 102.0164 15.27585599    15
STARLINK-31861
1 59906C 24100X   25222.08034722 -.00052152  00000+0 -18886-2 0  2223
2 59906  42.9983 233.3080 0001227 272.1472 181.3032 15.27636263    12
STARLINK-31920
1 59907C 24100Y   25222.08381944 -.00020452  00000+0 -74102-3 0  2227
2 59907  43.0024 207.9869 0001395 272.1566  91.0558 15.27587645    12
STARLINK-31872
1 59922C 24106A   25222.08173611  .00024373  00000+0  88339-3 0  2221
2 59922  43.0005  87.9123 0001382 280.1869 172.8749 15.27532465    18
STARLINK-31972
1 59923C 24106B   25222.07826389  .00031103  00000+0  11270-2 0  2226
2 59923  42.9991  87.6924 0001557 279.0746 253.8740 15.27534597    11
STARLINK-31958
1 59924C 24106C   25222.08312500  .00033528  00000+0  12159-2 0  2223
2 59924  43.0011  73.0529 0001545 281.8328 239.8378 15.27503936    15
STARLINK-31959
1 59925C 24106D   25222.08312500  .00032480  00000+0  11776-2 0  2224
2 59925  43.0033  83.7256 0002046 280.3334  86.6765 15.27512592    19
STARLINK-31957
1 59926C 24106E   25222.07965278  .00033165  00000+0  12019-2 0  2222
2 59926  43.0026  87.2113 0001567 259.1519 119.5890 15.27526123    19
STARLINK-31968
1 59927C 24106F   25222.07895833  .00034663  00000+0  12563-2 0  2220
2 59927  43.0034  87.3185 0001540 281.9211  50.5225 15.27522327    10
STARLINK-31970
1 59928C 24106G   25222.07965278  .00030561  00000+0  11077-2 0  2224
2 59928  42.9997  87.6323 0001380 275.1076 286.7448 15.27524914    14
STARLINK-31932
1 59929C 24106H   25222.07756944  .00013713  00000+0  49737-3 0  2228
2 59929  43.0024  84.3869 0001561 283.9822 136.5942 15.27519855    13
STARLINK-31956
1 59930C 24106J   25222.08243056  .00017904  00000+0  64922-3 0  2225
2 59930  43.0008  87.5319 0001619 250.6135   1.9832 15.27523751    17
STARLINK-31960
1 59931C 24106K   25222.07687500  .00021632  00000+0  78450-3 0  2225
2 59931  43.0034  87.3624 0001603 253.4699  53.4579 15.27514986    13
STARLINK-31432
1 59932C 24106L   25222.08243056  .00030667  00000+0  11121-2 0  2220
2 59932  43.0003  87.8285 0001595 247.8286 244.5026 15.27508956    17
STARLINK-31853
1 59933C 24106M   25222.08312500  .00037429  00000+0  13551-2 0  2224
2 59933  43.0003  87.5778 0001609 289.2151 305.9105 15.27553560    10
STARLINK-31971
1 59934C 24106N   25222.08243056  .00035767  00000+0  12964-2 0  2224
2 59934  43.0029  84.3685 0001555 277.2304 148.8442 15.27520436    12
STARLINK-31962
1 59936C 24106Q   25222.07756944  .00032539  00000+0  11792-2 0  2222
2 59936  43.0001  87.8976 0001572 253.2365 191.0453 15.27529192    15
STARLINK-31879
1 59937C 24106R   25222.08312500  .00032733  00000+0  11862-2 0  2224
2 59937  43.0016  87.9968 0001539 258.6688 159.5936 15.27529626    11
STARLINK-31876
1 59938C 24106S   25222.08381944  .00028651  00000+0  10392-2 0  2224
2 59938  43.0018  87.4729 0001633 287.1467 354.3379 15.27501745    19
STARLINK-31955
1 59939C 24106T   25222.07826389  .00033410  00000+0  12110-2 0  2220
2 59939  43.0034  87.4040 0001525 281.0553  12.2063 15.27521025    16
STARLINK-31946
1 59940C 24106U   25222.08104167  .00031827  00000+0  11535-2 0  2226
2 59940  43.0015  87.9628 0001423 257.1046 170.9302 15.27525418    10
STARLINK-31948
1 59941C 24106V   25222.07965278  .00018270  00000+0  66260-3 0  2227
2 59941  43.0020  84.3244 0001512 281.8061 171.4528 15.27518414    16
STARLINK-31900
1 59942C 24106W   25222.08312500  .00031460  00000+0  11400-2 0  2224
2 59942  43.0029  87.2400 0001612 255.5363 121.0809 15.27532982    15
STARLINK-31973
1 59943C 24106X   25222.07826389  .00026758  00000+0  96984-3 0  2224
2 59943  42.9998  87.7922 0001637 277.6613 212.8835 15.27529352    18
STARLINK-31966
1 59944C 24106Y   25222.07687500  .00039346  00000+0  14249-2 0  2225
2 59944  42.9998  87.7473 0001677 255.6969 248.3371 15.27542421    15
STARLINK-11145 [DTC]
1 59945C 24107A   25222.10395833  .00026069  00000+0  21502-3 0  2225
2 59945  53.1571 214.6211 0001162  66.3532 153.8074 15.69651994    12
STARLINK-11123 [DTC]
1 59948C 24107D   25222.10118056  .00142680  00000+0  11786-2 0  2228
2 59948  53.1572 214.5201 0001636  98.2363 161.7353 15.69498810    10
STARLINK-11138 [DTC]
1 59949C 24107E   25222.09979167  .00034632  00000+0  28561-3 0  2222
2 59949  53.1566 214.2968 0001431  88.8878 274.1415 15.69645410    18
STARLINK-11130 [DTC]
1 59950C 24107F   25222.10118056  .00021341  00000+0  17607-3 0  2220
2 59950  53.1573 214.4631 0001582  83.3990 204.2800 15.69648647    16
STARLINK-11124 [DTC]
1 59952C 24107H   25222.09979167  .00033563  00000+0  27685-3 0  2224
2 59952  53.1569 214.3569 0001367  91.6891 243.6137 15.69642098    19
STARLINK-11143 [DTC]
1 59953C 24107J   25222.10326389  .00041768  00000+0  34439-3 0  2220
2 59953  53.1565 214.2263 0001243  97.6936 312.6898 15.69643891    18
STARLINK-31995
1 59958C 24107P   25222.08034722 -.00007542  00000+0 -25445-3 0  2220
2 59958  53.1594 328.3914 0001426  99.2826  86.5001 15.30165904    19
STARLINK-31989
1 59959C 24107Q   25222.08381944  .00020466  00000+0  69040-3 0  2229
2 59959  53.1603 328.3076 0001434  98.8124 141.0225 15.30141692    18
STARLINK-31856
1 59960C 24107R   25222.08243056  .00016480  00000+0  55606-3 0  2226
2 59960  53.1596 328.3475 0001259 106.9260 107.8190 15.30139626    16
STARLINK-31993
1 59961C 24107S   25222.08104167  .00006488  00000+0  21902-3 0  2225
2 59961  53.1587 328.4551 0001243  98.2554  56.5229 15.30131703    16
STARLINK-31991
1 59963C 24107U   25222.08381944  .00010131  00000+0  34183-3 0  2222
2 59963  53.1589 328.4076 0001213  88.4137  99.0795 15.30145884    12
STARLINK-31979
1 59964C 24107V   25222.07687500 -.00009730  00000+0 -32825-3 0  2225
2 59964  53.1589 328.5181 0001295  98.1726  10.3090 15.30170952    11
STARLINK-31978
1 60016C 24111A   25222.08173611  .00001020  00000+0  34380-4 0  2225
2 60016  53.1596 338.8559 0001188  71.4709 185.7611 15.30198672    13
STARLINK-31984
1 60018C 24111C   25222.08312500  .00003315  00000+0  11183-3 0  2223
2 60018  53.1589 338.6968 0001461  77.2140 263.3799 15.30160627    15
STARLINK-31986
1 60019C 24111D   25222.07826389  .00025062  00000+0  84495-3 0  2227
2 60019  53.1594 338.6142 0001205  97.9838 268.1562 15.30155721    15
STARLINK-31883
1 60020C 24111E   25222.07895833 -.00019600  00000+0 -66044-3 0  2222
2 60020  53.1595 338.8325 0001163  87.5662 171.8880 15.30218304    16
STARLINK-31967
1 60021C 24111F   25222.07965278  .00006715  00000+0  22648-3 0  2227
2 60021  53.1603 338.2512 0001346 101.4918  92.6229 15.30163735    16
STARLINK-31982
1 60022C 24111G   25222.07826389 -.00010991  00000+0 -37079-3 0  2224
2 60022  53.1599 338.1948 0001216  94.5335 126.8378 15.30171863    10
STARLINK-31992
1 60023C 24111H   25222.08381944  .00010417  00000+0  35140-3 0  2227
2 60023  53.1602 338.2674 0001352  94.4363 105.2178 15.30151980    11
STARLINK-31990
1 60024C 24111J   25222.08381944  .00008587  00000+0  28961-3 0  2226
2 60024  53.1606 338.4874 0001402 102.6794 346.4395 15.30160840    11
STARLINK-31864
1 60025C 24111K   25222.08659722  .00051015  00000+0  16737-2 0  2220
2 60025  53.1608 338.5859 0001203  38.5581 335.3719 15.31007987    18
STARLINK-32006
1 60029C 24111P   25222.07826389  .00013824  00000+0  46637-3 0  2227
2 60029  53.1601 338.5475 0001447 102.2399 298.8377 15.30146485    14
STARLINK-32011
1 60030C 24111Q   25222.08451389 -.00014869  00000+0 -50173-3 0  2226
2 60030  53.1600 338.1884 0001319 111.8620 132.3453 15.30168981    18
STARLINK-31878
1 60031C 24111R   25222.07965278  .00015920  00000+0  53688-3 0  2224
2 60031  53.1575 286.7673 0001309  84.6780 232.2531 15.30157264    16
STARLINK-32017
1 60032C 24111S   25222.08104167 -.00026971  00000+0 -90972-3 0  2225
2 60032  53.1598 338.5999 0001374  83.2819 309.8218 15.30192931    12
STARLINK-32005
1 60034C 24111U   25222.08243056  .00021589  00000+0  72790-3 0  2224
2 60034  53.1605 338.4575 0001255  97.9437   0.9661 15.30157748    16
STARLINK-31981
1 60035C 24111V   25222.08104167 -.00013515  00000+0 -45583-3 0  2226
2 60035  53.1590 338.6688 0000979 101.9873 244.5788 15.30181188    10
STARLINK-31985
1 60036C 24111W   25222.08451389 -.00009389  00000+0 -31670-3 0  2224
2 60036  53.1592 338.6170 0001247  95.0837 288.0747 15.30175484    11
STARLINK-31918
1 60037C 24111X   25222.08104167  .00014177  00000+0  47805-3 0  2220
2 60037  53.1602 338.3139 0001582  91.5817  75.2787 15.30160368    12
STARLINK-11129 [DTC]
1 60038C 24112A   25222.09840278  .00021965  00000+0  18116-3 0  2229
2 60038  53.1571 229.6705 0001383  86.8596 274.9521 15.69656786    19
STARLINK-11140 [DTC]
1 60039C 24112B   25222.10395833  .00025395  00000+0  20944-3 0  2227
2 60039  53.1570 229.5863 0000965 101.1312 319.8278 15.69654601    17
STARLINK-11122 [DTC]
1 60040C 24112C   25222.10395833  .00027492  00000+0  22676-3 0  2223
2 60040  53.1569 229.5297 0001256 111.0679 337.6268 15.69649407    13
STARLINK-11149 [DTC]
1 60041C 24112D   25222.09840278  .00037185  00000+0  30671-3 0  2224
2 60041  53.1569 229.5006 0001246  67.8161  17.2172 15.69640782    17
STARLINK-11120 [DTC]
1 60042C 24112E   25222.10048611  .00032551  00000+0  26851-3 0  2225
2 60042  53.1566 229.4337 0001287  79.9373  44.6182 15.69642857    15
STARLINK-11086 [DTC]
1 60043C 24112F   25222.10465278  .00004777  00000+0  39408-4 0  2220
2 60043  53.1563 229.3561 0001093 103.0529  72.8285 15.69667630    11
STARLINK-11135 [DTC]
1 60048C 24112L   25222.09840278  .00023505  00000+0  19388-3 0  2224
2 60048  53.1570 229.0063 0001254  89.4902 245.1576 15.69652758    12
STARLINK-31811
1 60051C 24112P   25222.08104167 -.00011966  00000+0 -40367-3 0  2228
2 60051  53.1596 341.2423 0001243 104.6364 250.2486 15.30175307    16
STARLINK-31775
1 60052C 24112Q   25222.08034722  .00001592  00000+0  53702-4 0  2228
2 60052  53.1605 341.1470 0001295  86.8976 316.5159 15.30160600    19
STARLINK-31793
1 60053C 24112R   25222.08381944  .00000549  00000+0  18509-4 0  2227
2 60053  53.1603 341.1994 0001250 102.3923 285.2420 15.30168496    10
STARLINK-31437
1 60057C 24112V   25222.08104167  .00003098  00000+0  10450-3 0  2229
2 60057  53.1605 341.1772 0001237  89.7655 300.0337 15.30159698    12
STARLINK-11181 [DTC]
1 60059C 24113A   25222.10118056  .00054610  00000+0  45030-3 0  2225
2 60059  53.1578 154.4035 0001298  81.3967  40.1576 15.69629945    17
STARLINK-11176 [DTC]
1 60060C 24113B   25222.10187500  .00055644  00000+0  45892-3 0  2221
2 60060  53.1575 154.3430 0001134  86.0193  67.2091 15.69624504    14
STARLINK-11167 [DTC]
1 60061C 24113C   25222.10326389  .00040288  00000+0  33221-3 0  2223
2 60061  53.1571 154.2791 0001088  74.7692 114.0362 15.69644376    17
STARLINK-11166 [DTC]
1 60062C 24113D   25222.10465278  .00040229  00000+0  33172-3 0  2225
2 60062  53.1568 154.2152 0001142  93.4573 130.9380 15.69644801    12
STARLINK-11165 [DTC]
1 60063C 24113E   25222.10118056  .00049290  00000+0  40641-3 0  2221
2 60063  53.1570 154.1754 0001209  92.1726 140.3244 15.69636838    18
STARLINK-11169 [DTC]
1 60064C 24113F   25222.09979167  .00039381  00000+0  32469-3 0  2227
2 60064  53.1574 154.1255 0001142  99.9383 152.4385 15.69648183    15
STARLINK-11102 [DTC]
1 60065C 24113G   25222.09979167  .00046449  00000+0  38298-3 0  2227
2 60065  53.1576 154.0687 0001052  98.4528 181.6653 15.69640238    16
STARLINK-11141 [DTC]
1 60066C 24113H   25222.10118056  .00009379  00000+0  77304-4 0  2225
2 60066  53.1577 154.0051 0000411  85.1712 230.4909 15.69687054    13
STARLINK-11153 [DTC]
1 60067C 24113J   25222.10187500  .00029314  00000+0  24174-3 0  2223
2 60067  53.1573 154.6795 0001220  66.4922 280.3047 15.69653331    13
STARLINK-11170 [DTC]
1 60068C 24113K   25222.10326389  .00051448  00000+0  42426-3 0  2227
2 60068  53.1573 154.6155 0001170  69.4989 312.8929 15.69631368    10
STARLINK-32032
1 60077C 24113U   25222.08173611  .00001011  00000+0  34118-4 0  2223
2 60077  53.1563 261.7315 0001298  91.8223 346.8127 15.30161214    11
STARLINK-31441
1 60091C 24117A   25222.08312500  .00024800  00000+0  83626-3 0  2223
2 60091  53.1579 299.9408 0001113  98.2534 118.2988 15.30150482    13
STARLINK-32044
1 60092C 24117B   25222.08034722  .00000417  00000+0  14037-4 0  2220
2 60092  53.1591 299.7342 0001344  88.6748 222.9336 15.30216887    11
STARLINK-31239
1 60093C 24117C   25222.08381944  .00021480  00000+0  72446-3 0  2222
2 60093  53.1598 300.2968 0001277 100.1179 299.9355 15.30148016    17
STARLINK-32007
1 60094C 24117D   25222.08243056  .00011965  00000+0  40365-3 0  2226
2 60094  53.1583 300.1537 0001182  80.5277  27.5040 15.30149049    11
STARLINK-32016
1 60096C 24117F   25222.08381944  .00016110  00000+0  54354-3 0  2227
2 60096  53.1594 300.2506 0001298  92.1591 331.1714 15.30142047    11
STARLINK-32003
1 60097C 24117G   25222.08034722  .00018013  00000+0  60759-3 0  2227
2 60097  53.1582 299.9063 0001302  79.2297 145.2771 15.30148353    19
STARLINK-31996
1 60100C 24117K   25222.08104167  .00016399  00000+0  55306-3 0  2220
2 60100  53.1587 299.7982 0001291  85.5633 195.1142 15.30154361    10
STARLINK-31999
1 60101C 24117L   25222.08243056  .00009608  00000+0  32417-3 0  2225
2 60101  53.1596 300.2907 0001324  83.4310 314.8059 15.30148027    11
STARLINK-31954
1 60102C 24117M   25222.08381944  .00021842  00000+0  73655-3 0  2228
2 60102  53.1590 300.2150 0001392  89.9689 350.7970 15.30151636    12
STARLINK-32013
1 60103C 24117N   25222.08381944  .00006306  00000+0  21276-3 0  2229
2 60103  53.1585 300.1804 0001098 107.1771 351.0657 15.30154004    18
STARLINK-32018
1 60105C 24117Q   25222.08104167  .00010708  00000+0  36109-3 0  2223
2 60105  53.1578 300.0880 0001455  92.8190  42.4334 15.30164424    17
STARLINK-32045
1 60106C 24117R   25222.08034722  .00011532  00000+0  38897-3 0  2225
2 60106  53.1579 300.1268 0001493  81.7813  32.2045 15.30154163    16
STARLINK-32035
1 60107C 24117S   25222.08381944  .00012727  00000+0  42921-3 0  2227
2 60107  53.1579 299.9584 0001195  97.0441 111.6949 15.30158723    10
STARLINK-32042
1 60108C 24117T   25222.07965278  .00016103  00000+0  54308-3 0  2229
2 60108  53.1583 299.8728 0001418  92.0567 146.0569 15.30154748    10
STARLINK-32040
1 60109C 24117U   25222.08937500  .00037931  00000+0  12743-2 0  2226
2 60109  53.1580 299.8969 0001195  82.4112 174.4818 15.30257912    15
STARLINK-32001
1 60110C 24117V   25222.07826389  .00015296  00000+0  51590-3 0  2223
2 60110  53.1588 299.7751 0001386  87.3294 195.4968 15.30152336    13
STARLINK-32024
1 60112C 24117X   25222.07895833  .00016199  00000+0  54641-3 0  2228
2 60112  53.1586 299.8402 0001283  98.8845 152.8815 15.30149450    13
STARLINK-11201 [DTC]
1 60113C 24118A   25222.10187500  .00040554  00000+0  33444-3 0  2229
2 60113  53.1568 184.6326 0001345  96.3165  15.1392 15.69640565    13
STARLINK-11198 [DTC]
1 60114C 24118B   25222.09909722  .00045671  00000+0  37662-3 0  2227
2 60114  53.1569 184.5893 0001175 101.2034  22.2814 15.69636942    17
STARLINK-11112 [DTC]
1 60115C 24118C   25222.10395833 -.00091928  00000+0 -75790-3 0  2224
2 60115  53.1572 184.5083 0001175 100.4922  78.1926 15.69780195    14
STARLINK-11210 [DTC]
1 60116C 24118D   25222.09909722  .00048913  00000+0  40332-3 0  2229
2 60116  53.1574 184.4754 0000899  97.2763  81.6789 15.69636648    18
STARLINK-11203 [DTC]
1 60117C 24118E   25222.10256944  .00036447  00000+0  30057-3 0  2225
2 60117  53.1575 184.4017 0000869  80.8892 145.4363 15.69645715    12
STARLINK-11177 [DTC]
1 60118C 24118F   25222.09979167  .00033720  00000+0  27812-3 0  2229
2 60118  53.1574 184.3584 0001038  75.0204 163.3356 15.69645247    13
STARLINK-11127 [DTC]
1 60119C 24118G   25222.09840278 -.00208040  00000+0 -17136-2 0  2228
2 60119  53.1572 184.3079 0000951  79.6002 178.6896 15.69919597    10
STARLINK-11119 [DTC]
1 60121C 24118J   25222.10465278  .00042623  00000+0  35167-3 0  2222
2 60121  53.1578 184.0496 0001538  93.2282 311.3221 15.69627131    11
STARLINK-11157 [DTC]
1 60122C 24118K   25222.10118056  .00035150  00000+0  29001-3 0  2229
2 60122  53.1577 184.1234 0001081  66.9329 290.2456 15.69635389    13
STARLINK-11162 [DTC]
1 60123C 24118L   25222.10465278  .00037224  00000+0  30692-3 0  2223
2 60123  53.1575 183.9928 0001379  74.5658 357.6831 15.69648612    17
STARLINK-11161 [DTC]
1 60124C 24118M   25222.09840278  .00043232  00000+0  35656-3 0  2220
2 60124  53.1571 184.7018 0001240  93.6941 330.4030 15.69636167    19
STARLINK-11160 [DTC]
1 60125C 24118N   25222.10048611 -.00026030  00000+0 -21475-3 0  2227
2 60125  53.1573 184.1815 0001240  94.7602 230.7583 15.69697665    12
STARLINK-31846
1 60126C 24118P   25222.08104167  .00020422  00000+0  68864-3 0  2224
2 60126  53.1591 289.5968 0001262  98.2234  77.6651 15.30155475    16
STARLINK-31838
1 60130C 24118T   25222.08034722  .00015978  00000+0  53871-3 0  2220
2 60130  53.1585 289.7346 0001430  90.3495  11.9118 15.30162629    13
STARLINK-31785
1 60131C 24118U   25222.07756944  .00020020  00000+0  67524-3 0  2221
2 60131  53.1590 289.5661 0001258 102.7421  77.2981 15.30147627    17
STARLINK-31792
1 60132C 24118V   25222.07826389  .00005184  00000+0  17476-3 0  2228
2 60132  53.1585 287.2563 0001264  86.3479 164.4298 15.30178830    15
STARLINK-32043
1 60135C 24120A   25222.07965278 -.00000400  00000+0 -13474-4 0  2228
2 60135  53.1565 222.7663 0001254  80.0883 101.1561 15.30189168    17
STARLINK-32112
1 60136C 24120B   25222.08104167 -.00006989  00000+0 -23559-3 0  2224
2 60136  53.1576 223.1063 0001265  87.0803 287.3106 15.30192451    11
STARLINK-32050
1 60137C 24120C   25222.08381944  .00011990  00000+0  40421-3 0  2228
2 60137  53.1572 223.1626 0001167  82.3949 272.4383 15.30170899    17
STARLINK-32025
1 60138C 24120D   25222.07340278  .00015014  00000+0  50641-3 0  2229
2 60138  53.1564 222.6092 0000911 117.5803 122.3455 15.30151670    15
STARLINK-31694
1 60140C 24120F   25222.08104167  .00008050  00000+0  27136-3 0  2223
2 60140  53.1577 223.0815 0001294  94.0305 292.0119 15.30176126    16
STARLINK-32036
1 60141C 24120G   25222.07965278  .00004640  00000+0  15640-3 0  2229
2 60141  53.1577 223.0769 0001259  96.1309 288.0699 15.30181129    10
STARLINK-32027
1 60143C 24120J   25222.07895833  .00002154  00000+0  72595-4 0  2221
2 60143  53.1567 222.4989 0001186  90.2666 203.5044 15.30189027    19
STARLINK-32033
1 60144C 24120K   25222.07826389 -.00002538  00000+0 -85534-4 0  2227
2 60144  53.1578 222.9775 0001212  87.5969 341.2820 15.30191747    19
STARLINK-32029
1 60145C 24120L   25222.07965278 -.00007957  00000+0 -26826-3 0  2227
2 60145  53.1574 222.9017 0001294  94.5691  16.8784 15.30189739    17
STARLINK-32127
1 60146C 24120M   25222.07687500  .00006305  00000+0  21256-3 0  2223
2 60146  53.1568 222.5276 0001207  83.9684 209.9398 15.30176286    11
STARLINK-32022
1 60149C 24120Q   25222.08104167  .00007169  00000+0  24162-3 0  2228
2 60149  53.1569 222.7918 0001357  87.0525  84.3956 15.30182302    16
STARLINK-32147
1 60152C 24120T   25222.07895833 -.00001948  00000+0 -65664-4 0  2222
2 60152  53.1575 223.1246 0001165  88.5969 268.4940 15.30191309    16
STARLINK-32131
1 60153C 24120U   25222.08034722 -.00004875  00000+0 -16432-3 0  2226
2 60153  53.1577 222.9313 0001229  86.1806  11.6327 15.30191601    18
STARLINK-32137
1 60155C 24120W   25222.07826389 -.00001488  00000+0 -50158-4 0  2226
2 60155  53.1570 222.8377 0001355  84.0599  54.6258 15.30189121    12
STARLINK-32048
1 60156C 24120X   25222.07965278 -.00004597  00000+0 -15493-3 0  2224
2 60156  53.1572 222.8653 0001408  89.8828  39.0056 15.30194022    18
STARLINK-32129
1 60157C 24120Y   25222.08312500  .00007338  00000+0  24724-3 0  2221
2 60157  53.1571 223.1721 0001140  80.9585 264.1550 15.30194451    19
STARLINK-11168 [DTC]
1 60183C 24124A   25222.10187500  .00046432  00000+0  38292-3 0  2220
2 60183  53.1569 124.2326 0001245  92.0240 241.2815 15.69634841    19
STARLINK-11187 [DTC]
1 60184C 24124B   25222.10534722  .00041200  00000+0  33990-3 0  2221
2 60184  53.1572 124.1589 0001142  92.6495 288.0395 15.69631018    13
STARLINK-11180 [DTC]
1 60185C 24124C   25222.10326389 -.00032323  00000+0 -26642-3 0  2224
2 60185  53.1575 124.1123 0001046  89.2088 307.3648 15.69726462    18
STARLINK-11197 [DTC]
1 60186C 24124D   25222.10465278  .00051610  00000+0  42555-3 0  2225
2 60186  53.1572 124.0481 0001060  90.6683 341.5516 15.69634295    11
STARLINK-11194 [DTC]
1 60187C 24124E   25222.09909722  .00055829  00000+0  46039-3 0  2228
2 60187  53.1572 124.0181 0000914  80.2046 348.3519 15.69627196    14
STARLINK-11189 [DTC]
1 60188C 24124F   25222.10118056  .00056755  00000+0  46818-3 0  2227
2 60188  53.1570 124.6857 0000917  74.8944  32.6242 15.69618623    19
STARLINK-11173 [DTC]
1 60192C 24124K   25222.10187500  .00069398  00000+0  57225-3 0  2223
2 60192  53.1577 124.4548 0001208  70.0068 152.3654 15.69614927    15
STARLINK-11172 [DTC]
1 60193C 24124L   25222.10326389  .00066565  00000+0  54894-3 0  2226
2 60193  53.1573 124.3906 0001136  78.2670 179.7012 15.69615603    11
STARLINK-11152 [DTC]
1 60194C 24124M   25222.09909722  .00046416  00000+0  38274-3 0  2220
2 60194  53.1568 124.3537 0001122  97.9626 164.1693 15.69637952    14
STARLINK-11193 [DTC]
1 60195C 24124N   25222.10395833  .00053278  00000+0  43929-3 0  2222
2 60195  53.1566 124.2730 0001222  89.0350 228.3146 15.69633176    14
STARLINK-32023
1 60197C 24124Q   25222.07687500 -.00007438  00000+0 -25069-3 0  2229
2 60197  53.1575 225.7134 0001277  87.5140 237.3679 15.30199597    14
STARLINK-32046
1 60198C 24124R   25222.08034722 -.00003122  00000+0 -10525-3 0  2220
2 60198  53.1570 225.4430 0001335  94.2397  17.7609 15.30188498    11
STARLINK-32049
1 60199C 24124S   25222.08104167  .00003279  00000+0  11052-3 0  2229
2 60199  53.1576 225.5891 0001154  93.0661 307.1454 15.30181817    12
STARLINK-32002
1 60200C 24124T   25222.07895833 -.00014187  00000+0 -47822-3 0  2224
2 60200  53.1571 225.4610 0001153  83.2900  15.2291 15.30201343    17
STARLINK-32020
1 60201C 24124U   25222.07965278  .00011388  00000+0  38391-3 0  2225
2 60201  53.1566 225.1566 0001169  88.5992 164.9990 15.30172073    10
STARLINK-32041
1 60202C 24124V   25222.07756944  .00001440  00000+0  48538-4 0  2227
2 60202  53.1568 225.4315 0001293  87.0781  21.2372 15.30188133    19
STARLINK-32138
1 60255C 24131A   25222.08173611  .00016440  00000+0  55466-3 0  2221
2 60255  53.1596 315.4673 0001264 105.8746  73.3239 15.30142390    18
STARLINK-32166
1 60257C 24131C   25222.07687500  .00022961  00000+0  77448-3 0  2228
2 60257  53.1600 315.6946 0001322 109.9382 297.7600 15.30143526    13
STARLINK-32125
1 60260C 24131F   25222.08243056  .00013295  00000+0  44854-3 0  2222
2 60260  53.1595 315.0002 0001259 110.6196 305.0677 15.30145416    15
STARLINK-32163
1 60262C 24131H   25222.07965278 -.00004229  00000+0 -14271-3 0  2229
2 60262  53.1585 315.2669 0001330 115.7139 156.7093 15.30153906    16
STARLINK-32148
1 60263C 24131J   25222.08104167  .00010060  00000+0  33943-3 0  2228
2 60263  53.1589 315.3625 0001129  84.1727 143.5467 15.30147510    15
STARLINK-32121
1 60264C 24131K   25222.08381944  .00011395  00000+0  38439-3 0  2226
2 60264  53.1589 315.3893 0001280  82.1782 143.3962 15.30150364    19
STARLINK-32120
1 60265C 24131L   25222.07965278  .00013350  00000+0  45030-3 0  2222
2 60265  53.1597 315.7114 0001455  96.8780 308.6775 15.30151447    14
STARLINK-32158
1 60267C 24131N   25222.08312500  .00002907  00000+0  98076-4 0  2224
2 60267  53.1583 315.1680 0001340 105.0783 227.1740 15.30159729    10
STARLINK-32167
1 60268C 24131P   25222.08381944  .00011560  00000+0  38998-3 0  2224
2 60268  53.1589 315.0210 0001305  86.2592 331.2517 15.30149511    11
STARLINK-32144
1 60269C 24131Q   25222.07895833  .00015076  00000+0  50846-3 0  2223
2 60269  53.1589 315.3375 0000982  83.4041 150.2503 15.30155064    19
STARLINK-32164
1 60271C 24131S   25222.07965278  .00015411  00000+0  51977-3 0  2226
2 60271  53.1600 315.6903 0001503  99.4224 317.7578 15.30152668    15
STARLINK-32128
1 60272C 24131T   25222.07756944  .00031354  00000+0  10573-2 0  2225
2 60272  53.1584 315.1627 0001173  94.6930 224.3715 15.30144789    10
STARLINK-32155
1 60274C 24131V   25222.07756944  .00011851  00000+0  39969-3 0  2228
2 60274  53.1598 315.5194 0001290  81.7314  57.0154 15.30158646    18
STARLINK-32152
1 60275C 24131W   25222.08104167  .00019889  00000+0  67068-3 0  2224
2 60275  53.1583 315.1097 0001276  87.8766 267.7725 15.30154782    14
STARLINK-32154
1 60276C 24131X   25222.08312500  .00001456  00000+0  49124-4 0  2222
2 60276  53.1586 315.0295 0001352 101.1305 300.9300 15.30153548    19
STARLINK-32156
1 60278C 24132A   25222.08104167  .00002114  00000+0  71300-4 0  2226
2 60278  53.1585 315.2506 0001274 100.3634 249.3811 15.30158953    14
STARLINK-32010
1 60279C 24132B   25222.07895833  .00006627  00000+0  22343-3 0  2228
2 60279  53.1596 315.6203 0001244  86.9671  70.9632 15.30172958    12
STARLINK-32118
1 60280C 24132C   25222.08381944  .00002351  00000+0  79343-4 0  2227
2 60280  53.1588 315.1683 0001471 104.6661 295.3114 15.30146825    13
STARLINK-32038
1 60281C 24132D   25222.07687500  .00012504  00000+0  42180-3 0  2223
2 60281  53.1584 315.2242 0001413  81.6536 268.3902 15.30149905    10
STARLINK-32113
1 60282C 24132E   25222.07826389  .00010413  00000+0  35138-3 0  2226
2 60282  53.1582 315.2295 0001179  86.5490 265.3539 15.30143919    11
STARLINK-32037
1 60283C 24132F   25222.07965278  .00011623  00000+0  39221-3 0  2229
2 60283  53.1588 315.4391 0001051  98.8127 150.2380 15.30140527    17
STARLINK-32123
1 60284C 24132G   25222.07895833  .00016496  00000+0  55635-3 0  2229
2 60284  53.1579 302.7163 0001438  89.0206 135.9283 15.30153945    13
STARLINK-31656
1 60286C 24132J   25222.08381944  .00010093  00000+0  34055-3 0  2225
2 60286  53.1598 315.1050 0001261  84.7255 350.1227 15.30144740    11
STARLINK-32114
1 60287C 24132K   25222.07895833  .00018817  00000+0  63515-3 0  2227
2 60287  53.1600 315.6598 0001314  96.9741  37.7837 15.30124306    13
STARLINK-32000
1 60289C 24132M   25222.08034722  .00004578  00000+0  15437-3 0  2221
2 60289  53.1588 315.4731 0001289  86.7347 148.6450 15.30168894    10
STARLINK-32141
1 60290C 24132N   25222.07895833  .00030578  00000+0  10311-2 0  2224
2 60290  53.1583 315.3053 0001178  92.3370 222.6374 15.30145691    17
STARLINK-32142
1 60291C 24132P   25222.08104167  .00030842  00000+0  10400-2 0  2222
2 60291  53.1600 315.0641 0001323  90.2621 352.5294 15.30144232    10
STARLINK-32149
1 60292C 24132Q   25222.07618056 -.00005088  00000+0 -17153-3 0  2228
2 60292  53.1591 315.5274 0001355  83.7454 111.2104 15.30189051    11
STARLINK-32150
1 60294C 24132S   25222.07826389  .00003129  00000+0  10555-3 0  2221
2 60294  53.1591 315.5521 0001346  93.5187  95.5033 15.30158013    19
STARLINK-32143
1 60296C 24132U   25222.08243056  .00016905  00000+0  57002-3 0  2222
2 60296  53.1593 315.5671 0001525  95.8904  98.6225 15.30159466    10
STARLINK-32034
1 60297C 24132V   25222.08034722 -.00013535  00000+0 -45696-3 0  2225
2 60297  53.1587 315.4247 0001167  77.4366 181.2900 15.30149815    18
STARLINK-32124
1 60298C 24132W   25222.07895833  .00021336  00000+0  71968-3 0  2220
2 60298  53.1592 315.5712 0001116  94.8024  86.4122 15.30144489    15
STARLINK-32134
1 60300C 24132Y   25222.08173611  .00025095  00000+0  84611-3 0  2223
2 60300  53.1583 315.3141 0001315  81.3534 237.2894 15.30154021    16
STARLINK-11147 [DTC]
1 60301C 24133A   25222.10465278  .00040097  00000+0  33059-3 0  2220
2 60301  53.1566 109.4856 0000832  90.8166 112.5880 15.69648178    15
STARLINK-11128 [DTC]
1 60302C 24133B   25222.08520833  .00038933  00000+0  32102-3 0  2221
2 60302  53.1568 109.5248 0001058 108.9776  12.2271 15.69646723    17
STARLINK-11227 [DTC]
1 60303C 24133C   25222.08173611  .00038571  00000+0  31798-3 0  2228
2 60303  53.1570 109.4847 0001105  90.6422  38.6579 15.69651011    12
STARLINK-11224 [DTC]
1 60304C 24133D   25222.09909722  .00041614  00000+0  34304-3 0  2228
2 60304  53.1570 109.3415 0000955  94.3630 160.8342 15.69650001    11
STARLINK-11115 [DTC]
1 60305C 24133E   25222.10187500  .00045318  00000+0  37364-3 0  2227
2 60305  53.1569 109.2702 0001154  91.9976 206.6555 15.69642052    18
STARLINK-11109 [DTC]
1 60306C 24133F   25222.10395833  .00043909  00000+0  36206-3 0  2226
2 60306  53.1567 109.2027 0001132  87.5627 250.6114 15.69641335    10
STARLINK-11192 [DTC]
1 60308C 24133H   25222.09979167  .00037275  00000+0  30737-3 0  2226
2 60308  53.1568 109.1661 0001085  84.6862 257.6677 15.69646778    19
STARLINK-11206 [DTC]
1 60312C 24133M   25222.10395833  .00056978  00000+0  46978-3 0  2220
2 60312  53.1566 109.5940 0000973  85.3259  58.6940 15.69630613    12
STARLINK-11205 [DTC]
1 60313C 24133N   25222.10048611  .00041768  00000+0  34444-3 0  2226
2 60313  53.1565 109.5540 0001066 101.9173  50.2078 15.69641186    19
STARLINK-32191
1 60314C 24133P   25222.08104167 -.00008112  00000+0 -27345-3 0  2223
2 60314  53.1589 199.8157 0001360  86.7005 290.7372 15.30195447    13
STARLINK-32194
1 60315C 24133Q   25222.08034722 -.00035177  00000+0 -11851-2 0  2228
2 60315  53.1573 199.9851 0001120  85.9935 206.1071 15.30241101    12
STARLINK-32192
1 60316C 24133R   25222.07965278  .00003656  00000+0  12324-3 0  2229
2 60316  53.1577 199.5854 0001434  85.3732  46.5767 15.30181371    13
STARLINK-32189
1 60317C 24133S   25222.07965278 -.00009229  00000+0 -31108-3 0  2225
2 60317  53.1572 199.9639 0001289  90.4559 209.5356 15.30197868    19
STARLINK-32190
1 60318C 24133T   25222.08104167  .00002421  00000+0  81627-4 0  2226
2 60318  53.1582 199.8506 0001536  85.7294 274.2923 15.30178344    18
STARLINK-32182
1 60319C 24133U   25222.08173611 -.00014870  00000+0 -50131-3 0  2225
2 60319  53.1573 199.9673 0001299  93.3041 212.3635 15.30197319    12
STARLINK-32199
1 60320C 24133V   25222.07895833  .00006078  00000+0  20489-3 0  2225
2 60320  53.1580 199.8962 0001266  87.6254 243.4533 15.30178551    17
STARLINK-32198
1 60321C 24133W   25222.08381944  .00010862  00000+0  36613-3 0  2222
2 60321  53.1572 199.9778 0001219  90.3290 215.1865 15.30177044    14
STARLINK-32203
1 60331C 24136C   25222.08312500  .00074050  00000+0  24954-2 0  2221
2 60331  53.1589 328.5389 0001102  78.9914  69.5610 15.30121912    19
STARLINK-32171
1 60332C 24136D   25222.07687500  .00022518  00000+0  75919-3 0  2226
2 60332  53.1601 338.3720 0001138  86.6359 103.6811 15.30158324    11
STARLINK-32133
1 60333C 24136E   25222.07965278 -.00007971  00000+0 -26881-3 0  2220
2 60333  53.1587 338.8199 0001280  84.4648 242.7239 15.30180187    16
STARLINK-32132
1 60334C 24136F   25222.08381944 -.00000750  00000+0 -25321-4 0  2221
2 60334  53.1592 338.7308 0001249  86.6519 298.4142 15.30154716    10
STARLINK-32168
1 60335C 24136G   25222.07826389 -.00025893  00000+0 -87368-3 0  2221
2 60335  53.1596 338.7214 0001337  87.7710 284.1181 15.30180237    16
STARLINK-32079
1 60336C 24136H   25222.08243056  .00011738  00000+0  39601-3 0  2225
2 60336  53.1599 338.6674 0001428 105.3880 306.9221 15.30147515    15
STARLINK-32078
1 60338C 24136K   25222.07965278  .00014740  00000+0  49706-3 0  2226
2 60338  53.1606 338.6330 0001470  93.9450 326.2837 15.30158777    17
STARLINK-32175
1 60339C 24136L   25222.08381944  .00031287  00000+0  10550-2 0  2229
2 60339  53.1606 338.5911 0001282  98.2915 356.5507 15.30142967    11
STARLINK-32075
1 60345C 24136S   25222.07756944  .00074578  00000+0  25131-2 0  2222
2 60345  53.1603 338.4227 0001264  66.2509  92.9031 15.30123374    12
STARLINK-32082
1 60346C 24136T   25222.08173611  .00018575  00000+0  62636-3 0  2225
2 60346  53.1603 338.4153 0001267  84.8747  91.5191 15.30157185    13
STARLINK-32084
1 60347C 24136U   25222.07895833  .00006354  00000+0  21434-3 0  2225
2 60347  53.1603 338.3919 0001110 101.0742  77.5044 15.30156178    19
STARLINK-32081
1 60348C 24136V   25222.07756944  .00024377  00000+0  82201-3 0  2229
2 60348  53.1602 338.3637 0000996  96.0956  92.2504 15.30150852    15
STARLINK-32181
1 60349C 24136W   25222.08243056  .00012712  00000+0  42855-3 0  2227
2 60349  53.1597 338.2368 0001170  94.2159 173.2674 15.30171269    12
STARLINK-32076
1 60350C 24136X   25222.08243056 -.00008213  00000+0 -27697-3 0  2229
2 60350  53.1598 338.2718 0001129  87.6989 162.3365 15.30182195    11
STARLINK-32097
1 60351C 24136Y   25222.07826389  .00018128  00000+0  61129-3 0  2227
2 60351  53.1593 338.2215 0001132  89.4235 172.5514 15.30157557    10
STARLINK-32227
1 60361C 24138G   25222.07687500 -.00030507  00000+0 -10280-2 0  2228
2 60361  53.1566 212.7812 0001268  84.0647 325.2497 15.30228175    10
STARLINK-32267
1 60363C 24138J   25222.08243056 -.00017277  00000+0 -58246-3 0  2229
2 60363  53.1567 212.7065 0001308  82.9813  26.0829 15.30199098    16
STARLINK-32270
1 60364C 24138K   25222.08173611 -.00004361  00000+0 -14698-3 0  2222
2 60364  53.1576 212.6198 0001313  91.0072  60.7458 15.30192661    19
STARLINK-32188
1 60365C 24138L   25222.08173611  .00001945  00000+0  65567-4 0  2228
2 60365  53.1581 212.5482 0001168  82.7850 103.8804 15.30186050    19
STARLINK-32230
1 60366C 24138M   25222.08173611 -.00000552  00000+0 -18591-4 0  2229
2 60366  53.1570 212.6886 0001195  94.7396  22.1159 15.30192720    12
STARLINK-32243
1 60367C 24138N   25222.07965278 -.00002192  00000+0 -73877-4 0  2227
2 60367  53.1579 212.5790 0001314  91.3962  72.1430 15.30191481    10
STARLINK-32266
1 60369C 24138Q   25222.07895833  .00004508  00000+0  15201-3 0  2225
2 60369  53.1582 199.9896 0001205  82.1636 231.4312 15.30173471    14
STARLINK-32220
1 60370C 24138R   25222.08312500 -.00002140  00000+0 -72127-4 0  2226
2 60370  53.1574 212.6323 0001282  87.5323  60.2521 15.30186235    14
STARLINK-32263
1 60371C 24138S   25222.08173611  .00002291  00000+0  77146-4 0  2226
2 60371  53.1563 212.2049 0001371 100.0810 261.0074 15.30222535    13
STARLINK-32223
1 60373C 24138U   25222.07895833 -.00002022  00000+0 -68148-4 0  2220
2 60373  53.1578 212.5948 0001296  94.9256  58.9727 15.30190514    12
STARLINK-32180
1 60374C 24138V   25222.07895833 -.00006894  00000+0 -23238-3 0  2222
2 60374  53.1576 212.6154 0001237  89.6068  52.6563 15.30194875    11
STARLINK-32281
1 60375C 24138W   25222.08173611 -.00003433  00000+0 -11574-3 0  2223
2 60375  53.1573 212.3064 0001348  88.1201 220.6859 15.30190103    17
STARLINK-32277
1 60376C 24138X   25222.08034722  .00004966  00000+0  16740-3 0  2223
2 60376  53.1571 212.6785 0001228  85.0735  29.9633 15.30180351    18
STARLINK-11182 [DTC]
1 60399C 24141B   25222.08729167  .00046702  00000+0  38497-3 0  2223
2 60399  53.1565  49.2358 0000706  79.8783 164.0786 15.69646911    11
STARLINK-11234 [DTC]
1 60400C 24141C   25222.10048611  .00045433  00000+0  37448-3 0  2222
2 60400  53.1563  49.1141 0000672  85.0044 261.2880 15.69649761    13
STARLINK-11232 [DTC]
1 60401C 24141D   25222.09909722  .00041482  00000+0  34202-3 0  2225
2 60401  53.1561  49.0643 0000651  81.8681 284.3285 15.69645988    18
STARLINK-11139 [DTC]
1 60402C 24141E   25222.10395833  .00041047  00000+0  33838-3 0  2221
2 60402  53.1560  48.9835 0000862 119.3373 302.0692 15.69649993    18
STARLINK-11158 [DTC]
1 60403C 24141F   25222.10395833  .00040834  00000+0  33677-3 0  2226
2 60403  53.1563  49.6612 0000562 106.2896 342.3110 15.69640079    13
STARLINK-11199 [DTC]
1 60404C 24141G   25222.09909722  .00045310  00000+0  37350-3 0  2229
2 60404  53.1565  49.6274 0000782  67.1509  21.6686 15.69647273    18
STARLINK-11081 [DTC]
1 60405C 24141H   25222.10118056  .00043309  00000+0  35710-3 0  2228
2 60405  53.1569  49.5600 0000399 104.8071  23.5438 15.69643200    14
STARLINK-11150 [DTC]
1 60406C 24141J   25222.10465278  .00034207  00000+0  28203-3 0  2226
2 60406  53.1569  49.4865 0000664 110.8175  64.8920 15.69654298    17
STARLINK-11136 [DTC]
1 60407C 24141K   25222.10256944  .00036565  00000+0  30147-3 0  2224
2 60407  53.1568  49.4402 0000657 101.9638  89.7051 15.69651899    16
STARLINK-32244
1 60411C 24141P   25222.07965278  .00017283  00000+0  58275-3 0  2220
2 60411  53.1596 145.7087 0000935  97.4820 102.3723 15.30160923    11
STARLINK-32186
1 60412C 24141Q   25222.08173611  .00016958  00000+0  57177-3 0  2222
2 60412  53.1592 145.6645 0001634  92.1974 136.5988 15.30161147    17
STARLINK-32178
1 60413C 24141R   25222.08173611  .00007237  00000+0  24407-3 0  2223
2 60413  53.1577 145.5604 0001256  69.0254 212.1275 15.30160921    18
STARLINK-32234
1 60414C 24141S   25222.08173611  .00013356  00000+0  45038-3 0  2226
2 60414  53.1587 145.6295 0001246  80.9838 165.2546 15.30161678    15
STARLINK-32265
1 60415C 24141T   25222.08312500  .00011817  00000+0  39851-3 0  2225
2 60415  53.1582 145.5887 0001116 100.5748 170.7773 15.30159835    17
STARLINK-32197
1 60416C 24141U   25222.08243056  .00015930  00000+0  53717-3 0  2222
2 60416  53.1586 135.6994 0001287  78.3427 153.8049 15.30159479    18
STARLINK-32236
1 60418C 24141W   25222.08034722  .00003434  00000+0  11580-3 0  2220
2 60418  53.1570 145.4517 0001112  92.1029 239.5347 15.30173503    19
STARLINK-32254
1 60427C 24144C   25222.07826389  .00032583  00000+0  10987-2 0  2226
2 60427  53.1594 120.1686 0001448  73.6406 113.0282 15.30143497    10
STARLINK-32242
1 60429C 24144E   25222.07895833  .00019495  00000+0  65728-3 0  2229
2 60429  53.1596 120.2010 0001319  65.5850 107.4392 15.30160406    14
STARLINK-32196
1 60430C 24144F   25222.07895833  .00037188  00000+0  12542-2 0  2225
2 60430  53.1594 120.1303 0001014  85.5581 122.3960 15.30132358    15
STARLINK-32246
1 60432C 24144H   25222.08104167  .00024950  00000+0  84123-3 0  2229
2 60432  53.1593 120.1092 0001225  81.3002 143.9343 15.30154030    12
STARLINK-32183
1 60433C 24144J   25222.08243056  .00038646  00000+0  13032-2 0  2228
2 60433  53.1592 120.0793 0001526  92.8614 151.6760 15.30135739    13
STARLINK-32233
1 60434C 24144K   25222.07965278  .00015506  00000+0  52290-3 0  2225
2 60434  53.1580 119.9881 0001371  97.9931 183.5704 15.30156784    17
STARLINK-32222
1 60435C 24144L   25222.07826389  .00017110  00000+0  57689-3 0  2225
2 60435  53.1585 120.0293 0001183  83.7935 172.6558 15.30163172    16
STARLINK-32229
1 60436C 24144M   25222.08243056 -.00035133  00000+0 -11834-2 0  2229
2 60436  53.1575 119.9407 0001383  93.0882 221.1931 15.30245109    13
STARLINK-32241
1 60437C 24144N   25222.08173611  .00026940  00000+0  90839-3 0  2226
2 60437  53.1572 119.9322 0001149  68.9187 247.4038 15.30150119    11
STARLINK-32231
1 60439C 24144Q   25222.07965278  .00021958  00000+0  74030-3 0  2224
2 60439  53.1565 119.8377 0001168  96.6145 260.5518 15.30159612    13
STARLINK-32177
1 60441C 24144S   25222.07895833  .00016024  00000+0  54031-3 0  2223
2 60441  53.1565 119.8066 0001293  76.1802 294.6367 15.30160232    13
STARLINK-32252
1 60442C 24144T   25222.08173611  .00022792  00000+0  76852-3 0  2222
2 60442  53.1571 119.7239 0001304  92.2951 328.7250 15.30154418    18
STARLINK-32237
1 60443C 24144U   25222.07895833  .00029364  00000+0  99005-3 0  2226
2 60443  53.1568 119.7718 0001309 101.4719 286.7790 15.30150192    14
STARLINK-32249
1 60444C 24144V   25222.08381944 -.00031737  00000+0 -10695-2 0  2227
2 60444  53.1579 119.6451 0001235  86.3978  20.9744 15.30228295    13
STARLINK-32228
1 60445C 24144W   25222.08104167  .00026839  00000+0  90496-3 0  2221
2 60445  53.1577 119.6924 0001125  77.8624 356.7773 15.30151175    12
STARLINK-32247
1 60446C 24144X   25222.07965278  .00008545  00000+0  28800-3 0  2223
2 60446  53.1583 109.6187 0001378  91.4601 335.1180 15.30182910    11
STARLINK-32101
1 60447C 24144Y   25222.07756944  .00017777  00000+0  59933-3 0  2220
2 60447  53.1571 119.7666 0001232  72.0381 314.3595 15.30163638    17
STARLINK-31844
1 60583C 24150A   25222.07965278 -.00003796  00000+0 -12796-3 0  2224
2 60583  53.1568 209.6387 0001188  91.9891  34.5264 15.30193788    12
STARLINK-32204
1 60584C 24150B   25222.07965278 -.00002413  00000+0 -81343-4 0  2225
2 60584  53.1572 209.9208 0001290  94.7026 246.4083 15.30187943    17
STARLINK-32130
1 60585C 24150C   25222.07895833 -.00001322  00000+0 -44561-4 0  2224
2 60585  53.1583 210.1781 0001301  85.5738 123.7527 15.30185043    10
STARLINK-31911
1 60587C 24150E   25222.07756944  .00002893  00000+0  97521-4 0  2221
2 60587  53.1581 210.0804 0001312  87.0681 166.9545 15.30182993    11
STARLINK-32169
1 60589C 24150G   25222.07965278  .00002996  00000+0  10098-3 0  2222
2 60589  53.1572 210.3026 0001234  87.9156  61.2616 15.30183687    18
STARLINK-32209
1 60590C 24150H   25222.08243056 -.00000245  00000+0 -82534-5 0  2221
2 60590  53.1563 209.8274 0001307  86.4952 310.6518 15.30182687    18
STARLINK-32170
1 60591C 24150J   25222.08243056 -.00020969  00000+0 -70680-3 0  2224
2 60591  53.1577 210.2315 0001263  83.1414 110.4089 15.30208687    12
STARLINK-31497
1 60592C 24150K   25222.07965278  .00009979  00000+0  33638-3 0  2229
2 60592  53.1579 209.9887 0001364  95.3890 210.8338 15.30176185    18
STARLINK-32210
1 60594C 24150M   25222.07756944 -.00016500  00000+0 -55620-3 0  2224
2 60594  53.1565 209.6760 0001270  89.1247   8.4653 15.30203163    13
STARLINK-32162
1 60597C 24150Q   25222.07965278  .00005788  00000+0  19507-3 0  2227
2 60597  53.1574 210.2786 0001273  86.8493  73.9527 15.30185024    14
STARLINK-32208
1 60598C 24150R   25222.08243056  .00000061  00000+0  20452-5 0  2224
2 60598  53.1571 210.3007 0001216  95.2639  63.3884 15.30192942    18
STARLINK-32165
1 60599C 24150S   25222.06645833  .00014326  00000+0  48332-3 0  2226
2 60599  53.1580 210.2698 0000917  87.1994  35.7652 15.30144683    10
STARLINK-31988
1 60601C 24150U   25222.08173611 -.00000675  00000+0 -22745-4 0  2227
2 60601  53.1581 210.0131 0001307  87.3819 212.8741 15.30185937    11
STARLINK-31983
1 60602C 24150V   25222.07965278  .00000675  00000+0  22766-4 0  2226
2 60602  53.1569 209.8845 0001325  96.7350 261.8412 15.30181152    14
STARLINK-31874
1 60603C 24150W   25222.07756944 -.00000490  00000+0 -16500-4 0  2221
2 60603  53.1576 209.9627 0001328  87.5276 224.6531 15.30188624    10
STARLINK-11259 [DTC]
1 60721C 24152B   25222.10048611  .00045635  00000+0  37635-3 0  2222
2 60721  53.1563  79.5809 0001180 100.3841  93.2702 15.69635546    10
STARLINK-11188 [DTC]
1 60722C 24152C   25222.10048611  .00047584  00000+0  39235-3 0  2226
2 60722  53.1562  79.5241 0000744 112.3504 109.0238 15.69638865    11
STARLINK-11272 [DTC]
1 60723C 24152D   25222.10326389  .00046234  00000+0  38120-3 0  2221
2 60723  53.1560  79.3973 0001036 103.6090 188.9432 15.69640535    17
STARLINK-11261 [DTC]
1 60724C 24152E   25222.08729167  .00034074  00000+0  28114-3 0  2221
2 60724  53.1561  79.5323 0000966  82.5863  91.9767 15.69636213    16
STARLINK-11263 [DTC]
1 60725C 24152F   25222.10395833  .00022790  00000+0  18802-3 0  2229
2 60725  53.1560  79.3367 0001234  90.0099 234.2884 15.69649093    18
STARLINK-11235 [DTC]
1 60726C 24152G   25222.09909722  .00046875  00000+0  38645-3 0  2223
2 60726  53.1562  79.3039 0000885  93.7818 230.6811 15.69642516    10
STARLINK-11080 [DTC]
1 60727C 24152H   25222.09840278  .00035526  00000+0  29289-3 0  2229
2 60727  53.1562  79.2497 0001093 107.8373 240.4369 15.69653815    14
STARLINK-11249 [DTC]
1 60728C 24152J   25222.09909722  .00047254  00000+0  38963-3 0  2220
2 60728  53.1564  79.1887 0001028  88.3351 291.6136 15.69638688    17
STARLINK-11146 [DTC]
1 60729C 24152K   25222.10395833  .00047210  00000+0  38932-3 0  2223
2 60729  53.1567  79.0965 0001038 115.5753 319.6108 15.69635669    13
STARLINK-11255 [DTC]
1 60730C 24152L   25222.09979167  .00044622  00000+0  36795-3 0  2220
2 60730  53.1566  79.0722 0000925  77.3249   2.0217 15.69640043    10
STARLINK-32253
1 60733C 24152P   25222.08312500 -.00012881  00000+0 -43432-3 0  2224
2 60733  53.1572 171.2436 0001220  85.3949 284.2828 15.30191230    11
STARLINK-32272
1 60735C 24152R   25222.07687500  .00003063  00000+0  10326-3 0  2226
2 60735  53.1595 171.6726 0001260  86.6724  50.7949 15.30174379    18
STARLINK-32280
1 60736C 24152S   25222.08590278  .00170200  00000+0  45961-2 0  2223
2 60736  53.1571 170.1912 0003980 103.7474  94.8513 15.37017183    10
STARLINK-32289
1 60737C 24152T   25222.08243056 -.00004696  00000+0 -15831-3 0  2224
2 60737  53.1589 171.5771 0001346  91.4707 111.4967 15.30187369    10
STARLINK-32304
1 60738C 24152U   25222.08034722  .00001444  00000+0  48682-4 0  2220
2 60738  53.1583 171.5519 0001454  89.2629 119.6902 15.30179007    12
STARLINK-32235
1 60739C 24152V   25222.07687500 -.00016764  00000+0 -56499-3 0  2225
2 60739  53.1580 171.5334 0001226  86.6300 120.6277 15.30209041    18
STARLINK-32315
1 60740C 24152W   25222.08173611 -.00001298  00000+0 -43768-4 0  2223
2 60740  53.1577 171.4759 0001281  81.3629 170.1484 15.30177172    12
STARLINK-11242 [DTC]
1 60903C 24154A   25222.09979167  .00041674  00000+0  34358-3 0  2221
2 60903  53.1563  94.0771 0001094 106.3410 312.2258 15.69647269    19
STARLINK-11256 [DTC]
1 60904C 24154B   25222.10187500  .00044619  00000+0  36789-3 0  2228
2 60904  53.1565  94.0100 0001003 108.4862 349.5963 15.69642444    18
STARLINK-11159 [DTC]
1 60905C 24154C   25222.10395833  .00045946  00000+0  37885-3 0  2221
2 60905  53.1566  94.6206 0000670  62.6064 102.1614 15.69640196    15
STARLINK-11264 [DTC]
1 60906C 24154D   25222.10395833  .00038455  00000+0  31707-3 0  2226
2 60906  53.1565  94.5633 0000797 108.0262  84.4757 15.69648259    11
STARLINK-11226 [DTC]
1 60907C 24154E   25222.10118056  .00041713  00000+0  34390-3 0  2229
2 60907  53.1566  94.5205 0001118  81.0386 123.4899 15.69646787    18
STARLINK-11265 [DTC]
1 60909C 24154G   25222.09979167 -.00049197  00000+0 -40591-3 0  2223
2 60909  53.1566  94.6962 0001018  85.6906  27.8440 15.69719816    11
STARLINK-11273 [DTC]
1 60913C 24154L   25222.09979167  .00055686  00000+0  45912-3 0  2228
2 60913  53.1565  94.2413 0001124  90.1845 245.1867 15.69631966    10
STARLINK-11248 [DTC]
1 60914C 24154M   25222.10256944  .00047021  00000+0  38769-3 0  2228
2 60914  53.1563  94.1707 0001278  94.2195 284.5863 15.69639600    13
STARLINK-11271 [DTC]
1 60915C 24154N   25222.10534722  .00045810  00000+0  37770-3 0  2227
2 60915  53.1563  94.1002 0001125 105.4498 316.7990 15.69641224    18
STARLINK-32371
1 60916C 24154P   25222.07756944 -.00005748  00000+0 -19374-3 0  2224
2 60916  53.1569 186.7661 0001235  91.6323 357.0679 15.30195421    12
STARLINK-32369
1 60917C 24154Q   25222.08173611 -.00009869  00000+0 -33268-3 0  2226
2 60917  53.1590 186.5438 0001409  87.9687 128.3895 15.30193916    17
STARLINK-32317
1 60918C 24154R   25222.07826389 -.00006569  00000+0 -22150-3 0  2225
2 60918  53.1582 187.0408 0001328  99.1746 213.7662 15.30184075    10
STARLINK-32367
1 60919C 24154S   25222.07895833  .00002057  00000+0  69330-4 0  2224
2 60919  53.1593 186.4283 0001395  84.8907 180.1561 15.30182408    14
STARLINK-32345
1 60920C 24154T   25222.07826389 -.00005326  00000+0 -17951-3 0  2221
2 60920  53.1582 187.0501 0001364  90.5979 216.5137 15.30192817    11
STARLINK-32356
1 60921C 24154U   25222.07618056 -.00002281  00000+0 -76878-4 0  2223
2 60921  53.1579 186.6674 0001328  93.1063  40.2885 15.30190946    10
STARLINK-32373
1 60923C 24154W   25222.08104167 -.00002603  00000+0 -87745-4 0  2222
2 60923  53.1570 186.9331 0001264  91.1417 283.6331 15.30192017    16
STARLINK-11245 [DTC]
1 60925C 24155B   25222.09979167  .00022393  00000+0  18471-3 0  2221
2 60925  53.1564 304.5102 0001060 106.3821  21.0930 15.69653782    19
STARLINK-11244 [DTC]
1 60926C 24155C   25222.09840278  .00028724  00000+0  23710-3 0  2228
2 60926  53.1567 304.4023 0001299  92.1913  82.9991 15.69631116    12
STARLINK-11243 [DTC]
1 60927C 24155D   25222.10326389  .00037516  00000+0  30944-3 0  2229
2 60927  53.1565 304.4358 0001078  82.8131  92.0497 15.69640313    17
STARLINK-11238 [DTC]
1 60928C 24155E   25222.10465278  .00041507  00000+0  34237-3 0  2225
2 60928  53.1567 304.3144 0000935  79.1424 159.0450 15.69635446    11
STARLINK-11240 [DTC]
1 60929C 24155F   25222.10048611  .00033089  00000+0  27296-3 0  2227
2 60929  53.1567 304.2780 0001189  69.1426 173.2254 15.69641502    10
STARLINK-11251 [DTC]
1 60930C 24155G   25222.10465278  .00030603  00000+0  25239-3 0  2225
2 60930  53.1567 304.2007 0001205  88.5593 205.0890 15.69649101    16
STARLINK-11204 [DTC]
1 60931C 24155H   25222.09840278  .00024315  00000+0  20057-3 0  2227
2 60931  53.1567 304.1747 0001271  91.4666 194.5882 15.69651383    12
STARLINK-11246 [DTC]
1 60932C 24155J   25222.09979167  .00022990  00000+0  18966-3 0  2221
2 60932  53.1567 304.1105 0001255  79.8991 241.7489 15.69650020    19
STARLINK-11207 [DTC]
1 60933C 24155K   25222.09909722  .00030496  00000+0  25155-3 0  2220
2 60933  53.1567 304.0568 0001342  82.4579 263.0056 15.69645625    13
STARLINK-11237 [DTC]
1 60934C 24155L   25222.10118056  .00034231  00000+0  28238-3 0  2221
2 60934  53.1568 303.9887 0001290  97.2867 287.6983 15.69639925    10
STARLINK-32259
1 60937C 24155P   25222.08312500 -.00000567  00000+0 -19121-4 0  2220
2 60937  53.1578  32.7307 0001207  85.4452 163.8828 15.30183731    15
STARLINK-32262
1 60938C 24155Q   25222.08173611 -.00001286  00000+0 -43348-4 0  2226
2 60938  53.1580  19.9823 0001070  81.9376 354.3692 15.30181389    16
STARLINK-32258
1 60939C 24155R   25222.08381944  .00002632  00000+0  88612-4 0  2224
2 60939  53.1586  32.5769 0000946  87.5365 241.1032 15.30218888    10
STARLINK-32251
1 60940C 24155S   25222.07618056 -.00006201  00000+0 -20905-3 0  2220
2 60940  53.1579  32.6818 0001084  84.6463 167.1189 15.30190618    11
STARLINK-32224
1 60941C 24155T   25222.08312500  .00012538  00000+0  42265-3 0  2228
2 60941  53.1583  32.6138 0001145  79.9794 227.5052 15.30173168    15
STARLINK-32184
1 60942C 24155U   25222.08312500  .00018553  00000+0  62547-3 0  2227
2 60942  53.1578  32.6962 0001191  78.0661 188.7138 15.30164441    16
STARLINK-11283 [DTC]
1 60993C 24158D   25222.10048611  .00020502  00000+0  16910-3 0  2228
2 60993  53.1568 244.6811 0001370  83.0740  48.1907 15.69657596    15
STARLINK-11267 [DTC]
1 60994C 24158E   25222.10118056  .00023032  00000+0  18995-3 0  2226
2 60994  53.1571 244.6247 0001256  89.1847  73.7444 15.69656406    10
STARLINK-11269 [DTC]
1 60995C 24158F   25222.09979167  .00021812  00000+0  17992-3 0  2223
2 60995  53.1570 244.5704 0001134  98.1521  84.6757 15.69653858    17
STARLINK-11281 [DTC]
1 60996C 24158G   25222.10395833  .00028598  00000+0  23584-3 0  2220
2 60996  53.1567 244.4931 0001412  82.0057 152.0996 15.69652833    17
STARLINK-11260 [DTC]
1 60997C 24158H   25222.10465278  .00036182  00000+0  29841-3 0  2222
2 60997  53.1555 222.1483 0001435  81.0445 174.1809 15.69643427    12
STARLINK-11287 [DTC]
1 60998C 24158J   25222.09840278 -.00035990  00000+0 -29698-3 0  2226
2 60998  53.1564 244.4638 0001073  98.9686 131.5449 15.69703527    19
STARLINK-11270 [DTC]
1 60999C 24158K   25222.10256944  .00032140  00000+0  26505-3 0  2226
2 60999  53.1563 244.3865 0001410  83.0528 198.6775 15.69649440    14
STARLINK-32279
1 61003C 24158P   25222.08034722  .00014959  00000+0  50462-3 0  2225
2 61003  53.1601 328.4918 0001215  95.8538 211.7878 15.30147387    14
STARLINK-32336
1 61004C 24158Q   25222.08034722 -.00006713  00000+0 -22657-3 0  2222
2 61004  53.1599 328.4474 0001207  85.5269 245.3881 15.30154936    11
STARLINK-32282
1 61006C 24158S   25222.07965278  .00046294  00000+0  15612-2 0  2220
2 61006  53.1597 328.3439 0001310 111.8137 267.5970 15.30125952    14
STARLINK-32340
1 61008C 24158U   25222.07687500  .00002618  00000+0  88313-4 0  2223
2 61008  53.1605 328.5825 0001253  87.7261 125.2097 15.30163147    10
STARLINK-32357
1 61009C 24158V   25222.08659722  .00133450  00000+0  37722-2 0  2225
2 61009  53.1576 288.0091 0003012  29.2273  43.7553 15.35639727    10
STARLINK-32347
1 61010C 24158W   25222.07965278 -.00010318  00000+0 -34802-3 0  2228
2 61010  53.1597 328.3765 0001023  86.8767 275.0783 15.30178505    10
STARLINK-11286 [DTC]
1 61050C 24164A   25222.10048611  .00021131  00000+0  17430-3 0  2227
2 61050  53.1568 274.3501 0001337  99.7162 350.2765 15.69654984    18
STARLINK-11252 [DTC]
1 61051C 24164B   25222.09979167  .00032932  00000+0  27162-3 0  2229
2 61051  53.1567 274.2965 0001330  97.3486  16.4568 15.69645213    14
STARLINK-11284 [DTC]
1 61052C 24164C   25222.10187500  .00035384  00000+0  29184-3 0  2224
2 61052  53.1564 274.2298 0001302  76.3927  76.9246 15.69643106    10
STARLINK-11230 [DTC]
1 61053C 24164D   25222.10465278  .00036114  00000+0  29788-3 0  2228
2 61053  53.1563 274.1593 0001166  97.7464  99.0230 15.69641237    10
STARLINK-11268 [DTC]
1 61055C 24164F   25222.10048611  .00035408  00000+0  29209-3 0  2221
2 61055  53.1562 274.0656 0001041  92.8594 135.8257 15.69639551    16
STARLINK-11156 [DTC]
1 61056C 24164G   25222.10187500  .00030897  00000+0  25482-3 0  2229
2 61056  53.1565 274.0016 0001002  85.2753 178.9936 15.69648784    10
STARLINK-11231 [DTC]
1 61057C 24164H   25222.09909722  .00151930  00000+0  12552-2 0  2221
2 61057  53.1568 274.6929 0001358  68.5149 207.2612 15.69487805    12
STARLINK-11299 [DTC]
1 61058C 24164J   25222.09909722  .00033204  00000+0  27387-3 0  2228
2 61058  53.1568 274.6364 0001024  63.5826 239.8815 15.69644974    11
STARLINK-11297 [DTC]
1 61060C 24164L   25222.09979167  .00087968  00000+0  72560-3 0  2220
2 61060  53.1566 274.5192 0001082  81.0284 281.8101 15.69589280    10
STARLINK-11233 [DTC]
1 61061C 24164M   25222.10187500  .00029281  00000+0  24152-3 0  2223
2 61061  53.1567 274.4515 0001176  96.8539 305.5284 15.69647457    18
STARLINK-11236 [DTC]
1 61062C 24164N   25222.10395833  .00030126  00000+0  24850-3 0  2229
2 61062  53.1568 274.3837 0001129 101.7024 340.2000 15.69645465    18
STARLINK-32350
1 61063C 24164P   25222.08034722  .00026579  00000+0  89627-3 0  2224
2 61063  53.1607 354.0107 0001256  94.5390 114.1259 15.30148473    14
STARLINK-32378
1 61064C 24164Q   25222.08104167  .00005584  00000+0  18833-3 0  2220
2 61064  53.1608 354.0413 0001266  91.0354 104.0218 15.30161926    10
STARLINK-32321
1 61065C 24164R   25222.08173611 -.00012209  00000+0 -41171-3 0  2226
2 61065  53.1596 354.1428 0001335  95.8193  50.6897 15.30186391    16
STARLINK-32385
1 61068C 24164U   25222.07687500 -.00012816  00000+0 -43213-3 0  2228
2 61068  53.1601 354.1298 0001346  91.1415  46.0234 15.30189461    14
STARLINK-32380
1 61069C 24164V   25222.07965278  .00000957  00000+0  32265-4 0  2227
2 61069  53.1603 354.0826 0001359  86.0674  83.8551 15.30184589    14
STARLINK-32375
1 61070C 24164W   25222.07965278 -.00001797  00000+0 -60610-4 0  2229
2 61070  53.1593 354.1814 0001358  84.8351  32.7770 15.30168685    14
STARLINK-11209 [DTC]
1 61200C 24171A   25222.09840278  .00056369  00000+0  46488-3 0  2225
2 61200  53.1577 139.5318 0001357  87.6141 260.4669 15.69624091    19
STARLINK-11257 [DTC]
1 61201C 24171B   25222.10326389  .00055525  00000+0  45786-3 0  2223
2 61201  53.1573 139.4455 0001220  81.7370 321.5630 15.69628091    16
STARLINK-11309 [DTC]
1 61202C 24171C   25222.09979167  .00039009  00000+0  32166-3 0  2227
2 61202  53.1569 139.4056 0001170  96.7422 314.6498 15.69645991    10
STARLINK-11292 [DTC]
1 61203C 24171D   25222.09909722  .00038303  00000+0  31581-3 0  2224
2 61203  53.1569 139.3518 0001241  90.1052 345.0937 15.69648397    18
STARLINK-11302 [DTC]
1 61204C 24171E   25222.09979167  .00038516  00000+0  31755-3 0  2224
2 61204  53.1572 139.2915 0001116 100.1209   6.7381 15.69649520    13
STARLINK-11277 [DTC]
1 61205C 24171F   25222.09840278  .00043368  00000+0  35755-3 0  2220
2 61205  53.1576 139.1844 0000937  92.7667  61.7148 15.69645380    14
STARLINK-11279 [DTC]
1 61206C 24171G   25222.10256944  .00041628  00000+0  34325-3 0  2223
2 61206  53.1574 139.1068 0001000  82.6063 123.1808 15.69643787    16
STARLINK-11091 [DTC]
1 61207C 24171H   25222.10395833  .00014637  00000+0  12062-3 0  2229
2 61207  53.1574 139.2143 0001046  88.4816  69.6331 15.69684088    16
STARLINK-11291 [DTC]
1 61208C 24171J   25222.10395833  .00036041  00000+0  29720-3 0  2222
2 61208  53.1572 139.0422 0001146  78.5227 162.8548 15.69647151    16
STARLINK-11304 [DTC]
1 61209C 24171K   25222.10395833  .00044776  00000+0  36923-3 0  2220
2 61209  53.1570 138.9852 0001265  63.2929 205.8253 15.69638610    13
STARLINK-32386
1 61213C 24171P   25222.07965278  .00002767  00000+0  93271-4 0  2221
2 61213  53.1578 225.0075 0001274  95.6706 309.0167 15.30183710    18
STARLINK-32392
1 61214C 24171Q   25222.07756944 -.00008189  00000+0 -27604-3 0  2222
2 61214  53.1570 225.2137 0000988  81.5964 212.7263 15.30194142    11
STARLINK-32436
1 61215C 24171R   25222.07965278  .00009820  00000+0  33069-3 0  2228
2 61215  53.1577 225.0199 0001741  71.9461 326.8171 15.30208190    12
STARLINK-32342
1 61217C 24171T   25222.08173611 -.00010759  00000+0 -36268-3 0  2222
2 61217  53.1565 225.3320 0001271  87.7273 159.7629 15.30195664    16
STARLINK-32248
1 61219C 24171V   25222.07826389 -.00002749  00000+0 -92647-4 0  2224
2 61219  53.1567 225.5614 0001304  87.7093  30.1255 15.30190320    16
STARLINK-11280 [DTC]
1 61245C 24175C   25222.10048611  .00042180  00000+0  34775-3 0  2223
2 61245  53.1566  19.1910 0000703 106.2982 336.8714 15.69646567    13
STARLINK-11308 [DTC]
1 61246C 24175D   25222.10395833  .00047843  00000+0  39441-3 0  2221
2 61246  53.1569  19.2225 0000854  87.3074 347.7561 15.69643315    14
STARLINK-11305 [DTC]
1 61247C 24175E   25222.09979167  .00039634  00000+0  32678-3 0  2222
2 61247  53.1564  19.1299 0000562 110.5285 356.4559 15.69648640    19
STARLINK-11317 [DTC]
1 61248C 24175F   25222.10465278  .00044688  00000+0  36846-3 0  2224
2 61248  53.1565  19.0483 0001114  91.5445  70.6674 15.69641851    15
STARLINK-11293 [DTC]
1 61249C 24175G   25222.09979167  .00049176  00000+0  40539-3 0  2221
2 61249  53.1566  19.0148 0000602  92.2449  70.2123 15.69642203    15
STARLINK-11334 [DTC]
1 61250C 24175H   25222.11020833  .00121340  00000+0  82260-3 0  2224
2 61250  53.1549  18.5011 0003601 313.9663 144.4415 15.74177346    19
STARLINK-11319 [DTC]
1 61251C 24175J   25222.10395833  .00051568  00000+0  42514-3 0  2221
2 61251  53.1569  19.6149 0000691  94.6859 146.2337 15.69638468    16
STARLINK-11318 [DTC]
1 61252C 24175K   25222.09840278  .00035017  00000+0  28871-3 0  2229
2 61252  53.1570  19.5854 0000756  95.2090 142.0306 15.69653043    13
STARLINK-11311 [DTC]
1 61253C 24175L   25222.10118056  .00042026  00000+0  34645-3 0  2228
2 61253  53.1570  19.5143 0000927  65.6377 215.0379 15.69649401    18
STARLINK-32431
1 61256C 24175P   25222.07618056  .00024729  00000+0  83372-3 0  2223
2 61256  53.1571  96.9697 0001096  80.7640 312.2274 15.30157524    16
STARLINK-32432
1 61257C 24175Q   25222.08104167  .00028860  00000+0  97305-3 0  2229
2 61257  53.1569  96.9824 0001223  85.8018 316.5419 15.30151252    13
STARLINK-32382
1 61258C 24175R   25222.08034722  .00023139  00000+0  78001-3 0  2225
2 61258  53.1568  97.0192 0001157  80.9018 300.1434 15.30162376    10
STARLINK-32435
1 61259C 24175S   25222.08104167  .00024385  00000+0  82208-3 0  2225
2 61259  53.1566  97.0987 0001125  79.6033 264.5586 15.30158922    11
STARLINK-32474
1 61260C 24175T   25222.08173611  .00022698  00000+0  76534-3 0  2227
2 61260  53.1583  96.8733 0001180  93.8513   4.6811 15.30155005    13
STARLINK-32447
1 61261C 24175U   25222.07965278  .00033565  00000+0  11316-2 0  2226
2 61261  53.1577  96.9176 0001312  76.1074 353.4806 15.30146727    12
STARLINK-32446
1 61262C 24175V   25222.08104167  .00026636  00000+0  89796-3 0  2229
2 61262  53.1566  97.0630 0001076  79.5477 282.0659 15.30156318    19
STARLINK-32174
1 61509C 24183A   25222.07826389  .00009501  00000+0  23707-3 0  2220
2 61509  53.1587  37.6239 0001158  84.2250 243.6278 15.39609387    12
STARLINK-32139
1 61510C 24183B   25222.08034722 -.00006092  00000+0 -20533-3 0  2223
2 61510  53.1580  45.4165 0000917  92.1757 255.0048 15.30195060    15
STARLINK-32140
1 61511C 24183C   25222.07965278  .00024774  00000+0  83520-3 0  2222
2 61511  53.1573  45.2343 0001054  79.1073 357.3339 15.30158583    11
STARLINK-32030
1 61513C 24183E   25222.08173611  .00016607  00000+0  55978-3 0  2229
2 61513  53.1588  45.4792 0001184  88.5092 231.4393 15.30170656    15
STARLINK-32136
1 61515C 24183G   25222.07965278  .00027176  00000+0  91660-3 0  2229
2 61515  53.1598  45.5928 0001403  98.2940 157.8832 15.30140777    14
STARLINK-32047
1 61516C 24183H   25222.08104167  .00020832  00000+0  70221-3 0  2225
2 61516  53.1573  45.2960 0000845  97.3073 306.0768 15.30166327    12
STARLINK-32172
1 61518C 24183K   25222.08173611  .00020389  00000+0  68727-3 0  2222
2 61518  53.1572  45.2579 0001102  81.7594 342.8961 15.30167321    19
STARLINK-32338
1 61519C 24183L   25222.08381944  .00015820  00000+0  53380-3 0  2226
2 61519  53.1576  45.1677 0001047  64.7398  52.2279 15.30139687    11
STARLINK-32306
1 61520C 24183M   25222.08173611 -.00011440  00000+0 -38536-3 0  2220
2 61520  53.1582  45.1434 0001010  83.6863  39.0468 15.30221142    19
STARLINK-32297
1 61521C 24183N   25222.07965278  .00016980  00000+0  57237-3 0  2229
2 61521  53.1585  45.1182 0001149  79.9330  48.8549 15.30169754    11
STARLINK-32260
1 61522C 24183P   25222.07756944  .00020333  00000+0  68539-3 0  2222
2 61522  53.1589  45.0937 0000782  73.7738  60.9794 15.30167455    12
STARLINK-32305
1 61523C 24183Q   25222.07895833  .00020031  00000+0  67514-3 0  2221
2 61523  53.1586  45.4448 0001271  78.3039 243.7894 15.30169818    17
STARLINK-32313
1 61527C 24183U   25222.07826389  .00008220  00000+0  27712-3 0  2227
2 61527  53.1600  45.6261 0001276  95.2777 129.9369 15.30175328    10
STARLINK-32261
1 61530C 24183X   25222.07965278  .00085234  00000+0  28755-2 0  2229
2 61530  53.1593  45.5216 0001131 106.4788 184.5346 15.30075554    13
STARLINK-11362 [DTC]
1 61535C 24184D   25222.09631944  .00033187  00000+0  27372-3 0  2222
2 61535  53.1572 199.2058 0001190  86.9991   0.3269 15.69645528    14
STARLINK-11295 [DTC]
1 61536C 24184E   25222.10395833  .00028591  00000+0  23582-3 0  2221
2 61536  53.1572 199.2254 0001179  64.5439  38.2347 15.69648850    17
STARLINK-11331 [DTC]
1 61537C 24184F   25222.08659722  .00032201  00000+0  26558-3 0  2228
2 61537  53.1575 199.1967 0001186  83.8372 336.2524 15.69646600    18
STARLINK-11325 [DTC]
1 61538C 24184G   25222.10256944  .00003674  00000+0  30316-4 0  2221
2 61538  53.1574 199.0612 0001134  83.3277  94.8703 15.69666697    10
STARLINK-11332 [DTC]
1 61539C 24184H   25222.09909722  .00032851  00000+0  29110-3 0  2227
2 61539  53.1580 199.0222 0001295  87.3611 107.5635 15.67903462    17
STARLINK-11350 [DTC]
1 61540C 24184J   25222.10187500  .00025020  00000+0  20651-3 0  2224
2 61540  53.1569 198.9512 0001161  89.2790 140.4720 15.69635421    17
STARLINK-11357 [DTC]
1 61541C 24184K   25222.10256944 -.00003982  00000+0 -32747-4 0  2229
2 61541  53.1569 199.6262 0001080  87.5650 172.9798 15.69753705    15
STARLINK-32445
1 61546C 24184Q   25222.07965278  .00010115  00000+0  34112-3 0  2228
2 61546  53.1578 277.0819 0001182  94.9032 325.8360 15.30163222    19
STARLINK-32424
1 61548C 24184S   25222.07756944  .00015533  00000+0  52371-3 0  2224
2 61548  53.1576 277.0559 0001249  77.2288 349.4593 15.30163562    18
STARLINK-32476
1 61550C 24184U   25222.07687500  .00015577  00000+0  52532-3 0  2225
2 61550  53.1574 277.0243 0001222  84.6410 355.6902 15.30155776    10
STARLINK-32366
1 61551C 24184V   25222.08173611  .00022167  00000+0  74691-3 0  2223
2 61551  53.1580 277.1070 0001312  68.0007 346.6441 15.30178199    17
STARLINK-11285 [DTC]
1 61578C 24187E   25222.09909722 -.00008191  00000+0 -67609-4 0  2221
2 61578  53.1567 259.1189 0001035  69.8474 171.7892 15.69669258    11
STARLINK-11275 [DTC]
1 61579C 24187F   25222.10118056  .00018179  00000+0  14996-3 0  2221
2 61579  53.1568 259.0512 0001196  93.7341 187.3468 15.69656935    19
STARLINK-11342 [DTC]
1 61580C 24187G   25222.09909722  .00017200  00000+0  14190-3 0  2229
2 61580  53.1569 259.0042 0001217  90.5911 206.4579 15.69654138    11
STARLINK-11374 [DTC]
1 61581C 24187H   25222.10465278  .00033546  00000+0  27668-3 0  2220
2 61581  53.1568 259.6551 0001331 103.3941 252.2125 15.69645007    16
STARLINK-11373 [DTC]
1 61582C 24187J   25222.09979167  .00024533  00000+0  20236-3 0  2226
2 61582  53.1566 259.6225 0001272  90.8885 264.9738 15.69652159    10
STARLINK-11368 [DTC]
1 61583C 24187K   25222.10395833  .00033122  00000+0  27317-3 0  2222
2 61583  53.1563 259.5452 0001205  81.0900 326.0624 15.69647181    18
STARLINK-11370 [DTC]
1 61584C 24187L   25222.09770833  .00034674  00000+0  28599-3 0  2224
2 61584  53.1563 259.5190 0001190 109.6218 289.9294 15.69643470    17
STARLINK-32325
1 61588C 24187Q   25222.08312500  .00010592  00000+0  35729-3 0  2226
2 61588  53.1597 328.0708 0001347  94.4047 269.5224 15.30153012    13
STARLINK-32416
1 61589C 24187R   25222.08173611  .00014477  00000+0  36171-3 0  2223
2 61589  53.1605 320.9762 0001270  94.9520 256.0811 15.39562680    18
STARLINK-32409
1 61591C 24187T   25222.07826389  .00026485  00000+0  66160-3 0  2225
2 61591  53.1600 320.8950 0001637  85.3150 296.1057 15.39556039    12
STARLINK-32422
1 61592C 24187U   25222.08173611  .00025849  00000+0  64572-3 0  2228
2 61592  53.1587 320.5204 0000753  78.1070 142.8079 15.39557166    18
STARLINK-32302
1 61621C 24191A   25222.08243056 -.00012344  00000+0 -44719-3 0  2226
2 61621  43.0029 269.2878 0001547 267.4281 208.7321 15.27585046    12
STARLINK-32364
1 61622C 24191B   25222.07965278 -.00011829  00000+0 -42852-3 0  2226
2 61622  42.9996 269.4369 0001399 265.9370 138.3346 15.27584075    14
STARLINK-32331
1 61623C 24191C   25222.08034722 -.00009375  00000+0 -33969-3 0  2221
2 61623  43.0005 273.0702 0001318 269.0769  70.9244 15.27576274    18
STARLINK-32398
1 61624C 24191D   25222.08312500 -.00018732  00000+0 -67865-3 0  2224
2 61624  42.9990 269.5724 0001656 268.2118  91.4971 15.27589017    12
STARLINK-32365
1 61625C 24191E   25222.08034722 -.00047798  00000+0 -17307-2 0  2221
2 61625  43.0023 269.3321 0001829 272.9961 177.4709 15.27635973    10
STARLINK-32333
1 61626C 24191F   25222.07756944 -.00018132  00000+0 -65693-3 0  2220
2 61626  42.9995 273.2340 0001249 270.0684 350.9812 15.27588054    19
STARLINK-32399
1 61627C 24191G   25222.07687500 -.00010433  00000+0 -37789-3 0  2223
2 61627  43.0001 262.1502 0001822 271.6794 274.6680 15.27586316    17
STARLINK-32421
1 61628C 24191H   25222.07826389 -.00039942  00000+0 -14460-2 0  2220
2 61628  42.9990 269.6850 0001388 262.4437  35.0428 15.27633382    15
STARLINK-32403
1 61629C 24191J   25222.07618056 -.00019261  00000+0 -69768-3 0  2225
2 61629  42.9989 269.5588 0001455 262.5799  80.1162 15.27595645    13
STARLINK-32390
1 61630C 24191K   25222.08243056  .00001034  00000+0  37481-4 0  2227
2 61630  42.9988 269.7615 0001454 269.2288   8.9540 15.27544644    14
STARLINK-32348
1 61631C 24191L   25222.08381944 -.00017533  00000+0 -63523-3 0  2225
2 61631  42.9996 273.0964 0001475 271.2859  66.6098 15.27587020    13
STARLINK-32455
1 61632C 24191M   25222.07687500 -.00022296  00000+0 -80773-3 0  2220
2 61632  42.9992 273.3379 0001434 265.9910 308.7882 15.27593842    16
STARLINK-32396
1 61633C 24191N   25222.08312500  .00018472  00000+0  66927-3 0  2221
2 61633  42.9995 273.1510 0001645 268.8759  43.9454 15.27550180    13
STARLINK-32355
1 61634C 24191P   25222.08104167  .00010566  00000+0  38286-3 0  2223
2 61634  42.9992 273.3485 0001189 272.2133 311.3474 15.27555781    18
STARLINK-32370
1 61635C 24191Q   25222.07687500 -.00015292  00000+0 -55391-3 0  2229
2 61635  43.0030 269.2672 0001413 265.1808 201.6027 15.27591354    17
STARLINK-32405
1 61636C 24191R   25222.08173611 -.00014470  00000+0 -52418-3 0  2228
2 61636  42.9990 273.3942 0001424 265.5230 300.6354 15.27586692    14
STARLINK-32419
1 61637C 24191S   25222.08243056 -.00001688  00000+0 -61157-4 0  2228
2 61637  42.9989 269.7098 0001335 265.9375  33.3621 15.27570058    15
STARLINK-32320
1 61638C 24191T   25222.08312500 -.00022642  00000+0 -82021-3 0  2225
2 61638  42.9995 273.4364 0001471 264.2026 288.3822 15.27596489    18
STARLINK-32341
1 61639C 24191U   25222.07826389 -.00008085  00000+0 -29293-3 0  2227
2 61639  42.9993 269.6326 0001468 264.2478  54.5468 15.27577216    15
STARLINK-32339
1 61640C 24191V   25222.08034722 -.00017120  00000+0 -62028-3 0  2225
2 61640  43.0024 269.1972 0001330 271.8260 235.3163 15.27584753    12
STARLINK-32327
1 61641C 24191W   25222.07895833 -.00017419  00000+0 -63100-3 0  2226
2 61641  43.0012 269.3860 0001500 269.2590 152.4184 15.27590859    10
STARLINK-32264
1 61642C 24191X   25222.07965278 -.00020745  00000+0 -75150-3 0  2222
2 61642  42.9994 273.2705 0001452 269.1422 342.1349 15.27594134    10
STARLINK-32337
1 61643C 24191Y   25222.07756944 -.00016071  00000+0 -58219-3 0  2225
2 61643  42.9992 269.4958 0001275 270.1446 101.4378 15.27589309    13
STARLINK-32310
1 61662C 24193B   25222.07965278  .00010040  00000+0  33850-3 0  2222
2 61662  53.1606 353.8943 0001396  92.2784  83.6152 15.30169541    11
STARLINK-32308
1 61663C 24193C   25222.07965278 -.00002915  00000+0 -98298-4 0  2225
2 61663  53.1606 353.6168 0001291 102.7591 212.7529 15.30171789    16
STARLINK-32301
1 61664C 24193D   25222.07965278 -.00014532  00000+0 -48998-3 0  2225
2 61664  53.1599 354.1943 0001073  88.8960 295.7589 15.30193676    13
STARLINK-32439
1 61665C 24193E   25222.08034722 -.00006601  00000+0 -22255-3 0  2224
2 61665  53.1603 354.2435 0001248  99.9504 259.4627 15.30185453    12
STARLINK-32441
1 61668C 24193H   25222.07756944 -.00011695  00000+0 -39435-3 0  2220
2 61668  53.1592 354.0413 0001307  94.8360 359.7803 15.30188727    13
STARLINK-32400
1 61669C 24193J   25222.08312500  .00006796  00000+0  22917-3 0  2229
2 61669  53.1606 351.6850 0001279  96.1339 130.9026 15.30168687    16
STARLINK-32449
1 61670C 24193K   25222.08312500 -.00009724  00000+0 -32798-3 0  2225
2 61670  53.1596 353.9456 0001216  77.4113  82.7512 15.30176486    16
STARLINK-32453
1 61671C 24193L   25222.07687500 -.00004848  00000+0 -16350-3 0  2228
2 61671  53.1609 353.8378 0001072  86.9740 108.5197 15.30178645    10
STARLINK-32309
1 61676C 24193R   25222.08104167  .00005857  00000+0  19753-3 0  2226
2 61676  53.1604 353.5740 0001267 101.3343 239.2729 15.30165417    13
STARLINK-32323
1 61677C 24193S   25222.07687500  .00009377  00000+0  31618-3 0  2228
2 61677  53.1607 353.6629 0001541  90.6931 192.0358 15.30168439    13
STARLINK-32363
1 61678C 24193T   25222.07895833  .00003453  00000+0  11637-3 0  2227
2 61678  53.1606 353.6068 0001297  85.3560 232.0815 15.30185639    11
STARLINK-32395
1 61679C 24193U   25222.08173611  .00034744  00000+0  11715-2 0  2225
2 61679  53.1603 354.2468 0001333  73.6089 287.6544 15.30144080    17
STARLINK-32412
1 61680C 24193V   25222.08173611 -.00009940  00000+0 -33515-3 0  2222
2 61680  53.1599 354.1649 0001463  99.5443 302.4185 15.30189062    14
STARLINK-32426
1 61681C 24193W   25222.07618056 -.00007017  00000+0 -23658-3 0  2229
2 61681  53.1602 354.2375 0001320  89.6022 258.4788 15.30185880    15
STARLINK-32429
1 61682C 24193X   25222.08034722 -.00005840  00000+0 -19700-3 0  2228
2 61682  53.1607 353.6617 0001253 104.4888 185.7853 15.30169045    14
STARLINK-11312 [DTC]
1 61689C 24195C   25222.10395833  .00043227  00000+0  35638-3 0  2220
2 61689  53.1569 349.5444 0001079  91.5699  80.1675 15.69645914    18
STARLINK-11340 [DTC]
1 61690C 24195D   25222.10256944  .00048543  00000+0  40030-3 0  2229
2 61690  53.1569 349.4945 0001160  61.4321 130.2027 15.69634440    14
STARLINK-11339 [DTC]
1 61691C 24195E   25222.10326389  .00039651  00000+0  32694-3 0  2228
2 61691  53.1567 349.3766 0000888  75.4365 175.5947 15.69646611    18
STARLINK-11315 [DTC]
1 61692C 24195F   25222.10118056  .00041447  00000+0  34179-3 0  2225
2 61692  53.1568 349.4438 0000976  93.4775 118.0446 15.69641336    15
STARLINK-11366 [DTC]
1 61693C 24195G   25222.10256944  .00094632  00000+0  78045-3 0  2229
2 61693  53.1568 349.3229 0001215  98.2807 176.5166 15.69586060    19
STARLINK-11348 [DTC]
1 61694C 24195H   25222.10118056  .00036560  00000+0  30150-3 0  2222
2 61694  53.1569 349.2727 0000872  95.1139 199.6152 15.69646093    19
STARLINK-11327 [DTC]
1 61695C 24195J   25222.10187500  .00033917  00000+0  27975-3 0  2227
2 61695  53.1572 349.2126 0000965 103.0501 223.3591 15.69643972    17
STARLINK-11341 [DTC]
1 61696C 24195K   25222.10118056  .00041135  00000+0  33924-3 0  2220
2 61696  53.1572 349.1590 0000673 103.6744 246.5390 15.69640752    10
STARLINK-11346 [DTC]
1 61697C 24195L   25222.10256944  .00044064  00000+0  36336-3 0  2224
2 61697  53.1573 349.0956 0001106  87.5361 298.2591 15.69639099    13
STARLINK-32349
1 61700C 24195P   25222.08243056  .00029567  00000+0  99669-3 0  2225
2 61700  53.1589  58.3299 0001018  77.0258 237.8405 15.30157206    12
STARLINK-32299
1 61702C 24195R   25222.07965278  .00013595  00000+0  45874-3 0  2226
2 61702  53.1597  58.0889 0001527 104.3121 323.3562 15.30138566    16
STARLINK-32335
1 61703C 24195S   25222.07826389  .00009139  00000+0  30804-3 0  2222
2 61703  53.1592  58.0263 0001373  92.2123   2.5488 15.30178849    15
STARLINK-32515
1 61705C 24195U   25222.08173611  .00030946  00000+0  10432-2 0  2222
2 61705  53.1569  58.5483 0000878  91.7423 108.7871 15.30155674    12
STARLINK-32376
1 61707C 24196A   25222.07965278  .00021227  00000+0  71566-3 0  2220
2 61707  53.1589   3.9248 0001192  93.9735 233.3054 15.30159534    16
STARLINK-32402
1 61708C 24196B   25222.07895833  .00006492  00000+0  21889-3 0  2220
2 61708  53.1607   4.2374 0001349  88.0883  78.2970 15.30172792    19
STARLINK-32314
1 61709C 24196C   25222.08312500 -.00011697  00000+0 -39436-3 0  2229
2 61709  53.1594   4.0546 0001177  90.9282 179.8641 15.30192062    13
STARLINK-32467
1 61713C 24196G   25222.08312500 -.00018860  00000+0 -63604-3 0  2227
2 61713  53.1598   4.5739 0001170  87.0437 282.0296 15.30190258    11
STARLINK-32440
1 61714C 24196H   25222.08243056  .00001254  00000+0  42288-4 0  2220
2 61714  53.1607   4.2663 0001286 104.4229  57.8661 15.30171990    13
STARLINK-32459
1 61715C 24196J   25222.08104167 -.00008986  00000+0 -30292-3 0  2222
2 61715  53.1602   4.1340 0001445  87.3327 137.0719 15.30192944    12
STARLINK-32465
1 61716C 24196K   25222.08104167  .00001534  00000+0  51710-4 0  2222
2 61716  53.1603   4.5264 0001353  93.5359 293.1193 15.30177721    11
STARLINK-32457
1 61717C 24196L   25222.07826389 -.00010380  00000+0 -34993-3 0  2223
2 61717  53.1598   4.1111 0001107  89.8678 136.6761 15.30192575    17
STARLINK-32591
1 61718C 24196M   25222.08034722 -.00005599  00000+0 -18875-3 0  2224
2 61718  53.1595 351.5764 0001339  87.8688   2.0199 15.30186015    17
STARLINK-32322
1 61720C 24196P   25222.08243056 -.00019033  00000+0 -64184-3 0  2221
2 61720  53.1599   4.5530 0001340  87.0737 289.8035 15.30192652    17
STARLINK-32438
1 61722C 24196R   25222.08312500  .00003769  00000+0  12708-3 0  2226
2 61722  53.1608   4.4808 0001345  91.0743 324.5095 15.30177716    11
STARLINK-32540
1 61723C 24196S   25222.08312500 -.00006764  00000+0 -22814-3 0  2226
2 61723  53.1588 328.4268 0001208  94.0772 321.8008 15.30175576    17
STARLINK-32528
1 61724C 24196T   25222.07965278 -.00015920  00000+0 -53677-3 0  2227
2 61724  53.1596   4.5999 0001263  95.3577 248.7431 15.30193908    14
STARLINK-32478
1 61726C 24196V   25222.08034722  .00023370  00000+0  78790-3 0  2220
2 61726  53.1606   4.3093 0001213  97.2793  36.0651 15.30158410    18
STARLINK-32511
1 61727C 24196W   25222.07687500  .00002094  00000+0  70590-4 0  2229
2 61727  53.1607   4.2553 0001405  84.0479  65.0505 15.30179107    14
STARLINK-32475
1 61728C 24196X   25222.07895833 -.00002723  00000+0 -91816-4 0  2225
2 61728  53.1605   4.1757 0001246  82.2659 113.2387 15.30175862    19
STARLINK-32442
1 61729C 24196Y   25222.07826389 -.00004084  00000+0 -13767-3 0  2226
2 61729  53.1606   4.2144 0001434  87.0692  87.1196 15.30187993    16
STARLINK-32362
1 61845C 24202A   25222.08173611  .00019965  00000+0  72372-3 0  2226
2 61845  43.0015 341.8068 0001082 263.8223 138.6947 15.27532712    10
STARLINK-32472
1 61846C 24202B   25222.08312500  .00008946  00000+0  32426-3 0  2222
2 61846  43.0029 342.3285 0001479 286.5223 264.3430 15.27546226    14
STARLINK-32352
1 61847C 24202C   25222.08104167  .00009157  00000+0  33184-3 0  2228
2 61847  43.0029 341.7418 0001346 265.5562 161.4489 15.27553896    14
STARLINK-32427
1 61848C 24202D   25222.07965278  .00009475  00000+0  34327-3 0  2229
2 61848  43.0005 341.9568 0001529 267.9162  66.5297 15.27559999    14
STARLINK-32346
1 61849C 24202E   25222.07895833 -.00001965  00000+0 -71205-4 0  2224
2 61849  43.0005 342.0111 0001722 268.0550  41.3485 15.27570187    11
STARLINK-32330
1 61850C 24202F   25222.08312500  .00011615  00000+0  42095-3 0  2227
2 61850  43.0017 352.6718 0001381 261.5352 304.3680 15.27547655    18
STARLINK-32379
1 61851C 24202G   25222.07756944  .00000071  00000+0  25694-5 0  2223
2 61851  43.0039 341.7104 0001236 260.6285 168.4222 15.27583742    13
STARLINK-32433
1 61852C 24202H   25222.08243056  .00007920  00000+0  28691-3 0  2228
2 61852  43.0019 352.7274 0001588 262.5936 278.2385 15.27562331    17
STARLINK-32394
1 61853C 24202J   25222.08034722 -.00002535  00000+0 -91788-4 0  2224
2 61853  43.0016 352.7697 0001491 265.5184 249.7039 15.27587544    17
STARLINK-32486
1 61854C 24202K   25222.07826389  .00014049  00000+0  50905-3 0  2228
2 61854  43.0018 352.8319 0001387 259.7834 222.7431 15.27552249    14
STARLINK-32391
1 61855C 24202L   25222.07756944  .00013928  00000+0  50488-3 0  2229
2 61855  43.0022 352.8880 0000744 276.0858 181.4477 15.27538339    12
STARLINK-32483
1 61856C 24202M   25222.07618056  .00017781  00000+0  64456-3 0  2222
2 61856  43.0026 352.9471 0001486 288.4101 140.2460 15.27532944    17
STARLINK-32451
1 61857C 24202N   25222.08104167  .00004971  00000+0  18008-3 0  2226
2 61857  43.0031 353.0218 0001599 255.4220 157.5154 15.27567016    15
STARLINK-32556
1 61858C 24202P   25222.07687500  .00023436  00000+0  84954-3 0  2223
2 61858  43.0032 352.9941 0001697 251.0371 160.2125 15.27528087    10
STARLINK-32466
1 61859C 24202Q   25222.08312500  .00019056  00000+0  69084-3 0  2220
2 61859  43.0034 353.0434 0001443 288.0574 122.2447 15.27529322    14
STARLINK-32316
1 61860C 24202R   25222.08381944  .00014186  00000+0  51421-3 0  2225
2 61860  43.0031 349.3631 0001718 280.4703 222.9469 15.27538840    12
STARLINK-32415
1 61861C 24202S   25222.08243056  .00004437  00000+0  16071-3 0  2227
2 61861  43.0036 353.1487 0001436 254.7589 109.2191 15.27572682    14
STARLINK-32393
1 61862C 24202T   25222.07965278 -.00054956  00000+0 -19929-2 0  2221
2 61862  43.0034 353.1144 0001365 269.2980 100.6149 15.27593866    15
STARLINK-32324
1 61863C 24202U   25222.08034722  .00019583  00000+0  71008-3 0  2226
2 61863  43.0038 353.2613 0001161 259.5605  50.5322 15.27523139    14
STARLINK-32318
1 61864C 24202V   25222.08173611  .00021130  00000+0  76587-3 0  2226
2 61864  43.0043 353.3375 0001586 267.9620  14.3942 15.27534271    13
STARLINK-32401
1 61865C 24202W   25222.07826389  .00015200  00000+0  55074-3 0  2222
2 61865  43.0036 353.4061 0001352 268.6802 333.3484 15.27552012    18
STARLINK-32588
1 61866C 24202X   25222.07618056  .00020370  00000+0  73820-3 0  2226
2 61866  43.0042 353.3353 0001340 261.5112   4.3886 15.27540575    14
STARLINK-32569
1 61867C 24202Y   25222.08243056  .00018168  00000+0  65868-3 0  2227
2 61867  43.0027 353.4342 0001274 262.4749 341.2637 15.27527937    13
STARLINK-11402 [DTC]
1 61874C 24204A   25222.10118056  .00033781  00000+0  27862-3 0  2221
2 61874  53.1570 319.6847 0001110 107.1615  34.9518 15.69645119    19
STARLINK-11316 [DTC]
1 61875C 24204B   25222.09840278  .00030550  00000+0  25197-3 0  2228
2 61875  53.1570 318.9997 0001273 102.0111 357.2553 15.69647974    14
STARLINK-11324 [DTC]
1 61879C 24204F   25222.09979167  .00029681  00000+0  24482-3 0  2221
2 61879  53.1568 319.4435 0001084  88.4632 156.7629 15.69647354    11
STARLINK-11328 [DTC]
1 61880C 24204G   25222.09909722  .00032031  00000+0  26412-3 0  2221
2 61880  53.1567 319.3897 0001026  98.4127 170.6081 15.69653189    19
STARLINK-11329 [DTC]
1 61881C 24204H   25222.10326389  .00036935  00000+0  30460-3 0  2221
2 61881  53.1566 319.3117 0001047  86.8643 233.4633 15.69644243    13
STARLINK-11398 [DTC]
1 61882C 24204J   25222.10465278  .00041512  00000+0  34235-3 0  2224
2 61882  53.1567 319.2475 0001055  92.7248 263.1909 15.69639888    12
STARLINK-11383 [DTC]
1 61883C 24204K   25222.10187500  .00031252  00000+0  25775-3 0  2223
2 61883  53.1567 319.1470 0001303  92.7306 302.9584 15.69648680    19
STARLINK-11359 [DTC]
1 61884C 24204L   25222.09979167  .00044081  00000+0  36350-3 0  2225
2 61884  53.1567 319.2142 0001097  88.4961 267.6689 15.69639270    14
STARLINK-11301 [DTC]
1 61885C 24204M   25222.10118056  .00030089  00000+0  24812-3 0  2223
2 61885  53.1570 319.0936 0001156  95.2915 324.1964 15.69653098    18
STARLINK-11351 [DTC]
1 61886C 24204N   25222.09909722  .00024033  00000+0  19823-3 0  2228
2 61886  53.1570 319.0469 0001105  94.0840 341.3759 15.69653768    15
STARLINK-32410
1 61887C 24204P   25222.07965278  .00000977  00000+0  32920-4 0  2220
2 61887  53.1587  29.9393 0001334  90.7612 131.3026 15.30187135    13
STARLINK-32292
1 61889C 24204R   25222.08243056  .00004066  00000+0  13705-3 0  2228
2 61889  53.1597  30.0271 0001312  95.4040  89.6314 15.30182679    10
STARLINK-32383
1 61891C 24204T   25222.07965278  .00003272  00000+0  11028-3 0  2221
2 61891  53.1608  30.1417 0001207  94.2101  23.1658 15.30183271    10
STARLINK-32489
1 61893C 24204V   25222.07618056 -.00017803  00000+0 -60017-3 0  2221
2 61893  53.1580  29.7697 0000906  96.6035 199.3959 15.30203038    16
STARLINK-32303
1 61912C 24207A   25222.07687500  .00024187  00000+0  87613-3 0  2228
2 61912  43.0012  36.7642 0001519 258.5302 302.4706 15.27550889    13
STARLINK-32434
1 61913C 24207B   25222.08034722  .00028340  00000+0  10266-2 0  2226
2 61913  43.0032  37.1121 0001438 253.8487 177.6897 15.27546553    11
STARLINK-32460
1 61914C 24207C   25222.08243056  .00025508  00000+0  92423-3 0  2228
2 61914  43.0038  36.3675 0001894 281.0414 106.1832 15.27541183    12
STARLINK-32559
1 61915C 24207D   25222.07618056  .00027455  00000+0  99492-3 0  2220
2 61915  43.0019  36.5871 0001924 280.2495 354.7603 15.27533484    18
STARLINK-32541
1 61916C 24207E   25222.08243056  .00024647  00000+0  89307-3 0  2220
2 61916  43.0018  40.5157 0001314 279.7035 180.1300 15.27540785    13
STARLINK-32544
1 61917C 24207F   25222.07756944  .00025589  00000+0  92772-3 0  2221
2 61917  43.0016  36.6762 0001632 251.1879 349.0812 15.27521778    18
STARLINK-32555
1 61918C 24207G   25222.08034722  .00026621  00000+0  96467-3 0  2229
2 61918  43.0033  40.6782 0001234 267.5076 117.2431 15.27536100    10
STARLINK-32547
1 61919C 24207H   25222.07826389  .00026713  00000+0  96825-3 0  2227
2 61919  43.0041  36.4070 0001978 278.4623  78.7902 15.27527651    12
STARLINK-32616
1 61920C 24207J   25222.07687500 -.00077038  00000+0 -27913-2 0  2228
2 61920  43.0007  36.8692 0001293 261.9086 256.6409 15.27642963    13
STARLINK-32605
1 61921C 24207K   25222.07826389  .00026165  00000+0  94864-3 0  2222
2 61921  43.0011  36.6235 0001710 266.2303 359.0937 15.27518599    15
STARLINK-32579
1 61922C 24207L   25222.08243056  .00027308  00000+0  98940-3 0  2227
2 61922  43.0015  40.4641 0001471 252.7154 228.3658 15.27541451    13
STARLINK-32537
1 61923C 24207M   25222.07618056  .00028612  00000+0  10369-2 0  2220
2 61923  43.0034  40.7338 0001359 247.1504 100.4948 15.27531803    15
STARLINK-32564
1 61924C 24207N   25222.07756944  .00028458  00000+0  10308-2 0  2221
2 61924  43.0026  40.6408 0001602 262.6641 127.9597 15.27547363    11
STARLINK-32536
1 61925C 24207P   25222.07895833  .00026868  00000+0  97322-3 0  2228
2 61925  43.0034  40.7690 0001552 267.6168  74.0538 15.27548803    15
STARLINK-32624
1 61926C 24207Q   25222.08243056  .00025337  00000+0  91808-3 0  2227
2 61926  43.0038  36.2980 0001505 283.4228 132.1051 15.27539136    18
STARLINK-32622
1 61927C 24207R   25222.07756944  .00024729  00000+0  89629-3 0  2224
2 61927  43.0038  36.4260 0001591 253.8599  92.5107 15.27531329    16
STARLINK-32620
1 61928C 24207S   25222.07687500  .00026254  00000+0  95139-3 0  2224
2 61928  43.0009  36.8116 0001574 255.9314 283.8998 15.27535632    12
STARLINK-32609
1 61929C 24207T   25222.08104167  .00024385  00000+0  88346-3 0  2224
2 61929  43.0011  36.6879 0001564 260.2173 344.9518 15.27544625    10
STARLINK-32567
1 61930C 24207U   25222.08243056  .00026652  00000+0  96576-3 0  2220
2 61930  43.0028  33.4022 0001644 259.0345 273.3351 15.27537582    15
STARLINK-32420
1 61931C 24207V   25222.07965278  .00027254  00000+0  98732-3 0  2222
2 61931  43.0027  36.5136 0001714 261.2158  54.1220 15.27544333    12
STARLINK-32354
1 61932C 24207W   25222.07756944  .00028242  00000+0  10237-2 0  2222
2 61932  43.0021  40.5899 0001536 252.1251 159.7866 15.27526849    13
STARLINK-32361
1 61933C 24207X   25222.07895833  .00024584  00000+0  89065-3 0  2225
2 61933  43.0034  37.1282 0001417 265.9887 143.8146 15.27546442    17
STARLINK-32500
1 61935C 24207Z   25222.08034722  .00026252  00000+0  95136-3 0  2220
2 61935  43.0005  40.4170 0001455 265.7545 225.0672 15.27534380    16
STARLINK-11407 [DTC]
1 61939C 24209A   25222.10256944  .00025996  00000+0  21439-3 0  2220
2 61939  53.1569 334.0901 0000573 160.3553  24.6733 15.69655882    18
STARLINK-11337 [DTC]
1 61940C 24209B   25222.10118056  .00025650  00000+0  21156-3 0  2226
2 61940  53.1572 334.0402 0001074  81.7866 123.1331 15.69653792    17
STARLINK-11353 [DTC]
1 61941C 24209C   25222.09979167  .00009674  00000+0  79828-4 0  2221
2 61941  53.1573 333.9901 0001232  89.9015 134.9412 15.69656865    17
STARLINK-11320 [DTC]
1 61942C 24209D   25222.10326389  .00043165  00000+0  35594-3 0  2220
2 61942  53.1572 334.6511 0000602  64.7163 206.8766 15.69641159    18
STARLINK-11390 [DTC]
1 61947C 24209J   25222.10326389  .00033945  00000+0  27988-3 0  2228
2 61947  53.1570 334.3673 0001113 106.2007 304.0675 15.69652982    10
STARLINK-11414 [DTC]
1 61948C 24209K   25222.10395833  .00030316  00000+0  24997-3 0  2225
2 61948  53.1568 334.1358 0001168 105.7035  59.4430 15.69654844    10
STARLINK-11424 [DTC]
1 61949C 24209L   25222.10048611  .00033388  00000+0  27533-3 0  2226
2 61949  53.1568 334.2099 0001207  90.7463  27.0379 15.69649771    12
STARLINK-11423 [DTC]
1 61950C 24209M   25222.09909722  .00031580  00000+0  26040-3 0  2229
2 61950  53.1568 334.3335 0001127 105.5836 308.8644 15.69653746    10
STARLINK-11395 [DTC]
1 61951C 24209N   25222.10395833  .00041652  00000+0  34350-3 0  2228
2 61951  53.1567 334.2486 0000993  97.5461  12.1393 15.69639989    19
STARLINK-32572
1 61952C 24209P   25222.07687500  .00002269  00000+0  76470-4 0  2221
2 61952  53.1598  45.1281 0001262  91.6082 167.0298 15.30183298    18
STARLINK-32585
1 61953C 24209Q   25222.07756944  .00029568  00000+0  99682-3 0  2221
2 61953  53.1575  45.5347 0001171  75.6562 337.4380 15.30153701    16
STARLINK-32583
1 61955C 24209S   25222.08243056  .00026726  00000+0  90102-3 0  2220
2 61955  53.1582  45.4419 0001215  76.2985  38.4910 15.30155582    16
STARLINK-32273
1 61956C 24209T   25222.08173611  .00015253  00000+0  51417-3 0  2229
2 61956  53.1601  45.1579 0001037  89.2356 167.1204 15.30171330    16
STARLINK-32359
1 61957C 24209U   25222.08173611  .00018661  00000+0  62902-3 0  2227
2 61957  53.1587  45.3770 0001203  81.4269  64.4135 15.30169645    15
STARLINK-32566
1 61958C 24209V   25222.07965278  .00003413  00000+0  11504-3 0  2226
2 61958  53.1598  45.1353 0001363  92.4406 169.8785 15.30181692    12
STARLINK-32499
1 61959C 24210A   25222.08104167 -.00030601  00000+0 -11085-2 0  2226
2 61959  43.0004 294.4795 0001477 267.6152  28.0371 15.27605951    14
STARLINK-32372
1 61960C 24210B   25222.07965278  .00000965  00000+0  34950-4 0  2221
2 61960  43.0005 294.5883 0001698 272.7659 332.8025 15.27562390    11
STARLINK-32452
1 61961C 24210C   25222.08104167 -.00021332  00000+0 -77266-3 0  2224
2 61961  43.0036 287.7898 0001448 263.8442 294.4918 15.27598497    11
STARLINK-32458
1 61962C 24210D   25222.07895833 -.00016811  00000+0 -60912-3 0  2227
2 61962  43.0022 280.5508 0001227 269.0013  54.0475 15.27582594    12
STARLINK-32487
1 61963C 24210E   25222.07826389 -.00007821  00000+0 -28336-3 0  2223
2 61963  43.0029 294.9804 0001328 268.0130 167.2008 15.27575712    12
STARLINK-32513
1 61964C 24210F   25222.07965278 -.00008791  00000+0 -31852-3 0  2229
2 61964  42.9996 280.3954 0001525 268.2549 122.2967 15.27576667    19
STARLINK-32514
1 61965C 24210G   25222.07756944 -.00022566  00000+0 -81736-3 0  2220
2 61965  43.0032 287.8579 0001495 262.4292 255.5687 15.27599987    14
STARLINK-32498
1 61966C 24210H   25222.08243056 -.00025181  00000+0 -91219-3 0  2220
2 61966  42.9981 280.1915 0001437 263.6667 219.9884 15.27599071    18
STARLINK-32518
1 61967C 24210J   25222.07826389 -.00021567  00000+0 -78138-3 0  2225
2 61967  43.0002 288.0007 0001658 273.6867 106.8509 15.27590439    19
STARLINK-32471
1 61968C 24210K   25222.07895833 -.00029212  00000+0 -10583-2 0  2220
2 61968  43.0027 287.7219 0001404 267.2289 315.0134 15.27599579    16
STARLINK-32450
1 61969C 24210L   25222.08034722 -.00016026  00000+0 -58073-3 0  2220
2 61969  43.0031 287.7606 0001362 268.0507 300.6329 15.27579962    17
STARLINK-32613
1 61970C 24210M   25222.08312500  .00001002  00000+0  36317-4 0  2229
2 61970  43.0005 295.1945 0001165 262.6807 100.2178 15.27562190    14
STARLINK-32610
1 61971C 24210N   25222.08312500 -.00012119  00000+0 -43912-3 0  2221
2 61971  43.0015 295.0913 0001397 266.4693 138.8851 15.27578221    19
STARLINK-32612
1 61972C 24210P   25222.07687500 -.00018256  00000+0 -66151-3 0  2224
2 61972  43.0007 295.1789 0001465 264.4485  85.3008 15.27582485    13
STARLINK-32601
1 61973C 24210Q   25222.07756944 -.00011809  00000+0 -42787-3 0  2220
2 61973  43.0005 294.5468 0001570 276.5898 338.7439 15.27577953    15
STARLINK-32593
1 61974C 24210R   25222.07826389 -.00013828  00000+0 -50105-3 0  2228
2 61974  43.0005 295.3035 0001284 276.5031  24.2907 15.27578661    10
STARLINK-32586
1 61975C 24210S   25222.07618056 -.00022610  00000+0 -81929-3 0  2226
2 61975  43.0029 294.9417 0001307 264.0913 180.8827 15.27586773    16
STARLINK-32611
1 61976C 24210T   25222.07826389 -.00019110  00000+0 -69249-3 0  2229
2 61976  43.0025 294.8801 0001519 264.5361 213.1296 15.27581839    14
STARLINK-32607
1 61977C 24210U   25222.08104167 -.00004964  00000+0 -17986-3 0  2226
2 61977  43.0021 295.0510 0001369 264.6350 150.4989 15.27571848    14
STARLINK-32606
1 61978C 24210V   25222.07618056 -.00028502  00000+0 -10327-2 0  2228
2 61978  43.0027 295.0252 0001247 272.2280 137.3738 15.27595202    12
STARLINK-32578
1 61979C 24210W   25222.08104167 -.00019177  00000+0 -69471-3 0  2226
2 61979  43.0008 294.6771 0001642 266.9083 303.8587 15.27591690    12
STARLINK-32517
1 61980C 24210X   25222.07826389  .00012540  00000+0  45446-3 0  2225
2 61980  43.0003 295.2707 0001457 265.6712  49.2719 15.27546846    15
STARLINK-32522
1 61981C 24210Y   25222.08173611 -.00011178  00000+0 -40498-3 0  2220
2 61981  43.0021 294.8090 0001553 262.7316 255.2739 15.27579852    15
STARLINK-32560
1 61982C 24210Z   25222.06993056 -.00002830  00000+0 -10256-3 0  2226
2 61982  43.0004 294.6890 0001600 274.9075 255.9198 15.27566678    11
STARLINK-11433 [DTC]
1 62008C 24213A   25222.06923611  .00034353  00000+0  28324-3 0  2227
2 62008  53.1566   4.3046 0000807  95.2824 136.6087 15.69653118    13
STARLINK-11326 [DTC]
1 62010C 24213C   25222.10048611  .00040804  00000+0  33639-3 0  2226
2 62010  53.1568   4.3774 0000671 116.8086 180.8261 15.69649428    19
STARLINK-11363 [DTC]
1 62012C 24213E   25222.08034722  .00041513  00000+0  34226-3 0  2224
2 62012  53.1566   4.3659 0000803  91.4836 147.7591 15.69647215    19
STARLINK-11377 [DTC]
1 62013C 24213F   25222.09840278  .00037295  00000+0  30753-3 0  2220
2 62013  53.1566   4.2244 0000144 160.5194 208.5465 15.69648034    18
STARLINK-11396 [DTC]
1 62015C 24213H   25222.10256944  .00036528  00000+0  30121-3 0  2222
2 62015  53.1569   4.0828 0000789 114.0589 334.0473 15.69648089    10
STARLINK-11393 [DTC]
1 62016C 24213J   25222.09909722  .00027277  00000+0  22496-3 0  2227
2 62016  53.1570   4.0456 0000878  94.4439   1.7655 15.69654213    10
STARLINK-11343 [DTC]
1 62017C 24213K   25222.10395833  .00044213  00000+0  36446-3 0  2221
2 62017  53.1568   4.4206 0001014  96.3659 193.1555 15.69648189    13
STARLINK-11411 [DTC]
1 62018C 24213L   25222.08937500  .00042233  00000+0  34818-3 0  2223
2 62018  53.1566   4.3802 0001060 109.5697 152.9770 15.69646854    12
STARLINK-11404 [DTC]
1 62019C 24213M   25222.10256944  .00035572  00000+0  29334-3 0  2228
2 62019  53.1570   4.6511 0000504  95.7828  74.9562 15.69648038    10
STARLINK-11378 [DTC]
1 62020C 24213N   25222.09979167  .00026778  00000+0  22085-3 0  2221
2 62020  53.1571   3.9850 0000800  95.2084  32.6675 15.69653637    16
STARLINK-32520
1 62021C 24213P   25222.08312500  .00026924  00000+0  90753-3 0  2223
2 62021  53.1577  71.3353 0001188  81.4367 234.0114 15.30160939    13
STARLINK-32539
1 62022C 24213Q   25222.08173611  .00024217  00000+0  81630-3 0  2229
2 62022  53.1574  58.5109 0001070  81.9521 159.2484 15.30163697    16
STARLINK-32334
1 62023C 24213R   25222.08173611  .00012809  00000+0  43174-3 0  2225
2 62023  53.1595  70.7327 0001253  88.1838 167.8776 15.30175915    16
STARLINK-32561
1 62026C 24213U   25222.07965278  .00023690  00000+0  79863-3 0  2229
2 62026  53.1587  70.9977 0001192  91.9485  24.6851 15.30159691    12
STARLINK-32512
1 62027C 24213V   25222.08173611  .00016313  00000+0  54987-3 0  2227
2 62027  53.1596  70.8150 0001261  90.7290 124.6213 15.30170739    12
STARLINK-32637
1 62032C 24216A   25222.07826389  .00019137  00000+0  69348-3 0  2226
2 62032  43.0023  11.0034 0001337 259.3383 221.5803 15.27543177    17
STARLINK-32582
1 62033C 24216B   25222.08034722  .00018606  00000+0  67428-3 0  2227
2 62033  43.0039  18.3887 0001582 255.7592  36.7897 15.27541959    10
STARLINK-32615
1 62034C 24216C   25222.08034722  .00020914  00000+0  75800-3 0  2226
2 62034  43.0010  11.4940 0001298 255.8185  24.3267 15.27535615    13
STARLINK-32592
1 62035C 24216D   25222.08243056  .00022576  00000+0  81825-3 0  2229
2 62035  43.0005  18.7111 0001878 257.7332 264.8144 15.27532807    12
STARLINK-32225
1 62036C 24216E   25222.07895833  .00023917  00000+0  86724-3 0  2228
2 62036  43.0001  11.5540 0001045 256.1358 355.1772 15.27518934    19
STARLINK-32595
1 62037C 24216F   25222.07826389  .00019390  00000+0  70265-3 0  2222
2 62037  43.0027  18.5838 0001593 254.5509 308.7202 15.27542644    10
STARLINK-32477
1 62038C 24216G   25222.07687500  .00000982  00000+0  25635-4 0  2222
2 62038  43.0014   8.4754 0001524 269.1173 179.9209 15.37975518    11
STARLINK-32480
1 62039C 24216H   25222.07965278  .00015522  00000+0  56251-3 0  2227
2 62039  43.0001  11.5849 0001355 258.1343 342.8241 15.27545532    12
STARLINK-32510
1 62040C 24216J   25222.08243056  .00022103  00000+0  80076-3 0  2228
2 62040  43.0014  18.8974 0001462 249.6344 195.0782 15.27548970    19
STARLINK-32456
1 62041C 24216K   25222.07826389 -.00032666  00000+0 -11847-2 0  2220
2 62041  43.0004  11.6442 0001061 277.2897 294.8595 15.27568989    17
STARLINK-32509
1 62042C 24216L   25222.08173611  .00028447  00000+0  10313-2 0  2222
2 62042  43.0023  11.4019 0001320 266.0228  57.1630 15.27518462    10
STARLINK-32491
1 62043C 24216M   25222.07618056  .00023816  00000+0  86281-3 0  2222
2 62043  43.0012  18.8828 0001489 252.6789 178.8449 15.27547096    11
STARLINK-32577
1 62044C 24216N   25222.07618056  .00020352  00000+0  73763-3 0  2226
2 62044  43.0042  18.4936 0001884 257.1422 337.1102 15.27536169    19
STARLINK-32618
1 62045C 24216P   25222.07756944  .00020720  00000+0  75118-3 0  2221
2 62045  42.9997  11.5765 0001142 269.1240 327.4639 15.27527289    19
STARLINK-32598
1 62046C 24216Q   25222.07826389  .00025032  00000+0  90761-3 0  2225
2 62046  43.0017  10.9137 0001457 288.6028 227.7267 15.27518600    16
STARLINK-32630
1 62047C 24216R   25222.07895833  .00020801  00000+0  75381-3 0  2226
2 62047  43.0022  18.6267 0001780 260.3436 285.5320 15.27539523    10
STARLINK-32599
1 62048C 24216S   25222.08104167  .00020588  00000+0  74608-3 0  2224
2 62048  43.0017  18.6644 0001692 254.6673 281.4468 15.27541205    13
STARLINK-32473
1 62049C 24216T   25222.07895833  .00023207  00000+0  84135-3 0  2228
2 62049  43.0016  11.4486 0001188 258.6135  35.1107 15.27525234    13
STARLINK-32492
1 62050C 24216U   25222.08312500  .00023428  00000+0  84897-3 0  2226
2 62050  43.0038  18.3194 0001796 286.6495  42.4155 15.27539163    16
STARLINK-32496
1 62051C 24216V   25222.07618056  .00018465  00000+0  66909-3 0  2220
2 62051  43.0010  18.8337 0001541 282.4039 170.3296 15.27546626    16
STARLINK-32495
1 62052C 24216W   25222.07826389  .00026739  00000+0  96911-3 0  2220
2 62052  43.0019  18.1045 0001579 249.4403 151.9269 15.27530148    11
STARLINK-32494
1 62053C 24216X   25222.08173611  .00021984  00000+0  79684-3 0  2220
2 62053  43.0040  18.4271 0001916 256.2121  22.7668 15.27531946    13
STARLINK-32408
1 62054C 24216Y   25222.08243056  .00022004  00000+0  79776-3 0  2228
2 62054  43.0024  11.3793 0001249 257.5553  76.5421 15.27525366    12
STARLINK-32571
1 62055C 24216Z   25222.08104167  .00018534  00000+0  67173-3 0  2229
2 62055  43.0007  10.8430 0001019 261.7709 291.0522 15.27540149    13
STARLINK-11465 [DTC]
1 62057C 24217A   25222.07618056  .00031939  00000+0  26331-3 0  2223
2 62057  53.1569  34.2332 0000543  96.7624 132.8806 15.69658170    11
STARLINK-11426 [DTC]
1 62058C 24217B   25222.10048611  .00039172  00000+0  32293-3 0  2223
2 62058  53.1570  34.0568 0000680  62.9716 331.8329 15.69651659    18
STARLINK-11454 [DTC]
1 62059C 24217C   25222.10465278  .00092812  00000+0  76520-3 0  2227
2 62059  53.1565  34.4319 0001649 104.8110 119.3471 15.69594530    12
STARLINK-11429 [DTC]
1 62061C 24217E   25222.10048611  .00045521  00000+0  37530-3 0  2221
2 62061  53.1563  34.3954 0000544 131.6938  96.7050 15.69643099    12
STARLINK-11470 [DTC]
1 62062C 24217F   25222.09979167  .00040489  00000+0  33381-3 0  2227
2 62062  53.1562  34.3398 0000797 112.5322 139.6733 15.69648273    13
STARLINK-11427 [DTC]
1 62063C 24217G   25222.10395833  .00042111  00000+0  34710-3 0  2223
2 62063  53.1567  34.4903 0000658  75.6163 116.9192 15.69652485    17
STARLINK-11456 [DTC]
1 62064C 24217H   25222.09909722 -.00032502  00000+0 -26770-3 0  2222
2 62064  53.1568  34.1742 0000515  58.5255 272.8614 15.69744587    17
STARLINK-11474 [DTC]
1 62065C 24217J   25222.09840278  .00036735  00000+0  30289-3 0  2223
2 62065  53.1569  34.0086 0000677 106.7078 304.0665 15.69649885    16
STARLINK-11463 [DTC]
1 62066C 24217K   25222.10256944  .00050561  00000+0  41685-3 0  2222
2 62066  53.1564  34.2700 0000714  92.9134 202.7409 15.69638335    16
STARLINK-11467 [DTC]
1 62068C 24217M   25222.08868056  .00045069  00000+0  37164-3 0  2228
2 62068  53.1565  34.2805 0000603 100.3302 144.5387 15.69639771    16
STARLINK-32604
1 62070C 24217P   25222.08104167  .00029721  00000+0  10020-2 0  2225
2 62070  53.1596  97.0684 0001356  92.5549 112.2834 15.30154104    15
STARLINK-32553
1 62071C 24217Q   25222.08312500  .00025633  00000+0  86413-3 0  2226
2 62071  53.1594  97.0488 0001465  91.2052 130.9280 15.30158469    12
STARLINK-32603
1 62072C 24217R   25222.08173611  .00020593  00000+0  69421-3 0  2225
2 62072  53.1578  96.9251 0001235  78.0170 200.4508 15.30163030    16
STARLINK-32619
1 62074C 24217T   25222.07965278  .00033192  00000+0  11191-2 0  2223
2 62074  53.1599  97.1197 0001282  85.8286  88.1000 15.30147422    14
STARLINK-11384 [DTC]
1 62088C 24220A   25222.10465278  .00036480  00000+0  28377-3 0  2229
2 62088  43.0003 238.8238 0001561 267.6140  35.2772 15.70766526    11
STARLINK-11379 [DTC]
1 62089C 24220B   25222.10118056  .00032079  00000+0  24952-3 0  2224
2 62089  43.0001 238.7703 0001542 263.7583  49.5314 15.70772445    10
STARLINK-11387 [DTC]
1 62090C 24220C   25222.10048611  .00036092  00000+0  28073-3 0  2222
2 62090  43.0000 238.6998 0001570 264.3284  75.0916 15.70768268    12
STARLINK-11388 [DTC]
1 62092C 24220E   25222.10256944  .00036327  00000+0  28261-3 0  2224
2 62092  43.0001 238.5378 0001488 265.3951 145.9542 15.70764088    14
STARLINK-11345 [DTC]
1 62093C 24220F   25222.09979167  .00031930  00000+0  24841-3 0  2227
2 62093  43.0001 238.4800 0001554 270.6208 155.0638 15.70767509    11
STARLINK-11381 [DTC]
1 62094C 24220G   25222.10256944  .00033506  00000+0  26064-3 0  2221
2 62094  43.0000 238.3881 0001614 287.0162 184.4499 15.70769172    16
STARLINK-11369 [DTC]
1 62095C 24220H   25222.10187500  .00034106  00000+0  26535-3 0  2223
2 62095  43.0004 238.3175 0001609 272.4844 225.1180 15.70764585    19
STARLINK-11303 [DTC]
1 62096C 24220J   25222.10465278  .00033603  00000+0  26145-3 0  2223
2 62096  43.0003 238.2262 0001681 276.4639 266.9313 15.70763452    14
STARLINK-11367 [DTC]
1 62097C 24220K   25222.10048611  .00034491  00000+0  26835-3 0  2224
2 62097  43.0003 238.1767 0001813 257.9794 291.8829 15.70763511    12
STARLINK-11386 [DTC]
1 62098C 24220L   25222.10187500  .00033139  00000+0  25784-3 0  2226
2 62098  43.0003 238.0936 0001629 268.0366 319.7526 15.70763572    14
STARLINK-11380 [DTC]
1 62099C 24220M   25222.09770833  .00033662  00000+0  26191-3 0  2226
2 62099  43.0004 238.0438 0001538 272.9650 321.2973 15.70763563    16
STARLINK-33566
1 62100C 24220N   25222.07965278 -.00022121  00000+0 -80152-3 0  2223
2 62100  42.9997 305.8994 0001733 270.4127 243.4639 15.27588015    10
STARLINK-33545
1 62101C 24220P   25222.08034722  .00004699  00000+0  17031-3 0  2220
2 62101  43.0015 320.3523 0001720 281.2357 352.4239 15.27550544    18
STARLINK-33562
1 62102C 24220Q   25222.07548611 -.00002307  00000+0 -83581-4 0  2227
2 62102  43.0021 320.5292 0001654 258.8608 284.3654 15.27565390    15
STARLINK-33554
1 62103C 24220R   25222.07618056 -.00010081  00000+0 -36523-3 0  2220
2 62103  43.0012 320.3256 0001526 261.1276  10.7886 15.27578648    18
STARLINK-33555
1 62104C 24220S   25222.07756944 -.00006401  00000+0 -23200-3 0  2229
2 62104  43.0028 320.7512 0001718 258.4098 197.2456 15.27562518    12
STARLINK-33542
1 62105C 24220T   25222.07548611 -.00019957  00000+0 -23190-4 0  2229
2 62105  42.9072 192.3129 0001572 227.7148 163.7398 16.07823631    18
STARLINK-33559
1 62107C 24220V   25222.07618056 -.00008468  00000+0 -30678-3 0  2225
2 62107  43.0026 320.7093 0001439 257.1809 212.0657 15.27578158    19
STARLINK-33553
1 62108C 24220W   25222.07895833 -.00003284  00000+0 -11900-3 0  2224
2 62108  43.0021 320.5932 0001561 256.8864 270.0610 15.27568458    13
STARLINK-33556
1 62109C 24220X   25222.07756944 -.00029640  00000+0 -10736-2 0  2223
2 62109  43.0020 320.4168 0001541 256.9275 340.1966 15.27606856    16
STARLINK-33551
1 62110C 24220Y   25222.08173611 -.00004286  00000+0 -15531-3 0  2228
2 62110  43.0025 320.6277 0001626 259.5362 261.4887 15.27569093    14
STARLINK-32311
1 62114C 24222A   25222.07826389 -.00015426  00000+0 -55876-3 0  2224
2 62114  43.0007 236.2745 0001585 266.6285 284.4065 15.27591636    18
STARLINK-32470
1 62115C 24222B   25222.07965278 -.00019227  00000+0 -69657-3 0  2221
2 62115  42.9986 251.0672 0001199 271.2421 247.7897 15.27590061    18
STARLINK-32502
1 62116C 24222C   25222.07687500 -.00010148  00000+0 -36763-3 0  2226
2 62116  43.0017 251.3744 0001443 268.4482 115.0173 15.27582598    16
STARLINK-32521
1 62117C 24222D   25222.08034722  .00021385  00000+0  77493-3 0  2228
2 62117  43.0020 247.5945 0002291 283.6693 194.1900 15.27539758    12
STARLINK-32549
1 62118C 24222E   25222.08173611 -.00029628  00000+0 -10732-2 0  2222
2 62118  42.9985 250.8704 0001161 277.8921 330.4048 15.27607091    19
STARLINK-32535
1 62119C 24222F   25222.08173611 -.00010078  00000+0 -36513-3 0  2228
2 62119  42.9994 247.9937 0001469 270.1718  94.9341 15.27578055    11
STARLINK-32548
1 62120C 24222G   25222.07895833 -.00023681  00000+0 -85796-3 0  2227
2 62120  43.0003 251.5477 0001452 274.1268  42.9907 15.27592618    14
STARLINK-32525
1 62121C 24222H   25222.07965278 -.00020851  00000+0 -75538-3 0  2228
2 62121  42.9986 250.9651 0001431 265.0301 296.4547 15.27592305    13
STARLINK-32628
1 62122C 24222J   25222.07687500  .00022992  00000+0  83305-3 0  2225
2 62122  43.0008 251.2175 0001401 269.4582 177.6560 15.27544749    16
STARLINK-32626
1 62123C 24222K   25222.07965278 -.00007870  00000+0 -28512-3 0  2226
2 62123  43.0012 251.4589 0001562 268.7623  87.5488 15.27580131    12
STARLINK-32608
1 62124C 24222L   25222.07965278 -.00020279  00000+0 -73464-3 0  2221
2 62124  42.9990 251.1160 0001379 265.3374 232.4754 15.27592720    14
STARLINK-32488
1 62125C 24222M   25222.08243056 -.00018485  00000+0 -66962-3 0  2227
2 62125  42.9997 251.5765 0001554 271.1769  43.8303 15.27592492    15
STARLINK-32490
1 62126C 24222N   25222.07895833 -.00085996  00000+0 -31142-2 0  2225
2 62126  42.9985 250.9177 0001149 277.0028 301.8611 15.27670614    18
STARLINK-32557
1 62127C 24222P   25222.08034722 -.00027419  00000+0 -99343-3 0  2223
2 62127  42.9992 240.6327 0001325 270.8317 208.8250 15.27595015    14
STARLINK-32568
1 62128C 24222Q   25222.07618056 -.00015521  00000+0 -56221-3 0  2220
2 62128  43.0018 251.4273 0001465 267.9816  90.4217 15.27592128    12
STARLINK-32462
1 62129C 24222R   25222.08104167 -.00001314  00000+0 -47607-4 0  2229
2 62129  43.0003 247.9086 0001600 266.9805 129.6736 15.27573304    13
STARLINK-32463
1 62130C 24222S   25222.08243056 -.00016107  00000+0 -58351-3 0  2225
2 62130  42.9985 250.9977 0001389 266.4014 289.1530 15.27587432    17
STARLINK-32550
1 62131C 24222T   25222.08104167 -.00012846  00000+0 -46538-3 0  2225
2 62131  43.0008 251.4828 0001457 265.5806  84.2316 15.27585660    19
STARLINK-32507
1 62132C 24222U   25222.07687500 -.00002610  00000+0 -94559-4 0  2227
2 62132  42.9987 250.8450 0001228 267.0876 335.6860 15.27570580    10
STARLINK-32245
1 62133C 24222V   25222.08173611 -.00009047  00000+0 -32777-3 0  2226
2 62133  43.0017 251.2911 0001479 265.7986 165.6539 15.27576543    18
STARLINK-32546
1 62134C 24222W   25222.07756944 -.00019828  00000+0 -71821-3 0  2223
2 62134  42.9999 247.9810 0001817 270.9884  85.3233 15.27595903    17
STARLINK-32545
1 62135C 24222X   25222.08104167 -.00022991  00000+0 -83264-3 0  2228
2 62135  42.9991 251.6303 0001520 267.6843  18.4207 15.27604331    12
STARLINK-32554
1 62136C 24222Y   25222.07826389  .00021766  00000+0  78860-3 0  2228
2 62136  43.0001 251.1719 0001401 273.8577 195.0590 15.27547670    13
STARLINK-32570
1 62137C 24222Z   25222.07895833 -.00017557  00000+0 -63604-3 0  2224
2 62137  43.0017 251.2541 0001411 266.3386 171.0527 15.27590317    11
STARLINK-32529
1 62139C 24224A   25222.07826389 -.00016044  00000+0 -58120-3 0  2225
2 62139  43.0017 273.4178 0001498 267.0999 117.5983 15.27588922    18
STARLINK-32464
1 62140C 24224B   25222.07756944 -.00021996  00000+0 -79694-3 0  2227
2 62140  43.0005 273.4909 0001393 268.3500  70.0989 15.27589881    19
STARLINK-32482
1 62141C 24224C   25222.07895833 -.00028229  00000+0 -10225-2 0  2229
2 62141  42.9995 272.9792 0001300 266.2594 292.0469 15.27606988    15
STARLINK-32454
1 62142C 24224D   25222.07756944 -.00018146  00000+0 -65735-3 0  2223
2 62142  43.0005 280.7108 0001323 270.4080 306.0346 15.27591109    18
STARLINK-32485
1 62143C 24224E   25222.07895833 -.00008851  00000+0 -32066-3 0  2228
2 62143  42.9992 276.3466 0001612 273.5667 322.8014 15.27580754    18
STARLINK-32388
1 62144C 24224F   25222.08312500 -.00010270  00000+0 -37207-3 0  2225
2 62144  43.0013 280.6294 0001341 269.2279 359.0204 15.27581543    12
STARLINK-32374
1 62145C 24224G   25222.08312500 -.00008466  00000+0 -30670-3 0  2227
2 62145  43.0024 273.2420 0001367 265.2186 195.7864 15.27579240    13
STARLINK-32384
1 62146C 24224H   25222.07756944 -.00009320  00000+0 -33765-3 0  2229
2 62146  43.0023 273.2945 0001212 267.7743 155.5657 15.27580868    12
STARLINK-32295
1 62147C 24224J   25222.08312500 -.00055280  00000+0 -20012-2 0  2223
2 62147  43.0016 273.3910 0001985 270.0826 127.1587 15.27648327    16
STARLINK-32479
1 62148C 24224K   25222.07895833  .00047086  00000+0  17057-2 0  2226
2 62148  43.0014 273.1487 0001330 266.8409 220.6066 15.27527457    17
STARLINK-32468
1 62149C 24224L   25222.07618056 -.00040797  00000+0 -14778-2 0  2228
2 62149  43.0009 273.1453 0001487 263.6624 215.7277 15.27616073    14
STARLINK-32629
1 62150C 24224M   25222.07826389 -.00030194  00000+0 -10937-2 0  2223
2 62150  42.9999 272.7794 0001438 261.9068  17.4941 15.27605030    10
STARLINK-32644
1 62151C 24224N   25222.08034722 -.00011713  00000+0 -42428-3 0  2224
2 62151  43.0020 273.3875 0001448 265.5482 123.5498 15.27587224    16
STARLINK-32623
1 62152C 24224P   25222.07895833  .00004410  00000+0  15981-3 0  2220
2 62152  42.9993 276.4833 0001220 265.7720 274.0041 15.27559370    14
STARLINK-32639
1 62153C 24224Q   25222.07618056 -.00013431  00000+0 -48658-3 0  2223
2 62153  43.0018 273.3796 0001513 269.9923 110.3405 15.27584487    18
STARLINK-32625
1 62154C 24224R   25222.07479167  .00021567  00000+0  78151-3 0  2220
2 62154  43.0007 273.4857 0001589 270.0820  60.1377 15.27542615    15
STARLINK-32635
1 62155C 24224S   25222.08104167 -.00021585  00000+0 -78191-3 0  2223
2 62155  43.0001 280.7356 0001359 268.4526 305.8874 15.27595373    14
STARLINK-32532
1 62156C 24224T   25222.08104167 -.00000863  00000+0 -31278-4 0  2226
2 62156  42.9998 273.0139 0001475 264.8811 283.7776 15.27549229    12
STARLINK-32503
1 62157C 24224U   25222.08312500 -.00021260  00000+0 -77005-3 0  2220
2 62157  43.0016 280.5719 0001489 265.0417  24.4158 15.27598926    15
STARLINK-32508
1 62158C 24224V   25222.07826389 -.00022160  00000+0 -80276-3 0  2229
2 62158  43.0016 273.1827 0001450 266.4065 203.2185 15.27594737    19
STARLINK-32524
1 62159C 24224W   25222.07756944 -.00019946  00000+0 -72259-3 0  2229
2 62159  42.9998 276.6418 0001410 276.4137 192.0574 15.27590832    17
STARLINK-32484
1 62160C 24224X   25222.08104167 -.00003924  00000+0 -14215-3 0  2223
2 62160  43.0014 273.4315 0001483 266.3792 105.3381 15.27573746    14
STARLINK-32497
1 62161C 24224Y   25222.07895833 -.00026757  00000+0 -96868-3 0  2223
2 62161  42.9992 276.5328 0001457 254.9332 263.5208 15.27620891    19
STARLINK-32526
1 62162C 24224Z   25222.07756944 -.00001963  00000+0 -71109-4 0  2227
2 62162  42.9992 276.5924 0001522 270.6771 219.0032 15.27570063    13
STARLINK-32506
1 62167C 24225E   25222.07756944  .00006386  00000+0  53505-3 0  2224
2 62167  70.0032 338.1874 0003446 271.3429  67.8939 14.98328922    16
STARLINK-32562
1 62168C 24225F   25222.08312500  .00009208  00000+0  77174-3 0  2226
2 62168  70.0031 337.9902 0003340 269.9582 256.8109 14.98316603    13
STARLINK-32407
1 62172C 24225K   25222.07826389  .00007801  00000+0  65386-3 0  2224
2 62172  70.0031 337.9513 0003350 271.0037 274.5869 14.98316530    15
STARLINK-32575
1 62173C 24225L   25222.07618056  .00008520  00000+0  71408-3 0  2226
2 62173  70.0028 327.8158 0003383 268.7017  30.9643 14.98317864    17
STARLINK-32534
1 62175C 24225N   25222.07826389  .00009112  00000+0  76362-3 0  2220
2 62175  70.0034 338.1577 0003412 270.5519  94.9332 14.98321697    11
STARLINK-32542
1 62177C 24225Q   25222.07895833  .00008336  00000+0  69865-3 0  2229
2 62177  70.0030 338.0248 0003401 270.1854 211.6062 14.98319615    14
STARLINK-32584
1 62179C 24225S   25222.08312500  .00011181  00000+0  93716-3 0  2221
2 62179  70.0033 337.9047 0002898 269.9539 279.3618 14.98312555    13
STARLINK-32602
1 62181C 24225U   25222.08034722  .00007028  00000+0  58906-3 0  2228
2 62181  70.0029 328.0057 0003470 270.5411 231.5247 14.98318009    15
STARLINK-32565
1 62182C 24225V   25222.08104167  .00007142  00000+0  59845-3 0  2220
2 62182  70.0032 337.8028 0003380 271.4731  64.1227 14.98326558    17
STARLINK-32589
1 62183C 24225W   25222.07895833  .00011538  00000+0  96711-3 0  2224
2 62183  70.0032 338.2046 0003080 270.9377  54.1894 14.98312269    13
STARLINK-32686
1 62192C 24229A   25222.07687500  .00021720  00000+0  78746-3 0  2220
2 62192  43.0040  22.1689 0001717 260.3301 326.1288 15.27524894    10
STARLINK-32688
1 62193C 24229B   25222.07687500  .00019406  00000+0  70311-3 0  2229
2 62193  43.0042  25.8537 0002052 260.6681 229.3583 15.27547330    14
STARLINK-32684
1 62194C 24229C   25222.08034722  .00026027  00000+0  94302-3 0  2226
2 62194  43.0027  25.4960 0001511 255.0590  35.5616 15.27541780    17
STARLINK-32672
1 62195C 24229D   25222.08034722  .00015814  00000+0  57289-3 0  2222
2 62195  43.0037  25.6838 0001502 260.4236 312.3607 15.27556411    15
STARLINK-32682
1 62196C 24229E   25222.08104167  .00021036  00000+0  76247-3 0  2222
2 62196  43.0041 353.0945 0001519 268.0553  17.7767 15.27534181    15
STARLINK-32663
1 62197C 24229F   25222.07687500  .00024547  00000+0  88958-3 0  2221
2 62197  42.9998  26.1356 0001564 252.5240 117.2380 15.27536091    19
STARLINK-32640
1 62198C 24229G   25222.07965278  .00025774  00000+0  93394-3 0  2226
2 62198  43.0034  25.5848 0001530 254.0694 357.3671 15.27538135    16
STARLINK-32653
1 62199C 24229H   25222.08312500  .00018400  00000+0  66646-3 0  2220
2 62199  43.0004  18.8792 0001633 257.5869 254.4805 15.27558310    16
STARLINK-32647
1 62200C 24229J   25222.07756944  .00022877  00000+0  82910-3 0  2221
2 62200  43.0039  25.8804 0001773 258.4164 221.2908 15.27535834    14
STARLINK-32667
1 62201C 24229K   25222.08173611  .00018477  00000+0  66930-3 0  2222
2 62201  43.0015  25.3884 0001694 259.3650  81.3498 15.27556694    10
STARLINK-32655
1 62202C 24229L   25222.08312500  .00022197  00000+0  80442-3 0  2223
2 62202  43.0015  25.9964 0001470 256.6546 189.9713 15.27538512    16
STARLINK-32665
1 62203C 24229M   25222.07895833  .00019029  00000+0  68947-3 0  2224
2 62203  43.0040  25.7892 0001821 259.5433 263.1794 15.27546929    15
STARLINK-32664
1 62204C 24229N   25222.07756944  .00026429  00000+0  95769-3 0  2228
2 62204  43.0029  25.9288 0002113 263.7836 194.7119 15.27536085    15
STARLINK-32660
1 62205C 24229P   25222.07826389  .00023300  00000+0  84412-3 0  2228
2 62205  43.0018  11.5902 0001427 269.8338  26.9892 15.27547330    18
STARLINK-32448
1 62206C 24229Q   25222.07965278  .00023751  00000+0  86090-3 0  2224
2 62206  43.0019  25.4457 0001706 283.4498  24.5987 15.27529758    11
STARLINK-32430
1 62207C 24229R   25222.07826389  .00028057  00000+0  10171-2 0  2224
2 62207  43.0017  22.4919 0001791 288.4388 164.1293 15.27520535    12
STARLINK-32675
1 62208C 24229S   25222.08104167  .00015474  00000+0  56047-3 0  2221
2 62208  43.0038  25.7269 0001654 262.7443 292.6413 15.27563118    10
STARLINK-32671
1 62209C 24229T   25222.08104167  .00020389  00000+0  73836-3 0  2228
2 62209  43.0005  26.1954 0001562 258.8100  98.5147 15.27563624    14
STARLINK-32670
1 62210C 24229U   25222.07756944  .00025699  00000+0  93084-3 0  2221
2 62210  43.0036  25.6453 0001656 256.9303 321.7849 15.27552044    10
STARLINK-32642
1 62211C 24229V   25222.07618056  .00025780  00000+0  93421-3 0  2229
2 62211  43.0033  25.5675 0001545 252.5476 353.9422 15.27537058    15
STARLINK-32668
1 62212C 24229W   25222.07479167  .00024878  00000+0  90160-3 0  2222
2 62212  43.0011  22.5622 0001610 256.2865 155.9337 15.27534043    13
STARLINK-32669
1 62213C 24229X   25222.07895833  .00023959  00000+0  86833-3 0  2226
2 62213  43.0004  26.0695 0001788 253.7067 148.7491 15.27534105    17
STARLINK-32666
1 62214C 24229Y   25222.08104167  .00022515  00000+0  81607-3 0  2222
2 62214  43.0003  26.1445 0001458 284.7347  93.8152 15.27532940    19
STARLINK-32662
1 62215C 24229Z   25222.07756944  .00024188  00000+0  87655-3 0  2225
2 62215  43.0018  25.9762 0001771 260.0057 177.2412 15.27536317    16
STARLINK-11394 [DTC]
1 62218C 24231A   25222.10048611  .00044055  00000+0  36320-3 0  2228
2 62218  53.1560  64.3427 0000853 100.5506  86.3474 15.69645333    18
STARLINK-11490 [DTC]
1 62219C 24231B   25222.10048611 -.00013394  00000+0 -11054-3 0  2220
2 62219  53.1559  64.3985 0000429  82.3194  76.9199 15.69676405    18
STARLINK-11466 [DTC]
1 62220C 24231C   25222.10048611  .00045536  00000+0  37542-3 0  2223
2 62220  53.1562  64.5105 0000867 104.4064 359.2865 15.69643498    11
STARLINK-11488 [DTC]
1 62222C 24231E   25222.09979167  .00045738  00000+0  37708-3 0  2220
2 62222  53.1561  64.4566 0000804 105.9286  21.5702 15.69643314    11
STARLINK-11483 [DTC]
1 62223C 24231F   25222.09840278  .00040265  00000+0  33196-3 0  2228
2 62223  53.1565  64.0673 0000708 110.0753 203.7280 15.69649076    16
STARLINK-11492 [DTC]
1 62224C 24231G   25222.09840278  .00051041  00000+0  42090-3 0  2226
2 62224  53.1563  64.5875 0000874  95.7688 328.4032 15.69632823    16
STARLINK-11471 [DTC]
1 62225C 24231H   25222.10256944  .00046189  00000+0  38078-3 0  2228
2 62225  53.1567  64.1139 0000755  68.5132 241.1009 15.69644760    18
STARLINK-11475 [DTC]
1 62226C 24231J   25222.09840278  .00045151  00000+0  37224-3 0  2226
2 62226  53.1566  64.1777 0000721  68.7801 189.5521 15.69644642    17
STARLINK-11469 [DTC]
1 62227C 24231K   25222.10118056  .00045023  00000+0  37113-3 0  2226
2 62227  53.1561  64.2769 0000907  82.7212 135.8368 15.69647552    19
STARLINK-11485 [DTC]
1 62229C 24231M   25222.10256944  .00045968  00000+0  37904-3 0  2223
2 62229  53.1565  64.2118 0000913 108.9092 145.2616 15.69638903    18
STARLINK-32636
1 62232C 24231Q   25222.07687500  .00033296  00000+0  11226-2 0  2228
2 62232  53.1569 122.3052 0001342  83.9485 254.7234 15.30146486    14
STARLINK-32643
1 62233C 24231R   25222.08243056  .00025089  00000+0  62636-3 0  2227
2 62233  53.1568 114.4012 0001027  80.1527 322.0394 15.39575583    17
STARLINK-32652
1 62234C 24231S   25222.08034722  .00018257  00000+0  61553-3 0  2222
2 62234  53.1585 122.5357 0001574  90.5162 139.3392 15.30161970    15
STARLINK-32632
1 62262C 24231V   25222.07618056  .00011692  00000+0  39416-3 0  2229
2 62262  53.1592 122.6578 0000920  93.6809  60.8414 15.30172885    16
STARLINK-11496 [DTC]
1 62267C 24237A   25222.09909722  .00139800  00000+0  10867-2 0  2225
2 62267  42.9998 252.3586 0001669 271.5139 342.8084 15.70680285    19
STARLINK-11501 [DTC]
1 62268C 24237B   25222.09909722  .00030061  00000+0  23387-3 0  2227
2 62268  43.0001 251.9093 0001278 267.0508 167.7357 15.70769197    18
STARLINK-11491 [DTC]
1 62269C 24237C   25222.10465278  .00029057  00000+0  22605-3 0  2228
2 62269  43.0000 251.8008 0001623 266.1001 230.1992 15.70771771    16
STARLINK-11479 [DTC]
1 62270C 24237D   25222.10465278  .00034865  00000+0  27124-3 0  2224
2 62270  43.0001 252.0247 0001647 265.5415 140.5776 15.70764822    18
STARLINK-11489 [DTC]
1 62271C 24237E   25222.10395833  .00049812  00000+0  38751-3 0  2220
2 62271  42.9998 252.5518 0001300 257.2568 294.5040 15.70751574    15
STARLINK-11494 [DTC]
1 62272C 24237F   25222.09979167  .00030858  00000+0  24008-3 0  2227
2 62272  43.0001 252.2770 0001626 264.9652  23.4525 15.70767965    18
STARLINK-11333 [DTC]
1 62273C 24237G   25222.09840278  .00022552  00000+0  17543-3 0  2226
2 62273  42.9999 252.4347 0001509 275.8968 304.5229 15.70779714    15
STARLINK-11504 [DTC]
1 62274C 24237H   25222.10118056  .00032883  00000+0  25585-3 0  2224
2 62274  43.0001 252.1934 0001647 265.9135  60.4366 15.70764186    17
STARLINK-11495 [DTC]
1 62275C 24237J   25222.10465278  .00034845  00000+0  27113-3 0  2225
2 62275  42.9998 252.6204 0001493 272.6195 253.0328 15.70761067    19
STARLINK-11498 [DTC]
1 62276C 24237K   25222.10187500  .00034789  00000+0  27062-3 0  2225
2 62276  43.0001 251.9639 0001629 266.0686 154.3839 15.70767410    12
STARLINK-11484 [DTC]
1 62277C 24237L   25222.09770833 -.00033570  00000+0 -26094-3 0  2224
2 62277  43.0000 252.1380 0001605 280.2869  56.4272 15.70853126    16
STARLINK-11487 [DTC]
1 62278C 24237M   25222.10048611  .00036858  00000+0  28677-3 0  2228
2 62278  42.9998 252.4946 0001415 273.1007 289.0718 15.70761702    13
STARLINK-11499 [DTC]
1 62279C 24237N   25222.10395833  .00031245  00000+0  24305-3 0  2229
2 62279  42.9999 252.6356 0001532 268.8521 247.6882 15.70770920    18
STARLINK-33548
1 62280C 24237P   25222.07826389 -.00009458  00000+0 -34256-3 0  2221
2 62280  43.0028 320.5715 0001670 268.1265 113.8270 15.27586905    15
STARLINK-33544
1 62281C 24237Q   25222.07826389 -.00005522  00000+0 -20010-3 0  2223
2 62281  43.0019 331.6678 0001576 282.0801 163.7169 15.27566448    14
STARLINK-33560
1 62282C 24237R   25222.07548611  .00002585  00000+0  93707-4 0  2221
2 62282  43.0028 331.4438 0001192 257.9379 271.6054 15.27552464    17
STARLINK-33547
1 62283C 24237S   25222.08243056  .00004332  00000+0  15701-3 0  2227
2 62283  43.0034 320.4953 0001084 259.8503 166.3239 15.27553856    16
STARLINK-33563
1 62284C 24237T   25222.07965278  .00003083  00000+0  11174-3 0  2226
2 62284  43.0014 331.5042 0001470 257.3073 259.7870 15.27554870    16
STARLINK-33550
1 62285C 24237U   25222.08104167 -.00015295  00000+0 -55495-3 0  2224
2 62285  43.0033 331.3598 0001558 267.1515 314.2402 15.27535615    13
STARLINK-33564
1 62286C 24237V   25222.07618056  .00005370  00000+0  19460-3 0  2224
2 62286  43.0010 331.5783 0001085 283.5483 193.2340 15.27558596    17
STARLINK-33546
1 62287C 24237W   25222.08034722  .00006011  00000+0  21790-3 0  2220
2 62287  43.0023 331.4490 0001286 251.3633 290.8063 15.27544335    11
STARLINK-33565
1 62288C 24237X   25222.07965278  .00001561  00000+0  56551-4 0  2228
2 62288  43.0006 320.1231 0001736 263.1254 310.4360 15.27562124    16
STARLINK-33549
1 62289C 24237Y   25222.08173611 -.00005399  00000+0 -19568-3 0  2223
2 62289  43.0012 331.5960 0000991 275.8517 210.3011 15.27562005    12
STARLINK-32648
1 62301C 24239A   25222.08104167  .00031571  00000+0  78805-3 0  2228
2 62301  53.1575  88.6186 0001065  90.7599 183.3453 15.39574834    15
STARLINK-32594
1 62302C 24239B   25222.07618056  .00023666  00000+0  79781-3 0  2225
2 62302  53.1568  94.6326 0000944  77.7518 295.1005 15.30161512    13
STARLINK-32597
1 62304C 24239D   25222.08173611  .00035012  00000+0  87392-3 0  2226
2 62304  53.1573  88.7691 0001354  72.0505 128.6503 15.39571434    10
STARLINK-32649
1 62305C 24239E   25222.07687500  .00024639  00000+0  83067-3 0  2221
2 62305  53.1581  96.4718 0001340  78.9913 161.4931 15.30156835    14
STARLINK-32633
1 62306C 24239F   25222.08034722  .00027926  00000+0  94147-3 0  2228
2 62306  53.1584  96.7722 0001064  85.2394  11.5189 15.30154743    19
STARLINK-32646
1 62307C 24239G   25222.08104167  .00026953  00000+0  67274-3 0  2220
2 62307  53.1574  88.5624 0001246  92.7830 208.9036 15.39580890    17
STARLINK-32678
1 62309C 24239J   25222.07826389  .00040121  00000+0  10014-2 0  2220
2 62309  53.1574  88.5784 0001146  77.2063 207.2419 15.39567889    11
STARLINK-32700
1 62311C 24239L   25222.07895833  .00033650  00000+0  83997-3 0  2223
2 62311  53.1575  88.7261 0001383  85.6220 127.2634 15.39571106    15
STARLINK-32698
1 62312C 24239M   25222.08034722  .00032672  00000+0  11015-2 0  2221
2 62312  53.1573  97.1271 0001276  72.2232 204.2333 15.30148005    16
STARLINK-32634
1 62313C 24239N   25222.08034722  .00034609  00000+0  86392-3 0  2225
2 62313  53.1575  88.7223 0001225  89.0297 129.7280 15.39569697    18
STARLINK-32627
1 62315C 24239Q   25222.08034722  .00013388  00000+0  45127-3 0  2229
2 62315  53.1573  97.0586 0001001  87.4894 200.6145 15.30174926    17
STARLINK-32519
1 62317C 24239S   25222.08104167  .00016724  00000+0  41740-3 0  2226
2 62317  53.1568  88.2062 0001303  85.7921  34.3240 15.39592964    14
STARLINK-32481
1 62320C 24239V   25222.07756944  .00028111  00000+0  70167-3 0  2223
2 62320  53.1575  88.6279 0001153  91.0183 165.6660 15.39578493    18
STARLINK-32645
1 62321C 24239W   25222.08312500  .00036062  00000+0  90008-3 0  2221
2 62321  53.1573  88.7552 0001137  74.2069 136.0232 15.39572537    10
STARLINK-11444 [DTC]
1 62409C 24249A   25222.10048611 -.00000278  00000+0 -21634-5 0  2224
2 62409  43.0002   3.3691 0001702 261.4113 312.2770 15.70778535    13
STARLINK-11493 [DTC]
1 62410C 24249B   25222.10256944  .00032746  00000+0  25469-3 0  2227
2 62410  43.0004   3.4313 0001886 261.3916 293.9358 15.70772853    16
STARLINK-11453 [DTC]
1 62411C 24249C   25222.08034722  .00032712  00000+0  25447-3 0  2222
2 62411  43.0004   3.1155 0001558 256.5335 353.3542 15.70769399    12
STARLINK-11462 [DTC]
1 62412C 24249D   25222.08729167  .00033075  00000+0  25729-3 0  2223
2 62412  43.0003   3.1483 0001544 258.5958   0.5499 15.70768927    12
STARLINK-11441 [DTC]
1 62413C 24249E   25222.10395833  .00028293  00000+0  22009-3 0  2220
2 62413  43.0003   2.7484 0001734 252.0883 221.6632 15.70773969    13
STARLINK-11445 [DTC]
1 62414C 24249F   25222.10326389  .00036764  00000+0  28605-3 0  2221
2 62414  43.0003   2.9016 0001955 258.5828 151.1237 15.70759496    19
STARLINK-11355 [DTC]
1 62415C 24249G   25222.10465278  .00030388  00000+0  23638-3 0  2220
2 62415  43.0004   2.7478 0001725 249.1001 223.4280 15.70772380    13
STARLINK-11446 [DTC]
1 62416C 24249H   25222.09979167  .00027631  00000+0  21495-3 0  2222
2 62416  43.0004   2.6226 0001663 254.7061 255.5727 15.70772810    13
STARLINK-11428 [DTC]
1 62417C 24249J   25222.10187500  .00040070  00000+0  31165-3 0  2224
2 62417  43.0004   3.2155 0001576 267.8036  13.7652 15.70766208    17
STARLINK-11447 [DTC]
1 62418C 24249K   25222.09979167  .00028852  00000+0  22446-3 0  2227
2 62418  43.0003   2.6960 0001817 258.8023 221.4202 15.70770760    15
STARLINK-11439 [DTC]
1 62419C 24249L   25222.10256944  .00030362  00000+0  23618-3 0  2222
2 62419  43.0004   2.8288 0001692 254.2332 181.5962 15.70771706    16
STARLINK-11434 [DTC]
1 62420C 24249M   25222.09770833  .00031910  00000+0  24819-3 0  2224
2 62420  43.0003   3.3063 0002188 251.9777 335.9552 15.70772296    17
STARLINK-11461 [DTC]
1 62421C 24249N   25222.10395833  .00040381  00000+0  31414-3 0  2221
2 62421  43.0002   3.1183 0001588 287.1859  36.2641 15.70760684    11
STARLINK-32692
1 62422C 24249P   25222.08312500  .00029022  00000+0  10524-2 0  2226
2 62422  43.0027  77.0765 0001558 251.9391 300.0962 15.27512284    13
STARLINK-32680
1 62423C 24249Q   25222.07965278  .00033306  00000+0  12072-2 0  2222
2 62423  43.0017  69.3018 0001490 267.2236 275.2403 15.27522410    16
STARLINK-32638
1 62424C 24249R   25222.07895833  .00028438  00000+0  10310-2 0  2225
2 62424  43.0032  80.7656 0001661 251.7280 202.1842 15.27517381    13
STARLINK-32283
1 62425C 24249S   25222.08312500  .00030148  00000+0  10929-2 0  2229
2 62425  43.0022  65.5547 0001581 252.3379  59.8289 15.27520615    16
STARLINK-32676
1 62426C 24249T   25222.07826389  .00033259  00000+0  12059-2 0  2226
2 62426  42.9997  69.6287 0001550 250.1303 150.3402 15.27511885    14
STARLINK-32659
1 62427C 24249U   25222.08034722  .00031907  00000+0  11571-2 0  2226
2 62427  42.9997  69.4348 0001597 284.7758 204.9845 15.27505435    10
STARLINK-32614
1 62428C 24249V   25222.07826389  .00029046  00000+0  10533-2 0  2222
2 62428  43.0023  77.0651 0001455 250.2240 296.2816 15.27509755    13
STARLINK-32418
1 62429C 24249W   25222.07756944  .00034354  00000+0  12443-2 0  2222
2 62429  43.0031  69.0905 0001266 284.5581 338.2620 15.27545616    10
STARLINK-32697
1 62436C 24251E   25222.08034722  .00004019  00000+0  13547-3 0  2229
2 62436  53.1570 238.1678 0001283  90.6716 163.4927 15.30184712    17
STARLINK-32693
1 62437C 24251F   25222.07826389 -.00001747  00000+0 -58903-4 0  2220
2 62437  53.1564 235.5209 0001183  85.0156  27.4942 15.30187499    18
STARLINK-32721
1 62438C 24251G   25222.08104167 -.00025264  00000+0 -85050-3 0  2227
2 62438  53.1560 238.0802 0001308  86.9888 211.7072 15.30253932    11
STARLINK-32709
1 62439C 24251H   25222.07687500  .00004017  00000+0  13544-3 0  2224
2 62439  53.1562 238.5398 0001285  80.8358 333.9103 15.30176031    14
STARLINK-32724
1 62441C 24251K   25222.07756944  .00010687  00000+0  36029-3 0  2229
2 62441  53.1564 238.1226 0001276  93.1693 174.7859 15.30173600    12
STARLINK-32291
1 62442C 24251L   25222.08381944  .00001519  00000+0  51183-4 0  2228
2 62442  53.1571 238.1824 0001287  89.4622 166.3936 15.30187544    12
STARLINK-32737
1 62444C 24251N   25222.08243056  .00004997  00000+0  16844-3 0  2228
2 62444  53.1566 235.9037 0001304  94.3582 232.3768 15.30182451    18
STARLINK-32683
1 62445C 24251P   25222.08104167  .00004170  00000+0  14056-3 0  2224
2 62445  53.1562 238.4683 0001166  99.2478   1.7166 15.30181495    11
STARLINK-32726
1 62446C 24251Q   25222.07548611 -.00002257  00000+0 -76097-4 0  2220
2 62446  53.1561 238.1172 0001310  94.2927 167.9897 15.30185214    15
STARLINK-32730
1 62447C 24251R   25222.08173611  .00001492  00000+0  50282-4 0  2222
2 62447  53.1557 238.0056 0001263  89.9688 247.4683 15.30186815    18
STARLINK-32723
1 62449C 24251T   25222.07826389  .00005456  00000+0  18392-3 0  2229
2 62449  53.1564 238.1281 0001264  92.5267 173.4345 15.30180519    11
STARLINK-32722
1 62450C 24251U   25222.08173611  .00004924  00000+0  16596-3 0  2228
2 62450  53.1558 238.0516 0001263  89.0920 225.0798 15.30185409    11
STARLINK-32720
1 62451C 24251V   25222.08243056 -.00001244  00000+0 -41924-4 0  2228
2 62451  53.1567 238.3855 0001223  88.6765  60.6382 15.30191621    14
STARLINK-32656
1 62452C 24251W   25222.08312500  .00003959  00000+0  13342-3 0  2225
2 62452  53.1560 238.5395 0001167  89.7794 341.9354 15.30187323    18
STARLINK-32690
1 62453C 24251X   25222.08104167  .00010393  00000+0  35038-3 0  2220
2 62453  53.1559 238.0219 0001266  96.4769 231.3378 15.30170925    12
STARLINK-11518 [DTC]
1 62462C 24254A   25222.09979167  .00044520  00000+0  34625-3 0  2224
2 62462  43.0001  58.7768 0001732 257.8734 302.5435 15.70762456    16
STARLINK-11455 [DTC]
1 62463C 24254B   25222.09979167  .00029508  00000+0  22948-3 0  2229
2 62463  43.0000  58.8506 0001862 259.6535 270.6999 15.70777796    13
STARLINK-11459 [DTC]
1 62464C 24254C   25222.10118056  .00029834  00000+0  23200-3 0  2228
2 62464  43.0002  58.1699 0001972 260.1139 188.6475 15.70778872    14
STARLINK-11178 [DTC]
1 62465C 24254D   25222.09979167  .00042014  00000+0  32673-3 0  2224
2 62465  43.0000  58.6261 0001742 263.1403 357.3968 15.70766417    19
STARLINK-11506 [DTC]
1 62466C 24254E   25222.10048611  .00032436  00000+0  25228-3 0  2223
2 62466  43.0001  58.0230 0001867 256.6072 248.3573 15.70772124    11
STARLINK-11486 [DTC]
1 62467C 24254F   25222.10256944  .00046501  00000+0  36165-3 0  2224
2 62467  43.0001  58.6829 0001701 276.0474 330.1622 15.70760787    18
STARLINK-11511 [DTC]
1 62468C 24254G   25222.09979167  .00026985  00000+0  20982-3 0  2226
2 62468  43.0001  58.3999 0001712 258.4614  92.2451 15.70785742    10
STARLINK-11505 [DTC]
1 62469C 24254H   25222.09840278  .00030544  00000+0  23753-3 0  2222
2 62469  43.0001  58.2585 0001852 258.3939 144.5834 15.70777667    18
STARLINK-11497 [DTC]
1 62470C 24254J   25222.10256944  .00040120  00000+0  31199-3 0  2221
2 62470  43.0001  58.4572 0001757 255.5136  80.8763 15.70769220    19
STARLINK-11477 [DTC]
1 62471C 24254K   25222.10048611  .00039591  00000+0  30787-3 0  2224
2 62471  43.0002  58.4074 0001912 259.3126  90.1794 15.70770367    14
STARLINK-11500 [DTC]
1 62472C 24254L   25222.10326389  .00031146  00000+0  24222-3 0  2221
2 62472  43.0000  58.0782 0001857 254.1647 236.4616 15.70776580    15
STARLINK-11464 [DTC]
1 62473C 24254M   25222.10048611  .00031338  00000+0  24371-3 0  2229
2 62473  43.0001  58.5430 0002282 255.9152  38.6224 15.70775726    13
STARLINK-11502 [DTC]
1 62474C 24254N   25222.09770833  .00030938  00000+0  24058-3 0  2223
2 62474  43.0001  58.3352 0001890 253.5920 115.3893 15.70779516    12
STARLINK-32657
1 62475C 24254P   25222.08243056 -.00000700  00000+0 -25392-4 0  2224
2 62475  43.0025 134.7151 0001469 283.7130  29.5946 15.27543953    16
STARLINK-32734
1 62476C 24254Q   25222.07965278 -.00002890  00000+0 -10476-3 0  2229
2 62476  43.0001 131.5776 0001572 268.0418 259.9380 15.27556852    12
STARLINK-32733
1 62477C 24254R   25222.08034722  .00027125  00000+0  98380-3 0  2228
2 62477  43.0028 131.0444 0001285 259.4854 131.7371 15.27507116    14
STARLINK-32707
1 62478C 24254S   25222.07756944 -.00000838  00000+0 -30382-4 0  2228
2 62478  42.9999 131.4461 0000980 269.1430 304.0788 15.27530011    19
STARLINK-32705
1 62479C 24254T   25222.07756944  .00021080  00000+0  76470-3 0  2226
2 62479  43.0026 123.8642 0000903 271.2683 219.6211 15.27506711    10
STARLINK-32743
1 62480C 24254U   25222.08034722  .00017863  00000+0  64742-3 0  2225
2 62480  43.0029 130.9466 0001656 276.7580 156.8196 15.27539141    17
STARLINK-32753
1 62481C 24254V   25222.08173611  .00006759  00000+0  24503-3 0  2220
2 62481  43.0023 131.1385 0001408 276.1756  80.1693 15.27543451    19
STARLINK-32699
1 62482C 24254W   25222.07687500 -.00001330  00000+0 -48229-4 0  2221
2 62482  43.0028 134.6593 0001423 278.4494  39.6427 15.27540486    14
STARLINK-32713
1 62487C 25003A   25222.08243056  .00026214  00000+0  94986-3 0  2220
2 62487  43.0002  44.0842 0001690 260.2705 265.6609 15.27538573    19
STARLINK-32732
1 62488C 25003B   25222.08104167  .00028100  00000+0  10180-2 0  2229
2 62488  43.0031  43.6467 0001629 258.0820  84.1639 15.27542280    12
STARLINK-32328
1 62489C 25003C   25222.07826389  .00025517  00000+0  92435-3 0  2229
2 62489  43.0004  44.3095 0001564 264.2520 153.8404 15.27548294    17
STARLINK-32332
1 62490C 25003D   25222.08312500  .00026474  00000+0  95959-3 0  2224
2 62490  43.0002  44.1306 0001623 253.7278 254.8456 15.27527250    17
STARLINK-32717
1 62491C 25003E   25222.07826389  .00027833  00000+0  10089-2 0  2229
2 62491  43.0040  43.9034 0001843 287.0216 300.9013 15.27524294    18
STARLINK-32757
1 62492C 25003F   25222.07687500  .00028256  00000+0  10238-2 0  2226
2 62492  42.9999  44.2472 0001577 252.3714 186.4082 15.27538371    16
STARLINK-32731
1 62493C 25003G   25222.08243056  .00024151  00000+0  87442-3 0  2224
2 62493  43.0008  44.3842 0001721 265.4808 133.0451 15.27566991    19
STARLINK-32694
1 62494C 25003H   25222.08243056  .00027176  00000+0  98487-3 0  2226
2 62494  43.0034  43.7422 0001956 270.7022  36.7572 15.27532710    18
STARLINK-32708
1 62495C 25003J   25222.07687500  .00024369  00000+0  88254-3 0  2224
2 62495  43.0007  44.1969 0001584 264.2986 195.6428 15.27557288    16
STARLINK-32718
1 62496C 25003K   25222.08173611  .00026964  00000+0  97741-3 0  2223
2 62496  43.0032  43.6969 0001374 281.3774  43.4965 15.27525366    19
STARLINK-32729
1 62497C 25003L   25222.08104167  .00026287  00000+0  95281-3 0  2229
2 62497  43.0038  43.7951 0001677 285.4703 353.1135 15.27528097    15
STARLINK-32739
1 62498C 25003M   25222.07895833  .00026474  00000+0  95943-3 0  2229
2 62498  43.0018  44.0104 0001741 255.8293 286.3942 15.27532528    12
STARLINK-32714
1 62499C 25003N   25222.07895833  .00026807  00000+0  97192-3 0  2228
2 62499  43.0007  44.3888 0001262 275.0842 111.5026 15.27519330    13
STARLINK-32685
1 62500C 25003P   25222.07965278  .00028147  00000+0  10200-2 0  2225
2 62500  43.0003  44.2846 0001554 252.1719 180.6827 15.27534608    19
STARLINK-32691
1 62501C 25003Q   25222.08104167  .00028471  00000+0  10307-2 0  2227
2 62501  43.0022  43.9802 0001928 271.6336 289.0057 15.27565578    14
STARLINK-32788
1 62502C 25003R   25222.08173611  .00025473  00000+0  92320-3 0  2223
2 62502  43.0032  43.9294 0001813 258.6555 327.1571 15.27532671    15
STARLINK-32768
1 62503C 25003S   25222.07965278  .00027077  00000+0  98101-3 0  2226
2 62503  43.0035  43.7185 0001424 264.3703  41.9251 15.27541763    11
STARLINK-32792
1 62504C 25003T   25222.07826389  .00028610  00000+0  10368-2 0  2228
2 62504  43.0025  43.6059 0001416 252.3893  95.8148 15.27532240    11
STARLINK-32725
1 62505C 25003U   25222.07618056  .00028378  00000+0  10284-2 0  2227
2 62505  43.0029  43.6222 0001516 253.0522  76.6206 15.27531789    15
STARLINK-32681
1 62506C 25003V   25222.07895833  .00018417  00000+0  66710-3 0  2227
2 62506  43.0040  25.4812 0001801 260.1169 255.8057 15.27557700    11
STARLINK-32679
1 62507C 25003W   25222.07826389  .00028616  00000+0  10368-2 0  2227
2 62507  43.0017  44.4026 0001543 253.9465 107.6005 15.27538805    18
STARLINK-32749
1 62508C 25003X   25222.07548611  .00027755  00000+0  10068-2 0  2227
2 62508  43.0038  43.8783 0001839 256.9953 329.8062 15.27500867    16
STARLINK-32744
1 62509C 25003Y   25222.07756944  .00028292  00000+0  10254-2 0  2222
2 62509  43.0003  44.3470 0001582 257.4958 142.6537 15.27529719    19
STARLINK-32701
1 62510C 25003Z   25222.07756944  .00027073  00000+0  98092-3 0  2227
2 62510  43.0013  44.0530 0001647 255.4107 264.9837 15.27539715    10
STARLINK-11452 [DTC]
1 62511C 25004A   25222.10118056  .00036000  00000+0  28005-3 0  2226
2 62511  42.9998 266.0988 0001480 270.2513   8.7333 15.70765487    15
STARLINK-11443 [DTC]
1 62512C 25004B   25222.10256944  .00041445  00000+0  32248-3 0  2229
2 62512  42.9998 266.5384 0001772 276.7492 189.7504 15.70754145    11
STARLINK-11440 [DTC]
1 62513C 25004C   25222.10256944  .00036989  00000+0  28779-3 0  2221
2 62513  43.0000 266.3138 0001739 271.4211 285.2564 15.70760116    10
STARLINK-11514 [DTC]
1 62514C 25004D   25222.10326389  .00018999  00000+0  14790-3 0  2222
2 62514  42.9997 266.0226 0001592 266.2782  49.4978 15.70765924    12
STARLINK-11508 [DTC]
1 62515C 25004E   25222.09909722  .00033998  00000+0  26454-3 0  2225
2 62515  42.9999 265.9599 0001331 269.1189  58.2075 15.70762210    11
STARLINK-11510 [DTC]
1 62516C 25004F   25222.10048611  .00038631  00000+0  30056-3 0  2221
2 62516  43.0001 266.3995 0001747 262.3014 252.5197 15.70759109    13
STARLINK-11512 [DTC]
1 62517C 25004G   25222.09909722  .00028632  00000+0  22277-3 0  2225
2 62517  42.9998 265.7346 0001699 271.7416 145.7623 15.70768823    16
STARLINK-11450 [DTC]
1 62518C 25004H   25222.10256944  .00034288  00000+0  26676-3 0  2220
2 62518  42.9999 266.1616 0001512 267.7063 349.0876 15.70765373    16
STARLINK-11507 [DTC]
1 62519C 25004J   25222.10465278  .00037933  00000+0  29514-3 0  2227
2 62519  42.9999 266.2236 0001769 271.0194 327.5193 15.70759386    13
STARLINK-11482 [DTC]
1 62520C 25004K   25222.09979167  .00030474  00000+0  23710-3 0  2229
2 62520  43.0000 265.8035 0001483 271.7447 119.6300 15.70766766    13
STARLINK-11528 [DTC]
1 62521C 25004L   25222.10395833  .00009287  00000+0  72263-4 0  2220
2 62521  43.0000 266.4473 0001787 268.8662 235.5617 15.70784415    10
STARLINK-11516 [DTC]
1 62522C 25004M   25222.09909722  .00043789  00000+0  34074-3 0  2229
2 62522  42.9998 266.0309 0001467 260.3561  36.9112 15.70751185    10
STARLINK-11527 [DTC]
1 62523C 25004N   25222.10048611  .00037353  00000+0  29064-3 0  2226
2 62523  42.9998 265.8726 0001457 275.2358  90.0205 15.70759094    10
STARLINK-32748
1 62524C 25004P   25222.07826389  .00011983  00000+0  43426-3 0  2228
2 62524  43.0030 334.7673 0001139 265.3314 232.8696 15.27548903    13
STARLINK-32777
1 62525C 25004Q   25222.08104167  .00007498  00000+0  27177-3 0  2224
2 62525  43.0029 335.2739 0001980 263.3106  30.8880 15.27547902    11
STARLINK-32741
1 62526C 25004R   25222.07895833 -.00014826  00000+0 -53705-3 0  2222
2 62526  43.0027 331.6759 0001460 254.8806  88.8266 15.27590558    13
STARLINK-32754
1 62527C 25004S   25222.08104167  .00019171  00000+0  69508-3 0  2221
2 62527  43.0022 334.9531 0001787 278.7404 149.8691 15.27525098    11
STARLINK-32786
1 62528C 25004T   25222.07965278 -.00006121  00000+0 -22199-3 0  2227
2 62528  43.0034 334.5182 0001396 269.5360 335.4132 15.27541364    15
STARLINK-32789
1 62529C 25004U   25222.08243056 -.00029053  00000+0 -10543-2 0  2220
2 62529  43.0020 335.0219 0001474 271.3809 129.5647 15.27543885    17
STARLINK-32791
1 62530C 25004V   25222.08104167  .00029939  00000+0  10857-2 0  2220
2 62530  43.0017 334.8443 0001642 250.8738 220.1648 15.27506927    16
STARLINK-32785
1 62531C 25004W   25222.07895833  .00003217  00000+0  11656-3 0  2227
2 62531  43.0027 335.1522 0001528 255.4768  83.8108 15.27559534    14
STARLINK-11538 [DTC]
1 62554C 25006A   25222.10118056  .00023132  00000+0  17995-3 0  2223
2 62554  43.0003 334.9301 0001731 261.6689 291.0950 15.70776925    13
STARLINK-11534 [DTC]
1 62555C 25006B   25222.10395833  .00016089  00000+0  12518-3 0  2223
2 62555  43.0002 334.9877 0001589 259.3761 279.0587 15.70779981    14
STARLINK-11515 [DTC]
1 62556C 25006C   25222.10187500  .00024714  00000+0  19229-3 0  2224
2 62556  43.0003 335.5980 0001868 263.0438  23.1175 15.70771830    17
STARLINK-11478 [DTC]
1 62557C 25006D   25222.10118056  .00034731  00000+0  27026-3 0  2229
2 62557  43.0001 335.3029 0001760 271.8710 130.6138 15.70759231    13
STARLINK-11358 [DTC]
1 62558C 25006E   25222.10187500  .00034664  00000+0  26975-3 0  2227
2 62558  43.0000 335.2231 0001549 271.6893 164.7884 15.70758278    18
STARLINK-11517 [DTC]
1 62559C 25006F   25222.09840278  .00026742  00000+0  20808-3 0  2221
2 62559  43.0003 335.3925 0001515 258.1454  98.5457 15.70768501    19
STARLINK-11519 [DTC]
1 62560C 25006G   25222.09770833  .00021986  00000+0  17106-3 0  2224
2 62560  43.0004 335.7090 0001869 257.8170 329.5230 15.70775392    14
STARLINK-11451 [DTC]
1 62561C 25006H   25222.10326389  .00006905  00000+0  53725-4 0  2222
2 62561  43.0001 335.0641 0001779 251.5024 252.9466 15.70787844    11
STARLINK-11530 [DTC]
1 62562C 25006J   25222.10326389  .00036311  00000+0  28247-3 0  2227
2 62562  43.0003 335.6617 0001463 265.9016 358.0521 15.70765398    13
STARLINK-11536 [DTC]
1 62563C 25006K   25222.09979167  .00034462  00000+0  26817-3 0  2220
2 62563  43.0000 335.1587 0001524 271.2086 183.5310 15.70759936    15
STARLINK-11540 [DTC]
1 62564C 25006L   25222.09840278  .00007759  00000+0  60386-4 0  2220
2 62564  43.0002 335.4656 0001450 264.2385  62.3934 15.70783618    10
STARLINK-11523 [DTC]
1 62565C 25006M   25222.10048611  .00012113  00000+0  94266-4 0  2228
2 62565  43.0003 335.5273 0001391 261.9037  46.4619 15.70781177    11
STARLINK-11525 [DTC]
1 62566C 25006N   25222.10465278  .00026696  00000+0  20787-3 0  2228
2 62566  43.0004 335.7259 0001522 255.9924 345.8330 15.70752658    11
STARLINK-32752
1 62567C 25006P   25222.07826389  .00026858  00000+0  97330-3 0  2227
2 62567  43.0038  47.7323 0001776 257.9533 275.8035 15.27534314    13
STARLINK-32760
1 62568C 25006Q   25222.08104167  .00026954  00000+0  97660-3 0  2225
2 62568  43.0025  47.8128 0001568 254.8766 251.7078 15.27541044    15
STARLINK-32715
1 62569C 25006R   25222.08034722  .00029244  00000+0  10603-2 0  2221
2 62569  43.0007  47.9022 0001623 286.9941 180.4289 15.27517118    10
STARLINK-32764
1 62570C 25006S   25222.08243056  .00027865  00000+0  10084-2 0  2225
2 62570  43.0003  47.9916 0001409 242.3653 193.8533 15.27579453    18
STARLINK-32773
1 62571C 25006T   25222.08243056  .00027569  00000+0  99924-3 0  2228
2 62571  43.0032  47.4679 0001483 252.0109  43.7641 15.27528177    18
STARLINK-32750
1 62572C 25006U   25222.07895833  .00028477  00000+0  10319-2 0  2223
2 62572  43.0004  47.2460 0001461 253.4998 122.1720 15.27537469    15
STARLINK-32771
1 62573C 25006V   25222.07618056  .00027490  00000+0  99587-3 0  2223
2 62573  43.0016  47.3991 0001379 259.1521  44.6007 15.27545113    13
STARLINK-32766
1 62574C 25006W   25222.07548611  .00026137  00000+0  94733-3 0  2228
2 62574  43.0036  47.6394 0001783 257.7102 303.2299 15.27529495    16
STARLINK-11547 [DTC]
1 62587C 25008A   25222.10256944  .00021423  00000+0  16669-3 0  2228
2 62587  43.0002 321.7616 0001982 260.2031 137.1812 15.70773248    17
STARLINK-11185 [DTC]
1 62588C 25008B   25222.10534722  .00031364  00000+0  24407-3 0  2226
2 62588  43.0000 321.2956 0001453 273.1192 320.3656 15.70762062    16
STARLINK-11513 [DTC]
1 62589C 25008C   25222.10326389  .00042551  00000+0  33100-3 0  2225
2 62589  43.0001 321.6069 0001879 264.3286 197.1040 15.70759186    15
STARLINK-11397 [DTC]
1 62590C 25008D   25222.09909722  .00042625  00000+0  33164-3 0  2225
2 62590  43.0000 321.1080 0001365 274.7131  13.5621 15.70755679    17
STARLINK-11420 [DTC]
1 62591C 25008E   25222.09840278  .00025298  00000+0  19682-3 0  2222
2 62591  43.0001 321.7102 0001829 269.3735 134.4722 15.70772617    11
STARLINK-11415 [DTC]
1 62592C 25008F   25222.09979167 -.00031989  00000+0 -24890-3 0  2226
2 62592  43.0000 321.9253 0001518 265.6445  55.8775 15.70827818    10
STARLINK-11413 [DTC]
1 62593C 25008G   25222.10187500  .00021108  00000+0  16424-3 0  2225
2 62593  43.0002 321.8374 0001958 262.7131 100.6824 15.70773289    10
STARLINK-11416 [DTC]
1 62594C 25008H   25222.10395833 -.00026302  00000+0 -20364-3 0  2227
2 62594  43.0001 321.1925 0001935 269.6131 345.8653 15.70939531    13
STARLINK-11535 [DTC]
1 62595C 25008J   25222.10326389  .00019541  00000+0  15206-3 0  2222
2 62595  43.0002 321.1559 0001500 260.7227  21.0873 15.70774881    16
STARLINK-11521 [DTC]
1 62597C 25008L   25222.09840278  .00039654  00000+0  30847-3 0  2225
2 62597  43.0001 321.4083 0001539 264.4995 259.5954 15.70762187    11
STARLINK-11258 [DTC]
1 62598C 25008M   25222.09979167  .00039349  00000+0  30611-3 0  2226
2 62598  43.0000 321.4742 0001823 262.5425 239.3589 15.70761200    11
STARLINK-11529 [DTC]
1 62599C 25008N   25222.09770833  .00039228  00000+0  30515-3 0  2225
2 62599  43.0001 321.5609 0001796 258.9839 201.0575 15.70762587    13
STARLINK-32747
1 62600C 25008P   25222.08312500  .00027189  00000+0  98524-3 0  2227
2 62600  43.0033  33.2940 0001486 253.2692 268.9256 15.27536383    10
STARLINK-32767
1 62601C 25008Q   25222.08104167  .00027002  00000+0  97875-3 0  2228
2 62601  43.0013  32.8237 0001779 283.0683  65.7457 15.27526529    16
STARLINK-32769
1 62602C 25008R   25222.07895833  .00026458  00000+0  95843-3 0  2222
2 62602  43.0004  32.8844 0001770 263.3023  52.7768 15.27547209    10
STARLINK-32778
1 62603C 25008S   25222.08173611  .00021244  00000+0  76980-3 0  2226
2 62603  43.0038  33.4543 0001598 255.2380 195.6208 15.27542573    10
STARLINK-32710
1 62604C 25008T   25222.08104167  .00026167  00000+0  94819-3 0  2227
2 62604  43.0040  32.6353 0001964 262.9442 163.6925 15.27536488    14
STARLINK-32742
1 62605C 25008U   25222.07756944  .00024866  00000+0  90009-3 0  2224
2 62605  43.0039  32.7052 0001744 265.1451 121.0269 15.27573584    18
STARLINK-32783
1 62606C 25008V   25222.07756944  .00023766  00000+0  86109-3 0  2229
2 62606  43.0005  32.9482 0001579 257.6921  29.5149 15.27543868    16
STARLINK-32784
1 62607C 25008W   25222.07826389  .00027929  00000+0  10126-2 0  2221
2 62607  43.0026  32.7868 0001922 283.9739  70.7749 15.27516909    17
STARLINK-32806
1 62735C 25014A   25222.07826389 -.00022022  00000+0 -79778-3 0  2220
2 62735  42.9994 269.6426 0001306 270.3592  34.3226 15.27593837    16
STARLINK-32329
1 62736C 25014B   25222.08034722 -.00012573  00000+0 -45549-3 0  2223
2 62736  43.0007 269.3666 0001690 267.8804 154.3950 15.27584839    19
STARLINK-32774
1 62737C 25014C   25222.07826389 -.00020126  00000+0 -72902-3 0  2227
2 62737  43.0017 272.6880 0001435 261.5827 215.5443 15.27595944    15
STARLINK-32802
1 62738C 25014D   25222.08104167 -.00009724  00000+0 -35227-3 0  2222
2 62738  43.0018 269.0954 0001540 264.3225 274.9701 15.27580893    12
STARLINK-32796
1 62739C 25014E   25222.08243056 -.00016481  00000+0 -59703-3 0  2227
2 62739  43.0013 269.0542 0001480 265.5570 295.5342 15.27588916    14
STARLINK-32805
1 62740C 25014F   25222.07687500 -.00021990  00000+0 -79662-3 0  2221
2 62740  42.9994 269.8528 0001516 263.0450 309.0968 15.27594364    13
STARLINK-32770
1 62741C 25014G   25222.07965278 -.00009505  00000+0 -34433-3 0  2228
2 62741  43.0031 269.2429 0001446 268.6714 206.3722 15.27581245    19
STARLINK-32775
1 62742C 25014H   25222.07965278  .00016636  00000+0  60276-3 0  2224
2 62742  43.0003 269.3882 0001431 270.3074 141.0550 15.27549625    16
STARLINK-32800
1 62743C 25014J   25222.07687500 -.00035910  00000+0 -13009-2 0  2223
2 62743  42.9998 276.8085 0001416 262.8788 293.3799 15.27608881    13
STARLINK-32758
1 62744C 25014K   25222.07965278 -.00011855  00000+0 -42945-3 0  2229
2 62744  43.0020 272.8495 0001501 268.7774 145.2614 15.27584686    15
STARLINK-32746
1 62745C 25014L   25222.07687500 -.00064248  00000+0 -23265-2 0  2226
2 62745  43.0004 269.0322 0001529 263.4410 288.2856 15.27649438    17
STARLINK-32780
1 62746C 25014M   25222.07756944 -.00014182  00000+0 -51380-3 0  2228
2 62746  42.9993 269.8269 0001502 270.7112 312.3340 15.27584841    15
STARLINK-32765
1 62747C 25014N   25222.07965278 -.00029845  00000+0 -10812-2 0  2227
2 62747  43.0001 269.5273 0001674 270.6360  84.1436 15.27601734    15
STARLINK-32762
1 62748C 25014P   25222.07756944 -.00017306  00000+0 -62692-3 0  2229
2 62748  43.0023 272.7240 0001349 277.1237 182.0467 15.27590267    14
STARLINK-32761
1 62749C 25014Q   25222.07548611  .00009968  00000+0  36138-3 0  2229
2 62749  43.0027 272.7700 0001498 263.5779 170.0413 15.27537623    10
STARLINK-32763
1 62750C 25014R   25222.08243056 -.00020170  00000+0 -73058-3 0  2229
2 62750  43.0033 269.1872 0001429 265.9574 238.5170 15.27597759    18
STARLINK-32759
1 62751C 25014S   25222.07826389 -.00025537  00000+0 -92515-3 0  2226
2 62751  42.9991 273.1783 0001428 264.4244   7.5547 15.27596729    11
STARLINK-32756
1 62752C 25014T   25222.08104167 -.00015179  00000+0 -54988-3 0  2224
2 62752  42.9994 269.8395 0001578 263.9745 324.0368 15.27586506    12
STARLINK-32751
1 62753C 25014U   25222.08173611  .00004168  00000+0  15100-3 0  2222
2 62753  42.9991 269.7524 0001569 270.8125 356.3821 15.27564740    10
STARLINK-32740
1 62754C 25014V   25222.08104167 -.00018320  00000+0 -64684-3 0  2221
2 62754  43.0016 269.2985 0001545 266.8068 189.4477 15.28430022    10
STARLINK-32745
1 62755C 25014W   25222.07895833 -.00025444  00000+0 -92175-3 0  2229
2 62755  42.9996 269.6139 0001472 267.3771  48.2038 15.27597575    18
STARLINK-33575
1 62760C 25015C   25222.08034722  .00011110  00000+0  37459-3 0  2226
2 62760  53.1571 225.4069 0001211  83.7625 208.2892 15.30169320    11
STARLINK-33577
1 62762C 25015E   25222.08034722  .00002230  00000+0  75213-4 0  2222
2 62762  53.1570 225.0676 0001317  96.1227  22.0208 15.30164793    17
STARLINK-33579
1 62764C 25015G   25222.07895833 -.00002901  00000+0 -97788-4 0  2229
2 62764  53.1563 225.0201 0001212  89.2192  50.3393 15.30187189    16
STARLINK-33592
1 62765C 25015H   25222.07687500 -.00000658  00000+0 -22168-4 0  2227
2 62765  53.1572 225.4830 0001168  92.6398 162.7731 15.30191071    14
STARLINK-33595
1 62766C 25015J   25222.07548611 -.00000035  00000+0 -11820-5 0  2220
2 62766  53.1576 225.2168 0001301  87.1766 300.1733 15.30188862    12
STARLINK-33572
1 62767C 25015K   25222.08034722 -.00008946  00000+0 -30155-3 0  2224
2 62767  53.1576 225.3660 0001225  91.3567 235.5384 15.30194601    13
STARLINK-33569
1 62769C 25015M   25222.08173611 -.00000925  00000+0 -31170-4 0  2225
2 62769  53.1571 225.1090 0001270  92.4839  10.0362 15.30187242    14
STARLINK-33594
1 62770C 25015N   25222.07826389  .00001029  00000+0  34701-4 0  2220
2 62770  53.1566 225.0445 0001348 100.7960  23.3115 15.30182934    13
STARLINK-33598
1 62771C 25015P   25222.07756944 -.00006308  00000+0 -21263-3 0  2225
2 62771  53.1574 225.1460 0001308  89.8807 338.0397 15.30192124    14
STARLINK-33574
1 62774C 25015S   25222.07687500 -.00003724  00000+0 -12551-3 0  2228
2 62774  53.1575 225.1985 0001283  86.6451 314.1778 15.30191379    11
STARLINK-33576
1 62775C 25015T   25222.08034722  .00003128  00000+0  10543-3 0  2227
2 62775  53.1572 225.4585 0001198  92.5049 187.8562 15.30190303    14
STARLINK-33570
1 62776C 25015U   25222.07895833 -.00002039  00000+0 -68714-4 0  2221
2 62776  53.1575 225.1747 0001270  86.0099 332.1117 15.30189542    13
STARLINK-33591
1 62777C 25015V   25222.07756944  .00006999  00000+0  23593-3 0  2223
2 62777  53.1573 225.4350 0001214  90.3765 192.1325 15.30181755    14
STARLINK-33573
1 62778C 25015W   25222.07965278  .00000666  00000+0  22439-4 0  2220
2 62778  53.1570 225.1011 0001307  87.1779   9.6790 15.30187359    19
STARLINK-33568
1 62779C 25015X   25222.07756944  .00010733  00000+0  36176-3 0  2227
2 62779  53.1575 225.3673 0001201  92.5993 224.7985 15.30180594    12
STARLINK-33593
1 62780C 25015Y   25222.08243056  .00011939  00000+0  40264-3 0  2227
2 62780  53.1573 225.1340 0001232  80.2739   8.6749 15.30159767    12
STARLINK-33588
1 62781C 25015Z   25222.07826389  .00000063  00000+0  21126-5 0  2227
2 62781  53.1575 223.1872 0001217  93.7668 218.8004 15.30191659    11
STARLINK-33585
1 62782C 25015AA  25222.07756944  .00000618  00000+0  20817-4 0  2228
2 62782  53.1561 225.0107 0001280  92.4019  45.3134 15.30188269    15
STARLINK-32883
1 62806C 25018A   25222.08104167 -.00006451  00000+0 -21745-3 0  2226
2 62806  53.1574 212.4217 0001344  92.3254 183.5200 15.30193148    10
STARLINK-32886
1 62807C 25018B   25222.07687500 -.00006298  00000+0 -21231-3 0  2222
2 62807  53.1573 212.4265 0001305  90.1093 168.5867 15.30192117    14
STARLINK-32848
1 62808C 25018C   25222.07895833  .00002799  00000+0  94358-4 0  2224
2 62808  53.1578 212.4728 0001355  91.9128 149.2009 15.30181876    11
STARLINK-32787
1 62809C 25018D   25222.07687500  .00004443  00000+0  14975-3 0  2229
2 62809  53.1572 212.4037 0001350  84.3573 185.9855 15.30182714    12
STARLINK-32851
1 62810C 25018E   25222.08034722 -.00013080  00000+0 -44082-3 0  2225
2 62810  53.1576 212.4463 0001523  85.4356 174.9334 15.30205365    12
STARLINK-32847
1 62811C 25018F   25222.07826389  .00001189  00000+0  40076-4 0  2228
2 62811  53.1561 212.2575 0001287  87.6073 260.1929 15.30182230    19
STARLINK-32837
1 62812C 25018G   25222.07687500  .00002642  00000+0  89063-4 0  2223
2 62812  53.1572 212.3794 0001352  86.6604 201.1267 15.30179775    18
STARLINK-32843
1 62814C 25018J   25222.08173611 -.00006611  00000+0 -22291-3 0  2220
2 62814  53.1577 212.6102 0001266  86.9032  93.9106 15.30186321    17
STARLINK-32845
1 62815C 25018K   25222.07687500 -.00002425  00000+0 -81757-4 0  2229
2 62815  53.1562 212.2993 0001290  89.3177 233.3793 15.30184855    12
STARLINK-32824
1 62817C 25018M   25222.07965278 -.00004049  00000+0 -13646-3 0  2227
2 62817  53.1564 212.3066 0001305  90.3228 236.0376 15.30193144    12
STARLINK-32782
1 62821C 25018R   25222.07618056  .00004246  00000+0  14312-3 0  2229
2 62821  53.1571 212.3919 0001396  90.3354 181.9976 15.30181883    13
STARLINK-32842
1 62822C 25018S   25222.08173611  .00002815  00000+0  94899-4 0  2223
2 62822  53.1577 212.4474 0001320  86.8342 175.4068 15.30182706    16
STARLINK-32823
1 62823C 25018T   25222.07756944  .00005999  00000+0  20223-3 0  2224
2 62823  53.1561 212.2820 0001277  83.6106 248.7332 15.30178071    15
STARLINK-32852
1 62824C 25018U   25222.08104167 -.00013016  00000+0 -43871-3 0  2225
2 62824  53.1578 212.5896 0001335  82.5579 106.0345 15.30203240    14
STARLINK-32704
1 62826C 25018W   25222.07965278  .00011175  00000+0  37668-3 0  2223
2 62826  53.1591 212.5206 0000963  85.3299 142.1406 15.30177063    14
STARLINK-32727
1 62828C 25018Y   25222.07618056 -.00018163  00000+0 -61226-3 0  2227
2 62828  53.1582 209.6936 0001287  83.1267 117.1137 15.30204908    16
STARLINK-11548 [DTC]
1 62829C 25019A   25222.10326389  .00063994  00000+0  49778-3 0  2226
2 62829  43.0011 141.0750 0001546 265.5050 211.3517 15.70739863    15
STARLINK-11480 [DTC]
1 62830C 25019B   25222.10465278  .00052390  00000+0  40718-3 0  2222
2 62830  43.0008 141.3650 0001551 260.4300 103.9856 15.70771065    15
STARLINK-11559 [DTC]
1 62831C 25019C   25222.10048611  .00043233  00000+0  33626-3 0  2227
2 62831  43.0010 141.8381 0001630 273.9495 246.5740 15.70762233    10
STARLINK-11549 [DTC]
1 62832C 25019D   25222.10256944  .00047484  00000+0  36935-3 0  2226
2 62832  43.0010 141.6010 0001522 269.9557 352.5499 15.70756501    12
STARLINK-11554 [DTC]
1 62833C 25019E   25222.10118056  .00047203  00000+0  36712-3 0  2220
2 62833  43.0009 141.6836 0001980 276.5712 308.0049 15.70758839    15
STARLINK-11520 [DTC]
1 62834C 25019F   25222.10256944  .00036149  00000+0  28120-3 0  2221
2 62834  43.0009 141.1513 0001566 266.5106 176.3594 15.70766893    19
STARLINK-11546 [DTC]
1 62835C 25019G   25222.10326389 -.00017678  00000+0 -13756-3 0  2220
2 62835  43.0008 141.8943 0001594 274.2312 231.9768 15.70812081    11
STARLINK-11533 [DTC]
1 62836C 25019H   25222.10048611  .00046208  00000+0  35945-3 0  2223
2 62836  43.0009 141.4620 0001471 269.4844  41.3531 15.70756206    18
STARLINK-11557 [DTC]
1 62837C 25019J   25222.10118056  .00036606  00000+0  28472-3 0  2223
2 62837  43.0009 141.2331 0001545 266.1633 138.7780 15.70768698    13
STARLINK-11556 [DTC]
1 62838C 25019K   25222.09909722 -.00092366  00000+0 -71736-3 0  2228
2 62838  43.0009 141.1836 0001455 269.7616 148.2412 15.70931624    12
STARLINK-11524 [DTC]
1 62839C 25019L   25222.10256944  .00044145  00000+0  34335-3 0  2226
2 62839  43.0009 141.7473 0001634 265.4934 296.8851 15.70761719    14
STARLINK-11551 [DTC]
1 62840C 25019M   25222.09770833  .00039464  00000+0  30693-3 0  2225
2 62840  43.0009 141.3272 0001464 259.8637  95.3560 15.70767461    16
STARLINK-11531 [DTC]
1 62841C 25019N   25222.09840278  .00052006  00000+0  40447-3 0  2222
2 62841  43.0009 141.5472 0001914 272.1233 356.8482 15.70754570    16
STARLINK-32755
1 62842C 25019P   25222.07826389 -.00033117  00000+0 -12000-2 0  2225
2 62842  43.0003 197.0031 0001157 256.1709 302.0549 15.27596264    10
STARLINK-32797
1 62843C 25019Q   25222.08173611 -.00027369  00000+0 -99170-3 0  2226
2 62843  42.9995 203.9584 0001396 272.2447 282.1116 15.27592615    16
STARLINK-32794
1 62844C 25019R   25222.07826389 -.00023350  00000+0 -84613-3 0  2225
2 62844  43.0021 204.3159 0001232 266.1725 127.5667 15.27586606    18
STARLINK-32807
1 62845C 25019S   25222.08312500 -.00029350  00000+0 -10636-2 0  2221
2 62845  42.9994 196.7196 0001340 257.3322  73.7739 15.27592717    18
STARLINK-32804
1 62846C 25019T   25222.08104167  .00007464  00000+0  27047-3 0  2225
2 62846  42.9994 204.0676 0001394 261.9657 246.1121 15.27556521    10
STARLINK-32799
1 62847C 25019U   25222.07965278 -.00043974  00000+0 -15927-2 0  2224
2 62847  42.9996 203.8668 0000973 256.2934 328.9970 15.27622922    18
STARLINK-32781
1 62848C 25019V   25222.08173611 -.00024815  00000+0 -89914-3 0  2229
2 62848  42.9993 204.0469 0001307 260.5496 258.4406 15.27591060    10
STARLINK-32809
1 62849C 25019W   25222.08034722 -.00029108  00000+0 -10544-2 0  2221
2 62849  42.9996 203.7309 0001413 262.0891  23.6363 15.27604391    13
STARLINK-32868
1 62854C 25022A   25222.07895833 -.00010983  00000+0 -37027-3 0  2225
2 62854  53.1601  32.1859 0001218  94.7079   4.4009 15.30193628    15
STARLINK-32867
1 62855C 25022B   25222.07965278 -.00001385  00000+0 -46703-4 0  2225
2 62855  53.1600  32.2068 0001302  93.3507 352.1486 15.30184198    17
STARLINK-32860
1 62856C 25022C   25222.08104167  .00005497  00000+0  18531-3 0  2222
2 62856  53.1585  32.7949 0001130  87.0118  69.4971 15.30178690    17
STARLINK-32873
1 62857C 25022D   25222.07756944 -.00006333  00000+0 -21344-3 0  2226
2 62857  53.1586  32.8047 0001108  82.7880  60.3727 15.30197236    18
STARLINK-32866
1 62858C 25022E   25222.08173611  .00006103  00000+0  20572-3 0  2227
2 62858  53.1600  32.2519 0001229  94.6547 339.0522 15.30179458    15
STARLINK-32831
1 62860C 25022G   25222.07895833  .00012561  00000+0  42339-3 0  2226
2 62860  53.1589  32.4876 0001234  89.5429 218.3364 15.30175272    13
STARLINK-32859
1 62861C 25022H   25222.08104167 -.00004483  00000+0 -15111-3 0  2225
2 62861  53.1592  32.8412 0001160  93.5259  39.7069 15.30192324    16
STARLINK-32864
1 62862C 25022J   25222.08034722  .00012179  00000+0  41059-3 0  2224
2 62862  53.1590  32.4450 0001326  94.0051 233.1844 15.30171593    19
STARLINK-32862
1 62864C 25022L   25222.07618056  .00022099  00000+0  74492-3 0  2222
2 62864  53.1581  32.7757 0000988  97.5778  55.4026 15.30165550    14
STARLINK-32841
1 62865C 25022M   25222.08104167  .00014802  00000+0  49892-3 0  2226
2 62865  53.1582  32.5362 0001056  87.1716 203.1033 15.30175263    12
STARLINK-32695
1 62866C 25022N   25222.07618056 -.00002433  00000+0 -82022-4 0  2225
2 62866  53.1599  32.2442 0001101  83.7517 336.7709 15.30190478    17
STARLINK-32846
1 62867C 25022P   25222.07826389  .00016617  00000+0  56023-3 0  2224
2 62867  53.1594  32.4289 0000787  96.4053 230.9427 15.30165277    10
STARLINK-32822
1 62868C 25022Q   25222.07756944  .00023154  00000+0  78049-3 0  2220
2 62868  53.1578  32.5838 0000924  96.0121 157.6896 15.30164597    18
STARLINK-32813
1 62869C 25022R   25222.07618056 -.00001624  00000+0 -54731-4 0  2225
2 62869  53.1582  32.7525 0001016  84.7362  79.8543 15.30191600    12
STARLINK-32861
1 62870C 25022S   25222.07826389  .00024959  00000+0  84129-3 0  2224
2 62870  53.1601  32.2590 0001347  93.3777 327.0084 15.30163208    17
STARLINK-32814
1 62871C 25022T   25222.07895833  .00076778  00000+0  25929-2 0  2223
2 62871  53.1576  32.6038 0000758  95.8982 153.9197 15.30050683    13
STARLINK-32849
1 62872C 25022U   25222.08243056 -.00030942  00000+0 -10425-2 0  2229
2 62872  53.1592  32.8273 0001367  97.4815  49.1642 15.30233312    18
STARLINK-32833
1 62873C 25022V   25222.07756944  .00001015  00000+0  34231-4 0  2224
2 62873  53.1594  32.4603 0001095  92.1641 225.5110 15.30182473    12
STARLINK-32793
1 62874C 25022W   25222.07548611 -.00002006  00000+0 -67628-4 0  2224
2 62874  53.1576  32.6790 0001276  91.0512 110.4337 15.30190458    13
STARLINK-32834
1 62875C 25022X   25222.07965278  .00009008  00000+0  30368-3 0  2224
2 62875  53.1591  32.4719 0001124  84.9699 232.5607 15.30173488    19
STARLINK-11371 [DTC]
1 62879C 25024A   25222.09979167  .00032053  00000+0  24937-3 0  2225
2 62879  43.0003  17.1549 0001680 261.0894 171.3272 15.70767391    16
STARLINK-11352 [DTC]
1 62880C 25024B   25222.09770833  .00042419  00000+0  32994-3 0  2225
2 62880  43.0004  16.6440 0001569 272.6949 358.3483 15.70762384    16
STARLINK-11382 [DTC]
1 62881C 25024C   25222.09840278  .00031191  00000+0  24265-3 0  2224
2 62881  43.0000  16.9384 0001712 265.8276 248.9070 15.70768440    15
STARLINK-11432 [DTC]
1 62882C 25024D   25222.10187500  .00039490  00000+0  30718-3 0  2229
2 62882  43.0002  17.0663 0001692 266.1651 208.1045 15.70763212    10
STARLINK-11419 [DTC]
1 62883C 25024E   25222.09770833  .00016395  00000+0  12759-3 0  2229
2 62883  43.0002  16.8669 0001648 266.7460 274.1483 15.70776954    15
STARLINK-11437 [DTC]
1 62884C 25024F   25222.10118056  .00035528  00000+0  27643-3 0  2222
2 62884  43.0000  16.9948 0001557 263.1015 237.3076 15.70761413    14
STARLINK-11442 [DTC]
1 62885C 25024G   25222.10048611  .00028835  00000+0  22426-3 0  2229
2 62885  43.0005  16.4754 0001873 262.2064  84.6727 15.70777778    12
STARLINK-11365 [DTC]
1 62886C 25024H   25222.08729167  .00023298  00000+0  18121-3 0  2224
2 62886  43.0005  16.6291 0001754 258.1345 343.9837 15.70781607    14
STARLINK-11436 [DTC]
1 62887C 25024J   25222.09909722  .00035565  00000+0  27658-3 0  2228
2 62887  43.0003  16.7817 0001620 261.5040 317.2704 15.70773560    16
STARLINK-11438 [DTC]
1 62888C 25024K   25222.08451389  .00030213  00000+0  23498-3 0  2222
2 62888  43.0005  16.6578 0001784 260.4197 320.8129 15.70776381    19
STARLINK-11391 [DTC]
1 62889C 25024L   25222.10048611  .00034304  00000+0  26683-3 0  2220
2 62889  43.0003  16.6978 0001710 258.4283 358.2823 15.70769443    11
STARLINK-11431 [DTC]
1 62890C 25024M   25222.10187500  .00028270  00000+0  22001-3 0  2228
2 62890  43.0003  17.2870 0001758 267.6436 116.4919 15.70762137    18
STARLINK-11435 [DTC]
1 62891C 25024N   25222.06923611  .00028546  00000+0  22205-3 0  2227
2 62891  43.0003  17.4084 0001867 268.1564 321.1951 15.70774019    10
STARLINK-32878
1 62892C 25024P   25222.08243056  .00035336  00000+0  12810-2 0  2223
2 62892  42.9990  80.5405 0001525 253.7192  43.0124 15.27513727    11
STARLINK-32892
1 62893C 25024Q   25222.07548611  .00034354  00000+0  12451-2 0  2228
2 62893  42.9990  80.6274 0001651 256.8591 340.3782 15.27524035    11
STARLINK-32909
1 62894C 25024R   25222.07618056 -.00074395  00000+0 -26973-2 0  2225
2 62894  42.9995  80.7096 0001434 270.0362 295.6960 15.27619581    14
STARLINK-32901
1 62895C 25024S   25222.07965278  .00025174  00000+0  91280-3 0  2220
2 62895  43.0023  80.3117 0001705 250.9118 129.6039 15.27517681    17
STARLINK-32890
1 62896C 25024T   25222.07826389  .00022223  00000+0  80592-3 0  2226
2 62896  43.0014  79.9364 0001602 287.2114 248.3757 15.27515217    10
STARLINK-32893
1 62897C 25024U   25222.08173611  .00035991  00000+0  13051-2 0  2222
2 62897  43.0030  80.0648 0002186 283.4879 207.5382 15.27503159    14
STARLINK-32902
1 62898C 25024V   25222.08104167  .00033025  00000+0  11967-2 0  2223
2 62898  43.0024  80.0125 0001615 265.3835 242.9757 15.27532383    15
STARLINK-32661
1 62899C 25024W   25222.08312500  .00024468  00000+0  88730-3 0  2220
2 62899  43.0015  80.3430 0001711 249.8311 128.5884 15.27514589    19
STARLINK-11552 [DTC]
1 62907C 25027A   25222.10326389  .00045024  00000+0  35037-3 0  2229
2 62907  43.0007 183.1585 0001601 264.0147 100.4973 15.70747914    13
STARLINK-11561 [DTC]
1 62908C 25027B   25222.10118056  .00041219  00000+0  32065-3 0  2220
2 62908  43.0005 182.7970 0001715 254.1273 248.8773 15.70760165    19
STARLINK-11567 [DTC]
1 62909C 25027C   25222.10118056  .00044626  00000+0  34718-3 0  2223
2 62909  43.0005 183.3941 0001541 274.3705 348.1510 15.70754900    19
STARLINK-11569 [DTC]
1 62910C 25027D   25222.09909722  .00042782  00000+0  33287-3 0  2222
2 62910  43.0006 182.9584 0001486 266.5336 164.5726 15.70754662    15
STARLINK-11537 [DTC]
1 62911C 25027E   25222.09979167  .00156060  00000+0  12152-2 0  2225
2 62911  43.0006 183.1029 0001847 266.2086 108.6852 15.70623186    18
STARLINK-11565 [DTC]
1 62912C 25027F   25222.08034722  .00049045  00000+0  38156-3 0  2221
2 62912  43.0006 182.7709 0001438 255.4282 189.7531 15.70750844    19
STARLINK-11564 [DTC]
1 62913C 25027G   25222.10187500  .00043007  00000+0  33463-3 0  2226
2 62913  43.0006 183.2391 0001674 281.9083  44.6718 15.70753665    18
STARLINK-11566 [DTC]
1 62914C 25027H   25222.10048611  .00014250  00000+0  11093-3 0  2229
2 62914  43.0007 183.3215 0001663 264.3880  24.3250 15.70770503    10
STARLINK-11555 [DTC]
1 62915C 25027J   25222.09979167  .00039976  00000+0  31100-3 0  2220
2 62915  43.0006 183.3384 0001381 288.9711 350.5909 15.70760614    16
STARLINK-11430 [DTC]
1 62916C 25027K   25222.10048611  .00042246  00000+0  32867-3 0  2229
2 62916  43.0005 183.4704 0001407 265.1259 323.4109 15.70757548    19
STARLINK-11560 [DTC]
1 62917C 25027L   25222.10465278  .00052176  00000+0  40596-3 0  2223
2 62917  43.0008 182.9960 0001370 266.3557 166.1368 15.70745931    16
STARLINK-11562 [DTC]
1 62918C 25027M   25222.10118056  .00037894  00000+0  29477-3 0  2228
2 62918  43.0005 182.8669 0001529 254.7153 218.2344 15.70764897    13
STARLINK-11457 [DTC]
1 62919C 25027N   25222.08312500  .00052016  00000+0  40462-3 0  2226
2 62919  43.0006 182.8258 0001476 264.2156 166.6309 15.70751178    14
STARLINK-32921
1 62920C 25027P   25222.07965278 -.00023778  00000+0 -86142-3 0  2223
2 62920  42.9989 243.7990 0001296 265.3092 354.6132 15.27595369    18
STARLINK-32917
1 62921C 25027Q   25222.07756944 -.00018617  00000+0 -67435-3 0  2222
2 62921  43.0025 243.9938 0001301 267.5126 263.1026 15.27593959    14
STARLINK-32916
1 62922C 25027R   25222.07965278 -.00022748  00000+0 -82409-3 0  2223
2 62922  42.9996 243.8439 0001454 264.2263 334.4793 15.27594131    16
STARLINK-32905
1 62923C 25027S   25222.07895833 -.00007422  00000+0 -26892-3 0  2229
2 62923  43.0009 244.1416 0001577 269.1140 205.4749 15.27574565    14
STARLINK-32871
1 62924C 25027T   25222.07618056 -.00013022  00000+0 -47177-3 0  2222
2 62924  43.0019 243.9473 0001365 266.3856 277.8235 15.27584668    12
STARLINK-32920
1 62925C 25027U   25222.08173611 -.00012140  00000+0 -43980-3 0  2225
2 62925  43.0002 243.8651 0001410 265.4496 330.5686 15.27583255    11
STARLINK-32922
1 62926C 25027V   25222.07895833 -.00004548  00000+0 -16479-3 0  2228
2 62926  43.0011 244.0850 0001423 269.7847 226.0297 15.27572032    15
STARLINK-32891
1 62927C 25027W   25222.07687500 -.00010711  00000+0 -38803-3 0  2223
2 62927  43.0006 244.1869 0001566 269.0193 179.9574 15.27583409    10
STARLINK-32857
1 62949C 25029B   25222.08034722  .00028333  00000+0  95542-3 0  2222
2 62949  53.1596 132.8559 0001418  88.4364 309.9670 15.30146670    19
STARLINK-32850
1 62950C 25029C   25222.07687500  .00010988  00000+0  37051-3 0  2229
2 62950  53.1577 135.4017 0001107  81.7498  91.0208 15.30166395    19
STARLINK-32875
1 62951C 25029D   25222.07618056  .00023637  00000+0  79718-3 0  2221
2 62951  53.1585 133.1566 0001339  81.4058 148.6373 15.30146976    14
STARLINK-32865
1 62952C 25029E   25222.07548611 -.00028932  00000+0 -97630-3 0  2229
2 62952  53.1586 135.3376 0000998  84.6870 115.4176 15.30181777    17
STARLINK-32884
1 62953C 25029F   25222.08243056 -.00001695  00000+0 -57161-4 0  2229
2 62953  53.1588 133.0921 0001356  77.9985 203.9197 15.30176264    13
STARLINK-32880
1 62955C 25029H   25222.07826389  .00022979  00000+0  77506-3 0  2226
2 62955  53.1587 135.3125 0001201 102.8944 118.2702 15.30144125    18
STARLINK-32885
1 62958C 25029L   25222.07756944  .00010863  00000+0  36624-3 0  2223
2 62958  53.1588 133.1009 0001121  87.4735 173.4644 15.30169519    18
STARLINK-32896
1 62959C 25029M   25222.08104167  .00019315  00000+0  65145-3 0  2220
2 62959  53.1587 135.7008 0001495  76.3399 316.5640 15.30149755    18
STARLINK-32877
1 62960C 25029N   25222.07687500  .00023333  00000+0  78684-3 0  2225
2 62960  53.1577 135.6507 0001032  65.9474 338.8740 15.30150609    15
STARLINK-32889
1 62961C 25029P   25222.07618056  .00025303  00000+0  85311-3 0  2220
2 62961  53.1582 135.6913 0001255  80.0730 303.4599 15.30154970    18
STARLINK-32858
1 62962C 25029Q   25222.07548611  .00012672  00000+0  42733-3 0  2226
2 62962  53.1593 135.0515 0001225  97.1975 248.2299 15.30160208    14
STARLINK-32882
1 62963C 25029R   25222.07895833  .00022470  00000+0  75766-3 0  2227
2 62963  53.1586 133.1164 0001327  80.0712 176.9056 15.30154033    16
STARLINK-32863
1 62968C 25029W   25222.07756944  .00011340  00000+0  38239-3 0  2229
2 62968  53.1568 135.5092 0001150  95.0671  23.3718 15.30165382    10
STARLINK-32826
1 62970C 25029Y   25222.07895833  .00014150  00000+0  47710-3 0  2229
2 62970  53.1597 135.1102 0001240  81.6876 242.1632 15.30164223    10
STARLINK-11543 [DTC]
1 62981C 25031A   25222.10118056  .00043537  00000+0  33874-3 0  2220
2 62981  43.0005 196.5113 0001770 278.5773 267.2297 15.70753353    15
STARLINK-11458 [DTC]
1 62982C 25031B   25222.10465278  .00043257  00000+0  33657-3 0  2220
2 62982  43.0004 196.7140 0001763 279.1561 196.1366 15.70753589    19
STARLINK-11417 [DTC]
1 62983C 25031C   25222.10395833  .00042587  00000+0  33129-3 0  2229
2 62983  43.0006 197.2410 0001471 264.9886 355.9345 15.70758969    15
STARLINK-11544 [DTC]
1 62984C 25031D   25222.09770833  .00039931  00000+0  31072-3 0  2229
2 62984  43.0005 196.6804 0001784 269.6999 196.3348 15.70754271    11
STARLINK-11582 [DTC]
1 62985C 25031E   25222.10326389  .00048808  00000+0  37944-3 0  2222
2 62985  43.0005 196.8709 0001685 265.2453 142.0107 15.70768487    10
STARLINK-11571 [DTC]
1 62986C 25031F   25222.10187500  .00035791  00000+0  27850-3 0  2225
2 62986  43.0006 196.4297 0001696 274.4310 305.3706 15.70759439    12
STARLINK-11539 [DTC]
1 62987C 25031G   25222.10187500  .00045533  00000+0  35423-3 0  2226
2 62987  43.0003 196.8034 0001689 280.1639 149.3344 15.70754174    18
STARLINK-11542 [DTC]
1 62988C 25031H   25222.10326389  .00042804  00000+0  33305-3 0  2222
2 62988  43.0005 196.5703 0001727 264.4640 263.0823 15.70753463    17
STARLINK-11573 [DTC]
1 62989C 25031J   25222.10395833  .00054005  00000+0  42008-3 0  2229
2 62989  43.0005 197.0141 0001356 276.6309  74.4779 15.70750234    12
STARLINK-11572 [DTC]
1 62990C 25031K   25222.09979167  .00040876  00000+0  31804-3 0  2220
2 62990  43.0005 196.6780 0001756 263.3636 209.3041 15.70756023    11
STARLINK-11583 [DTC]
1 62991C 25031L   25222.10326389  .00043807  00000+0  34075-3 0  2225
2 62991  43.0004 197.0921 0001364 263.0157  54.0958 15.70760249    10
STARLINK-11570 [DTC]
1 62992C 25031M   25222.09840278  .00039213  00000+0  30507-3 0  2224
2 62992  43.0004 197.1958 0001515 277.7953 341.7412 15.70760666    10
STARLINK-11576 [DTC]
1 62993C 25031N   25222.10048611  .00039997  00000+0  31120-3 0  2229
2 62993  43.0006 196.9583 0001476 277.2241  84.2986 15.70757528    13
STARLINK-32899
1 62994C 25031P   25222.08173611 -.00002023  00000+0 -73255-4 0  2224
2 62994  42.9992 258.7725 0001429 276.1029 244.7656 15.27587530    14
STARLINK-32819
1 62995C 25031Q   25222.08243056 -.00066062  00000+0 -23920-2 0  2221
2 62995  43.0022 258.3246 0001521 270.1228  78.5840 15.27654517    11
STARLINK-32703
1 62996C 25031R   25222.07618056 -.00013107  00000+0 -47475-3 0  2221
2 62996  42.9992 258.7345 0001429 263.2165 255.4352 15.27588852    12
STARLINK-32881
1 62997C 25031S   25222.07965278 -.00015187  00000+0 -55018-3 0  2225
2 62997  42.9993 258.1979 0001499 267.4042 122.6389 15.27586815    10
STARLINK-32898
1 62998C 25031T   25222.07687500 -.00010917  00000+0 -39546-3 0  2229
2 62998  43.0000 258.6440 0001706 267.8598 290.0077 15.27583403    15
STARLINK-32658
1 62999C 25031U   25222.07895833 -.00024561  00000+0 -88964-3 0  2228
2 62999  43.0004 258.2550 0001399 273.2435  91.7316 15.27600735    17
STARLINK-32673
1 63000C 25031V   25222.07826389 -.00003809  00000+0 -13799-3 0  2228
2 63000  43.0018 258.5030 0001544 267.9867 354.1227 15.27576139    10
STARLINK-32437
1 63001C 25031W   25222.08243056 -.00006325  00000+0 -22914-3 0  2229
2 63001  42.9990 258.8177 0001246 272.5538 231.0019 15.27576583    14
STARLINK-11448 [DTC]
1 63005C 25032A   25222.09423611  .00036145  00000+0  28110-3 0  2227
2 63005  43.0001  30.4162 0001678 256.9786 307.1675 15.70771808    19
STARLINK-11553 [DTC]
1 63006C 25032B   25222.08659722  .00037206  00000+0  28937-3 0  2227
2 63006  43.0002  31.2091 0001656 262.4806 317.8124 15.70769029    11
STARLINK-11526 [DTC]
1 63007C 25032C   25222.09215278  .00031436  00000+0  24455-3 0  2223
2 63007  43.0001  30.3529 0001676 265.9170 316.5065 15.70769703    10
STARLINK-11405 [DTC]
1 63008C 25032D   25222.10465278  .00035186  00000+0  27362-3 0  2229
2 63008  43.0002  30.9626 0001649 259.8760 117.5959 15.70774801    19
STARLINK-11586 [DTC]
1 63009C 25032E   25222.09909722 -.00032718  00000+0 -25440-3 0  2220
2 63009  43.0004  30.7588 0002057 268.9160 172.4206 15.70843563    13
STARLINK-11574 [DTC]
1 63010C 25032F   25222.09770833  .00039138  00000+0  30438-3 0  2225
2 63010  43.0001  30.9166 0001676 254.6613 118.7229 15.70768192    19
STARLINK-11580 [DTC]
1 63011C 25032G   25222.10256944  .00087875  00000+0  68279-3 0  2225
2 63011  43.0003  30.5130 0001848 262.5175 288.6089 15.70741703    11
STARLINK-11449 [DTC]
1 63012C 25032H   25222.10256944  .00031631  00000+0  24600-3 0  2225
2 63012  43.0003  30.6623 0001963 260.1375 230.9477 15.70775412    19
STARLINK-11577 [DTC]
1 63013C 25032J   25222.09909722  .00036835  00000+0  28647-3 0  2229
2 63013  43.0003  30.8317 0001863 259.6858 151.6239 15.70770188    10
STARLINK-11578 [DTC]
1 63014C 25032K   25222.10187500  .00037905  00000+0  29482-3 0  2221
2 63014  43.0001  31.0389 0001559 256.1093  80.7486 15.70768258    17
STARLINK-11541 [DTC]
1 63015C 25032L   25222.09979167  .00035663  00000+0  27740-3 0  2222
2 63015  43.0001  30.4528 0001513 280.6929 284.8612 15.70769045    19
STARLINK-11545 [DTC]
1 63016C 25032M   25222.10048611  .00033400  00000+0  25973-3 0  2229
2 63016  43.0003  30.5979 0002046 261.4234 247.9234 15.70775627    14
STARLINK-11400 [DTC]
1 63017C 25032N   25222.10326389  .00038238  00000+0  29736-3 0  2226
2 63017  43.0001  30.9544 0001779 255.8390 118.9367 15.70770732    13
STARLINK-32870
1 63018C 25032P   25222.07687500  .00034280  00000+0  12421-2 0  2223
2 63018  42.9999  91.1941 0001687 254.7790 181.4263 15.27530066    14
STARLINK-32872
1 63019C 25032Q   25222.08243056  .00025548  00000+0  92652-3 0  2221
2 63019  43.0025  91.4565 0001545 248.3663  98.2396 15.27511929    12
STARLINK-32677
1 63020C 25032R   25222.07895833  .00030626  00000+0  11105-2 0  2224
2 63020  42.9996  91.2379 0001580 249.7912 176.7322 15.27511789    16
STARLINK-32929
1 63021C 25032S   25222.08104167  .00034016  00000+0  12325-2 0  2221
2 63021  43.0000  91.2724 0001639 253.2437 163.4554 15.27531902    15
STARLINK-32944
1 63022C 25032T   25222.07687500  .00031914  00000+0  11573-2 0  2226
2 63022  43.0029  91.5414 0001577 282.7758  12.0033 15.27507097    19
STARLINK-32943
1 63023C 25032U   25222.08173611  .00030353  00000+0  11004-2 0  2226
2 63023  43.0009  90.9331 0001780 281.8650 280.1690 15.27516950    11
STARLINK-32803
1 63024C 25032V   25222.08243056  .00019107  00000+0  69270-3 0  2221
2 63024  43.0019  90.8742 0001750 258.4650 328.6385 15.27528643    16
STARLINK-32926
1 63025C 25032W   25222.07618056  .00017905  00000+0  64931-3 0  2220
2 63025  43.0031  90.8245 0001713 254.8324 333.2788 15.27519508    15
STARLINK-32798
1 63029C 25034A   25222.08034722  .00048600  00000+0  16361-2 0  2228
2 63029  53.1571 173.6627 0001144  96.0895 156.3811 15.30179999    12
STARLINK-32779
1 63030C 25034B   25222.08243056  .00009916  00000+0  33425-3 0  2220
2 63030  53.1570 174.2703 0001281  84.5716 225.3220 15.30176098    19
STARLINK-32716
1 63031C 25034C   25222.07826389 -.00013822  00000+0 -34514-3 0  2229
2 63031  53.1570 165.5664 0001288  93.8307 294.9055 15.39608606    17
STARLINK-32772
1 63033C 25034E   25222.07756944 -.00004190  00000+0 -10460-3 0  2222
2 63033  53.1582 165.9782 0001231  90.6892  88.1681 15.39606586    12
STARLINK-32818
1 63036C 25034H   25222.07895833 -.00010129  00000+0 -25291-3 0  2223
2 63036  53.1576 166.0813 0001271  94.9257  36.4389 15.39607297    12
STARLINK-32810
1 63037C 25034J   25222.08173611  .00024938  00000+0  62265-3 0  2221
2 63037  53.1584 165.9062 0001241  84.5390 143.2128 15.39573207    17
STARLINK-32812
1 63038C 25034K   25222.08034722  .00006466  00000+0  16142-3 0  2220
2 63038  53.1576 165.7098 0001277  96.3066 224.8571 15.39595409    12
STARLINK-32832
1 63040C 25034M   25222.07687500  .00011900  00000+0  29711-3 0  2225
2 63040  53.1577 165.7244 0001185  85.9997 217.7965 15.39587629    17
STARLINK-32820
1 63041C 25034N   25222.07618056 -.00013883  00000+0 -34662-3 0  2221
2 63041  53.1571 165.6256 0001270  74.4523 276.9839 15.39612161    14
STARLINK-32795
1 63042C 25034P   25222.07687500 -.00000108  00000+0 -26891-5 0  2225
2 63042  53.1569 165.5194 0001243 100.5109 306.3074 15.39585072    12
STARLINK-32827
1 63043C 25034Q   25222.08173611 -.00013132  00000+0 -44274-3 0  2224
2 63043  53.1572 174.2489 0001280  89.0719 228.6205 15.30193814    12
STARLINK-32735
1 63044C 25034R   25222.07756944 -.00016041  00000+0 -54081-3 0  2229
2 63044  53.1570 173.6041 0001338  91.6296 180.4561 15.30197805    15
STARLINK-32828
1 63045C 25034S   25222.07618056 -.00005857  00000+0 -19744-3 0  2221
2 63045  53.1589 173.8798 0001315  89.3519  35.4838 15.30191119    12
STARLINK-32590
1 63047C 25034U   25222.08173611  .00003795  00000+0  94726-4 0  2228
2 63047  53.1581 165.9595 0001189  94.8654 105.2436 15.39603635    13
STARLINK-32790
1 63048C 25034V   25222.07618056  .00018954  00000+0  47315-3 0  2229
2 63048  53.1572 165.6783 0001217  86.5201 237.3123 15.39585350    11
STARLINK-32829
1 63049C 25034W   25222.08104167 -.00011055  00000+0 -37272-3 0  2222
2 63049  53.1577 174.2160 0001270  90.1238 241.1915 15.30192892    10
STARLINK-11550 [DTC]
1 63052C 25035A   25222.10256944  .00043269  00000+0  33656-3 0  2223
2 63052  43.0003 210.5160 0001525 261.9096 184.3129 15.70760645    19
STARLINK-11563 [DTC]
1 63053C 25035B   25222.10326389  .00036521  00000+0  28410-3 0  2220
2 63053  43.0003 210.5861 0001422 277.1259 142.9694 15.70765688    13
STARLINK-11347 [DTC]
1 63054C 25035C   25222.10256944  .00038978  00000+0  30327-3 0  2228
2 63054  43.0006 211.0370 0001624 267.8121 328.0012 15.70758521    15
STARLINK-11558 [DTC]
1 63055C 25035D   25222.10118056  .00044313  00000+0  34468-3 0  2220
2 63055  43.0003 210.2986 0001542 287.2944 241.2468 15.70759779    12
STARLINK-11392 [DTC]
1 63056C 25035E   25222.10326389  .00038596  00000+0  30030-3 0  2228
2 63056  43.0005 210.8826 0001637 265.5452  34.3126 15.70758493    16
STARLINK-11406 [DTC]
1 63057C 25035F   25222.10326389 -.00001243  00000+0 -96570-5 0  2223
2 63057  43.0005 210.6573 0001443 258.3176 131.6381 15.70824853    10
STARLINK-11418 [DTC]
1 63058C 25035G   25222.08659722  .00043157  00000+0  33573-3 0  2221
2 63058  43.0003 211.2066 0001756 283.3480 191.9673 15.70757859    10
STARLINK-11509 [DTC]
1 63059C 25035H   25222.10048611  .00009258  00000+0  71980-4 0  2223
2 63059  43.0005 210.9720 0001724 255.8413 358.2077 15.70804293    12
STARLINK-11403 [DTC]
1 63060C 25035J   25222.09909722  .00013379  00000+0  10401-3 0  2221
2 63060  43.0003 210.8301 0001455 278.2169  28.0517 15.70803375    15
STARLINK-11409 [DTC]
1 63061C 25035K   25222.10118056  .00022518  00000+0  17507-3 0  2225
2 63061  43.0004 210.9043 0001369 262.1467  20.7111 15.70792991    18
STARLINK-11412 [DTC]
1 63062C 25035L   25222.10048611  .00026848  00000+0  20894-3 0  2228
2 63062  43.0005 210.7452 0001459 261.0174  83.2449 15.70764907    19
STARLINK-11399 [DTC]
1 63063C 25035M   25222.10118056  .00052556  00000+0  40883-3 0  2225
2 63063  43.0003 210.4416 0001451 265.8425 202.5913 15.70749870    12
STARLINK-11408 [DTC]
1 63064C 25035N   25222.10326389  .00054497  00000+0  42388-3 0  2224
2 63064  43.0003 210.3533 0001331 267.8937 242.3911 15.70751091    17
STARLINK-33635
1 63065C 25035P   25222.07826389 -.00021410  00000+0 -77567-3 0  2224
2 63065  43.0006 262.1219 0001358 268.0341 208.3531 15.27591473    16
STARLINK-33622
1 63066C 25035Q   25222.07965278 -.00026711  00000+0 -96711-3 0  2227
2 63066  43.0030 261.8667 0001572 266.7842 316.2291 15.27616938    12
STARLINK-33628
1 63067C 25035R   25222.07965278 -.00020113  00000+0 -72857-3 0  2223
2 63067  42.9987 262.3476 0001382 267.0771 117.9061 15.27595275    11
STARLINK-33627
1 63068C 25035S   25222.07618056 -.00037106  00000+0 -13439-2 0  2223
2 63068  42.9993 262.2639 0001218 275.8408 132.4587 15.27617734    11
STARLINK-33620
1 63069C 25035T   25222.07618056  .00002206  00000+0  79977-4 0  2226
2 63069  42.9998 262.2148 0001465 263.4246 166.2239 15.27542592    17
STARLINK-33604
1 63070C 25035U   25222.08243056 -.00011267  00000+0 -40820-3 0  2226
2 63070  43.0001 262.5226 0001231 268.0272  54.4364 15.27581555    16
STARLINK-33624
1 63071C 25035V   25222.07618056 -.00001508  00000+0 -54636-4 0  2220
2 63071  42.9993 258.9037 0001790 276.5384  86.6723 15.27573054    13
STARLINK-33623
1 63072C 25035W   25222.08104167 -.00010647  00000+0 -38570-3 0  2227
2 63072  42.9988 262.4413 0001482 265.0707  85.1233 15.27581922    19
STARLINK-33586
1 63073C 25035X   25222.07618056 -.00017541  00000+0 -63545-3 0  2224
2 63073  42.9984 255.0722 0001456 267.8077 248.3913 15.27589025    18
STARLINK-33605
1 63074C 25035Y   25222.08034722  .00005806  00000+0  21035-3 0  2225
2 63074  43.0016 261.9469 0001579 269.0262 282.5039 15.27564506    13
STARLINK-32839
1 63077C 25037A   25222.07548611 -.00032985  00000+0 -27650-2 0  2224
2 63077  70.0020 168.0982 0003471 258.8748  46.0402 14.98352467    11
STARLINK-32821
1 63078C 25037B   25222.07756944 -.00021945  00000+0 -18390-2 0  2220
2 63078  70.0020 168.0876 0003277 268.7428  48.2474 14.98354323    19
STARLINK-32906
1 63080C 25037D   25222.07965278 -.00028220  00000+0 -23649-2 0  2221
2 63080  70.0022 168.1817 0002690 270.1568 327.1231 14.98361186    15
STARLINK-32895
1 63081C 25037E   25222.08104167 -.00017663  00000+0 -14807-2 0  2220
2 63081  70.0021 168.1565 0002710 270.3661 357.8692 14.98336901    12
STARLINK-32932
1 63083C 25037G   25222.08034722 -.00021467  00000+0 -17994-2 0  2228
2 63083  70.0021 168.0338 0003444 263.2320 113.8075 14.98343491    16
STARLINK-32505
1 63085C 25037J   25222.08243056 -.00030290  00000+0 -25389-2 0  2223
2 63085  70.0020 168.1521 0003053 264.8440   9.9819 14.98354341    15
STARLINK-32912
1 63088C 25037M   25222.07687500  .00001268  00000+0  10623-3 0  2228
2 63088  70.0021 167.8422 0003193 261.2546 276.0906 14.98339453    19
STARLINK-32910
1 63089C 25037N   25222.07618056 -.00020355  00000+0 -17061-2 0  2221
2 63089  70.0021 168.0392 0002989 270.2357  83.4483 14.98345010    17
STARLINK-32903
1 63090C 25037P   25222.07687500 -.00028532  00000+0 -23917-2 0  2225
2 63090  70.0021 167.8188 0002988 268.9051 291.9742 14.98349346    13
STARLINK-32925
1 63091C 25037Q   25222.07965278  .00002439  00000+0  20437-3 0  2228
2 63091  70.0021 167.8322 0002850 261.2758 291.9778 14.98334455    16
STARLINK-32907
1 63095C 25037U   25222.07895833 -.00019594  00000+0 -16425-2 0  2224
2 63095  70.0021 168.0566 0002654 266.9988  80.0328 14.98341948    15
STARLINK-32911
1 63096C 25037V   25222.08034722 -.00025210  00000+0 -21134-2 0  2223
2 63096  70.0020 168.1801 0003082 270.4753 331.5119 14.98342610    13
STARLINK-11629 [DTC]
1 63104C 25039A   25222.10118056  .00038819  00000+0  30186-3 0  2226
2 63104  43.0004  72.0081 0001632 271.4712 339.9895 15.70771952    12
STARLINK-11624 [DTC]
1 63105C 25039B   25222.10256944  .00037049  00000+0  28813-3 0  2224
2 63105  43.0001  72.6104 0001675 253.8081 119.8747 15.70770972    14
STARLINK-11584 [DTC]
1 63106C 25039C   25222.09979167  .00041757  00000+0  32475-3 0  2222
2 63106  43.0001  72.6138 0001773 255.8610 107.2564 15.70765994    17
STARLINK-11627 [DTC]
1 63107C 25039D   25222.10118056  .00035942  00000+0  27952-3 0  2220
2 63107  43.0003  72.1563 0001770 256.7809 294.5688 15.70771521    14
STARLINK-11632 [DTC]
1 63108C 25039E   25222.10048611  .00043440  00000+0  33784-3 0  2222
2 63108  43.0002  72.3844 0001709 266.7799 190.4526 15.70763734    11
STARLINK-11625 [DTC]
1 63109C 25039F   25222.09909722  .00041386  00000+0  32189-3 0  2225
2 63109  43.0001  72.4669 0001710 254.6072 164.7075 15.70764169    15
STARLINK-11601 [DTC]
1 63110C 25039G   25222.10326389  .00013133  00000+0  10206-3 0  2226
2 63110  43.0002  72.2175 0001627 267.2916 265.7265 15.70813278    11
STARLINK-11630 [DTC]
1 63111C 25039H   25222.10048611  .00033213  00000+0  25829-3 0  2224
2 63111  43.0001  72.5324 0001805 257.9450 139.1616 15.70775386    18
STARLINK-11590 [DTC]
1 63112C 25039J   25222.10326389  .00034950  00000+0  27181-3 0  2228
2 63112  43.0001  72.6647 0001720 254.1628  98.5534 15.70772650    18
STARLINK-11598 [DTC]
1 63113C 25039K   25222.10187500  .00018461  00000+0  14349-3 0  2220
2 63113  43.0001  72.2988 0001652 266.3629 228.7455 15.70802590    19
STARLINK-11600 [DTC]
1 63114C 25039L   25222.09701389  .00026929  00000+0  20943-3 0  2221
2 63114  43.0003  72.1036 0001736 260.2366 297.5810 15.70780646    15
STARLINK-11597 [DTC]
1 63115C 25039M   25222.09770833  .00039298  00000+0  30561-3 0  2222
2 63115  43.0001  71.9491 0001730 272.1707 349.7012 15.70769778    18
STARLINK-11591 [DTC]
1 63116C 25039N   25222.10187500  .00040551  00000+0  31544-3 0  2224
2 63116  43.0002  71.8488 0001703 262.8868  52.6563 15.70761729    18
STARLINK-32955
1 63117C 25039P   25222.07756944  .00035175  00000+0  12757-2 0  2225
2 63117  43.0031 127.5904 0001500 267.7374 197.2800 15.27500715    12
STARLINK-32945
1 63118C 25039Q   25222.07618056  .00028729  00000+0  10419-2 0  2227
2 63118  43.0030 127.6971 0001418 261.7819 153.1562 15.27508392    18
STARLINK-32941
1 63119C 25039R   25222.07965278  .00020818  00000+0  75469-3 0  2227
2 63119  42.9986 116.4709 0001634 263.9824 148.6869 15.27528348    14
STARLINK-32942
1 63120C 25039S   25222.08034722  .00030114  00000+0  10922-2 0  2223
2 63120  43.0026 127.7566 0001711 274.1268 128.3784 15.27504593    18
STARLINK-32947
1 63121C 25039T   25222.07548611 -.00030870  00000+0 -11197-2 0  2226
2 63121  43.0008 127.3579 0001699 287.9893 264.6353 15.27560838    10
STARLINK-32961
1 63122C 25039U   25222.07826389 -.00024431  00000+0 -88595-3 0  2221
2 63122  43.0007 127.9238 0001680 246.4888  80.8482 15.27563069    12
STARLINK-32948
1 63123C 25039V   25222.07618056  .00030024  00000+0  10889-2 0  2225
2 63123  43.0018 127.8326 0001635 273.7599  84.5879 15.27506699    11
STARLINK-32957
1 63124C 25039W   25222.08243056 -.00000357  00000+0 -12963-4 0  2226
2 63124  43.0003 127.9852 0001531 247.5287  67.4191 15.27529806    11
STARLINK-11609 [DTC]
1 63132C 25043A   25222.09979167  .00043176  00000+0  33576-3 0  2226
2 63132  43.0004  86.2303 0001756 267.3086  78.6878 15.70765885    18
STARLINK-11604 [DTC]
1 63133C 25043B   25222.09979167  .00058827  00000+0  45830-3 0  2222
2 63133  43.0002  86.5288 0001654 278.9947 306.7777 15.70707362    12
STARLINK-11605 [DTC]
1 63134C 25043C   25222.09840278  .00042259  00000+0  32867-3 0  2221
2 63134  43.0003  86.3125 0001672 268.7571  39.3231 15.70763731    18
STARLINK-11610 [DTC]
1 63135C 25043D   25222.10118056  .00046411  00000+0  36087-3 0  2228
2 63135  43.0002  86.3701 0001674 267.2094  26.5235 15.70765873    15
STARLINK-11613 [DTC]
1 63136C 25043E   25222.08312500  .00039173  00000+0  30465-3 0  2227
2 63136  43.0002  86.5531 0001701 264.1979 257.2503 15.70768709    10
STARLINK-11616 [DTC]
1 63137C 25043F   25222.10395833  .00035616  00000+0  27700-3 0  2227
2 63137  43.0003  85.7671 0001730 255.5720 289.2282 15.70770692    11
STARLINK-11611 [DTC]
1 63138C 25043G   25222.09770833  .00049116  00000+0  38201-3 0  2221
2 63138  43.0005  86.0159 0001733 268.2683 156.1251 15.70756637    12
STARLINK-11628 [DTC]
1 63139C 25043H   25222.10395833  .00044625  00000+0  34707-3 0  2224
2 63139  43.0005  86.0523 0001696 266.5057 163.2120 15.70761908    13
STARLINK-11607 [DTC]
1 63140C 25043J   25222.09770833  .00046080  00000+0  35837-3 0  2223
2 63140  43.0002  85.8651 0001738 268.9671 215.5463 15.70761675    18
STARLINK-11522 [DTC]
1 63141C 25043K   25222.10326389  .00072231  00000+0  56050-3 0  2226
2 63141  43.0004  85.9065 0001670 270.0322 215.6960 15.70788659    17
STARLINK-11503 [DTC]
1 63142C 25043L   25222.09979167  .00039569  00000+0  30776-3 0  2227
2 63142  43.0002  85.7024 0001697 252.9025 303.5231 15.70766004    15
STARLINK-11579 [DTC]
1 63143C 25043M   25222.10256944  .00037935  00000+0  29502-3 0  2221
2 63143  43.0003  85.7600 0001616 253.6120 288.4770 15.70770217    12
STARLINK-11581 [DTC]
1 63144C 25043N   25222.10118056  .00044247  00000+0  34409-3 0  2229
2 63144  43.0004  86.1415 0001874 267.5082 116.4146 15.70764761    14
STARLINK-32949
1 63145C 25043P   25222.07965278  .00008470  00000+0  30696-3 0  2224
2 63145  43.0013 131.5638 0001618 262.9438 187.3990 15.27549440    18
STARLINK-32952
1 63146C 25043Q   25222.07895833 -.00026861  00000+0 -97450-3 0  2221
2 63146  43.0024 138.0942 0001519 286.5754 321.0432 15.27550753    11
STARLINK-32936
1 63147C 25043R   25222.08243056 -.00013009  00000+0 -47156-3 0  2225
2 63147  43.0023 138.1298 0001415 256.9570 355.5180 15.27564529    16
STARLINK-32937
1 63148C 25043S   25222.07618056 -.00006142  00000+0 -22275-3 0  2226
2 63148  42.9996 131.2482 0001520 255.4073 317.4023 15.27539292    14
STARLINK-32939
1 63149C 25043T   25222.07618056 -.00026199  00000+0 -95051-3 0  2223
2 63149  43.0005 131.1150 0001552 288.3013 341.1235 15.27549861    15
STARLINK-32919
1 63150C 25043U   25222.07687500  .00001906  00000+0  69071-4 0  2226
2 63150  42.9992 131.2932 0001542 276.4657 278.8500 15.27553548    18
STARLINK-32876
1 63151C 25043V   25222.07895833  .00004233  00000+0  15347-3 0  2229
2 63151  43.0031 130.8394 0001565 277.4315 113.3231 15.27541783    11
STARLINK-32915
1 63152C 25043W   25222.08173611 -.00025225  00000+0 -91510-3 0  2226
2 63152  43.0020 138.1007 0001597 283.6169 318.0892 15.27550923    16
STARLINK-11602 [DTC]
1 63183C 25048A   25222.09909722  .00038135  00000+0  29665-3 0  2220
2 63183  43.0007 155.6184 0001494 266.2608 319.1560 15.70764726    16
STARLINK-11617 [DTC]
1 63184C 25048B   25222.10118056  .00042027  00000+0  32689-3 0  2220
2 63184  43.0008 155.5309 0001492 269.9201 357.3471 15.70763289    11
STARLINK-11618 [DTC]
1 63185C 25048C   25222.09770833  .00042897  00000+0  33366-3 0  2224
2 63185  43.0009 155.1025 0001416 258.0637 169.9119 15.70762182    19
STARLINK-11646 [DTC]
1 63186C 25048D   25222.09909722  .00047149  00000+0  36677-3 0  2229
2 63186  43.0009 154.9439 0001672 265.7348 230.2365 15.70754819    17
STARLINK-11622 [DTC]
1 63187C 25048E   25222.09909722  .00039393  00000+0  30642-3 0  2228
2 63187  43.0009 155.6912 0001598 267.2792 288.0765 15.70764084    19
STARLINK-11642 [DTC]
1 63188C 25048F   25222.10048611  .00022493  00000+0  17462-3 0  2220
2 63188  43.0007 155.3837 0001210 268.7958  54.5550 15.70829227    11
STARLINK-11639 [DTC]
1 63189C 25048G   25222.09770833  .00047883  00000+0  37248-3 0  2221
2 63189  43.0006 155.2496 0001573 282.8541  85.0036 15.70754866    12
STARLINK-11637 [DTC]
1 63190C 25048H   25222.09840278  .00040703  00000+0  31661-3 0  2221
2 63190  43.0007 155.7072 0001519 267.0678 279.1970 15.70763219    11
STARLINK-11647 [DTC]
1 63191C 25048J   25222.10048611 -.00037031  00000+0 -28823-3 0  2223
2 63191  43.0008 155.1552 0002409 262.7342 150.9901 15.70821956    12
STARLINK-11643 [DTC]
1 63192C 25048K   25222.10118056  .00036270  00000+0  28210-3 0  2227
2 63192  43.0006 155.3025 0001636 280.6570  76.7910 15.70769994    19
STARLINK-11635 [DTC]
1 63193C 25048L   25222.10118056  .00058411  00000+0  45438-3 0  2220
2 63193  43.0008 155.0027 0001522 274.1899 203.5196 15.70743937    12
STARLINK-11636 [DTC]
1 63194C 25048M   25222.10395833  .00047969  00000+0  37309-3 0  2225
2 63194  43.0006 155.4355 0001488 266.9874  46.0724 15.70758541    16
STARLINK-11631 [DTC]
1 63195C 25048N   25222.09770833  .00036283  00000+0  28223-3 0  2223
2 63195  43.0007 155.7705 0001519 266.3394 251.0943 15.70767047    18
STARLINK-32946
1 63196C 25048P   25222.07756944 -.00029531  00000+0 -10703-2 0  2222
2 63196  43.0020 204.3970 0001451 260.9125  79.5435 15.27587474    11
STARLINK-32960
1 63197C 25048Q   25222.08243056 -.00021167  00000+0 -76694-3 0  2228
2 63197  43.0004 200.5248 0001351 269.6070 236.4701 15.27587764    16
STARLINK-32904
1 63198C 25048R   25222.07618056 -.00038602  00000+0 -13987-2 0  2221
2 63198  42.9997 200.0495 0001356 263.6295  60.2905 15.27605210    19
STARLINK-32931
1 63199C 25048S   25222.07826389 -.00029997  00000+0 -10869-2 0  2225
2 63199  42.9992 200.3612 0000997 270.2983 290.6661 15.27595256    13
STARLINK-32934
1 63200C 25048T   25222.07687500 -.00016047  00000+0 -58135-3 0  2229
2 63200  42.9996 200.1317 0001440 263.2524  29.0929 15.27586968    18
STARLINK-32938
1 63201C 25048U   25222.08034722 -.00024444  00000+0 -88566-3 0  2224
2 63201  42.9999 200.3990 0001438 269.1113 282.0875 15.27591854    18
STARLINK-32935
1 63202C 25048V   25222.08243056 -.00019343  00000+0 -70077-3 0  2227
2 63202  43.0014 200.6852 0001566 264.6176 177.7756 15.27589009    17
STARLINK-32930
1 63203C 25048W   25222.07895833 -.00024309  00000+0 -88078-3 0  2221
2 63203  43.0018 200.6465 0001501 261.9620 182.5601 15.27590385    17
STARLINK-11654 [DTC]
1 63265C 25053A   25222.09979167  .00027773  00000+0  21612-3 0  2227
2 63265  43.0000 307.5957 0001775 263.6509  45.5979 15.70765423    18
STARLINK-11659 [DTC]
1 63266C 25053B   25222.10256944  .00037800  00000+0  29415-3 0  2222
2 63266  42.9998 307.5039 0001479 263.0329  92.0078 15.70756306    16
STARLINK-11653 [DTC]
1 63267C 25053C   25222.09840278 -.00001698  00000+0 -13223-4 0  2229
2 63267  43.0002 307.8395 0001598 269.9067 296.1967 15.70777567    15
STARLINK-11641 [DTC]
1 63268C 25053D   25222.09840278  .00022682  00000+0  17656-3 0  2227
2 63268  42.9999 307.3042 0001439 269.0151 152.6209 15.70763455    18
STARLINK-11638 [DTC]
1 63269C 25053E   25222.09770833  .00028636  00000+0  22279-3 0  2229
2 63269  42.9999 307.3821 0001483 269.9167 117.7045 15.70769940    14
STARLINK-11614 [DTC]
1 63270C 25053F   25222.10326389  .00018606  00000+0  14480-3 0  2227
2 63270  43.0001 307.8004 0001668 254.3896 344.3350 15.70773789    15
STARLINK-11620 [DTC]
1 63271C 25053G   25222.10395833  .00028129  00000+0  21888-3 0  2229
2 63271  43.0000 308.0202 0001248 268.8771 243.5975 15.70767856    15
STARLINK-11619 [DTC]
1 63272C 25053H   25222.10118056  .00033332  00000+0  25937-3 0  2221
2 63272  43.0001 307.6627 0001858 266.2204  20.8297 15.70760671    14
STARLINK-11621 [DTC]
1 63273C 25053J   25222.09909722  .00025451  00000+0  19804-3 0  2227
2 63273  43.0000 307.2263 0001328 263.7104 191.9134 15.70770032    11
STARLINK-11615 [DTC]
1 63274C 25053K   25222.09770833  .00023270  00000+0  18108-3 0  2220
2 63274  43.0001 307.7608 0001819 257.0216 340.3036 15.70769330    16
STARLINK-11608 [DTC]
1 63275C 25053L   25222.10048611  .00029832  00000+0  23219-3 0  2224
2 63275  42.9998 307.4447 0001431 261.2834 112.0287 15.70759940    19
STARLINK-11623 [DTC]
1 63276C 25053M   25222.10256944  .00022153  00000+0  17243-3 0  2224
2 63276  43.0000 307.9548 0001739 261.8826 272.7929 15.70766068    17
STARLINK-11612 [DTC]
1 63277C 25053N   25222.09840278  .00023340  00000+0  18162-3 0  2222
2 63277  43.0001 307.9047 0001771 256.8230 284.3085 15.70770662    19
STARLINK-33660
1 63278C 25053P   25222.07895833  .00010822  00000+0  39219-3 0  2225
2 63278  43.0027 357.0952 0001712 254.8372 240.5069 15.27549042    13
STARLINK-33611
1 63279C 25053Q   25222.07965278  .00014457  00000+0  52390-3 0  2220
2 63279  43.0039 353.1937 0001120 272.4727  47.9800 15.27546580    16
STARLINK-33646
1 63280C 25053R   25222.07618056  .00014794  00000+0  53596-3 0  2224
2 63280  43.0035 356.6381 0001472 255.2578  62.8752 15.27556176    12
STARLINK-33665
1 63281C 25053S   25222.07895833  .00014993  00000+0  54327-3 0  2229
2 63281  43.0023 356.3233 0001569 259.3588 194.3166 15.27549754    10
STARLINK-33603
1 63282C 25053T   25222.08034722  .00020179  00000+0  73127-3 0  2225
2 63282  43.0014 357.1206 0001182 276.8766 204.9017 15.27541205    19
STARLINK-33669
1 63283C 25053U   25222.07756944  .00023763  00000+0  86155-3 0  2229
2 63283  43.0026 356.4396 0001742 285.4221 118.1886 15.27521904    13
STARLINK-33673
1 63284C 25053V   25222.07618056  .00009326  00000+0  33800-3 0  2229
2 63284  43.0006 349.0640 0001457 256.9250 324.7475 15.27548234    14
STARLINK-33662
1 63285C 25053W   25222.07826389  .00020327  00000+0  73777-3 0  2221
2 63285  43.0036 356.7251 0001799 276.0767  11.1707 15.27489795    17
STARLINK-33613
1 63286C 25053X   25222.08034722  .00008320  00000+0  30147-3 0  2228
2 63286  43.0035 357.0073 0001429 268.9530 269.3743 15.27557537    18
STARLINK-33680
1 63287C 25053Y   25222.08034722  .00008319  00000+0  30141-3 0  2221
2 63287  43.0032 356.5107 0001498 255.8792 127.6349 15.27559848    14
STARLINK-11568 [DTC]
1 63307C 25057A   25222.10326389  .00036911  00000+0  28713-3 0  2225
2 63307  43.0005  99.5868 0001633 252.0748 126.6652 15.70765089    16
STARLINK-11575 [DTC]
1 63308C 25057B   25222.10118056  .00043089  00000+0  33515-3 0  2226
2 63308  43.0007  99.9731 0001706 272.7294 303.9093 15.70761225    15
STARLINK-11585 [DTC]
1 63309C 25057C   25222.09979167  .00034297  00000+0  26680-3 0  2229
2 63309  43.0005  99.7563 0001605 269.3793  29.5756 15.70767875    13
STARLINK-11587 [DTC]
1 63310C 25057D   25222.10187500  .00043465  00000+0  33799-3 0  2221
2 63310  43.0006 100.2669 0001696 265.7177 194.5984 15.70767104    18
STARLINK-11589 [DTC]
1 63311C 25057E   25222.09840278  .00040895  00000+0  31805-3 0  2228
2 63311  43.0005 100.3622 0001627 266.6029 143.9985 15.70766248    15
STARLINK-11650 [DTC]
1 63312C 25057F   25222.09979167  .00043523  00000+0  33853-3 0  2225
2 63312  43.0007 100.1420 0001796 269.2985 234.1928 15.70760792    17
STARLINK-11648 [DTC]
1 63313C 25057G   25222.09840278  .00048817  00000+0  37963-3 0  2223
2 63313  43.0005 100.1370 0001778 281.0519 219.7297 15.70760545    19
STARLINK-11640 [DTC]
1 63314C 25057H   25222.09284722  .00046608  00000+0  36253-3 0  2227
2 63314  43.0006 100.0952 0001703 267.9178 231.4832 15.70757655    12
STARLINK-11652 [DTC]
1 63315C 25057J   25222.10326389  .00051012  00000+0  39676-3 0  2223
2 63315  43.0006  99.8822 0001812 269.4113 349.0875 15.70754552    17
STARLINK-11645 [DTC]
1 63316C 25057K   25222.10395833  .00047371  00000+0  36843-3 0  2220
2 63316  43.0007 100.1771 0001677 266.3522 235.8318 15.70759170    12
STARLINK-11633 [DTC]
1 63317C 25057L   25222.09979167  .00037653  00000+0  29290-3 0  2227
2 63317  43.0006  99.5289 0001661 279.2917 109.8507 15.70764446    13
STARLINK-11593 [DTC]
1 63318C 25057M   25222.09979167  .00036402  00000+0  28312-3 0  2223
2 63318  43.0005  99.6778 0001737 261.6437  67.3719 15.70769772    13
STARLINK-11588 [DTC]
1 63319C 25057N   25222.10326389  .00038354  00000+0  29849-3 0  2222
2 63319  43.0005  99.8056 0001557 269.8868  18.7177 15.70753515    19
STARLINK-33671
1 63320C 25057P   25222.08104167 -.00035553  00000+0 -12896-2 0  2222
2 63320  42.9993 135.2689 0001525 286.2579 216.6035 15.27566577    13
STARLINK-33650
1 63321C 25057Q   25222.07687500  .00026072  00000+0  94522-3 0  2220
2 63321  43.0021 145.7047 0001354 273.0616 193.5673 15.27521301    15
STARLINK-33689
1 63322C 25057R   25222.07826389 -.00001546  00000+0 -56056-4 0  2223
2 63322  43.0029 145.5928 0001261 269.6494 247.0515 15.27551946    10
STARLINK-33607
1 63323C 25057S   25222.07965278 -.00040409  00000+0 -14656-2 0  2224
2 63323  43.0005 145.8761 0001691 281.1608 122.9884 15.27573180    10
STARLINK-33619
1 63324C 25057T   25222.07965278 -.00018428  00000+0 -66830-3 0  2223
2 63324  43.0032 145.4591 0001616 284.1300 289.8107 15.27555049    12
STARLINK-33612
1 63325C 25057U   25222.07965278 -.00014624  00000+0 -53004-3 0  2227
2 63325  43.0004 146.1945 0001444 275.0654 354.5840 15.27570100    12
STARLINK-33672
1 63326C 25057V   25222.07687500 -.00034888  00000+0 -12655-2 0  2227
2 63326  43.0023 145.6700 0001524 285.1693 188.6128 15.27563760    10
STARLINK-33625
1 63327C 25057W   25222.08034722 -.00022138  00000+0 -80322-3 0  2223
2 63327  43.0014 138.3003 0001594 285.0576  33.5369 15.27544384    18
STARLINK-33699
1 63328C 25057X   25222.07618056 -.00001978  00000+0 -71685-4 0  2223
2 63328  43.0013 138.1700 0001725 258.8159 100.4116 15.27555769    14
STARLINK-33674
1 63329C 25057Y   25222.07548611 -.00041274  00000+0 -14969-2 0  2226
2 63329  43.0003 145.9954 0001485 279.3426  59.4176 15.27577278    17
STARLINK-32543
1 63364C 25063B   25222.08243056  .00054377  00000+0  13577-2 0  2228
2 63364  53.1598 318.6718 0001232 101.9628 307.8564 15.39543182    19
STARLINK-33741
1 63365C 25063C   25222.08173611  .00022569  00000+0  56330-3 0  2221
2 63365  53.1587 318.8214 0000780  96.3883 230.4749 15.39585817    15
STARLINK-33742
1 63366C 25063D   25222.07895833  .00043169  00000+0  10784-2 0  2229
2 63366  53.1595 318.6812 0001149  80.3508 308.4852 15.39539309    10
STARLINK-33734
1 63367C 25063E   25222.07826389  .00009676  00000+0  32632-3 0  2222
2 63367  53.1592 325.3585 0001769  97.5940 132.6642 15.30159872    16
STARLINK-33657
1 63370C 25063H   25222.07756944 -.00009619  00000+0 -24020-3 0  2226
2 63370  53.1585 318.8374 0000887  83.2826 222.3710 15.39602121    12
STARLINK-33648
1 63371C 25063J   25222.07826389  .00007238  00000+0  18077-3 0  2226
2 63371  53.1580 318.9873 0001151 106.2062 126.0149 15.39583134    14
STARLINK-33614
1 63372C 25063K   25222.07965278  .00025877  00000+0  64664-3 0  2220
2 63372  53.1590 318.7284 0001526 102.6699 264.2091 15.39546168    19
STARLINK-33617
1 63373C 25063L   25222.07965278  .00030622  00000+0  76437-3 0  2226
2 63373  53.1580 318.2681 0001146  89.2235 149.3757 15.39574775    16
STARLINK-33618
1 63374C 25063M   25222.07826389  .00022408  00000+0  55973-3 0  2221
2 63374  53.1581 318.3255 0000965  91.4852 113.6837 15.39561415    14
STARLINK-33621
1 63375C 25063N   25222.08173611  .00013032  00000+0  32570-3 0  2227
2 63375  53.1593 318.5641 0001104  86.8630   8.8321 15.39555660    15
STARLINK-33539
1 63376C 25063P   25222.07826389  .00011741  00000+0  39543-3 0  2226
2 63376  53.1585 325.4402 0001437  86.6320 102.7749 15.30204290    11
STARLINK-33640
1 63378C 25063R   25222.08173611  .00056635  00000+0  14139-2 0  2226
2 63378  53.1579 318.2058 0001062  50.0489 225.8608 15.39544603    13
STARLINK-33636
1 63379C 25063S   25222.07687500  .00022206  00000+0  55467-3 0  2220
2 63379  53.1591 318.7360 0001409 105.2760 248.0060 15.39562246    11
STARLINK-33653
1 63380C 25063T   25222.07548611  .00026426  00000+0  66023-3 0  2229
2 63380  53.1596 318.6433 0001126 102.3563 292.9165 15.39552337    17
STARLINK-33643
1 63381C 25063U   25222.07062500  .00050729  00000+0  12666-2 0  2224
2 63381  53.1593 318.6116 0000632 113.3017 282.5605 15.39546321    10
STARLINK-33633
1 63382C 25063V   25222.07756944  .00036957  00000+0  92274-3 0  2228
2 63382  53.1580 318.1702 0001174  78.7336 201.6670 15.39560360    16
STARLINK-33748
1 63383C 25063W   25222.08034722 -.00011916  00000+0 -40197-3 0  2220
2 63383  53.1600 326.0375 0001591  95.6281 162.9165 15.30173170    12
STARLINK-33658
1 63384C 25063X   25222.07548611 -.00005244  00000+0 -13113-3 0  2222
2 63384  53.1580 318.2304 0001057  59.0260 184.1461 15.39558215    14
STARLINK-33616
1 63385C 25063Y   25222.07548611  .00001554  00000+0  52427-4 0  2223
2 63385  53.1604 326.0452 0001145  83.7439 159.6644 15.30159053    11
STARLINK-33571
1 63386C 25063Z   25222.08104167  .00005291  00000+0  17853-3 0  2224
2 63386  53.1596 325.8342 0001601 104.2899 251.1970 15.30148313    10
STARLINK-33629
1 63388C 25063AB  25222.07687500  .00024241  00000+0  60586-3 0  2229
2 63388  53.1589 318.5343 0001412 124.9558 329.5394 15.39542259    11
STARLINK-33656
1 63389C 25063AC  25222.07826389  .00051257  00000+0  12797-2 0  2227
2 63389  53.1595 318.6257 0001655 102.6175 309.8564 15.39548098    18
STARLINK-33531
1 63399C 25065A   25222.07895833 -.00016319  00000+0 -59122-3 0  2226
2 63399  42.9997 222.0642 0001264 265.1879 244.0878 15.27585983    18
STARLINK-33652
1 63400C 25065B   25222.07548611 -.00024130  00000+0 -87419-3 0  2228
2 63400  43.0009 221.7350 0001348 263.3755   8.2795 15.27594369    11
STARLINK-33707
1 63401C 25065C   25222.06576389 -.00008845  00000+0 -32043-3 0  2229
2 63401  42.9993 222.0908 0001396 269.3560 188.4846 15.27579580    14
STARLINK-33668
1 63402C 25065D   25222.08173611  .00020970  00000+0  75947-3 0  2224
2 63402  43.0008 222.2327 0001588 270.5982 176.0079 15.27559334    12
STARLINK-33676
1 63403C 25065E   25222.07826389  .00023370  00000+0  84712-3 0  2228
2 63403  43.0000 221.9981 0001206 273.0546 260.6730 15.27530089    18
STARLINK-33711
1 63404C 25065F   25222.07548611 -.00029509  00000+0 -10691-2 0  2224
2 63404  43.0000 221.7252 0001447 262.1543  16.5820 15.27598083    17
STARLINK-33708
1 63405C 25065G   25222.07687500 -.00003104  00000+0 -11245-3 0  2226
2 63405  43.0003 222.0523 0001485 265.3421 239.5331 15.27572647    10
STARLINK-33690
1 63406C 25065H   25222.07826389  .00044328  00000+0  10587-2 0  2225
2 63406  42.9998 219.2524 0001560 263.6448 332.7982 15.40625335    11
STARLINK-33694
1 63407C 25065J   25222.08173611 -.00022551  00000+0 -81698-3 0  2228
2 63407  42.9996 221.9167 0001327 271.1353 302.9613 15.27593730    11
STARLINK-33692
1 63408C 25065K   25222.07756944 -.00025476  00000+0 -92282-3 0  2224
2 63408  42.9994 225.9743 0001433 263.1656  50.1142 15.27600490    10
STARLINK-33693
1 63409C 25065L   25222.08104167 -.00014031  00000+0 -50846-3 0  2225
2 63409  43.0011 222.1619 0001410 268.5353 202.7239 15.27575045    11
STARLINK-33677
1 63410C 25065M   25222.07687500 -.00016703  00000+0 -60522-3 0  2223
2 63410  43.0000 222.0786 0001521 271.9408 218.7973 15.27582278    15
STARLINK-33647
1 63411C 25065N   25222.07618056 -.00028451  00000+0 -10308-2 0  2223
2 63411  42.9990 229.6469 0001468 264.1189 319.2740 15.27598107    10
STARLINK-33645
1 63412C 25065P   25222.08104167 -.00034328  00000+0 -12123-2 0  2225
2 63412  43.0018 225.4855 0001346 263.8886 236.0469 15.28440022    19
STARLINK-33670
1 63413C 25065Q   25222.07826389 -.00014990  00000+0 -54284-3 0  2220
2 63413  43.0020 221.9936 0001277 269.6041 249.9677 15.27598332    15
STARLINK-33644
1 63414C 25065R   25222.08173611 -.00046019  00000+0 -16666-2 0  2223
2 63414  42.9994 222.5657 0001296 262.9889  21.0333 15.27628674    19
STARLINK-33664
1 63415C 25065S   25222.08173611  .00020219  00000+0  73258-3 0  2227
2 63415  43.0019 222.0659 0001242 275.4905 220.7452 15.27547664    15
STARLINK-33649
1 63416C 25065T   25222.08034722 -.00004037  00000+0 -14624-3 0  2221
2 63416  43.0011 221.8892 0001203 266.8196 292.5971 15.27574264    16
STARLINK-33535
1 63417C 25065U   25222.07826389 -.00031585  00000+0 -11444-2 0  2223
2 63417  43.0021 222.0414 0001338 274.6608 209.6326 15.27597190    11
STARLINK-33703
1 63418C 25065V   25222.07618056 -.00020449  00000+0 -74094-3 0  2222
2 63418  43.0007 222.3382 0001320 268.5461  91.0690 15.27586751    11
STARLINK-33709
1 63419C 25065W   25222.08173611 -.00029484  00000+0 -10682-2 0  2227
2 63419  43.0006 222.3584 0001442 271.3785  97.5938 15.27597414    15
STARLINK-33698
1 63420C 25065X   25222.07826389 -.00011826  00000+0 -42846-3 0  2224
2 63420  42.9990 221.7894 0001432 269.6487 320.7592 15.27581861    18
STARLINK-33606
1 63421C 25065Y   25222.07756944 -.00032446  00000+0 -11749-2 0  2222
2 63421  43.0017 222.0388 0001477 274.8330 212.6380 15.27618272    18
STARLINK-33686
1 63422C 25065Z   25222.08173611 -.00027629  00000+0 -10010-2 0  2225
2 63422  43.0013 222.1486 0001418 264.4682 189.4217 15.27597330    16
STARLINK-33675
1 63423C 25065AA  25222.08104167 -.00045490  00000+0 -16473-2 0  2221
2 63423  42.9990 221.7311 0001157 268.3519 358.5162 15.27629916    17
STARLINK-33655
1 63424C 25065AB  25222.08104167 -.00018871  00000+0 -68373-3 0  2222
2 63424  42.9992 222.4542 0001447 265.3474  57.3741 15.27585612    14
STARLINK-33608
1 63425C 25065AC  25222.08173611 -.00024998  00000+0 -90564-3 0  2227
2 63425  43.0015 222.1020 0001672 267.1605 200.8895 15.27594708    18
STARLINK-33615
1 63426C 25065AD  25222.07895833  .00023552  00000+0  85327-3 0  2228
2 63426  42.9995 222.4232 0001292 267.9382  64.4922 15.27546765    15
STARLINK-33682
1 63433C 25069A   25222.07895833  .00022841  00000+0  57006-3 0  2223
2 63433  53.1582  47.7815 0001158  83.9066 236.6129 15.39587666    10
STARLINK-33710
1 63434C 25069B   25222.07687500  .00016314  00000+0  40703-3 0  2228
2 63434  53.1584  47.8460 0001006  88.0163 193.3311 15.39602908    15
STARLINK-33733
1 63435C 25069C   25222.07548611  .00014876  00000+0  37115-3 0  2222
2 63435  53.1578  47.7489 0000579  89.8405 235.3124 15.39605265    19
STARLINK-33638
1 63436C 25069D   25222.07687500  .00003875  00000+0  96714-4 0  2222
2 63436  53.1585  47.6415 0001113  94.5399 289.8484 15.39605587    16
STARLINK-33726
1 63437C 25069E   25222.08034722  .00024910  00000+0  62163-3 0  2229
2 63437  53.1580  47.7770 0001202  92.1775 234.2081 15.39587712    14
STARLINK-33681
1 63438C 25069F   25222.07965278  .00029161  00000+0  72717-3 0  2227
2 63438  53.1581  47.6779 0000974  80.5234 293.5197 15.39607066    11
STARLINK-33743
1 63440C 25069H   25222.07687500 -.00000441  00000+0 -11013-4 0  2224
2 63440  53.1589  47.5902 0000863  77.5007 332.6275 15.39615128    10
STARLINK-33715
1 63441C 25069J   25222.07687500  .00041254  00000+0  10302-2 0  2228
2 63441  53.1594  46.7715 0001236  80.3862  21.8474 15.39552314    11
STARLINK-33762
1 63442C 25069K   25222.07895833  .00014409  00000+0  35958-3 0  2226
2 63442  53.1583  47.8302 0000936  98.3849 196.3705 15.39599770    16
STARLINK-33753
1 63443C 25069L   25222.07965278  .00018783  00000+0  46878-3 0  2220
2 63443  53.1585  47.6232 0001152  85.9966 315.6335 15.39591427    18
STARLINK-33747
1 63444C 25069M   25222.07479167  .00030315  00000+0  75666-3 0  2220
2 63444  53.1594  47.4444 0001241  93.1512  22.7042 15.39577318    13
STARLINK-33746
1 63446C 25069P   25222.07618056  .00016507  00000+0  41203-3 0  2221
2 63446  53.1594  47.3348 0001314  96.9992  78.0582 15.39590248    11
STARLINK-33799
1 63447C 25069Q   25222.07895833  .00040279  00000+0  10054-2 0  2224
2 63447  53.1595  47.3730 0001017  87.5607  77.1557 15.39565272    18
STARLINK-33797
1 63448C 25069R   25222.08173611  .00027095  00000+0  67634-3 0  2227
2 63448  53.1593  47.4584 0001303  94.2375  36.2158 15.39577645    10
STARLINK-33798
1 63449C 25069S   25222.07548611  .00021662  00000+0  54062-3 0  2228
2 63449  53.1595  46.0509 0001182  79.9182  18.7783 15.39589874    12
STARLINK-33736
1 63450C 25069T   25222.07965278  .00025668  00000+0  64048-3 0  2227
2 63450  53.1592  47.2620 0001106  92.7159 129.1635 15.39590255    19
STARLINK-33763
1 63452C 25069V   25222.08034722  .00015626  00000+0  38995-3 0  2226
2 63452  53.1593  45.7693 0001150  91.3522 163.0619 15.39597424    17
STARLINK-33784
1 63453C 25069W   25222.07756944  .00016706  00000+0  41689-3 0  2227
2 63453  53.1594  47.3232 0001107  92.5898  91.9886 15.39596427    14
STARLINK-33761
1 63455C 25069Y   25222.07826389  .00003592  00000+0  89590-4 0  2223
2 63455  53.1596  45.9849 0000476  88.3000  51.5029 15.39623451    11
STARLINK-33737
1 63456C 25069Z   25222.07548611 -.00249770  00000+0 -62486-2 0  2228
2 63456  53.1588  45.4352 0001153 100.5048 305.2875 15.39786960    12
STARLINK-33795
1 63457C 25069AA  25222.07756944  .00007787  00000+0  19436-3 0  2225
2 63457  53.1611  45.8371 0001194  97.8737 115.3791 15.39601301    15
STARLINK-33756
1 63458C 25069AB  25222.07548611  .00006007  00000+0  20248-3 0  2223
2 63458  53.1590  45.6282 0000813 106.2945 202.3149 15.30184685    10
STARLINK-33780
1 63459C 25069AC  25222.07687500 -.00319890  00000+0 -80089-2 0  2222
2 63459  53.1587  45.4268 0001043  95.3707 319.9605 15.39834683    10
STARLINK-33679
1 63460C 25070A   25222.07687500  .00022248  00000+0  80602-3 0  2224
2 63460  43.0018  15.1894 0001318 272.6008 308.5157 15.27549055    16
STARLINK-33706
1 63461C 25070B   25222.07965278 -.00043041  00000+0 -15597-2 0  2222
2 63461  43.0025  15.1896 0001620 264.8695 310.2880 15.27605203    19
STARLINK-33691
1 63462C 25070C   25222.07895833  .00023477  00000+0  85086-3 0  2222
2 63462  43.0023  14.5148 0001432 250.9420 243.4670 15.27534430    11
STARLINK-33696
1 63463C 25070D   25222.07895833  .00022264  00000+0  80691-3 0  2223
2 63463  43.0039  14.8601 0001254 266.9754  85.9422 15.27535554    17
STARLINK-33701
1 63464C 25070E   25222.08034722  .00017828  00000+0  64591-3 0  2228
2 63464  43.0021  15.2340 0001407 258.5123 299.3043 15.27550489    15
STARLINK-33685
1 63465C 25070F   25222.08173611  .00024209  00000+0  87736-3 0  2227
2 63465  43.0038  14.9937 0001478 269.6776  34.8626 15.27534683    14
STARLINK-33654
1 63466C 25070G   25222.07826389  .00022043  00000+0  79871-3 0  2229
2 63466  43.0038  14.8775 0001546 268.2673  73.7198 15.27544067    14
STARLINK-33697
1 63467C 25070H   25222.07965278  .00014884  00000+0  53930-3 0  2223
2 63467  43.0042  14.9170 0001380 272.5064  62.9624 15.27551968    10
STARLINK-33720
1 63468C 25070J   25222.07965278  .00022289  00000+0  80748-3 0  2229
2 63468  43.0040  14.9196 0001561 272.3801  55.9899 15.27549167    19
STARLINK-33587
1 63469C 25070K   25222.07756944  .00021547  00000+0  78101-3 0  2224
2 63469  43.0034  14.7276 0001279 270.6741 131.2138 15.27532071    10
STARLINK-33637
1 63470C 25070L   25222.08104167  .00024499  00000+0  88828-3 0  2227
2 63470  43.0006  15.2832 0001417 290.9834 249.4600 15.27520040    16
STARLINK-33744
1 63471C 25070M   25222.07687500  .00021640  00000+0  78349-3 0  2226
2 63471  43.0030  15.1005 0001755 277.7831 324.4790 15.27569917    10
STARLINK-33766
1 63472C 25070N   25222.07826389  .00018171  00000+0  65850-3 0  2225
2 63472  43.0024  15.2118 0001407 261.5167 298.9830 15.27542852    16
STARLINK-33765
1 63473C 25070P   25222.08034722  .00021569  00000+0  78145-3 0  2225
2 63473  43.0043  14.9636 0001559 269.5986  41.4141 15.27547504    19
STARLINK-33735
1 63474C 25070Q   25222.07548611  .00018486  00000+0  66974-3 0  2223
2 63474  43.0035  14.7532 0001392 258.4682 124.8490 15.27551354    10
STARLINK-33731
1 63475C 25070R   25222.07618056  .00018875  00000+0  68419-3 0  2223
2 63475  43.0020  15.2717 0001412 267.6463 260.1989 15.27534115    11
STARLINK-33718
1 63476C 25070S   25222.07756944  .00021998  00000+0  79746-3 0  2228
2 63476  43.0019  14.5672 0001314 285.8727 179.6866 15.27528347    16
STARLINK-33630
1 63477C 25070T   25222.07618056  .00031104  00000+0  11286-2 0  2224
2 63477  43.0039  11.2947 0001520 272.3948 105.0439 15.27488789    17
STARLINK-33695
1 63478C 25070U   25222.07895833  .00012294  00000+0  44520-3 0  2222
2 63478  43.0036  11.1059 0001466 264.3201 199.0933 15.27573340    10
STARLINK-33713
1 63479C 25070V   25222.08034722  .00027055  00000+0  98065-3 0  2220
2 63479  43.0035  11.1482 0001337 250.3661 199.5132 15.27527614    11
STARLINK-33721
1 63480C 25070W   25222.08034722  .00016552  00000+0  59956-3 0  2228
2 63480  43.0038  11.1841 0001409 273.9340 161.7732 15.27559084    13
STARLINK-33639
1 63481C 25070X   25222.07965278  .00024260  00000+0  87930-3 0  2225
2 63481  43.0026  11.4361 0001413 269.6844  56.1231 15.27531744    11
STARLINK-33667
1 63482C 25070Y   25222.08520833  .00094272  00000+0  18610-2 0  2229
2 63482  43.0032 342.7162 0002153 336.6583 266.2632 15.46200588    14
STARLINK-33688
1 63483C 25070Z   25222.07895833  .00031122  00000+0  11287-2 0  2222
2 63483  43.0039  15.0040 0001275 295.5155 346.6612 15.27504529    11
STARLINK-33700
1 63484C 25070AA  25222.07826389  .00025423  00000+0  92150-3 0  2229
2 63484  43.0036  14.7555 0001168 256.4507 128.0384 15.27529711    12
STARLINK-33687
1 63485C 25070AB  25222.07618056  .00022203  00000+0  80489-3 0  2225
2 63485  43.0030  14.5714 0001789 276.0029 160.7316 15.27526796    16
STARLINK-33716
1 63486C 25070AC  25222.08034722  .00017755  00000+0  64332-3 0  2224
2 63486  43.0034  14.6706 0001188 270.3669 160.9372 15.27549919    19
STARLINK-33754
1 63487C 25070AD  25222.07895833  .00015108  00000+0  54703-3 0  2223
2 63487  43.0044  14.9375 0001524 262.4094  47.8828 15.27575071    11
STARLINK-33828
1 63493C 25071A   25222.08104167  .00015036  00000+0  50682-3 0  2227
2 63493  53.1608  44.9950 0001410  84.5969 191.2943 15.30172215    15
STARLINK-33819
1 63494C 25071B   25222.07479167  .00014671  00000+0  49442-3 0  2228
2 63494  53.1602  45.0488 0001102  80.7859 143.1961 15.30180355    12
STARLINK-33845
1 63495C 25071C   25222.07756944 -.00000667  00000+0 -22488-4 0  2224
2 63495  53.1589  42.6939 0001044  91.8407 255.0813 15.30191187    12
STARLINK-33829
1 63496C 25071D   25222.07826389  .00011342  00000+0  38227-3 0  2223
2 63496  53.1603  42.8626 0001352  88.0250 175.4757 15.30179306    12
STARLINK-33815
1 63497C 25071E   25222.07687500  .00024159  00000+0  81446-3 0  2225
2 63497  53.1595  43.0655 0001170  95.2425  61.7544 15.30159607    13
STARLINK-33838
1 63500C 25071H   25222.07548611  .00008664  00000+0  29202-3 0  2224
2 63500  53.1594  42.7467 0001207  92.5239 219.6662 15.30180665    11
STARLINK-33837
1 63501C 25071J   25222.07548611  .00007361  00000+0  24811-3 0  2229
2 63501  53.1582  43.1409 0001145  90.5261  23.9059 15.30180137    14
STARLINK-33818
1 63502C 25071K   25222.07548611  .00012306  00000+0  41474-3 0  2229
2 63502  53.1589  42.7120 0001251  88.1725 241.4565 15.30179582    14
STARLINK-33811
1 63504C 25071M   25222.07826389  .00027431  00000+0  92485-3 0  2225
2 63504  53.1577  43.1824 0001177  79.8256  20.8476 15.30152888    12
STARLINK-33792
1 63506C 25071P   25222.08173611  .00017533  00000+0  59101-3 0  2221
2 63506  53.1581  42.6258 0001196  88.8840 304.2911 15.30170222    19
STARLINK-33843
1 63507C 25071Q   25222.07895833  .00014959  00000+0  50423-3 0  2225
2 63507  53.1601  42.8082 0001224  91.2180 181.9660 15.30173151    12
STARLINK-33809
1 63508C 25071R   25222.07895833  .00003812  00000+0  12848-3 0  2221
2 63508  53.1594  42.6824 0001207  91.6807 245.4792 15.30187857    17
STARLINK-33764
1 63510C 25071T   25222.08173611 -.00004630  00000+0 -15607-3 0  2225
2 63510  53.1576  43.1586 0001131  87.3973  14.9758 15.30192504    19
STARLINK-33804
1 63511C 25071U   25222.07687500  .00014511  00000+0  48912-3 0  2224
2 63511  53.1587  43.0436 0001175  91.3204  54.0617 15.30174011    17
STARLINK-33751
1 63512C 25071V   25222.08034722  .00005212  00000+0  17572-3 0  2224
2 63512  53.1594  42.9585 0001206  90.1200 109.3079 15.30177492    19
STARLINK-33750
1 63513C 25071W   25222.07618056  .00011135  00000+0  37535-3 0  2224
2 63513  53.1591  43.0119 0001210  92.4326  66.5724 15.30174997    19
STARLINK-33786
1 63514C 25071X   25222.07548611  .00018368  00000+0  61912-3 0  2225
2 63514  53.1583  43.1058 0001146  81.1415  27.5011 15.30170386    10
STARLINK-33796
1 63515C 25071Y   25222.07965278  .00009737  00000+0  32821-3 0  2225
2 63515  53.1589  42.6136 0001040  87.9206 282.1645 15.30179092    18
STARLINK-33785
1 63516C 25071Z   25222.07756944  .00021414  00000+0  72180-3 0  2222
2 63516  53.1586  43.0615 0001256  90.3147  47.2619 15.30166494    17
STARLINK-33803
1 63517C 25071AA  25222.07548611  .00010027  00000+0  33796-3 0  2221
2 63517  53.1599  42.7087 0001258  90.0179 216.3884 15.30179096    10
STARLINK-33807
1 63518C 25071AB  25222.07826389  .00022798  00000+0  76836-3 0  2223
2 63518  53.1604  45.0133 0001356  82.8991 148.6337 15.30168979    14
STARLINK-11669 [DTC]
1 63548C 25075A   25222.10118056  .00041112  00000+0  31982-3 0  2223
2 63548  43.0003 348.7650 0001759 253.3784 192.0812 15.70759375    18
STARLINK-11665 [DTC]
1 63549C 25075B   25222.10048611  .00037377  00000+0  29073-3 0  2229
2 63549  43.0000 349.1426 0001293 264.5547  26.6650 15.70767071    10
STARLINK-11667 [DTC]
1 63550C 25075C   25222.09840278  .00043886  00000+0  34148-3 0  2229
2 63550  42.9999 349.4537 0001642 266.2913 252.9033 15.70751707    15
STARLINK-11695 [DTC]
1 63551C 25075D   25222.06784722  .00023196  00000+0  18063-3 0  2228
2 63551  43.0002 348.9775 0001753 270.1701 341.4870 15.70753254    15
STARLINK-11685 [DTC]
1 63552C 25075E   25222.10118056  .00037889  00000+0  29478-3 0  2221
2 63552  43.0001 348.9135 0001668 251.8724 133.4710 15.70761086    15
STARLINK-11697 [DTC]
1 63553C 25075F   25222.10187500  .00039550  00000+0  30769-3 0  2224
2 63553  43.0000 348.9834 0001664 247.2155 112.0005 15.70760107    17
STARLINK-11680 [DTC]
1 63554C 25075G   25222.10048611  .00039380  00000+0  30643-3 0  2226
2 63554  43.0001 349.3642 0001512 270.8930 290.1664 15.70755340    18
STARLINK-11687 [DTC]
1 63555C 25075H   25222.10395833  .00029622  00000+0  23044-3 0  2223
2 63555  43.0000 349.1939 0001501 260.9854  19.8419 15.70771872    10
STARLINK-11626 [DTC]
1 63556C 25075J   25222.10256944  .00033231  00000+0  25844-3 0  2224
2 63556  42.9999 349.5760 0001677 267.4478 215.1935 15.70774289    19
STARLINK-11668 [DTC]
1 63557C 25075K   25222.09770833  .00035057  00000+0  27273-3 0  2227
2 63557  42.9997 349.5302 0001628 264.7569 220.4465 15.70765567    13
STARLINK-11657 [DTC]
1 63558C 25075L   25222.10187500  .00047506  00000+0  36961-3 0  2229
2 63558  42.9998 349.2799 0001535 270.1033 328.8740 15.70750415    11
STARLINK-11606 [DTC]
1 63559C 25075M   25222.10326389  .00037279  00000+0  29002-3 0  2224
2 63559  43.0000 348.8229 0001728 250.4485 176.7535 15.70762780    17
STARLINK-11592 [DTC]
1 63560C 25075N   25222.09840278  .00026240  00000+0  20412-3 0  2224
2 63560  43.0001 349.0755 0001628 267.5516  41.9392 15.70775701    11
STARLINK-32953
1 63561C 25075P   25222.08173611  .00022855  00000+0  82808-3 0  2229
2 63561  43.0000  25.8523 0001540 256.5074  69.6646 15.27544039    12
STARLINK-32951
1 63562C 25075Q   25222.07895833  .00024118  00000+0  87372-3 0  2221
2 63562  43.0017  25.7906 0001504 257.3861  74.7292 15.27547318    15
STARLINK-32958
1 63563C 25075R   25222.07965278  .00024071  00000+0  87235-3 0  2229
2 63563  42.9999  25.6843 0001244 268.1230 124.3241 15.27535796    16
STARLINK-32928
1 63564C 25075S   25222.07826389  .00027960  00000+0  10133-2 0  2221
2 63564  43.0033  25.4693 0002039 281.5176 195.2965 15.27529552    13
STARLINK-32687
1 63565C 25075T   25222.08034722  .00020304  00000+0  73530-3 0  2221
2 63565  43.0013  25.7641 0001488 257.6274  89.2466 15.27562547    17
STARLINK-32950
1 63566C 25075U   25222.07618056  .00023137  00000+0  83863-3 0  2226
2 63566  43.0041  25.3498 0001762 254.5517 239.1956 15.27531466    12
STARLINK-32954
1 63567C 25075V   25222.07895833  .00023202  00000+0  84092-3 0  2225
2 63567  43.0012  25.5377 0001732 259.2765 178.9925 15.27533258    10
STARLINK-32940
1 63568C 25075W   25222.07965278  .00027900  00000+0  10113-2 0  2228
2 63568  43.0012  25.5991 0001594 289.0902 124.7043 15.27526753    15
STARLINK-32959
1 63569C 25076A   25222.08243056  .00028684  00000+0  10402-2 0  2225
2 63569  42.9995  80.7176 0001613 286.9348  37.8754 15.27510736    11
STARLINK-32956
1 63570C 25076B   25222.07965278  .00033453  00000+0  12129-2 0  2221
2 63570  42.9997  79.9653 0001524 250.1963  17.7045 15.27510625    19
STARLINK-33722
1 63571C 25076C   25222.07826389  .00026995  00000+0  97867-3 0  2227
2 63571  43.0035  76.6428 0001514 250.7466 289.0648 15.27520569    13
STARLINK-33739
1 63572C 25076D   25222.07756944  .00026833  00000+0  97308-3 0  2228
2 63572  42.9995  77.1056 0001604 287.5940  57.3834 15.27511266    12
STARLINK-33683
1 63573C 25076E   25222.08243056  .00027922  00000+0  10126-2 0  2227
2 63573  43.0000  77.0591 0001605 282.3686  96.4444 15.27510831    14
STARLINK-33732
1 63575C 25076G   25222.07895833  .00025348  00000+0  91895-3 0  2227
2 63575  43.0036  76.9105 0001739 253.6002 176.8269 15.27523032    10
STARLINK-33800
1 63576C 25076H   25222.08034722  .00028296  00000+0  10257-2 0  2228
2 63576  43.0025  76.5599 0001466 252.2581 327.3013 15.27523022    15
STARLINK-33632
1 63577C 25076J   25222.07687500  .00030347  00000+0  10998-2 0  2228
2 63577  43.0004  77.0546 0001569 277.6752  84.6319 15.27527415    18
STARLINK-33719
1 63578C 25076K   25222.07618056  .00033865  00000+0  12273-2 0  2225
2 63578  43.0036  76.7042 0001550 281.7366 225.3155 15.27525357    13
STARLINK-33755
1 63579C 25076L   25222.07756944  .00032876  00000+0  11922-2 0  2226
2 63579  43.0032  76.6301 0001526 286.5062 221.2568 15.27506663    18
STARLINK-33752
1 63580C 25076M   25222.08243056  .00028910  00000+0  10475-2 0  2220
2 63580  43.0039  76.8544 0001671 256.2177 207.4255 15.27535514    16
STARLINK-33714
1 63581C 25076N   25222.07548611  .00029651  00000+0  10744-2 0  2227
2 63581  43.0031  76.6028 0001561 260.3350 285.3372 15.27535117    15
STARLINK-33814
1 63582C 25076P   25222.07895833  .00029781  00000+0  10787-2 0  2220
2 63582  43.0006  76.4942 0001412 262.0303 338.0634 15.27548558    13
STARLINK-33817
1 63583C 25076Q   25222.07479167  .00106750  00000+0  38727-2 0  2225
2 63583  43.0000  76.4322 0001356 267.0057 345.6261 15.27419284    11
STARLINK-33820
1 63584C 25076R   25222.07965278  .00031697  00000+0  11492-2 0  2226
2 63584  42.9998  76.3059 0001529 255.3211  66.5602 15.27515556    13
STARLINK-33813
1 63585C 25076S   25222.07965278  .00025806  00000+0  93568-3 0  2227
2 63585  42.9997  76.3231 0001383 285.8629  28.9329 15.27517978    12
STARLINK-33834
1 63586C 25076T   25222.07826389  .00033006  00000+0  11968-2 0  2221
2 63586  43.0041  76.7884 0001587 285.1599 190.9726 15.27509896    19
STARLINK-33830
1 63587C 25076U   25222.07895833  .00032542  00000+0  11802-2 0  2223
2 63587  43.0040  76.7491 0001689 280.3866 213.7436 15.27503012    16
STARLINK-33651
1 63588C 25076V   25222.07548611  .00032797  00000+0  11885-2 0  2226
2 63588  43.0040  76.7870 0001847 277.9675 189.8800 15.27529189    15
STARLINK-33788
1 63589C 25076W   25222.07479167  .00022402  00000+0  81216-3 0  2224
2 63589  43.0014  77.0132 0001798 253.1398 118.9937 15.27524413    14
STARLINK-33805
1 63590C 25076X   25222.07548611  .00025326  00000+0  91849-3 0  2228
2 63590  42.9987  77.1343 0001531 287.1706  32.2008 15.27510979    12
STARLINK-33702
1 63591C 25076Y   25222.08173611  .00022429  00000+0  81335-3 0  2224
2 63591  43.0016  76.4918 0001348 287.9805 320.4813 15.27516826    15
STARLINK-33666
1 63592C 25076Z   25222.07548611  .00023659  00000+0  85782-3 0  2226
2 63592  43.0025  76.9377 0001724 250.9353 153.3304 15.27519889    16
STARLINK-33723
1 63593C 25076AA  25222.07826389  .00026409  00000+0  95772-3 0  2224
2 63593  43.0035  76.5971 0001530 248.1148 305.8785 15.27510782    10
STARLINK-33791
1 63594C 25076AB  25222.07895833  .00030736  00000+0  11145-2 0  2224
2 63594  43.0021  76.9505 0001534 285.0685 124.1471 15.27511240    17
STARLINK-33831
1 63595C 25076AC  25222.07965278  .00028578  00000+0  10356-2 0  2220
2 63595  43.0037  76.5804 0001404 274.5445 265.8521 15.27533213    19
STARLINK-33879
1 63634C 25083A   25222.07687500  .00011024  00000+0  39956-3 0  2227
2 63634  43.0026 120.6318 0001343 257.7244 311.0500 15.27546911    14
STARLINK-33854
1 63635C 25083B   25222.07687500 -.00010263  00000+0 -37236-3 0  2223
2 63635  43.0007 120.0766 0001715 288.2414 154.1094 15.27533805    18
STARLINK-33864
1 63636C 25083C   25222.07826389  .00011845  00000+0  42951-3 0  2229
2 63636  43.0034 120.6757 0001468 291.0294 264.2042 15.27529084    18
STARLINK-33832
1 63637C 25083D   25222.08034722  .00032664  00000+0  11844-2 0  2221
2 63637  43.0034 119.9540 0001199 266.9801 236.8903 15.27510962    12
STARLINK-33856
1 63638C 25083E   25222.07965278  .00029441  00000+0  10660-2 0  2224
2 63638  43.0003 120.0869 0001526 261.4298 181.8193 15.27559016    13
STARLINK-33876
1 63639C 25083F   25222.07618056  .00037573  00000+0  13604-2 0  2220
2 63639  42.9983 120.3091 0001604 269.6475  69.5727 15.27553185    19
STARLINK-33859
1 63640C 25083G   25222.07756944  .00015869  00000+0  57538-3 0  2220
2 63640  43.0040 120.6650 0001272 291.1767 267.2986 15.27528502    15
STARLINK-33826
1 63641C 25083H   25222.07479167 -.00015332  00000+0 -55622-3 0  2229
2 63641  43.0003 120.1527 0001660 285.9206 116.6653 15.27539374    10
STARLINK-33836
1 63642C 25083J   25222.07618056  .00005133  00000+0  18609-3 0  2222
2 63642  43.0024 120.5502 0001135 246.7592 353.5999 15.27539575    19
STARLINK-33558
1 63643C 25083K   25222.08104167 -.00002679  00000+0 -97176-4 0  2228
2 63643  43.0015 119.9984 0001704 289.7973 196.7180 15.27527710    15
STARLINK-33852
1 63644C 25083L   25222.07479167  .00006870  00000+0  24905-3 0  2227
2 63644  43.0023 120.5395 0001282 258.4646 341.3138 15.27543455    15
STARLINK-33835
1 63645C 25083M   25222.07479167 -.00021054  00000+0 -76417-3 0  2226
2 63645  42.9998 120.3683 0001567 286.6122  23.9807 15.27530348    14
STARLINK-33661
1 63646C 25083N   25222.07826389 -.00012282  00000+0 -44556-3 0  2221
2 63646  42.9992 120.1587 0001671 285.9048 121.6555 15.27536961    18
STARLINK-33729
1 63647C 25083P   25222.08034722  .00017562  00000+0  63674-3 0  2221
2 63647  43.0038 120.5936 0001488 273.9523 321.0502 15.27527571    10
STARLINK-33717
1 63648C 25083Q   25222.07548611  .00010599  00000+0  38425-3 0  2227
2 63648  43.0008 120.0613 0001418 283.9999 157.6924 15.27536912    16
STARLINK-33684
1 63649C 25083R   25222.08104167  .00012380  00000+0  44888-3 0  2223
2 63649  43.0029 119.9285 0001537 282.8825 231.8507 15.27531785    15
STARLINK-33704
1 63650C 25083S   25222.06020833 -.00004063  00000+0 -14736-3 0  2220
2 63650  42.9998 120.3317 0001578 247.2563  32.5811 15.27534950    12
STARLINK-33705
1 63651C 25083T   25222.07479167  .00008041  00000+0  29149-3 0  2222
2 63651  42.9995 120.1941 0001265 279.5614 101.7001 15.27541265    16
STARLINK-33663
1 63652C 25083U   25222.07895833  .00066630  00000+0  24197-2 0  2220
2 63652  43.0002 120.0670 0001391 261.0738 185.6798 15.27425889    16
STARLINK-33866
1 63653C 25083V   25222.08034722 -.00003117  00000+0 -11307-3 0  2227
2 63653  43.0016 120.4677 0001276 245.5036  39.0857 15.27536342    18
STARLINK-33849
1 63654C 25083W   25222.07756944  .00011164  00000+0  40470-3 0  2226
2 63654  43.0012 120.4490 0001485 248.5660  34.8056 15.27539945    12
STARLINK-33873
1 63655C 25083X   25222.07618056 -.00004203  00000+0 -15239-3 0  2221
2 63655  43.0016 120.4754 0001237 272.5104 356.1364 15.27552073    14
STARLINK-33772
1 63656C 25083Y   25222.08173611  .00022989  00000+0  83313-3 0  2223
2 63656  42.9995 120.2255 0001752 257.8109 133.3794 15.27536696    11
STARLINK-33789
1 63657C 25083Z   25222.07618056 -.00012666  00000+0 -45951-3 0  2229
2 63657  43.0000 120.1536 0001698 286.1609 117.0047 15.27537314    19
STARLINK-33822
1 63658C 25083AA  25222.08104167 -.00022889  00000+0 -83034-3 0  2226
2 63658  43.0010 120.4107 0001426 285.4038  24.2455 15.27549386    19
STARLINK-33771
1 63659C 25083AB  25222.07618056 -.00008619  00000+0 -31262-3 0  2224
2 63659  43.0013 123.6866 0001671 288.0603 117.6721 15.27540137    17
STARLINK-33810
1 63660C 25083AC  25222.07965278  .00011506  00000+0  41713-3 0  2226
2 63660  43.0011 120.0157 0001386 279.0030 192.7032 15.27535329    14
STARLINK-33823
1 63661C 25083AD  25222.07826389  .00002090  00000+0  75772-4 0  2227
2 63661  43.0006 120.3815 0001407 269.9539  45.5200 15.27548903    13
STARLINK-11651 [DTC]
1 63664C 25085A   25222.09284722  .00003107  00000+0  24152-4 0  2229
2 63664  43.0004 113.5103 0001605 265.4405 216.9540 15.70813607    16
STARLINK-11672 [DTC]
1 63665C 25085B   25222.08937500  .00028122  00000+0  21865-3 0  2229
2 63665  43.0004 113.4558 0001486 256.7835 236.0308 15.70786090    17
STARLINK-11664 [DTC]
1 63666C 25085C   25222.08312500  .00042412  00000+0  32985-3 0  2220
2 63666  43.0005 114.3279 0001550 266.5981 215.0259 15.70765189    10
STARLINK-11666 [DTC]
1 63667C 25085D   25222.10395833  .00054079  00000+0  42055-3 0  2225
2 63667  43.0004 114.1891 0001673 273.2142 331.5226 15.70755671    11
STARLINK-11663 [DTC]
1 63668C 25085E   25222.10118056  .00181040  00000+0  14072-2 0  2222
2 63668  43.0003 114.1310 0001758 292.6056 326.4014 15.70641485    15
STARLINK-11595 [DTC]
1 63669C 25085F   25222.10326389  .00046765  00000+0  36361-3 0  2223
2 63669  43.0001 114.0437 0001717 270.1601  30.7539 15.70766102    16
STARLINK-11599 [DTC]
1 63670C 25085G   25222.10187500  .00028374  00000+0  22079-3 0  2222
2 63670  43.0002 113.9769 0001627 268.9250  54.2410 15.70766418    19
STARLINK-11603 [DTC]
1 63671C 25085H   25222.09979167  .00053125  00000+0  41304-3 0  2223
2 63671  43.0002 113.9143 0001772 265.5292  75.8465 15.70761420    13
STARLINK-11644 [DTC]
1 63672C 25085J   25222.10118056  .00050681  00000+0  39402-3 0  2228
2 63672  43.0003 113.8304 0001628 276.6887 102.6060 15.70765181    14
STARLINK-11634 [DTC]
1 63673C 25085K   25222.10256944  .00059268  00000+0  46121-3 0  2224
2 63673  43.0004 113.7464 0001615 267.5881 149.6944 15.70734519    14
STARLINK-11656 [DTC]
1 63674C 25085L   25222.10187500  .00074041  00000+0  57648-3 0  2228
2 63674  43.0003 113.6760 0001439 265.9970 177.3781 15.70707678    10
STARLINK-11655 [DTC]
1 63675C 25085M   25222.10118056  .00040061  00000+0  31149-3 0  2222
2 63675  43.0001 113.6057 0001602 266.6399 202.8446 15.70772442    16
STARLINK-11661 [DTC]
1 63676C 25085N   25222.10326389  .00041196  00000+0  32037-3 0  2220
2 63676  42.9997 113.5180 0001684 256.1246 255.2272 15.70767847    12
STARLINK-33816
1 63677C 25085P   25222.07618056 -.00044239  00000+0 -16046-2 0  2226
2 63677  43.0007 146.1425 0001611 282.4678 116.4654 15.27575279    12
STARLINK-33861
1 63678C 25085Q   25222.07965278 -.00019076  00000+0 -69178-3 0  2224
2 63678  43.0001 146.1903 0001647 253.7217 136.0124 15.27556636    13
STARLINK-33850
1 63679C 25085R   25222.07479167 -.00011362  00000+0 -41188-3 0  2223
2 63679  43.0022 145.9643 0001538 274.7443 194.2762 15.27561230    18
STARLINK-33887
1 63680C 25085S   25222.07826389 -.00006932  00000+0 -25121-3 0  2223
2 63680  42.9997 145.5362 0001668 260.3666  37.5783 15.27566496    16
STARLINK-33886
1 63681C 25085T   25222.07548611 -.00017808  00000+0 -64551-3 0  2227
2 63681  42.9992 145.4986 0001424 273.6244  30.2343 15.27570628    16
STARLINK-33840
1 63682C 25085U   25222.07756944  .00014721  00000+0  53379-3 0  2223
2 63682  43.0002 146.1488 0001519 254.9874 144.4703 15.27526325    15
STARLINK-33851
1 63683C 25085V   25222.07826389 -.00023204  00000+0 -84111-3 0  2221
2 63683  43.0009 145.6992 0001498 275.2586 311.9303 15.27575830    11
STARLINK-33853
1 63684C 25085W   25222.08104167  .00036029  00000+0  13049-2 0  2224
2 63684  43.0007 145.6341 0001430 279.3444 344.2427 15.27545385    10
STARLINK-33847
1 63685C 25085X   25222.08173611 -.00011022  00000+0 -39960-3 0  2224
2 63685  43.0016 145.9895 0001546 282.7738 196.2009 15.27557304    15
STARLINK-33880
1 63686C 25085Y   25222.07756944 -.00012155  00000+0 -44058-3 0  2222
2 63686  43.0000 146.1820 0001276 272.1273 113.1329 15.27565526    15
STARLINK-33894
1 63697C 25087A   25222.07618056  .00017732  00000+0  44260-3 0  2226
2 63697  53.1578 123.4471 0001333  77.4178  48.3020 15.39589588    17
STARLINK-33919
1 63699C 25087C   25222.07756944  .00027383  00000+0  68358-3 0  2224
2 63699  53.1570 123.2360 0001152  92.9230 143.5007 15.39575229    16
STARLINK-33908
1 63700C 25087D   25222.08034722  .00040631  00000+0  10145-2 0  2222
2 63700  53.1567 123.1204 0001225  64.1882 239.1669 15.39557203    14
STARLINK-33868
1 63703C 25087G   25222.08034722  .00025122  00000+0  62720-3 0  2220
2 63703  53.1576 122.8111 0000890  83.5386  14.3156 15.39574307    19
STARLINK-33848
1 63705C 25087J   25222.07895833  .00045504  00000+0  11361-2 0  2229
2 63705  53.1569 123.0755 0001128  82.1713 239.2316 15.39553668    17
STARLINK-33995
1 63706C 25087K   25222.07409722 -.01223400  00000+0 -33130-1 0  2221
2 63706  53.1591 122.8942 0001304  65.5409 330.5995 15.38335706    19
STARLINK-33982
1 63707C 25087L   25222.08104167  .00018996  00000+0  47414-3 0  2229
2 63707  53.1578 122.7557 0001352  81.2128  46.2473 15.39588371    13
STARLINK-33915
1 63708C 25087M   25222.08173611  .00038025  00000+0  94925-3 0  2224
2 63708  53.1569 123.1676 0001010  58.3143 225.1145 15.39564867    12
STARLINK-33862
1 63709C 25087N   25222.07895833  .00017553  00000+0  43819-3 0  2220
2 63709  53.1568 123.1767 0001071  85.6118 184.2663 15.39584656    13
STARLINK-33580
1 63711C 25087Q   25222.07618056  .00035991  00000+0  89855-3 0  2229
2 63711  53.1570 123.2439 0000726  54.2244 172.6473 15.39564338    19
STARLINK-33783
1 63712C 25087R   25222.07548611  .00025803  00000+0  64430-3 0  2222
2 63712  53.1568 123.1451 0001017  81.4800 193.0367 15.39569995    17
STARLINK-33773
1 63713C 25087S   25222.07618056  .00057511  00000+0  14345-2 0  2224
2 63713  53.1569 123.0388 0001202  57.0155 272.7494 15.39570088    16
STARLINK-33745
1 63714C 25087T   25222.07895833  .00047597  00000+0  11883-2 0  2222
2 63714  53.1570 123.0215 0001366  88.3314 258.8192 15.39552365    11
STARLINK-33749
1 63716C 25087V   25222.07687500  .00151790  00000+0  37881-2 0  2221
2 63716  53.1573 122.9286 0001676  83.4462 303.6095 15.39459365    13
STARLINK-33725
1 63717C 25087W   25222.07756944  .00022298  00000+0  55667-3 0  2224
2 63717  53.1568 123.0819 0001075  78.0708 233.7515 15.39579267    12
STARLINK-33641
1 63718C 25087X   25222.07895833  .00013234  00000+0  33034-3 0  2220
2 63718  53.1576 122.8704 0000895  93.7796 328.7498 15.39593346    11
STARLINK-33757
1 63720C 25087Z   25222.07965278  .00037719  00000+0  94181-3 0  2228
2 63720  53.1576 122.8147 0000986  79.6787  12.4731 15.39559002    17
STARLINK-33767
1 63722C 25087AB  25222.07687500  .00031720  00000+0  79191-3 0  2229
2 63722  53.1579 122.7270 0000972  76.3823  51.8592 15.39568683    15
STARLINK-33806
1 63723C 25087AC  25222.07479167  .00033832  00000+0  84463-3 0  2222
2 63723  53.1578 122.7869 0001090  77.6213  13.3135 15.39566872    12
STARLINK-11677 [DTC]
1 63751C 25089A   25222.10256944 -.00069132  00000+0 -53597-3 0  2223
2 63751  43.0002 127.9503 0001411 265.3466 134.0265 15.70950752    12
STARLINK-11702 [DTC]
1 63752C 25089B   25222.10326389  .00049049  00000+0  38149-3 0  2224
2 63752  43.0005 127.5705 0001877 268.6854 285.2059 15.70756175    12
STARLINK-11706 [DTC]
1 63753C 25089C   25222.10256944  .00032330  00000+0  25148-3 0  2224
2 63753  43.0004 127.3502 0001599 260.2387  19.9023 15.70770876    12
STARLINK-11662 [DTC]
1 63754C 25089D   25222.10118056  .00038444  00000+0  29914-3 0  2223
2 63754  43.0004 127.7326 0001771 283.9720 198.0317 15.70756960    19
STARLINK-11681 [DTC]
1 63755C 25089E   25222.10187500  .00034768  00000+0  27042-3 0  2229
2 63755  43.0002 127.8781 0001603 272.4362 153.3413 15.70770846    13
STARLINK-11688 [DTC]
1 63756C 25089F   25222.10187500  .00045112  00000+0  35089-3 0  2225
2 63756  43.0000 127.6539 0002094 277.0152 238.9571 15.70758058    10
STARLINK-11676 [DTC]
1 63757C 25089G   25222.09909722  .00034682  00000+0  26978-3 0  2229
2 63757  43.0002 127.2207 0001444 261.1436  59.4576 15.70768967    19
STARLINK-11705 [DTC]
1 63758C 25089H   25222.09701389  .00045654  00000+0  35514-3 0  2226
2 63758  43.0002 127.8317 0001651 272.0936 156.2381 15.70756281    10
STARLINK-11703 [DTC]
1 63759C 25089J   25222.09006944  .00047474  00000+0  36929-3 0  2225
2 63759  43.0001 127.5735 0001524 275.9277 233.3277 15.70755578    19
STARLINK-11701 [DTC]
1 63760C 25089K   25222.10048611  .00033856  00000+0  26332-3 0  2222
2 63760  43.0001 127.2861 0001456 266.7957  31.6062 15.70771912    16
STARLINK-11660 [DTC]
1 63761C 25089L   25222.10395833  .00034022  00000+0  26465-3 0  2227
2 63761  42.9997 127.4151 0001527 267.5694 350.3775 15.70769089    13
STARLINK-11699 [DTC]
1 63762C 25089M   25222.09979167  .00038921  00000+0  30274-3 0  2229
2 63762  42.9993 128.0390 0001470 263.9019  89.9670 15.70765417    10
STARLINK-11693 [DTC]
1 63763C 25089N   25222.08520833  .00042460  00000+0  33028-3 0  2224
2 63763  42.9996 127.6155 0001737 269.8008 206.7694 15.70760298    14
STARLINK-33760
1 63764C 25089P   25222.07965278  .00035528  00000+0  12874-2 0  2222
2 63764  43.0019 160.4183 0001786 261.9147  81.4434 15.27527313    11
STARLINK-33941
1 63765C 25089Q   25222.07479167 -.00031435  00000+0 -11397-2 0  2224
2 63765  43.0016 160.4777 0001572 276.9697  25.6164 15.27577850    18
STARLINK-33824
1 63766C 25089R   25222.07687500 -.00009251  00000+0 -33528-3 0  2229
2 63766  43.0008 160.6882 0001593 275.5862 306.4470 15.27565861    10
STARLINK-33808
1 63767C 25089S   25222.07895833 -.00026378  00000+0 -95606-3 0  2224
2 63767  43.0009 160.2988 0001506 275.1865 113.9789 15.27582432    15
STARLINK-33844
1 63768C 25089T   25222.07548611 -.00045572  00000+0 -16523-2 0  2221
2 63768  42.9996 160.0636 0001260 277.3322 198.8802 15.27591493    11
STARLINK-33907
1 63769C 25089U   25222.08173611 -.00013707  00000+0 -49679-3 0  2221
2 63769  43.0019 160.3535 0001568 258.3348 117.8293 15.27570601    12
STARLINK-33884
1 63770C 25089V   25222.07756944 -.00014579  00000+0 -52839-3 0  2228
2 63770  42.9999 160.0666 0001366 273.9570 206.6005 15.27572265    13
STARLINK-33841
1 63771C 25089W   25222.07756944 -.00021107  00000+0 -76499-3 0  2222
2 63771  42.9999 160.1673 0001207 271.2290 166.8809 15.27578266    13
STARLINK-33769
1 63773C 25089X   25222.08104167 -.00057564  00000+0 -20870-2 0  2226
2 63773  42.9998 160.0119 0000853 287.2510 226.6221 15.27603905    18
STARLINK-33914
1 63774C 25089Y   25222.07826389 -.00045929  00000+0 -16653-2 0  2229
2 63774  43.0007 156.3645 0001497 280.2090 286.5036 15.27590144    14
STARLINK-33932
1 63775C 25091A   25222.07965278 -.00029514  00000+0 -10696-2 0  2227
2 63775  43.0022 167.4308 0001387 271.6114 352.3725 15.27591140    14
STARLINK-33930
1 63776C 25091B   25222.07687500 -.00047657  00000+0 -17278-2 0  2228
2 63776  43.0005 167.9107 0001610 274.6684 143.0411 15.27594615    19
STARLINK-33911
1 63777C 25091C   25222.07756944 -.00021302  00000+0 -77226-3 0  2227
2 63777  43.0031 160.4436 0001436 276.6813 351.7848 15.27569437    10
STARLINK-33938
1 63778C 25091D   25222.08034722  .00009732  00000+0  35259-3 0  2223
2 63778  43.0024 167.6534 0001357 266.0478 269.7496 15.27558681    19
STARLINK-33881
1 63779C 25091E   25222.07756944  .00009011  00000+0  32625-3 0  2224
2 63779  43.0004 167.9910 0001007 263.0537 122.9252 15.27581546    10
STARLINK-33846
1 63780C 25091F   25222.07826389 -.00049571  00000+0 -17973-2 0  2222
2 63780  43.0006 167.8502 0001534 281.2107 165.3857 15.27594094    14
STARLINK-33883
1 63781C 25091G   25222.07965278 -.00026009  00000+0 -94275-3 0  2226
2 63781  43.0008 167.7912 0001526 267.3235 208.0978 15.27579965    18
STARLINK-33842
1 63782C 25091H   25222.07895833  .00013591  00000+0  49284-3 0  2226
2 63782  43.0032 167.6127 0001591 268.8165 280.6977 15.27525710    17
STARLINK-33892
1 63783C 25091J   25222.07618056 -.00032318  00000+0 -11716-2 0  2225
2 63783  43.0028 167.6062 0000999 269.3225 271.9013 15.27581900    12
STARLINK-33933
1 63784C 25091K   25222.07618056 -.00039981  00000+0 -14495-2 0  2226
2 63784  43.0005 160.6671 0001399 273.6333 262.3048 15.27585590    11
STARLINK-33906
1 63785C 25091L   25222.08104167 -.00027726  00000+0 -10048-2 0  2225
2 63785  43.0019 167.6812 0001423 262.0613 263.4503 15.27588947    19
STARLINK-33923
1 63786C 25091M   25222.08104167 -.00015394  00000+0 -55767-3 0  2222
2 63786  43.0024 167.6655 0001889 270.3234 262.1957 15.27585857    14
STARLINK-33947
1 63787C 25091N   25222.07965278 -.00048332  00000+0 -17521-2 0  2223
2 63787  43.0007 167.9606 0001468 276.0355 128.6694 15.27597942    17
STARLINK-33882
1 63788C 25091P   25222.07965278 -.00012732  00000+0 -46136-3 0  2224
2 63788  43.0033 167.5654 0001415 263.4961 303.8851 15.27577647    13
STARLINK-33875
1 63789C 25091Q   25222.07895833 -.00044049  00000+0 -15966-2 0  2226
2 63789  43.0027 167.4146 0001334 271.9140 355.3546 15.27597914    17
STARLINK-33869
1 63790C 25091R   25222.07548611 -.00021215  00000+0 -76882-3 0  2222
2 63790  43.0018 167.3495 0001308 269.9428  13.5469 15.27581571    11
STARLINK-33935
1 63791C 25091S   25222.07618056 -.00040781  00000+0 -14784-2 0  2225
2 63791  43.0010 167.9290 0001429 273.3585 133.4494 15.27590508    10
STARLINK-33916
1 63792C 25091T   25222.08104167 -.00022573  00000+0 -81800-3 0  2223
2 63792  43.0007 167.8496 0001539 261.7489 193.0070 15.27584520    19
STARLINK-33925
1 63793C 25091U   25222.07548611 -.00034257  00000+0 -12404-2 0  2224
2 63793  43.0020 167.4005 0001415 264.9899 357.2998 15.27623634    13
STARLINK-33870
1 63794C 25091V   25222.07687500 -.00021146  00000+0 -76633-3 0  2224
2 63794  43.0016 167.3056 0001343 270.7710  34.5130 15.27581727    10
STARLINK-33867
1 63795C 25091W   25222.07756944 -.00023772  00000+0 -86171-3 0  2229
2 63795  43.0010 167.7662 0001449 277.6038 200.4993 15.27576091    17
STARLINK-33918
1 63796C 25091X   25222.07756944 -.00048027  00000+0 -17413-2 0  2222
2 63796  43.0011 167.7844 0001421 280.0615 191.0059 15.27592722    17
STARLINK-33712
1 63797C 25091Y   25222.07618056 -.00024830  00000+0 -89986-3 0  2225
2 63797  43.0025 171.2408 0001283 260.3896 233.8954 15.27584756    14
STARLINK-33827
1 63798C 25091Z   25222.08034722 -.00020532  00000+0 -74428-3 0  2229
2 63798  43.0032 167.6124 0001482 272.5045 277.5043 15.27571994    13
STARLINK-33899
1 63799C 25091AA  25222.08173611 -.00009458  00000+0 -34280-3 0  2227
2 63799  43.0035 167.4985 0001615 268.9191 331.1672 15.27565403    12
STARLINK-33900
1 63800C 25091AB  25222.07895833  .00010608  00000+0  38408-3 0  2229
2 63800  43.0027 167.4620 0001353 270.0747 335.9129 15.27579044    17
STARLINK-33975
1 63802C 25091AC  25222.07479167 -.00047859  00000+0 -17349-2 0  2229
2 63802  43.0014 167.3036 0001250 272.3150  28.6229 15.27598996    18
STARLINK-33951
1 63803C 25091AD  25222.08034722 -.00026105  00000+0 -94607-3 0  2229
2 63803  43.0018 167.3375 0001164 271.9613  31.2278 15.27586165    11
STARLINK-33909
1 63804C 25092A   25222.07965278 -.00011884  00000+0 -43054-3 0  2227
2 63804  43.0005 288.0306 0001305 270.3005 202.5419 15.27582524    13
STARLINK-34029
1 63805C 25092B   25222.07965278 -.00016914  00000+0 -61275-3 0  2222
2 63805  43.0020 287.9591 0001260 276.1948 224.9573 15.27588347    13
STARLINK-34102
1 63806C 25092C   25222.07895833 -.00010200  00000+0 -36948-3 0  2223
2 63806  43.0028 287.9487 0001473 266.2312 238.1413 15.27583989    14
STARLINK-34109
1 63807C 25092D   25222.07409722 -.00029874  00000+0 -10822-2 0  2221
2 63807  43.0005 287.4142 0001593 261.1906  89.9256 15.27601412    18
STARLINK-34091
1 63808C 25092E   25222.08104167 -.00055005  00000+0 -19920-2 0  2221
2 63808  43.0025 287.7175 0001217 273.0541 334.7948 15.27637503    19
STARLINK-34095
1 63809C 25092F   25222.07618056 -.00005966  00000+0 -21626-3 0  2226
2 63809  43.0010 288.0329 0001526 278.6964 182.1821 15.27560787    16
STARLINK-34127
1 63810C 25092G   25222.07965278 -.00029048  00000+0 -10521-2 0  2227
2 63810  43.0001 287.4858 0001535 271.2345  67.9909 15.27606280    16
STARLINK-34110
1 63811C 25092H   25222.07687500 -.00010248  00000+0 -37127-3 0  2221
2 63811  43.0033 287.8433 0001489 268.9496 273.4985 15.27579992    10
STARLINK-34101
1 63812C 25092J   25222.07687500 -.00011989  00000+0 -43441-3 0  2221
2 63812  42.9997 287.2220 0001418 264.8760 172.2685 15.27576894    18
STARLINK-34065
1 63813C 25092K   25222.07895833 -.00016614  00000+0 -60192-3 0  2224
2 63813  43.0005 283.7664 0001510 265.5663 159.2028 15.27585853    18
STARLINK-34057
1 63814C 25092L   25222.08173611 -.00033684  00000+0 -12201-2 0  2222
2 63814  43.0010 287.3017 0001416 260.6424 160.8117 15.27608729    18
STARLINK-34060
1 63815C 25092M   25222.08034722 -.00025912  00000+0 -93866-3 0  2224
2 63815  43.0008 287.3293 0001522 268.6983 138.0271 15.27599448    13
STARLINK-34048
1 63816C 25092N   25222.08034722  .00005747  00000+0  20823-3 0  2220
2 63816  43.0030 287.9213 0001328 265.4185 253.6924 15.27559553    12
STARLINK-33959
1 63817C 25092P   25222.08034722 -.00044040  00000+0 -15952-2 0  2228
2 63817  42.9999 287.1727 0001499 267.6479 202.7457 15.27621371    10
STARLINK-34058
1 63818C 25092Q   25222.07687500 -.00021917  00000+0 -79403-3 0  2226
2 63818  42.9998 287.2782 0001559 271.0199 144.8972 15.27591245    11
STARLINK-34055
1 63819C 25092R   25222.07548611 -.00027592  00000+0 -99957-3 0  2227
2 63819  43.0029 287.8778 0001385 268.7179 244.8613 15.27599754    14
STARLINK-33794
1 63820C 25092S   25222.07548611 -.00020578  00000+0 -74562-3 0  2221
2 63820  43.0029 287.8157 0001268 271.3297 277.6249 15.27586398    17
STARLINK-34047
1 63821C 25092T   25222.07479167 -.00030037  00000+0 -10879-2 0  2222
2 63821  43.0026 287.7680 0001482 260.6113 305.7340 15.27608039    13
STARLINK-34094
1 63822C 25092U   25222.07618056 -.00006258  00000+0 -22674-3 0  2220
2 63822  43.0001 284.4072 0001351 266.0279 248.7361 15.27574785    13
STARLINK-34043
1 63823C 25092V   25222.07687500 -.00011506  00000+0 -41686-3 0  2227
2 63823  42.9992 283.5693 0001376 275.2753 229.9793 15.27582019    15
STARLINK-34025
1 63824C 25092W   25222.07826389 -.00003152  00000+0 -11419-3 0  2227
2 63824  43.0008 287.2531 0001346 267.0212 163.5988 15.27574607    17
STARLINK-33874
1 63825C 25092X   25222.07618056 -.00010995  00000+0 -39834-3 0  2222
2 63825  43.0021 287.6889 0001660 268.6202 333.6854 15.27579594    10
STARLINK-33781
1 63826C 25092Y   25222.07548611 -.00033148  00000+0 -12008-2 0  2220
2 63826  43.0034 287.9283 0001553 266.3982 233.0168 15.27607192    14
STARLINK-33891
1 63827C 25092Z   25222.07548611 -.00010597  00000+0 -38391-3 0  2228
2 63827  43.0005 288.0091 0001275 265.1859 198.8772 15.27580686    10
STARLINK-33903
1 63828C 25092AA  25222.07965278 -.00040547  00000+0 -14676-2 0  2228
2 63828  43.0010 287.5953 0001079 269.1019  20.5110 15.27640827    13
STARLINK-33889
1 63829C 25092AB  25222.08173611  .00019899  00000+0  72081-3 0  2221
2 63829  43.0003 287.4069 0001318 244.4221 134.4757 15.27554886    11
STARLINK-33984
1 63830C 25092AC  25222.07548611 -.00018307  00000+0 -66320-3 0  2222
2 63830  43.0001 287.5317 0001389 265.1614  36.9983 15.27589901    15
STARLINK-33940
1 63831C 25092AD  25222.07826389 -.00014310  00000+0 -51845-3 0  2220
2 63831  43.0018 287.6627 0001519 267.9897 352.8660 15.27582726    17
STARLINK-33978
1 63832C 25092AE  25222.08034722 -.00022514  00000+0 -81558-3 0  2223
2 63832  43.0003 287.4481 0001511 261.7419  95.4624 15.27595810    10
STARLINK-34018
1 63836C 25093A   25222.07965278  .00002889  00000+0  10474-3 0  2226
2 63836  43.0028 193.0890 0001396 257.0621 250.1292 15.27547279    18
STARLINK-34053
1 63837C 25093B   25222.07618056 -.00039297  00000+0 -14242-2 0  2227
2 63837  43.0027 193.0712 0001446 275.2995 226.8824 15.27597684    19
STARLINK-34042
1 63838C 25093C   25222.07687500 -.00025935  00000+0 -93974-3 0  2222
2 63838  43.0002 189.1342 0001148 271.0442  70.3832 15.27591461    16
STARLINK-34040
1 63839C 25093D   25222.07756944 -.00013066  00000+0 -47344-3 0  2224
2 63839  43.0016 192.8954 0001378 263.4341 317.1299 15.27579133    11
STARLINK-33990
1 63840C 25093E   25222.08034722 -.00018825  00000+0 -68217-3 0  2220
2 63840  43.0009 192.8997 0001396 269.5814 312.1327 15.27581751    10
STARLINK-34056
1 63841C 25093F   25222.07826389  .00003388  00000+0  12281-3 0  2224
2 63841  43.0023 193.1781 0001298 256.9661 207.2173 15.27548258    11
STARLINK-34026
1 63842C 25093G   25222.07479167 -.00023525  00000+0 -85249-3 0  2224
2 63842  43.0018 193.2140 0001395 266.1547 171.7739 15.27585697    11
STARLINK-33777
1 63843C 25093H   25222.07618056 -.00009568  00000+0 -34678-3 0  2228
2 63843  42.9998 192.7144 0001517 263.5890  27.1991 15.27565992    13
STARLINK-34041
1 63844C 25093J   25222.07756944 -.00026878  00000+0 -97393-3 0  2224
2 63844  43.0005 193.2676 0001526 269.9886 154.9309 15.27590928    15
STARLINK-34011
1 63845C 25093K   25222.07618056 -.00020681  00000+0 -74937-3 0  2221
2 63845  43.0005 193.3813 0001309 269.9262 104.8841 15.27585785    17
STARLINK-34044
1 63846C 25093L   25222.07895833 -.00027528  00000+0 -99746-3 0  2224
2 63846  43.0001 192.7190 0000985 268.9762  29.9861 15.27593127    16
STARLINK-34037
1 63847C 25093M   25222.07687500 -.00018709  00000+0 -67791-3 0  2221
2 63847  43.0012 192.8638 0001333 268.5441 322.3434 15.27584664    17
STARLINK-34010
1 63848C 25093N   25222.07409722 -.00014591  00000+0 -52876-3 0  2223
2 63848  43.0016 192.9603 0001253 262.0971 278.1289 15.27576257    18
STARLINK-34009
1 63849C 25093P   25222.07618056 -.00050276  00000+0 -18218-2 0  2227
2 63849  43.0007 189.7478 0001341 274.4560 168.4546 15.27614208    18
STARLINK-33958
1 63850C 25093Q   25222.07687500 -.00045447  00000+0 -16468-2 0  2228
2 63850  43.0007 193.2883 0001391 262.5378 151.5086 15.27609760    19
STARLINK-33776
1 63851C 25093R   25222.07895833  .00002559  00000+0  92758-4 0  2222
2 63851  43.0014 192.7665 0001410 256.2186  21.5708 15.27550079    14
STARLINK-34032
1 63853C 25093T   25222.07895833 -.00023347  00000+0 -84594-3 0  2222
2 63853  43.0018 192.7828 0001243 269.9591 353.6458 15.27589943    19
STARLINK-34015
1 63854C 25093U   25222.07409722 -.00024301  00000+0 -88057-3 0  2220
2 63854  43.0002 193.3180 0001219 268.8622 115.7269 15.27588090    16
STARLINK-33969
1 63855C 25093V   25222.08034722 -.00029546  00000+0 -10708-2 0  2229
2 63855  43.0019 192.8725 0001355 270.4015 318.4192 15.27587427    10
STARLINK-34002
1 63856C 25093W   25222.07826389 -.00020857  00000+0 -75577-3 0  2229
2 63856  43.0030 193.0041 0001387 269.0261 258.7773 15.27584488    15
STARLINK-33999
1 63857C 25093X   25222.07826389 -.00027567  00000+0 -99891-3 0  2220
2 63857  43.0005 192.8025 0001245 256.7181 348.9479 15.27592006    14
STARLINK-33976
1 63858C 25093Y   25222.07618056 -.00039226  00000+0 -14214-2 0  2221
2 63858  43.0010 192.9350 0001311 268.6420 276.0090 15.27603150    18
STARLINK-33821
1 63859C 25093Z   25222.07687500 -.00028730  00000+0 -10410-2 0  2224
2 63859  43.0009 193.1053 0001366 262.5743 208.0975 15.27594299    11
STARLINK-33888
1 63860C 25093AA  25222.08104167 -.00025754  00000+0 -93336-3 0  2222
2 63860  43.0029 193.0026 0001375 272.0816 263.9596 15.27584709    15
STARLINK-33896
1 63861C 25093AB  25222.08173611 -.00021293  00000+0 -77164-3 0  2228
2 63861  43.0028 193.0676 0001356 268.4448 243.1091 15.27582426    19
STARLINK-33878
1 63862C 25093AC  25222.08034722 -.00084207  00000+0 -30526-2 0  2222
2 63862  43.0016 193.0646 0001487 281.1156 215.8241 15.27633735    10
STARLINK-33954
1 63863C 25093AD  25222.07895833 -.00013947  00000+0 -50527-3 0  2227
2 63863  43.0001 193.2020 0001537 266.0274 180.6955 15.27585188    11
STARLINK-33863
1 63864C 25094A   25222.07548611  .00141780  00000+0  32419-2 0  2222
2 63864  69.9997  56.6110 0003421 271.0576 345.7707 15.42526734    18
STARLINK-33897
1 63865C 25094B   25222.07687500  .00001807  00000+0  41268-4 0  2223
2 63865  69.9998  56.4025 0003263 269.7592 174.7138 15.42709824    10
STARLINK-34007
1 63868C 25094E   25222.07548611  .00010362  00000+0  23661-3 0  2227
2 63868  69.9998  56.4565 0003394 269.8167 121.9491 15.42700000    19
STARLINK-34013
1 63871C 25094H   25222.07479167  .00025665  00000+0  58617-3 0  2221
2 63871  69.9999  56.5617 0003392 268.0157  29.9198 15.42678745    12
STARLINK-34059
1 63872C 25094J   25222.07756944  .00022778  00000+0  52010-3 0  2226
2 63872  69.9999  56.5292 0003387 270.4777  64.8487 15.42689742    19
STARLINK-34052
1 63874C 25094L   25222.07618056  .00028986  00000+0  66217-3 0  2220
2 63874  69.9999  56.4295 0003307 270.2021 147.4482 15.42669243    12
STARLINK-33812
1 63879C 25094R   25222.08034722  .00016834  00000+0  38437-3 0  2220
2 63879  69.9998  56.1607 0003515 270.8080  34.9554 15.42694503    19
STARLINK-33779
1 63880C 25094S   25222.07895833  .00024998  00000+0  57072-3 0  2225
2 63880  69.9999  56.5630 0003362 271.0715  37.9574 15.42691192    16
STARLINK-34003
1 63882C 25094U   25222.07687500  .00038558  00000+0  88035-3 0  2227
2 63882  69.9998  56.4656 0003491 265.9583 121.4610 15.42674715    14
STARLINK-33943
1 63884C 25094W   25222.08034722 -.00026091  00000+0 -59563-3 0  2227
2 63884  70.0000  56.4055 0003518 271.7199 180.0155 15.42744269    11
STARLINK-33858
1 63885C 25094X   25222.08104167  .00021054  00000+0  48078-3 0  2220
2 63885  69.9998  56.3764 0003359 269.8529 208.7701 15.42688021    17
STARLINK-34116
1 63890C 25095A   25222.07756944 -.00034828  00000+0 -12615-2 0  2224
2 63890  43.0006 291.4596 0001555 259.8648  63.0321 15.27611032    19
STARLINK-34123
1 63891C 25095B   25222.07687500 -.00019503  00000+0 -70659-3 0  2222
2 63891  43.0005 291.6498 0001428 266.2685 334.9949 15.27589557    16
STARLINK-34128
1 63892C 25095C   25222.07826389 -.00021285  00000+0 -77097-3 0  2226
2 63892  43.0005 291.2474 0001243 264.8303 146.7850 15.27598012    19
STARLINK-33972
1 63893C 25095D   25222.08173611 -.00014419  00000+0 -52234-3 0  2228
2 63893  43.0001 291.3321 0001616 274.7527 113.5413 15.27586506    12
STARLINK-33973
1 63894C 25095E   25222.08104167 -.00016148  00000+0 -58503-3 0  2225
2 63894  43.0021 290.8570 0001542 270.9391 311.6385 15.27584926    13
STARLINK-34119
1 63895C 25095F   25222.07479167 -.00016188  00000+0 -58652-3 0  2229
2 63895  43.0003 291.5585 0001507 273.4078 358.8379 15.27584507    10
STARLINK-34143
1 63896C 25095G   25222.07826389 -.00021250  00000+0 -76988-3 0  2220
2 63896  43.0007 291.1931 0001322 266.5948 166.2399 15.27591032    14
STARLINK-33957
1 63897C 25095H   25222.07479167 -.00063068  00000+0 -22825-2 0  2222
2 63897  43.0002 291.6096 0001235 262.5074 348.3990 15.27667727    11
STARLINK-34120
1 63898C 25095J   25222.07618056  .00001872  00000+0  67814-4 0  2227
2 63898  43.0014 290.8320 0001683 267.5059 309.4998 15.27565590    12
STARLINK-34134
1 63899C 25095K   25222.07965278 -.00037110  00000+0 -13442-2 0  2221
2 63899  43.0004 291.3948 0001452 266.9848  88.6059 15.27614161    10
STARLINK-34118
1 63900C 25095L   25222.07618056 -.00011738  00000+0 -42529-3 0  2220
2 63900  43.0003 291.4984 0001573 268.2536  32.8563 15.27579269    16
STARLINK-34125
1 63901C 25095M   25222.08034722 -.00000465  00000+0 -16842-4 0  2229
2 63901  43.0004 291.2867 0001207 271.8054 130.0657 15.27567172    10
STARLINK-33955
1 63902C 25095N   25222.07479167 -.00007601  00000+0 -27537-3 0  2226
2 63902  43.0023 290.9246 0001511 278.1241 255.8711 15.27577754    19
STARLINK-34097
1 63903C 25095P   25222.07479167 -.00007381  00000+0 -26742-3 0  2229
2 63903  43.0019 291.1773 0001280 265.2634 162.6222 15.27576429    19
STARLINK-34092
1 63904C 25095Q   25222.08104167 -.00014572  00000+0 -52789-3 0  2226
2 63904  43.0001 291.5384 0001415 272.7254  26.8388 15.27585763    19
STARLINK-34114
1 63905C 25095R   25222.07548611 -.00020767  00000+0 -75231-3 0  2222
2 63905  43.0006 291.6712 0001541 262.6939 323.8388 15.27593418    15
STARLINK-33770
1 63906C 25095S   25222.07826389 -.00026039  00000+0 -94347-3 0  2221
2 63906  43.0032 291.0225 0001403 263.2830 240.3250 15.27592557    16
STARLINK-34106
1 63907C 25095T   25222.07479167 -.00023126  00000+0 -83790-3 0  2224
2 63907  43.0027 290.9915 0001562 260.1618 245.5466 15.27589746    13
STARLINK-34083
1 63908C 25095U   25222.07756944 -.00015882  00000+0 -57541-3 0  2221
2 63908  43.0002 291.6079 0001670 270.7323 348.5119 15.27584116    11
STARLINK-34066
1 63909C 25095V   25222.07618056 -.00036680  00000+0 -13286-2 0  2229
2 63909  42.9999 291.4269 0001505 261.0183  68.3848 15.27613069    14
STARLINK-34071
1 63910C 25095W   25222.07618056 -.00022736  00000+0 -82371-3 0  2220
2 63910  43.0002 291.5141 0001545 268.9603  25.0840 15.27592862    19
STARLINK-34038
1 63911C 25095X   25222.07756944 -.00026455  00000+0 -95825-3 0  2220
2 63911  42.9997 291.3157 0001483 275.8222 103.6927 15.27602800    14
STARLINK-34031
1 63912C 25095Y   25222.07479167 -.00029247  00000+0 -10596-2 0  2223
2 63912  43.0001 291.3846 0001475 274.0766  68.9206 15.27600029    17
STARLINK-34070
1 63913C 25095Z   25222.07479167 -.00017588  00000+0 -63719-3 0  2225
2 63913  43.0003 291.2810 0001293 266.6959 118.7209 15.27587542    10
STARLINK-34068
1 63914C 25095AA  25222.07965278 -.00025476  00000+0 -92302-3 0  2224
2 63914  43.0028 291.1136 0001298 269.2247 199.5761 15.27593604    18
STARLINK-34076
1 63915C 25095AB  25222.07479167  .00006916  00000+0  25072-3 0  2228
2 63915  43.0005 291.2269 0001483 268.0864 138.5895 15.27541898    19
STARLINK-33910
1 63916C 25095AC  25222.08104167  .00004236  00000+0  15349-3 0  2224
2 63916  43.0023 290.9030 0001693 270.3490 290.9871 15.27561326    11
STARLINK-34075
1 63917C 25095AD  25222.07548611 -.00003240  00000+0 -11740-3 0  2227
2 63917  43.0036 291.0859 0001180 264.6610 202.4251 15.27570438    12
STARLINK-34012
1 63926C 25098A   25222.07548611  .00007070  00000+0  59264-3 0  2226
2 63926  69.9994  88.1338 0002564 269.7843  18.5016 14.98316975    16
STARLINK-33877
1 63933C 25098H   25222.07965278  .00006429  00000+0  53888-3 0  2229
2 63933  69.9996  87.8653 0002684 266.5074 268.4512 14.98317775    12
STARLINK-33895
1 63934C 25098J   25222.07756944  .00007575  00000+0  63491-3 0  2222
2 63934  69.9994  87.9268 0003080 269.7446 208.9748 14.98318166    18
STARLINK-33988
1 63938C 25098N   25222.07548611  .00004980  00000+0  41746-3 0  2222
2 63938  69.9994  88.0823 0002873 269.3138  64.0078 14.98314979    19
STARLINK-34020
1 63939C 25098P   25222.07965278  .00005400  00000+0  45263-3 0  2221
2 63939  69.9996  87.8945 0002736 269.0011 243.4470 14.98319295    14
STARLINK-33985
1 63943C 25098T   25222.07965278  .00007684  00000+0  64411-3 0  2228
2 63943  69.9997  87.8616 0003046 270.7679 265.0933 14.98314401    17
STARLINK-33996
1 63944C 25098U   25222.07895833  .00004914  00000+0  41192-3 0  2222
2 63944  69.9992  88.0727 0002566 269.9075  81.2560 14.98312843    17
STARLINK-34036
1 63945C 25098V   25222.07548611  .00001057  00000+0  88607-4 0  2220
2 63945  69.9994  88.1330 0002845 269.8545  17.5916 14.98311936    11
STARLINK-34039
1 63946C 25098W   25222.07479167  .00005622  00000+0  47121-3 0  2227
2 63946  69.9994  88.1090 0002965 269.5683  36.6075 14.98315873    10
STARLINK-34034
1 63947C 25098X   25222.07687500  .00005824  00000+0  48820-3 0  2221
2 63947  69.9994  88.1026 0002149 270.3489  47.9542 14.98314696    14
STARLINK-33962
1 63950C 25098AA  25222.07409722  .00004539  00000+0  38050-3 0  2229
2 63950  69.9997  87.9057 0002896 269.7990 213.5945 14.98318514    11
STARLINK-33998
1 63951C 25098AB  25222.07965278  .00011082  00000+0  92871-3 0  2225
2 63951  69.9995  87.9188 0002458 268.2090 222.5164 14.98321191    12
STARLINK-34159
1 63952C 25099A   25222.07618056  .00005108  00000+0  18508-3 0  2223
2 63952  43.0013 291.5928 0001642 272.9226 296.3317 15.27557949    13
STARLINK-34137
1 63953C 25099B   25222.07479167 -.00032195  00000+0 -11662-2 0  2223
2 63953  43.0001 291.3625 0001469 260.3998  40.2499 15.27607921    10
STARLINK-33974
1 63954C 25099C   25222.07479167 -.00023290  00000+0 -84363-3 0  2229
2 63954  43.0023 291.7028 0001396 261.6929 257.4539 15.27599008    16
STARLINK-34170
1 63955C 25099D   25222.07826389 -.00015106  00000+0 -54729-3 0  2222
2 63955  43.0019 291.6318 0001441 273.6341 285.8784 15.27583603    16
STARLINK-34187
1 63956C 25099E   25222.05743056  .00122490  00000+0  44431-2 0  2221
2 63956  43.0008 291.6643 0001745 257.2096 222.9874 15.27409302    13
STARLINK-34142
1 63957C 25099F   25222.07895833 -.00021484  00000+0 -77827-3 0  2224
2 63957  43.0002 291.4907 0001561 262.6309 357.2851 15.27594664    15
STARLINK-34144
1 63958C 25099G   25222.07965278 -.00024262  00000+0 -87847-3 0  2226
2 63958  42.9998 291.4363 0001379 265.1974  19.6788 15.27613063    10
STARLINK-34099
1 63959C 25099H   25222.07756944 -.00014309  00000+0 -51838-3 0  2227
2 63959  43.0014 291.6006 0001674 266.8429 302.9773 15.27586366    16
STARLINK-34107
1 63960C 25099J   25222.07548611 -.00006335  00000+0 -22956-3 0  2228
2 63960  43.0001 291.4081 0001746 265.1101  18.1521 15.27571407    11
STARLINK-34121
1 63961C 25099K   25222.07895833 -.00008953  00000+0 -32440-3 0  2227
2 63961  43.0000 291.3035 0001604 273.8926  63.8563 15.27575484    15
STARLINK-34103
1 63962C 25099L   25222.07895833 -.00001572  00000+0 -56952-4 0  2223
2 63962  43.0001 291.2523 0001092 264.2321  94.7350 15.27565037    12
STARLINK-33801
1 63963C 25099M   25222.07895833 -.00032919  00000+0 -11925-2 0  2222
2 63963  43.0007 291.1509 0001384 268.0191 133.3953 15.27606480    10
STARLINK-34135
1 63964C 25099N   25222.07826389 -.00027559  00000+0 -99836-3 0  2225
2 63964  42.9998 291.2056 0001437 263.4273 112.9390 15.27599683    19
STARLINK-34147
1 63965C 25099P   25222.07895833 -.00018602  00000+0 -67404-3 0  2221
2 63965  43.0006 291.0976 0001309 262.4358 160.2160 15.27584110    12
STARLINK-33960
1 63966C 25099Q   25222.07687500  .00009459  00000+0  34302-3 0  2221
2 63966  43.0005 291.0542 0001358 263.7863 168.6791 15.27529411    15
STARLINK-34153
1 63967C 25099R   25222.07479167 -.00019618  00000+0 -71063-3 0  2225
2 63967  43.0030 290.9811 0001418 264.2872 192.0071 15.27595472    16
STARLINK-33963
1 63968C 25099S   25222.07965278 -.00010861  00000+0 -39344-3 0  2226
2 63968  43.0016 291.0040 0001422 265.3632 196.4623 15.27584392    18
STARLINK-34112
1 63969C 25099T   25222.07965278 -.00014709  00000+0 -53287-3 0  2224
2 63969  43.0032 290.9029 0001269 266.6525 237.6464 15.27585420    10
STARLINK-34084
1 63970C 25099U   25222.07895833  .00007659  00000+0  27766-3 0  2222
2 63970  43.0029 290.8557 0001111 264.7491 256.9789 15.27543271    12
STARLINK-34138
1 63971C 25099V   25222.07965278  .00006674  00000+0  24186-3 0  2223
2 63971  42.9998 287.7808 0001462 273.2960  86.8467 15.27556407    13
STARLINK-34115
1 63972C 25099W   25222.07618056 -.00010530  00000+0 -38151-3 0  2228
2 63972  42.9993 287.6648 0001306 261.9856 135.6216 15.27578476    10
STARLINK-34028
1 63973C 25099X   25222.07756944 -.00004348  00000+0 -15750-3 0  2228
2 63973  43.0015 288.0499 0001528 266.5264 335.9956 15.27575612    12
STARLINK-33942
1 63974C 25099Y   25222.07826389 -.00021681  00000+0 -78539-3 0  2223
2 63974  43.0005 287.9942 0001524 263.5224   4.0709 15.27595605    16
STARLINK-34139
1 63975C 25099Z   25222.07479167 -.00017625  00000+0 -63847-3 0  2221
2 63975  43.0004 287.9617 0001510 262.9981   6.6954 15.27590201    10
STARLINK-34090
1 63976C 25099AA  25222.07965278 -.00018750  00000+0 -67928-3 0  2229
2 63976  42.9999 287.8823 0001503 270.1047  47.5968 15.27588413    17
STARLINK-34105
1 63977C 25099AB  25222.07548611 -.00020632  00000+0 -74741-3 0  2221
2 63977  42.9998 287.8713 0001475 262.7077  46.1872 15.27593419    14
STARLINK-33642
1 63978C 25099AC  25222.07895833 -.00018088  00000+0 -65533-3 0  2224
2 63978  42.9993 287.7472 0001694 273.3895  97.0880 15.27586607    15
STARLINK-34045
1 63979C 25099AD  25222.07548611 -.00029895  00000+0 -10829-2 0  2229
2 63979  42.9992 287.7143 0001476 267.4315 105.1341 15.27604858    11
STARLINK-33871
1 63994C 25101A   25222.07687500 -.00000944  00000+0 -34244-4 0  2224
2 63994  43.0001 113.3558 0001542 291.6215 229.9136 15.27527880    13
STARLINK-34154
1 63995C 25101B   25222.08034722  .00011984  00000+0  43479-3 0  2221
2 63995  43.0039 112.9683 0001482 288.3860  47.9148 15.27512343    10
STARLINK-34158
1 63996C 25101C   25222.07618056  .00005689  00000+0  20621-3 0  2228
2 63996  43.0017 112.9319 0001577 274.1493  81.5194 15.27549036    17
STARLINK-34165
1 63997C 25101D   25222.07618056  .00015967  00000+0  57868-3 0  2222
2 63997  43.0001 112.7319 0001562 259.9654 159.4412 15.27541420    10
STARLINK-34150
1 63998C 25101E   25222.07756944  .00002520  00000+0  91437-4 0  2224
2 63998  43.0028 113.2554 0001592 290.8702 276.9413 15.27521873    14
STARLINK-34169
1 63999C 25101F   25222.07756944  .00011721  00000+0  42476-3 0  2226
2 63999  43.0019 112.8622 0001583 269.7462 100.6618 15.27548189    13
STARLINK-34152
1 64000C 25101G   25222.07479167 -.00065328  00000+0 -23673-2 0  2220
2 64000  43.0037 112.9621 0001338 266.1065  53.7160 15.27628693    14
STARLINK-33927
1 64001C 25101H   25222.07479167  .00031772  00000+0  11522-2 0  2225
2 64001  42.9994 113.4907 0001062 275.3467 185.1644 15.27507876    16
STARLINK-33898
1 64002C 25101J   25222.07826389 -.00002717  00000+0 -98573-4 0  2220
2 64002  43.0010 113.3661 0001552 293.0526 229.0693 15.27524765    19
STARLINK-33928
1 64003C 25101K   25222.07548611  .00007580  00000+0  27478-3 0  2226
2 64003  43.0006 112.6666 0001294 277.7837 166.0826 15.27542586    18
STARLINK-33758
1 64004C 25101L   25222.08104167  .00020104  00000+0  72882-3 0  2228
2 64004  43.0042 113.1141 0001630 281.7074 354.6458 15.27528691    12
STARLINK-33936
1 64005C 25101M   25222.07826389  .00000444  00000+0  16081-4 0  2220
2 64005  43.0032 112.9081 0001531 269.2302  83.8217 15.27547152    14
STARLINK-33931
1 64006C 25101N   25222.07826389 -.00008768  00000+0 -31806-3 0  2221
2 64006  43.0006 112.6648 0001581 289.6396 162.5347 15.27536847    14
STARLINK-33759
1 64007C 25101P   25222.08173611  .00012485  00000+0  45249-3 0  2221
2 64007  43.0012 112.7831 0001594 272.2252 142.3553 15.27546407    18
STARLINK-34163
1 64008C 25101Q   25222.08104167  .00005345  00000+0  19390-3 0  2227
2 64008  43.0038 113.1792 0001656 289.9666 318.1859 15.27520788    17
STARLINK-34077
1 64009C 25101R   25222.07756944  .00003171  00000+0  11503-3 0  2226
2 64009  43.0007 112.7869 0001416 245.1105 153.7371 15.27525690    19
STARLINK-34113
1 64010C 25101S   25222.08034722  .00035848  00000+0  12993-2 0  2221
2 64010  43.0019 113.2830 0001504 259.5417 302.2338 15.27521008    14
STARLINK-34193
1 64011C 25101T   25222.06437500 -.00001004  00000+0 -36381-4 0  2229
2 64011  43.0025 113.3557 0001469 262.4993 218.4381 15.27551389    12
STARLINK-34078
1 64012C 25101U   25222.07409722  .00008175  00000+0  29646-3 0  2225
2 64012  43.0005 112.7717 0001496 252.2241 141.6294 15.27529280    10
STARLINK-34182
1 64013C 25101V   25222.05812500  .00009832  00000+0  35630-3 0  2227
2 64013  43.0004 109.9688 0001706 272.6841 156.9900 15.27551372    11
STARLINK-34192
1 64014C 25101W   25222.05881944 -.00009825  00000+0 -35640-3 0  2221
2 64014  43.0001 113.5054 0001486 290.5198 110.3772 15.27539175    14
STARLINK-34093
1 64015C 25101X   25222.08034722 -.00016359  00000+0 -59348-3 0  2220
2 64015  43.0020 112.8205 0001630 282.7383 110.1712 15.27541739    17
STARLINK-34016
1 64016C 25101Y   25222.07756944  .00025049  00000+0  90781-3 0  2227
2 64016  43.0006 112.7661 0001624 267.3818 138.4160 15.27533381    16
STARLINK-34161
1 64017C 25101Z   25222.07618056 -.00002890  00000+0 -10485-3 0  2223
2 64017  43.0030 112.8945 0001994 279.4720  69.2897 15.27525920    14
STARLINK-34162
1 64018C 25101AA  25222.07548611  .00011198  00000+0  40619-3 0  2224
2 64018  43.0041 113.0709 0001459 286.5492 347.6042 15.27517495    12
STARLINK-34155
1 64019C 25101AB  25222.07548611  .00015010  00000+0  54391-3 0  2224
2 64019  43.0044 113.1709 0001533 286.5021 305.2163 15.27548445    11
STARLINK-34141
1 64020C 25101AC  25222.07895833  .00037549  00000+0  13609-2 0  2224
2 64020  43.0042 113.1000 0001387 256.7633  15.1996 15.27518758    15
STARLINK-34062
1 64021C 25101AD  25222.07687500  .00001751  00000+0  63507-4 0  2225
2 64021  43.0015 112.8207 0001401 247.6544 133.2192 15.27528532    19
STARLINK-33953
1 64028C 25102G   25222.07826389  .00011084  00000+0  92934-3 0  2228
2 64028  69.9999 287.8164 0004125 266.7998 294.1561 14.98296302    11
STARLINK-33790
1 64029C 25102H   25222.07826389  .00003517  00000+0  29477-3 0  2223
2 64029  70.0002 288.0664 0003763 270.0644  64.8301 14.98324927    10
STARLINK-34024
1 64031C 25102K   25222.07756944  .00000318  00000+0  26683-4 0  2228
2 64031  70.0002 288.0470 0004066 270.5269  84.0221 14.98329613    15
STARLINK-34019
1 64032C 25102L   25222.07479167  .00002744  00000+0  22993-3 0  2222
2 64032  69.9998 287.8761 0004141 269.7815 227.3465 14.98326908    14
STARLINK-34008
1 64037C 25102R   25222.08104167  .00005322  00000+0  44578-3 0  2221
2 64037  70.0002 288.0074 0003981 269.8679 124.9221 14.98339510    13
STARLINK-34079
1 64038C 25102S   25222.07479167  .00003144  00000+0  26344-3 0  2227
2 64038  69.9999 287.8494 0003550 269.8961 249.7418 14.98326168    14
STARLINK-34111
1 64041C 25102V   25222.07895833 -.00001341  00000+0 -11234-3 0  2224
2 64041  70.0002 288.0380 0004095 269.3837  91.7658 14.98331963    15
STARLINK-34096
1 64043C 25102X   25222.07687500  .00000532  00000+0  44556-4 0  2229
2 64043  70.0001 288.0728 0004510 276.6567  51.6394 14.98330566    15
STARLINK-33961
1 64047C 25102AB  25222.07756944  .00002016  00000+0  16894-3 0  2224
2 64047  70.0003 288.0197 0004039 269.8079 107.2478 14.98327938    19
STARLINK-11741 [DTC]
1 64064C 25107A   25222.09909722  .00026733  00000+0  20805-3 0  2223
2 64064  42.9993 294.1829 0001744 261.8671 120.4150 15.70764275    18
STARLINK-11709 [DTC]
1 64065C 25107B   25222.10256944  .00047569  00000+0  37007-3 0  2229
2 64065  42.9988 293.8644 0001715 262.2524 259.9150 15.70752076    18
STARLINK-11737 [DTC]
1 64066C 25107C   25222.10256944  .00033313  00000+0  25932-3 0  2226
2 64066  42.9980 293.6413 0001576 270.9960 341.4063 15.70752390    17
STARLINK-11726 [DTC]
1 64067C 25107D   25222.09979167  .00036276  00000+0  28229-3 0  2227
2 64067  42.9983 293.5075 0001486 274.3445  22.4086 15.70757733    17
STARLINK-11700 [DTC]
1 64068C 25107E   25222.10048611  .00031168  00000+0  24256-3 0  2222
2 64068  42.9987 294.0383 0001721 270.3408 174.7632 15.70760905    10
STARLINK-11649 [DTC]
1 64069C 25107F   25222.10256944  .00034029  00000+0  26486-3 0  2229
2 64069  42.9985 294.2364 0001814 274.9308  96.9525 15.70754465    12
STARLINK-11713 [DTC]
1 64070C 25107G   25222.09840278  .00027294  00000+0  21247-3 0  2224
2 64070  42.9987 293.8118 0001398 269.3587 259.3035 15.70759050    18
STARLINK-11719 [DTC]
1 64071C 25107H   25222.09909722  .00030553  00000+0  23777-3 0  2227
2 64071  42.9985 294.0329 0001709 268.6695 173.7310 15.70761472    18
STARLINK-11733 [DTC]
1 64072C 25107J   25222.10187500  .00032794  00000+0  25528-3 0  2227
2 64072  42.9981 293.5677 0001316 261.7265  16.7810 15.70753454    18
STARLINK-11729 [DTC]
1 64073C 25107K   25222.09979167  .00041738  00000+0  32476-3 0  2222
2 64073  42.9984 294.1031 0001887 254.9813 161.2812 15.70753396    12
STARLINK-11730 [DTC]
1 64074C 25107L   25222.09979167  .00018734  00000+0  14565-3 0  2222
2 64074  42.9979 293.9544 0001521 266.5266 209.7973 15.70797130    19
STARLINK-11723 [DTC]
1 64075C 25107M   25222.09770833  .00034382  00000+0  26754-3 0  2222
2 64075  42.9974 293.7434 0001437 264.9965 289.7925 15.70760827    13
STARLINK-11715 [DTC]
1 64076C 25107N   25222.09770833  .00029890  00000+0  23260-3 0  2220
2 64076  42.9979 293.4422 0001486 272.2514  42.7850 15.70763844    15
STARLINK-34201
1 64077C 25107P   25222.06298611 -.00017283  00000+0 -62624-3 0  2229
2 64077  43.0004 316.9900 0001275 256.2231  32.1424 15.27582240    14
STARLINK-34190
1 64078C 25107Q   25222.06298611 -.00005330  00000+0 -19312-3 0  2226
2 64078  43.0018 316.6505 0001600 271.8872 157.9745 15.27569903    17
STARLINK-34168
1 64079C 25107R   25222.07826389  .00022059  00000+0  79931-3 0  2225
2 64079  43.0000 316.3257 0000855 250.1427   2.7538 15.27543303    10
STARLINK-34098
1 64080C 25107S   25222.07548611  .00013797  00000+0  50009-3 0  2220
2 64080  43.0003 316.4417 0001906 265.9165 289.3515 15.27539845    19
STARLINK-34180
1 64081C 25107T   25222.05812500  .00000763  00000+0  27650-4 0  2226
2 64081  43.0031 316.8294 0001265 264.3778  75.0366 15.27564192    16
STARLINK-34171
1 64082C 25107U   25222.07965278  .00012509  00000+0  45343-3 0  2229
2 64082  42.9997 316.2628 0001712 279.4225   2.4687 15.27539481    15
STARLINK-34126
1 64083C 25107V   25222.07687500 -.00008836  00000+0 -32007-3 0  2222
2 64083  43.0007 316.8566 0001514 271.2995 114.7272 15.27582574    19
STARLINK-34157
1 64084C 25107W   25222.07409722 -.00026084  00000+0 -94471-3 0  2229
2 64084  43.0001 316.4131 0001609 264.3154 297.4617 15.27606345    18
STARLINK-34140
1 64085C 25107X   25222.07409722 -.00007025  00000+0 -25449-3 0  2223
2 64085  43.0028 316.6846 0001352 258.9709 189.5844 15.27578369    10
STARLINK-34132
1 64086C 25107Y   25222.07895833  .00023748  00000+0  86233-3 0  2222
2 64086  43.0014 316.7921 0001401 247.2437 171.6037 15.27472405    15
STARLINK-34178
1 64096C 25110A   25222.06229167  .00027141  00000+0  67790-3 0  2225
2 64096  53.1585 295.3894 0001561 101.8688 200.8649 15.39558714    17
STARLINK-34174
1 64097C 25110B   25222.07965278  .00026794  00000+0  66940-3 0  2226
2 64097  53.1584 295.9777 0001369  82.2281 340.1324 15.39551653    13
STARLINK-34146
1 64098C 25110C   25222.07895833  .00028669  00000+0  71558-3 0  2220
2 64098  53.1584 295.9257 0001282  96.3939 349.6915 15.39578133    19
STARLINK-34074
1 64099C 25110D   25222.07756944  .00028406  00000+0  70960-3 0  2225
2 64099  53.1582 295.8808 0001340 112.7126 351.4718 15.39553804    15
STARLINK-34082
1 64100C 25110E   25222.07756944  .00037560  00000+0  93748-3 0  2228
2 64100  53.1584 296.0383 0001423  88.3265 296.6963 15.39569739    11
STARLINK-34072
1 64101C 25110F   25222.07618056  .00023457  00000+0  58609-3 0  2227
2 64101  53.1584 295.9895 0001324 112.3366 292.6479 15.39552381    11
STARLINK-34104
1 64102C 25110G   25222.07687500  .00016272  00000+0  40652-3 0  2224
2 64102  53.1585 295.9383 0001213  81.7180 350.9986 15.39563953    13
STARLINK-34179
1 64103C 25110H   25222.06506944  .00025350  00000+0  63332-3 0  2223
2 64103  53.1582 295.9426 0001346 106.8387 286.1654 15.39553079    14
STARLINK-34156
1 64108C 25110N   25222.07409722  .00031031  00000+0  77455-3 0  2229
2 64108  53.1575 295.6905 0001164  92.8939  95.0027 15.39575210    17
STARLINK-34124
1 64109C 25110P   25222.08034722  .00027592  00000+0  68870-3 0  2223
2 64109  53.1575 295.6132 0000931  97.6396 148.8000 15.39580059    16
STARLINK-34148
1 64111C 25110R   25222.08034722  .00021070  00000+0  52610-3 0  2226
2 64111  53.1575 295.6093 0001306  94.6454 153.6835 15.39574694    12
STARLINK-34136
1 64112C 25110S   25222.07548611  .00013668  00000+0  34143-3 0  2228
2 64112  53.1576 295.6867 0001040  98.2445  95.5163 15.39569833    15
STARLINK-33839
1 64113C 25110T   25222.08034722  .00021427  00000+0  53508-3 0  2221
2 64113  53.1576 295.5573 0001142 103.0927 170.9954 15.39571075    19
STARLINK-34067
1 64115C 25110V   25222.07895833  .00036999  00000+0  92355-3 0  2223
2 64115  53.1575 295.5164 0001191  83.2242 207.0309 15.39568742    12
STARLINK-34080
1 64116C 25110W   25222.08034722  .00029210  00000+0  72965-3 0  2220
2 64116  53.1575 295.5060 0001277  79.9569 219.9053 15.39553962    13
STARLINK-34122
1 64117C 25110X   25222.07479167  .00021884  00000+0  54664-3 0  2221
2 64117  53.1578 295.4844 0001114 101.3810 191.5586 15.39562010    15
STARLINK-33964
1 64118C 25110Y   25222.07479167  .00032183  00000+0  80368-3 0  2226
2 64118  53.1576 295.5862 0001166  75.6051 165.8202 15.39560052    15
STARLINK-34160
1 64119C 25110Z   25222.07618056  .00026063  00000+0  65088-3 0  2221
2 64119  53.1578 295.4739 0001244  99.7366 202.7646 15.39564532    13
STARLINK-34151
1 64120C 25110AA  25222.07826389  .00025979  00000+0  64881-3 0  2228
2 64120  53.1583 295.3649 0001501  90.5864 273.0951 15.39563166    10
STARLINK-34189
1 64121C 25110AB  25222.06437500  .00035372  00000+0  88297-3 0  2226
2 64121  53.1582 295.4268 0001318  89.1800 199.3201 15.39568589    10
STARLINK-11727 [DTC]
1 64123C 25111A   25222.10118056  .00045985  00000+0  35773-3 0  2228
2 64123  42.9997 169.5695 0001778 281.7907 238.0203 15.70755155    16
STARLINK-11724 [DTC]
1 64124C 25111B   25222.10326389  .00039267  00000+0  30543-3 0  2225
2 64124  43.0001 169.1068 0001571 255.2337  96.7337 15.70765568    15
STARLINK-11725 [DTC]
1 64125C 25111C   25222.09770833  .00053793  00000+0  41851-3 0  2225
2 64125  43.0003 169.3634 0001734 278.4291 311.9111 15.70745153    16
STARLINK-11717 [DTC]
1 64126C 25111D   25222.09770833  .00053091  00000+0  41302-3 0  2228
2 64126  42.9999 169.4385 0001977 271.1025 289.1782 15.70746327    11
STARLINK-11721 [DTC]
1 64127C 25111E   25222.10118056  .00040603  00000+0  31599-3 0  2226
2 64127  43.0001 168.8938 0001259 258.5028 171.8931 15.70751787    19
STARLINK-11722 [DTC]
1 64128C 25111F   25222.10187500  .00044247  00000+0  34416-3 0  2226
2 64128  42.9995 169.1900 0001353 272.0610  41.9833 15.70760930    14
STARLINK-11679 [DTC]
1 64129C 25111G   25222.09909722  .00052594  00000+0  40909-3 0  2221
2 64129  42.9991 168.9832 0001437 262.6963 125.8036 15.70752582    12
STARLINK-11735 [DTC]
1 64130C 25111H   25222.09909722  .00046393  00000+0  36096-3 0  2225
2 64130  42.9990 169.2815 0001751 277.3561 350.9108 15.70751110    11
STARLINK-11720 [DTC]
1 64131C 25111J   25222.10048611  .00042997  00000+0  33444-3 0  2229
2 64131  42.9992 169.0480 0001478 262.2167 104.0895 15.70761846    19
STARLINK-11718 [DTC]
1 64132C 25111K   25222.09701389  .00035672  00000+0  27751-3 0  2222
2 64132  42.9985 169.6036 0000878 288.8844 202.1836 15.70765981    13
STARLINK-11716 [DTC]
1 64133C 25111L   25222.10256944  .00053922  00000+0  41949-3 0  2220
2 64133  42.9994 169.4811 0001911 277.3591 280.3860 15.70745631    19
STARLINK-11714 [DTC]
1 64134C 25111M   25222.09840278  .00043617  00000+0  33931-3 0  2220
2 64134  42.9998 168.8348 0001456 262.0755 182.6234 15.70758377    19
STARLINK-11712 [DTC]
1 64135C 25111N   25222.10256944  .00040712  00000+0  31667-3 0  2221
2 64135  42.9990 169.6328 0001636 276.8468 220.7671 15.70763066    13
STARLINK-34254
1 64136C 25111P   25222.05743056 -.00029223  00000+0 -10588-2 0  2225
2 64136  42.9993 192.7433 0001346 271.7329 339.3812 15.27597291    10
STARLINK-34230
1 64137C 25111Q   25222.06437500 -.00048279  00000+0 -17493-2 0  2225
2 64137  43.0008 193.1267 0001303 258.7782 213.7084 15.27614652    18
STARLINK-34129
1 64138C 25111R   25222.08104167 -.00026832  00000+0 -97223-3 0  2229
2 64138  43.0006 193.1360 0001422 260.5890 261.2180 15.27592061    18
STARLINK-34212
1 64139C 25111S   25222.06229167 -.00018358  00000+0 -66522-3 0  2228
2 64139  42.9987 192.8501 0001345 270.2310 311.0479 15.27582760    17
STARLINK-34149
1 64140C 25111T   25222.07479167 -.00013930  00000+0 -50471-3 0  2225
2 64140  43.0005 192.9184 0001262 267.6199 325.8685 15.27582458    19
STARLINK-34054
1 64141C 25111U   25222.08104167 -.00032059  00000+0 -11617-2 0  2223
2 64141  42.9997 192.8478 0001238 270.6674  11.4084 15.27596246    19
STARLINK-34195
1 64142C 25111V   25222.05812500 -.00020092  00000+0 -72801-3 0  2225
2 64142  42.9992 192.8203 0001072 268.1798 311.3805 15.27586283    19
STARLINK-34133
1 64143C 25111W   25222.07618056 -.00041695  00000+0 -15107-2 0  2225
2 64143  42.9994 192.6663 0001057 264.9658  75.2307 15.27607956    16
STARLINK-34181
1 64144C 25111X   25222.06437500  .00011289  00000+0  40921-3 0  2225
2 64144  43.0014 193.0267 0001545 263.6026 251.3879 15.27542556    19
STARLINK-34186
1 64145C 25111Y   25222.06020833 -.00038416  00000+0 -13921-2 0  2225
2 64145  43.0006 193.1652 0001681 271.8001 170.6866 15.27600271    13
STARLINK-34209
1 64150C 25112E   25222.06090278  .00002090  00000+0  14199-3 0  2228
2 64150  97.6022 272.9570 0000971 108.8835  17.1249 15.06459160    18
STARLINK-34338
1 64151C 25112F   25222.06437500  .00010071  00000+0  68431-3 0  2228
2 64151  97.6027 272.9851 0001456  78.7550 121.3345 15.06449079    17
STARLINK-33945
1 64154C 25112J   25222.08659722  .00023344  00000+0  57877-3 0  2224
2 64154  97.5999 273.6851 0001724 158.5675 290.8513 15.40405097    17
STARLINK-34346
1 64155C 25112K   25222.06020833  .00003407  00000+0  23664-3 0  2223
2 64155  97.6024 272.9704 0000573 211.5760 284.8714 15.05641810    15
STARLINK-34166
1 64158C 25112N   25222.07756944  .00005478  00000+0  38038-3 0  2227
2 64158  97.6033 272.8725 0001168  99.4717 221.0587 15.05643038    11
STARLINK-34317
1 64162C 25112S   25222.05881944  .00004044  00000+0  27477-3 0  2222
2 64162  97.6026 272.9832 0000558 106.3439  55.2529 15.06456710    12
STARLINK-34309
1 64167C 25112X   25222.05881944 -.00000684  00000+0 -47538-4 0  2226
2 64167  97.6019 272.9670 0000256 141.1160 332.8176 15.05643918    11
STARLINK-34303
1 64168C 25112Y   25222.06159722  .00013497  00000+0  91701-3 0  2224
2 64168  97.6018 272.9788 0001240 104.0679  41.9774 15.06449569    17
STARLINK-34177
1 64170C 25113A   25222.07687500  .00018821  00000+0  63446-3 0  2220
2 64170  53.1597 353.9527 0001176  94.2012  54.7257 15.30166262    10
STARLINK-34233
1 64172C 25113C   25222.06090278  .00028584  00000+0  96365-3 0  2224
2 64172  53.1587 354.1746 0001159  72.9150 272.3695 15.30154663    10
STARLINK-34202
1 64174C 25113E   25222.05812500 -.00007747  00000+0 -26122-3 0  2229
2 64174  53.1590 354.1057 0001141  97.0822 273.6110 15.30185245    12
STARLINK-34191
1 64176C 25113G   25222.05812500 -.00006242  00000+0 -21044-3 0  2228
2 64176  53.1598 353.6899 0001315  87.0184 133.0633 15.30187140    18
STARLINK-34164
1 64177C 25113H   25222.07965278 -.00004551  00000+0 -15345-3 0  2220
2 64177  53.1595 354.2597 0001249  93.3087 268.0712 15.30183381    16
STARLINK-34227
1 64178C 25113J   25222.05951389 -.00003146  00000+0 -10612-3 0  2228
2 64178  53.1588 354.1321 0001293  84.7009 276.2240 15.30172535    16
STARLINK-34194
1 64179C 25113K   25222.06090278 -.00003736  00000+0 -12595-3 0  2228
2 64179  53.1600 353.7368 0001116  90.9639 115.3400 15.30181072    17
STARLINK-34000
1 64180C 25113L   25222.07618056  .00007383  00000+0  24894-3 0  2226
2 64180  53.1603 353.8925 0001346  92.6725  81.5213 15.30171278    15
STARLINK-34131
1 64182C 25113N   25222.07895833 -.00000513  00000+0 -17306-4 0  2229
2 64182  53.1590 354.0149 0001219  82.7031  37.0295 15.30170642    12
STARLINK-34188
1 64183C 25113P   25222.05881944 -.00009311  00000+0 -31393-3 0  2222
2 64183  53.1591 354.2857 0001222  95.0584 186.3922 15.30188181    18
STARLINK-34197
1 64184C 25113Q   25222.06437500  .00029083  00000+0  98039-3 0  2225
2 64184  53.1593 354.2945 0001437  77.4175 217.2064 15.30156043    10
STARLINK-34063
1 64185C 25113R   25222.07965278  .00003977  00000+0  13410-3 0  2229
2 64185  53.1588 354.0704 0001029  81.4799  12.9919 15.30169250    13
STARLINK-33872
1 64189C 25113V   25222.08104167  .00011203  00000+0  37770-3 0  2222
2 64189  53.1598 353.6492 0001339  97.6366 213.8578 15.30170237    10
STARLINK-34214
1 64190C 25113W   25222.06020833 -.00010803  00000+0 -36433-3 0  2221
2 64190  53.1595 354.3198 0001136  91.2619 174.6035 15.30183291    12
STARLINK-34222
1 64191C 25113X   25222.05812500  .00034715  00000+0  11702-2 0  2228
2 64191  53.1597 354.3851 0001436  98.3826 126.8879 15.30151332    18
STARLINK-34245
1 64193C 25113Z   25222.06090278 -.00003382  00000+0 -11407-3 0  2222
2 64193  53.1599 353.6989 0001046  96.9239 126.8592 15.30174366    19
STARLINK-34237
1 64194C 25113AA  25222.06090278  .00042623  00000+0  14376-2 0  2229
2 64194  53.1595 354.0275 0001428  86.9195 328.1303 15.30125803    12
STARLINK-33857
1 64195C 25113AB  25222.07479167  .00006112  00000+0  20607-3 0  2227
2 64195  53.1604 353.8854 0001397  95.4021  76.9554 15.30171438    13
STARLINK-34173
1 64196C 25113AC  25222.07548611 -.00010300  00000+0 -34728-3 0  2224
2 64196  53.1587 354.0782 0001268  91.6093 345.6884 15.30189559    16
STARLINK-33966
1 64203C 25117A   25222.07895833  .00034854  00000+0  87047-3 0  2228
2 64203  53.1585 303.6891 0001140  93.1333 163.5428 15.39554265    17
STARLINK-34331
1 64204C 25117B   25222.06159722  .00012999  00000+0  32483-3 0  2228
2 64204  53.1576 303.4117 0001177  88.1486 252.5356 15.39558098    17
STARLINK-34251
1 64205C 25117C   25222.06437500  .00020583  00000+0  51355-3 0  2229
2 64205  53.1577 303.2447 0001042  78.7826 354.4506 15.39598927    11
STARLINK-34324
1 64207C 25117E   25222.06437500  .00039392  00000+0  98333-3 0  2226
2 64207  53.1588 303.7053 0000908  96.3748 105.1415 15.39565027    17
STARLINK-34327
1 64208C 25117F   25222.05951389  .00025972  00000+0  64847-3 0  2224
2 64208  53.1584 303.8308 0001435  87.1764  35.8932 15.39570650    11
STARLINK-34310
1 64210C 25117H   25222.05812500  .00011448  00000+0  28603-3 0  2221
2 64210  53.1587 303.6828 0001258  79.3049 113.3522 15.39566066    17
STARLINK-34332
1 64213C 25117L   25222.06159722  .00018295  00000+0  45662-3 0  2226
2 64213  53.1574 303.3074 0001182  89.4457 302.6720 15.39591264    18
STARLINK-34283
1 64214C 25117M   25222.06368056  .00044066  00000+0  10998-2 0  2227
2 64214  53.1587 303.6082 0001313  61.2133 186.0742 15.39565306    16
STARLINK-34349
1 64215C 25117N   25222.06090278  .00026006  00000+0  64951-3 0  2229
2 64215  53.1577 303.2075 0001279  81.7696 358.0443 15.39561775    11
STARLINK-34296
1 64216C 25117P   25222.06020833  .00008850  00000+0  22103-3 0  2220
2 64216  53.1574 303.3645 0000908 105.4890 253.2071 15.39580037    16
STARLINK-34320
1 64217C 25117Q   25222.06090278  .00025568  00000+0  63840-3 0  2229
2 64217  53.1585 303.7746 0001533  89.8148  64.8484 15.39569926    19
STARLINK-34300
1 64218C 25117R   25222.06229167  .00025361  00000+0  63357-3 0  2225
2 64218  53.1583 303.8191 0001431  84.6314  51.9991 15.39555257    10
STARLINK-34323
1 64219C 25117S   25222.06020833  .00019540  00000+0  48819-3 0  2223
2 64219  53.1587 303.6747 0001080  95.7298 106.6259 15.39557649    16
STARLINK-34326
1 64221C 25117U   25222.06020833  .00045162  00000+0  11272-2 0  2227
2 64221  53.1588 303.7257 0001301  73.7160 102.8170 15.39563910    15
STARLINK-34318
1 64222C 25117V   25222.05812500  .00023127  00000+0  57756-3 0  2222
2 64222  53.1576 303.4279 0000997  84.4041 235.1118 15.39567373    10
STARLINK-34337
1 64223C 25117W   25222.06229167  .00028296  00000+0  70681-3 0  2229
2 64223  53.1584 303.5620 0001205  97.8815 167.5197 15.39555478    19
STARLINK-34289
1 64225C 25117Y   25222.06506944  .00026135  00000+0  65272-3 0  2222
2 64225  53.1577 303.3435 0001392  84.2594 299.5224 15.39562698    15
STARLINK-34347
1 64226C 25117Z   25222.06090278  .00026911  00000+0  67208-3 0  2224
2 64226  53.1578 303.2092 0001181  76.6109   1.3393 15.39563532    12
STARLINK-34330
1 64227C 25117AA  25222.05951389  .00027129  00000+0  67772-3 0  2221
2 64227  53.1581 303.1640 0001282  85.0858  10.9200 15.39554271    15
STARLINK-34167
1 64228C 25117AB  25222.07965278  .00015967  00000+0  39878-3 0  2229
2 64228  53.1575 303.2230 0000881 101.6978  28.7243 15.39573420    18
STARLINK-34241
1 64229C 25117AC  25222.05743056  .00004657  00000+0  11637-3 0  2223
2 64229  53.1574 306.3440 0001097  92.5416 219.1693 15.39565973    19
STARLINK-11686 [DTC]
1 64233C 25119A   25222.10118056  .00050005  00000+0  28659-3 0  2222
2 64233  42.9989  45.3100 0001736 260.4624 269.9995 15.77788252    17
STARLINK-11682 [DTC]
1 64234C 25119B   25222.09770833  .00048443  00000+0  27769-3 0  2222
2 64234  42.9993  45.2607 0001855 252.9005 285.5723 15.77785698    19
STARLINK-11675 [DTC]
1 64235C 25119C   25222.10256944  .00048266  00000+0  27666-3 0  2226
2 64235  42.9993  45.1617 0001999 258.5631 335.3055 15.77786167    10
STARLINK-11691 [DTC]
1 64236C 25119D   25222.09770833  .00065087  00000+0  37313-3 0  2223
2 64236  42.9992  45.1223 0002004 252.2793 341.7056 15.77766735    12
STARLINK-11670 [DTC]
1 64237C 25119E   25222.10326389 -.00003716  00000+0 -21314-4 0  2227
2 64237  42.9988  45.0202 0001763 260.0049  33.3241 15.77826485    15
STARLINK-11708 [DTC]
1 64238C 25119F   25222.09979167 -.00964980  00000+0 -59649-2 0  2223
2 64238  42.9993  44.9738 0001966 269.5851  30.9878 15.77098818    14
STARLINK-11683 [DTC]
1 64239C 25119G   25222.09701389  .00058841  00000+0  33722-3 0  2226
2 64239  42.9983  44.9204 0002020 259.6094  53.6587 15.77779306    10
STARLINK-11684 [DTC]
1 64240C 25119H   25222.10048611  .00063531  00000+0  36413-3 0  2224
2 64240  42.9987  44.8287 0001780 276.9333  83.8359 15.77773914    17
STARLINK-11689 [DTC]
1 64241C 25119J   25222.09909722  .00054620  00000+0  33346-3 0  2223
2 64241  42.9985  45.1681 0001726 247.8095 332.3019 15.76366105    14
STARLINK-11690 [DTC]
1 64242C 25119K   25222.09701389  .00066344  00000+0  38035-3 0  2229
2 64242  42.9988  44.7797 0001846 249.6957 119.0936 15.77765542    18
STARLINK-11694 [DTC]
1 64243C 25119L   25222.10187500  .00034029  00000+0  26464-3 0  2223
2 64243  42.9988  44.9420 0001674 275.7940  43.7041 15.70774477    15
STARLINK-11710 [DTC]
1 64244C 25119M   25222.09909722  .00026178  00000+0  20345-3 0  2228
2 64244  42.9993  44.7348 0001719 256.6709 137.2302 15.70797675    14
STARLINK-11704 [DTC]
1 64245C 25119N   25222.09979167  .00082014  00000+0  47022-3 0  2221
2 64245  42.9978  44.4878 0001832 258.2586 237.3415 15.77747784    10
STARLINK-34203
1 64246C 25119P   25222.06298611  .00025865  00000+0  91363-3 0  2225
2 64246  42.9997  62.2601 0001558 278.4460  65.3723 15.28372581    10
STARLINK-33865
1 64247C 25119Q   25222.07618056  .00028530  00000+0  10337-2 0  2229
2 64247  42.9994  61.8362 0001909 279.1108 281.7618 15.27537426    11
STARLINK-34234
1 64248C 25119R   25222.06437500  .00029049  00000+0  10524-2 0  2226
2 64248  42.9992  62.2367 0001422 254.6648  99.7403 15.27542303    16
STARLINK-34256
1 64249C 25119S   25222.06368056  .00031115  00000+0  10994-2 0  2224
2 64249  42.9990  62.0430 0001771 259.3032 174.2733 15.28358719    12
STARLINK-34229
1 64250C 25119T   25222.06020833  .00026364  00000+0  95562-3 0  2229
2 64250  43.0023  62.5058 0001874 262.3808 330.0958 15.27526785    13
STARLINK-34224
1 64251C 25119U   25222.05812500  .00031128  00000+0  11264-2 0  2229
2 64251  42.9996  61.9908 0001093 278.5357 161.5906 15.27577076    18
STARLINK-34215
1 64252C 25119V   25222.05951389  .00029904  00000+0  10566-2 0  2222
2 64252  43.0005  62.3023 0001447 254.6986  59.0731 15.28360186    11
STARLINK-33893
1 64253C 25119W   25222.07687500  .00029693  00000+0  10767-2 0  2224
2 64253  43.0015  62.3220 0001465 282.3823  77.1681 15.27511756    15
STARLINK-34183
1 64254C 25119X   25222.06159722  .00030489  00000+0  11053-2 0  2228
2 64254  43.0026  62.5449 0001788 282.3454 296.5425 15.27517535    15
STARLINK-34211
1 64255C 25119Y   25222.05951389  .00027164  00000+0  98423-3 0  2220
2 64255  43.0020  62.6065 0001647 258.7401 287.4120 15.27539485    17
STARLINK-34329
1 64256C 25120A   25222.05881944  .00029793  00000+0  74373-3 0  2220
2 64256  53.1602  21.8710 0001214  87.6131 285.7361 15.39573482    15
STARLINK-34308
1 64258C 25120C   25222.05812500  .00035126  00000+0  87663-3 0  2227
2 64258  53.1598  21.6698 0001315  96.8132  15.6732 15.39576315    19
STARLINK-34306
1 64259C 25120D   25222.06437500  .00002884  00000+0  71995-4 0  2229
2 64259  53.1597  21.2812 0001234  83.1852 244.2239 15.39600935    19
STARLINK-34281
1 64260C 25120E   25222.06020833  .00005434  00000+0  13560-3 0  2225
2 64260  53.1597  21.4032 0001080  87.7687 165.0102 15.39609657    11
STARLINK-34297
1 64261C 25120F   25222.06368056  .00004394  00000+0  10970-3 0  2224
2 64261  53.1602  21.7455 0001188  95.7829 356.0242 15.39594177    14
STARLINK-34325
1 64262C 25120G   25222.05881944 -.00005768  00000+0 -14394-3 0  2222
2 64262  53.1597  21.2558 0001175  91.6733 230.6663 15.39620304    18
STARLINK-34276
1 64263C 25120H   25222.05881944  .00013892  00000+0  34668-3 0  2224
2 64263  53.1598  21.6146 0001136  95.5720  46.4958 15.39598319    13
STARLINK-34333
1 64264C 25120J   25222.06437500  .00010554  00000+0  26344-3 0  2225
2 64264  53.1599  21.6909 0001287  84.1275  37.2710 15.39595732    18
STARLINK-34321
1 64267C 25120M   25222.06020833 -.00001370  00000+0 -34174-4 0  2224
2 64267  53.1594  21.3509 0001096  90.2589 188.2768 15.39617136    16
STARLINK-34319
1 64268C 25120N   25222.05812500  .00024303  00000+0  60662-3 0  2223
2 64268  53.1601  21.2064 0001241  76.9179 267.3309 15.39581937    18
STARLINK-34298
1 64269C 25120P   25222.06437500  .00017724  00000+0  44244-3 0  2225
2 64269  53.1603  21.7912 0001278  85.2531 344.6544 15.39585250    15
STARLINK-34219
1 64270C 25120Q   25222.06020833  .00013662  00000+0  34099-3 0  2228
2 64270  53.1600  21.2506 0001150  73.7066 254.4764 15.39593822    18
STARLINK-34342
1 64271C 25120R   25222.05812500  .00043912  00000+0  10961-2 0  2220
2 64271  53.1600  21.7223 0001142 102.2112 342.6720 15.39562575    14
STARLINK-34001
1 64272C 25120S   25222.07826389 -.00002712  00000+0 -67690-4 0  2221
2 64272  53.1602  21.6784 0001445  80.1019  90.6932 15.39604519    14
STARLINK-34272
1 64274C 25120U   25222.06229167  .00010111  00000+0  25241-3 0  2228
2 64274  53.1600  21.6507 0001222 100.8663  32.8747 15.39591927    15
STARLINK-34350
1 64276C 25120W   25222.05881944  .00006172  00000+0  15401-3 0  2225
2 64276  53.1596  21.3591 0001313  89.4545 179.5138 15.39608282    19
STARLINK-34353
1 64278C 25120Y   25222.06020833  .00039775  00000+0  99351-3 0  2221
2 64278  53.1602  21.6076 0001348  85.7116  62.3138 15.39545116    16
STARLINK-34359
1 64280C 25120AA  25222.05743056 -.00009153  00000+0 -22844-3 0  2224
2 64280  53.1601  21.2112 0001327  93.5911 244.9373 15.39619176    19
STARLINK-34366
1 64281C 25120AB  25222.06090278 -.00005255  00000+0 -13116-3 0  2228
2 64281  53.1596  21.4000 0001363  87.3867 167.4015 15.39610547    17
STARLINK-34381
1 64282C 25120AC  25222.05812500  .00045358  00000+0  11318-2 0  2225
2 64282  53.1599  21.3094 0001284  77.5498 213.3335 15.39570237    13
STARLINK-34428
1 64293C 25123C   25222.06090278  .00013539  00000+0  30926-3 0  2224
2 64293  70.0024  16.1095 0003435 269.7837 218.2541 15.42688176    10
STARLINK-34388
1 64294C 25123D   25222.06437500  .00022950  00000+0  52401-3 0  2227
2 64294  70.0023  15.9967 0003429 268.7391 328.5538 15.42689854    17
STARLINK-34424
1 64295C 25123E   25222.06368056  .00047424  00000+0  10828-2 0  2226
2 64295  70.0016  16.0291 0003431 276.9524 287.3711 15.42665738    14
STARLINK-34443
1 64296C 25123F   25222.06159722  .00004769  00000+0  10894-3 0  2224
2 64296  70.0021  16.1581 0003635 270.2784 176.6188 15.42696852    14
STARLINK-34369
1 64297C 25123G   25222.06090278  .00013838  00000+0  31597-3 0  2225
2 64297  70.0023  15.9545 0003542 273.1299 349.8831 15.42697823    12
STARLINK-34379
1 64302C 25123M   25222.05881944  .00024363  00000+0  55632-3 0  2220
2 64302  70.0024  16.1404 0003594 272.7039 180.7545 15.42685419    13
STARLINK-34356
1 64303C 25123N   25222.06159722 -.00005465  00000+0 -12482-3 0  2224
2 64303  70.0022  16.0816 0003265 271.1678 242.7134 15.42709865    10
STARLINK-34360
1 64304C 25123P   25222.06229167  .00015872  00000+0  36242-3 0  2227
2 64304  70.0023  15.9762 0003467 268.8402 338.8874 15.42696019    16
STARLINK-34355
1 64306C 25123R   25222.06437500  .00036149  00000+0  82559-3 0  2223
2 64306  70.0023  16.0212 0003840 275.1910 299.1279 15.42667096    11
STARLINK-34380
1 64307C 25123S   25222.05812500  .00022814  00000+0  52103-3 0  2226
2 64307  70.0022  16.0255 0003469 270.0790 280.5388 15.42682713    13
STARLINK-34374
1 64308C 25123T   25222.05743056  .00014698  00000+0  33560-3 0  2223
2 64308  70.0023  15.9762 0003613 274.2425 317.4905 15.42695963    14
STARLINK-34368
1 64311C 25123W   25222.06437500 -.00013584  00000+0 -31022-3 0  2228
2 64311  70.0018  16.1444 0003381 272.5907 191.7114 15.42721358    13
STARLINK-34358
1 64313C 25123Y   25222.05812500  .00033016  00000+0  75381-3 0  2222
2 64313  70.0023  16.1783 0003469 269.8645 146.7238 15.42680493    13
STARLINK-34354
1 64314C 25123Z   25222.06298611 -.00003292  00000+0 -75193-4 0  2222
2 64314  70.0023  16.1397 0003437 270.2290 195.3672 15.42706680    11
STARLINK-34387
1 64315C 25123AA  25222.05951389  .00014667  00000+0  33493-3 0  2222
2 64315  70.0024  16.1230 0003423 268.4226 200.8826 15.42694022    11
STARLINK-33590
1 64316C 25123AB  25222.07548611  .00000026  00000+0  58790-6 0  2229
2 64316  70.0023  16.0550 0003680 271.9036 308.0318 15.42723542    15
STARLINK-11736 [DTC]
1 64317C 25124A   25222.10048611  .00039208  00000+0  30502-3 0  2222
2 64317  42.9979 224.9161 0001524 283.6015  73.0941 15.70761315    16
STARLINK-11673 [DTC]
1 64318C 25124B   25222.10256944  .00039871  00000+0  31017-3 0  2221
2 64318  42.9979 224.6046 0001839 262.1020 226.6235 15.70760558    13
STARLINK-11671 [DTC]
1 64319C 25124C   25222.09979167  .00041031  00000+0  31916-3 0  2228
2 64319  42.9979 224.4709 0001598 263.3064 269.8150 15.70762446    14
STARLINK-11594 [DTC]
1 64320C 25124D   25222.09979167  .00030980  00000+0  24102-3 0  2220
2 64320  42.9985 224.9917 0001640 276.4185  46.2796 15.70768626    15
STARLINK-11596 [DTC]
1 64321C 25124E   25222.09770833  .00035433  00000+0  27566-3 0  2225
2 64321  42.9987 224.8548 0001721 264.0904 106.9345 15.70764476    12
STARLINK-11747 [DTC]
1 64322C 25124F   25222.09909722  .00034375  00000+0  26745-3 0  2229
2 64322  42.9983 224.6973 0001825 259.5882 179.4263 15.70762787    15
STARLINK-11728 [DTC]
1 64323C 25124G   25222.09979167  .00036106  00000+0  28090-3 0  2229
2 64323  42.9979 224.2448 0001035 269.1760 354.1353 15.70763774    18
STARLINK-11696 [DTC]
1 64324C 25124H   25222.10256944  .00036948  00000+0  28743-3 0  2222
2 64324  42.9975 224.3781 0001452 265.7205 313.1916 15.70764231    14
STARLINK-11698 [DTC]
1 64325C 25124J   25222.10187500  .00042914  00000+0  33379-3 0  2225
2 64325  42.9979 224.4688 0001574 262.4116 277.3452 15.70761963    11
STARLINK-11678 [DTC]
1 64326C 25124K   25222.10326389  .00034829  00000+0  27099-3 0  2224
2 64326  42.9978 224.7468 0001686 266.2977 166.2481 15.70762283    15
STARLINK-11674 [DTC]
1 64327C 25124L   25222.10326389  .00035597  00000+0  27694-3 0  2229
2 64327  42.9979 224.2968 0001435 270.6287 342.2817 15.70763923    13
STARLINK-11707 [DTC]
1 64328C 25124M   25222.10187500  .00026809  00000+0  20860-3 0  2224
2 64328  42.9979 224.5296 0001705 266.1190 248.7422 15.70768861    12
STARLINK-11734 [DTC]
1 64329C 25124N   25222.10118056  .00035395  00000+0  27532-3 0  2228
2 64329  42.9977 224.1596 0001501 283.2824  17.9470 15.70768056    13
STARLINK-34252
1 64330C 25124P   25222.06298611 -.01775700  00000+0 -49743-1 0  2221
2 64330  42.9993 237.1840 0001303 267.6396   6.3175 15.37561897    10
STARLINK-34050
1 64331C 25124Q   25222.07756944 -.00002507  00000+0 -88531-4 0  2229
2 64331  42.9992 236.9290 0001501 265.3288 159.7170 15.28408795    16
STARLINK-33782
1 64332C 25124R   25222.07895833  .00006569  00000+0  23197-3 0  2227
2 64332  42.9997 236.6874 0001708 274.6618 254.2389 15.28401640    11
STARLINK-34207
1 64333C 25124S   25222.05604167 -.01774900  00000+0 -57022-1 0  2220
2 64333  42.9993 237.0698 0001266 271.4057  27.5933 15.33239211    13
STARLINK-34260
1 64334C 25124T   25222.05951389  .00041226  00000+0  14941-2 0  2221
2 64334  42.9990 237.1093 0001332 265.3032  26.5225 15.27517279    19
STARLINK-33855
1 64335C 25124U   25222.07548611  .00009962  00000+0  36095-3 0  2220
2 64335  42.9997 236.6264 0001102 281.5558 260.9310 15.27555790    18
STARLINK-34223
1 64336C 25124V   25222.06229167  .00013011  00000+0  31060-3 0  2229
2 64336  42.9995 236.7216 0001587 266.4984 195.3837 15.40670691    15
STARLINK-34216
1 64337C 25124W   25222.05881944 -.00655940  00000+0 -16890-1 0  2223
2 64337  42.9994 236.8983 0001480 271.7140 106.3179 15.39038707    17
STARLINK-34218
1 64338C 25124X   25222.06368056  .00033303  00000+0  79558-3 0  2222
2 64338  42.9988 237.0459 0001437 264.3867  68.4290 15.40628672    18
STARLINK-34017
1 64339C 25124Y   25222.07826389 -.00002325  00000+0 -82098-4 0  2228
2 64339  42.9988 236.7809 0001568 268.3867 217.9982 15.28412662    18
STARLINK-33977
1 64344C 25126A   25222.07965278 -.00019226  00000+0 -15779-2 0  2225
2 64344  70.0005 207.9740 0003264 275.5195 150.1499 14.99155643    10
STARLINK-34426
1 64345C 25126B   25222.06368056 -.00012521  00000+0 -10277-2 0  2225
2 64345  70.0002 207.9650 0003390 269.0599 110.6488 14.99145576    17
STARLINK-34437
1 64346C 25126C   25222.06368056 -.00027140  00000+0 -22745-2 0  2222
2 64346  70.0005 208.1222 0003088 274.5129 325.1001 14.98357210    16
STARLINK-34301
1 64349C 25126F   25222.05743056 -.00127550  00000+0 -10681-1 0  2222
2 64349  70.0003 207.9871 0003407 268.1168  72.7573 14.98489005    18
STARLINK-34425
1 64350C 25126G   25222.06159722 -.00020161  00000+0 -16547-2 0  2224
2 64350  70.0002 208.1070 0003161 288.7422 315.3261 14.99154696    17
STARLINK-34431
1 64353C 25126K   25222.06090278 -.00042334  00000+0 -35478-2 0  2227
2 64353  70.0005 207.9571 0003669 282.6329  98.7146 14.98371197    18
STARLINK-34270
1 64355C 25126M   25222.06298611 -.00012802  00000+0 -10730-2 0  2221
2 64355  70.0003 208.0470 0003548 271.6198  31.7895 14.98339655    17
STARLINK-34458
1 64360C 25126S   25222.05743056 -.00010840  00000+0 -88994-3 0  2222
2 64360  70.0002 208.0900 0002965 272.4311 331.1021 14.99135774    13
STARLINK-34243
1 64361C 25126T   25222.06159722 -.00017535  00000+0 -14699-2 0  2223
2 64361  70.0003 208.0751 0003226 269.5028   3.9402 14.98339442    16
STARLINK-34335
1 64362C 25126U   25222.06368056 -.00035159  00000+0 -28846-2 0  2227
2 64362  70.0003 207.9373 0003470 277.7796 127.0923 14.99183060    19
STARLINK-34476
1 64364C 25126W   25222.06090278 -.00045418  00000+0 -37273-2 0  2220
2 64364  70.0004 208.0060 0003296 275.1362  57.5805 14.99184571    18
STARLINK-34483
1 64367C 25126Z   25222.06368056  .00000724  00000+0  60628-4 0  2226
2 64367  70.0007 207.9156 0003094 277.8712 140.9298 14.98370258    13
STARLINK-11732 [DTC]
1 64370C 25127A   25222.10326389  .00081533  00000+0  46781-3 0  2229
2 64370  42.9992 280.5399 0001534 270.4726 259.2434 15.77732872    13
STARLINK-11731 [DTC]
1 64371C 25127B   25222.09840278  .00079045  00000+0  45354-3 0  2226
2 64371  42.9991 280.5005 0001597 271.4693 258.3483 15.77734705    11
STARLINK-11746 [DTC]
1 64372C 25127C   25222.10118056  .00059263  00000+0  34010-3 0  2228
2 64372  42.9988 280.4154 0001932 271.1564 302.2135 15.77749340    13
STARLINK-11748 [DTC]
1 64373C 25127D   25222.09979167 -.00026147  00000+0 -20306-3 0  2225
2 64373  42.9990 280.3936 0001697 267.7782 310.3768 15.70867016    11
STARLINK-11739 [DTC]
1 64374C 25127E   25222.09701389  .00069610  00000+0  39931-3 0  2229
2 64374  42.9985 280.3725 0001941 258.2280 319.1829 15.77748574    11
STARLINK-11738 [DTC]
1 64375C 25127F   25222.09909722  .00049327  00000+0  38352-3 0  2220
2 64375  42.9986 280.3835 0001153 267.1834 312.3113 15.70765547    17
STARLINK-11745 [DTC]
1 64376C 25127G   25222.09840278  .00065382  00000+0  37521-3 0  2227
2 64376  42.9989 280.1545 0001647 271.5455  37.0273 15.77744694    18
STARLINK-11742 [DTC]
1 64377C 25127H   25222.10048611 -.00743300  00000+0 -56857-2 0  2228
2 64377  42.9993 280.1521 0001415 262.9919  53.0586 15.71939996    10
STARLINK-11711 [DTC]
1 64378C 25127J   25222.10048611  .00080042  00000+0  45927-3 0  2221
2 64378  42.9987 280.0031 0001739 267.9110 108.0133 15.77732801    17
STARLINK-11743 [DTC]
1 64379C 25127K   25222.10395833  .00040172  00000+0  31261-3 0  2229
2 64379  42.9979 280.2804 0001681 279.3224 357.8177 15.70753552    19
STARLINK-11744 [DTC]
1 64380C 25127L   25222.10187500  .00013229  00000+0  10283-3 0  2225
2 64380  42.9983 280.0710 0001722 250.7418 104.6997 15.70805012    11
STARLINK-11692 [DTC]
1 64381C 25127M   25222.10256944 -.00816180  00000+0 -60709-2 0  2221
2 64381  42.9992 279.8513 0001571 268.8660 176.9418 15.72674481    16
STARLINK-11740 [DTC]
1 64382C 25127N   25222.09909722 -.00894670  00000+0 -54584-2 0  2223
2 64382  42.9986 279.7412 0001264 287.3041 191.4469 15.77325902    19
STARLINK-34299
1 64383C 25127P   25222.06020833 -.00023911  00000+0 -86614-3 0  2220
2 64383  42.9985 295.3379 0000836 263.5228 206.1532 15.27599262    14
STARLINK-34271
1 64384C 25127Q   25222.06368056 -.00011358  00000+0 -41154-3 0  2225
2 64384  42.9984 295.1603 0001046 265.1446 287.3332 15.27576968    13
STARLINK-34100
1 64385C 25127R   25222.07687500 -.00033639  00000+0 -12185-2 0  2222
2 64385  42.9983 295.1393 0001509 268.0034 335.8800 15.27610503    11
STARLINK-34269
1 64386C 25127S   25222.06229167 -.00015914  00000+0 -57647-3 0  2222
2 64386  43.0013 294.6090 0001461 258.8888 159.3901 15.27589937    14
STARLINK-34351
1 64387C 25127T   25222.06229167 -.00015768  00000+0 -57120-3 0  2226
2 64387  43.0012 294.5904 0001579 261.8360 163.5433 15.27588103    17
STARLINK-34198
1 64388C 25127U   25222.06298611 -.00019468  00000+0 -70505-3 0  2220
2 64388  43.0008 294.5734 0001216 255.5973 180.6236 15.27602276    11
STARLINK-34279
1 64389C 25127V   25222.06159722 -.00000699  00000+0 -25316-4 0  2227
2 64389  43.0005 295.4159 0001299 264.7915 177.1384 15.27568606    12
STARLINK-34292
1 64390C 25127W   25222.05951389 -.00017268  00000+0 -62563-3 0  2221
2 64390  42.9984 295.1309 0001329 265.5942 285.1580 15.27586739    10
STARLINK-34278
1 64391C 25127X   25222.06090278 -.00018672  00000+0 -67648-3 0  2223
2 64391  43.0015 294.6506 0001476 266.6005 129.8792 15.27587620    15
STARLINK-33802
1 64392C 25127Y   25222.07687500  .00026258  00000+0  95196-3 0  2221
2 64392  42.9986 295.1916 0001853 277.2422 305.4668 15.27520750    17
STARLINK-34419
1 64412C 25129A   25222.05673611 -.01609400  00000+0 -12830+0 0  2221
2 64412  69.9994 248.2425 0003165 271.9620  25.2264 15.01883998    18
STARLINK-34225
1 64414C 25129C   25222.05881944 -.01642300  00000+0 -12696+0 0  2229
2 64414  69.9994 248.2916 0003317 272.9395 349.3007 15.03089088    19
STARLINK-34487
1 64417C 25129F   25222.06229167 -.01730200  00000+0 -11813+0 0  2223
2 64417  69.9993 248.0019 0003086 275.4789 262.4179 15.07854305    12
STARLINK-34512
1 64419C 25129H   25222.06437500 -.00058398  00000+0 -47913-2 0  2220
2 64419  69.9993 248.1600 0003522 269.0551 130.1224 14.99206145    17
STARLINK-34434
1 64422C 25129L   25222.05604167 -.01730700  00000+0 -13072+0 0  2229
2 64422  69.9994 248.2564 0003399 272.9716  17.0081 15.04061521    18
STARLINK-34467
1 64423C 25129M   25222.06090278 -.01727800  00000+0 -12235+0 0  2220
2 64423  69.9993 248.0882 0003297 278.4543 178.3704 15.06491693    17
STARLINK-34468
1 64424C 25129N   25222.06229167 -.01382200  00000+0 -11142+0 0  2229
2 64424  69.9995 248.2563 0003164 270.4604  37.0785 15.01225783    11
STARLINK-34495
1 64428C 25129S   25222.05743056 -.01726900  00000+0 -11558+0 0  2220
2 64428  69.9993 248.0996 0003443 278.3933 157.9892 15.08587520    11
STARLINK-34524
1 64431C 25129V   25222.06229167 -.01730700  00000+0 -12136+0 0  2223
2 64431  69.9992 248.0543 0003092 277.5669 212.6482 15.06858629    12
STARLINK-34507
1 64437C 25129AB  25222.05812500 -.01729500  00000+0 -12249+0 0  2228
2 64437  69.9995 247.9784 0003212 275.5136 266.6271 15.06486146    13
STARLINK-34465
1 64438C 25130A   25222.05881944 -.00046035  00000+0 -11496-2 0  2229
2 64438  53.1603 356.8850 0001211  81.2604  14.9616 15.39639789    14
STARLINK-34456
1 64439C 25130B   25222.05951389  .00008358  00000+0  20876-3 0  2228
2 64439  53.1604 356.8301 0001220  99.1885  26.6453 15.39577950    16
STARLINK-34410
1 64440C 25130C   25222.05951389 -.00008506  00000+0 -21240-3 0  2223
2 64440  53.1601 356.7790 0001162  79.4443  72.1164 15.39603786    14
STARLINK-34403
1 64443C 25130F   25222.06229167  .00002244  00000+0  56037-4 0  2223
2 64443  53.1601 356.4064 0001079  77.1333 270.1187 15.39587987    17
STARLINK-34399
1 64444C 25130G   25222.06229167 -.00015993  00000+0 -39929-3 0  2221
2 64444  53.1604 356.3548 0001504 103.6564 269.3157 15.39615439    12
STARLINK-34402
1 64446C 25130J   25222.06020833 -.00002807  00000+0 -70089-4 0  2225
2 64446  53.1599 356.5700 0001205  74.9256 183.5118 15.39593264    10
STARLINK-34450
1 64447C 25130K   25222.05881944 -.00080796  00000+0 -20189-2 0  2220
2 64447  53.1599 356.5254 0000979  70.0439 206.4734 15.39654044    15
STARLINK-34433
1 64448C 25130L   25222.05812500 -.00014085  00000+0 -35162-3 0  2229
2 64448  53.1600 356.4771 0000812 105.7466 192.6038 15.39617761    12
STARLINK-34392
1 64451C 25130P   25222.06229167  .00017298  00000+0  43202-3 0  2226
2 64451  53.1604 356.2002 0001524 101.8771 348.3868 15.39570831    19
STARLINK-34295
1 64455C 25130T   25222.06159722 -.00011760  00000+0 -29365-3 0  2223
2 64455  53.1600 356.4549 0001089  99.7569 219.7481 15.39605454    15
STARLINK-34430
1 64456C 25130U   25222.06090278 -.00017837  00000+0 -44551-3 0  2229
2 64456  53.1601 356.4069 0001053  90.1242 251.2906 15.39604879    11
STARLINK-34421
1 64459C 25130X   25222.06298611 -.00001204  00000+0 -30049-4 0  2222
2 64459  53.1603 356.1913 0001625  88.4902   7.4618 15.39598456    13
STARLINK-34423
1 64460C 25130Y   25222.06090278  .00037265  00000+0  93007-3 0  2229
2 64460  53.1600 356.1501 0001380  90.1792  19.9727 15.39571732    17
STARLINK-34418
1 64461C 25130Z   25222.06368056  .00046552  00000+0  11619-2 0  2229
2 64461  53.1601 356.0855 0001316  67.0898  84.2057 15.39560418    19
STARLINK-34336
1 64462C 25130AA  25222.06368056 -.00005623  00000+0 -18963-3 0  2226
2 64462  53.1594 354.0711 0001247  83.9570 334.8051 15.30174597    15
STARLINK-34400
1 64463C 25130AB  25222.05881944  .00046499  00000+0  11608-2 0  2224
2 64463  53.1612 355.3416 0001423 102.1675  48.4768 15.39555083    14
STARLINK-34449
1 64465C 25130AD  25222.05743056  .00016979  00000+0  42392-3 0  2222
2 64465  53.1602 355.6531 0001430  77.9369 270.4727 15.39581413    11
STARLINK-34523
1 64475C 25133D   25222.05951389  .00023388  00000+0  58362-3 0  2222
2 64475  53.1594  26.8190 0001128  99.6621  62.5663 15.39590984    18
STARLINK-34496
1 64476C 25133E   25222.06229167  .00003424  00000+0  85451-4 0  2225
2 64476  53.1595  26.8018 0000788  80.1604  99.3411 15.39605328    14
STARLINK-34375
1 64477C 25133F   25222.06090278  .00022606  00000+0  56418-3 0  2228
2 64477  53.1592  26.7609 0001137  73.0740 122.6079 15.39588602    13
STARLINK-34490
1 64478C 25133G   25222.06020833  .00015191  00000+0  37915-3 0  2221
2 64478  53.1593  26.7122 0001134  83.1578 134.4412 15.39593109    13
STARLINK-34528
1 64479C 25133H   25222.05881944  .00011741  00000+0  29303-3 0  2228
2 64479  53.1592  26.7669 0001058  80.3099 105.6897 15.39599118    14
STARLINK-34518
1 64480C 25133J   25222.05881944  .00026938  00000+0  67227-3 0  2221
2 64480  53.1594  26.7146 0000965  87.3003 124.4572 15.39585005    15
STARLINK-34526
1 64481C 25133K   25222.05881944  .00022446  00000+0  56029-3 0  2220
2 64481  53.1595  26.6669 0001276  80.5095 155.1408 15.39582660    11
STARLINK-34527
1 64482C 25133L   25222.06229167 -.00001808  00000+0 -45129-4 0  2226
2 64482  53.1595  26.6465 0001115  81.2415 175.5065 15.39614006    17
STARLINK-34420
1 64483C 25133M   25222.06437500 -.00004638  00000+0 -11573-3 0  2228
2 64483  53.1598  26.5887 0001126  79.2750 212.9131 15.39619777    19
STARLINK-34509
1 64484C 25133N   25222.06020833  .00012362  00000+0  30851-3 0  2227
2 64484  53.1599  26.6046 0001113  76.2967 194.6481 15.39599759    13
STARLINK-34477
1 64487C 25133R   25222.06229167  .00028811  00000+0  71905-3 0  2222
2 64487  53.1603  26.4948 0001355  91.7827 240.3650 15.39581334    13
STARLINK-34217
1 64488C 25133S   25222.05881944  .00019521  00000+0  48722-3 0  2228
2 64488  53.1603  26.5071 0001372  90.9545 223.8039 15.39589515    15
STARLINK-34307
1 64489C 25133T   25222.05812500  .00022626  00000+0  56486-3 0  2227
2 64489  53.1603  26.4627 0001123  95.0586 239.7651 15.39578355    13
STARLINK-34505
1 64490C 25133U   25222.05951389  .00027691  00000+0  69111-3 0  2224
2 64490  53.1603  26.4525 0001300  93.4048 250.9591 15.39581644    17
STARLINK-34530
1 64491C 25133V   25222.06090278  .00043546  00000+0  10869-2 0  2229
2 64491  53.1602  26.3980 0001278  95.4685 280.5072 15.39563576    11
STARLINK-34522
1 64492C 25133W   25222.06020833  .00041027  00000+0  10222-2 0  2225
2 64492  53.1601  26.3979 0001043  30.9877 342.8174 15.39620185    11
STARLINK-34462
1 64493C 25133X   25222.06020833  .00019215  00000+0  47966-3 0  2226
2 64493  53.1602  26.3496 0001247  93.4426 304.4331 15.39584259    17
STARLINK-34226
1 64494C 25133Y   25222.06368056  .00022104  00000+0  55179-3 0  2225
2 64494  53.1602  26.3295 0001247  96.8293 322.1695 15.39580613    14
STARLINK-34364
1 64495C 25133Z   25222.07131944  .00038840  00000+0  72764-3 0  2224
2 64495  53.1597  25.3558 0001169  20.3619 193.3799 15.48039584    15
STARLINK-34268
1 64496C 25133AA  25222.05951389  .00009366  00000+0  23381-3 0  2228
2 64496  53.1602  26.3010 0001045  81.6465 338.1165 15.39594528    19
STARLINK-34280
1 64594C 25137A   25222.05812500  .00015365  00000+0  38349-3 0  2228
2 64594  53.1568 248.6436 0001101  87.9210  24.4690 15.39592744    16
STARLINK-34517
1 64595C 25137B   25222.06437500  .00009888  00000+0  24679-3 0  2227
2 64595  53.1586 248.2561 0001222  92.7780 234.5343 15.39598322    19
STARLINK-34463
1 64598C 25137E   25222.06159722  .00018666  00000+0  46593-3 0  2220
2 64598  53.1576 248.0132 0001639  81.6748 359.0022 15.39586367    19
STARLINK-34294
1 64599C 25137F   25222.06229167  .00007220  00000+0  18017-3 0  2226
2 64599  53.1577 248.3671 0001170  85.0015 179.2262 15.39606543    14
STARLINK-34504
1 64600C 25137G   25222.06020833  .00019425  00000+0  48489-3 0  2224
2 64600  53.1572 248.5803 0001062  78.6171  71.0872 15.39584739    10
STARLINK-34435
1 64602C 25137J   25222.05881944  .00008451  00000+0  21089-3 0  2227
2 64602  53.1588 248.2298 0001228  91.1129 231.1177 15.39604860    16
STARLINK-34475
1 64603C 25137K   25222.06020833  .00006114  00000+0  15257-3 0  2225
2 64603  53.1585 248.1721 0001270  90.4898 265.1902 15.39608785    19
STARLINK-34516
1 64605C 25137M   25222.06229167  .00007056  00000+0  17608-3 0  2226
2 64605  53.1578 248.3149 0001216  93.6674 196.3193 15.39608118    13
STARLINK-34073
1 64606C 25137N   25222.07548611  .00012473  00000+0  31132-3 0  2223
2 64606  53.1577 247.9979 0001218  96.8398  35.1053 15.39596301    14
STARLINK-34532
1 64607C 25137P   25222.05951389  .00015412  00000+0  51967-3 0  2226
2 64607  53.1592 248.3982 0001566  65.2781 173.1331 15.30162026    19
STARLINK-34519
1 64608C 25137Q   25222.06437500  .00017266  00000+0  43097-3 0  2226
2 64608  53.1572 248.5627 0001152  88.6181  82.3249 15.39589393    18
STARLINK-34521
1 64612C 25137U   25222.05743056  .00019334  00000+0  48285-3 0  2228
2 64612  53.1577 248.3386 0001273  94.7462 166.5109 15.39569943    11
STARLINK-34500
1 64613C 25137V   25222.06229167  .00003900  00000+0  97328-4 0  2227
2 64613  53.1586 248.2144 0001282  88.5466 251.0784 15.39609305    14
STARLINK-34440
1 64614C 25137W   25222.06298611  .00010215  00000+0  25491-3 0  2226
2 64614  53.1586 248.1603 0001227  87.7554 281.4750 15.39604698    12
STARLINK-34469
1 64615C 25137X   25222.05743056  .00023635  00000+0  58992-3 0  2226
2 64615  53.1577 248.3902 0001271  80.8128 154.6224 15.39583778    19
STARLINK-34413
1 64616C 25137Y   25222.06020833  .00006828  00000+0  17040-3 0  2223
2 64616  53.1578 248.2742 0001248  88.2830 214.0342 15.39606557    11
STARLINK-34417
1 64617C 25137Z   25222.06090278  .00071302  00000+0  48546-3 0  2228
2 64617  53.1580 243.5027 0001027  69.3722  83.2695 15.74136205    18
STARLINK-34416
1 64619C 25137AB  25222.06020833  .00019984  00000+0  49879-3 0  2228
2 64619  53.1581 248.0703 0001965  85.9312 319.4325 15.39586663    14
STARLINK-34414
1 64620C 25137AC  25222.06159722  .00018308  00000+0  45684-3 0  2229
2 64620  53.1578 247.9104 0001154  93.7895  36.5020 15.39598347    19
STARLINK-34464
1 64664C 25139A   25222.05812500  .00024526  00000+0  61218-3 0  2228
2 64664  53.1607  32.2591 0001200  89.9850 185.4084 15.39581434    18
STARLINK-34555
1 64665C 25139B   25222.05951389  .00033595  00000+0  83843-3 0  2222
2 64665  53.1607  32.2009 0001145  94.3721 214.4686 15.39577326    14
STARLINK-34390
1 64666C 25139C   25222.05743056  .00042189  00000+0  10529-2 0  2222
2 64666  53.1606  32.2072 0001431  93.1035 206.0540 15.39567112    15
STARLINK-34382
1 64667C 25139D   25222.06368056  .00026058  00000+0  65024-3 0  2225
2 64667  53.1607  32.2286 0001100  90.4261 217.6165 15.39589487    18
STARLINK-34395
1 64668C 25139E   25222.06229167  .00039209  00000+0  97846-3 0  2224
2 64668  53.1606  32.1360 0001166  99.3329 250.6588 15.39573918    13
STARLINK-34394
1 64669C 25139F   25222.05812500  .00011647  00000+0  29071-3 0  2224
2 64669  53.1606  32.1519 0000712  79.1199 249.6258 15.39596294    11
STARLINK-34442
1 64672C 25139J   25222.05673611  .00073218  00000+0  18258-2 0  2222
2 64672  53.1603  32.0078 0001206  88.1855 308.1329 15.39562688    19
STARLINK-34573
1 64676C 25139N   25222.06229167 -.00001843  00000+0 -45998-4 0  2220
2 64676  53.1603  31.9294 0001156  86.8434   6.1435 15.39614710    10
STARLINK-34605
1 64677C 25139P   25222.06854167  .00026887  00000+0  64551-3 0  2223
2 64677  53.1605  31.8321 0001345 356.7291 165.2108 15.40757907    15
STARLINK-34525
1 64678C 25139Q   25222.06020833 -.00005737  00000+0 -14318-3 0  2228
2 64678  53.1601  31.8841 0001023  83.8920  25.1567 15.39618261    19
STARLINK-34489
1 64679C 25139R   25222.06159722 -.00009001  00000+0 -22467-3 0  2221
2 64679  53.1601  31.8295 0001091  86.4491  54.2077 15.39615721    17
STARLINK-34502
1 64680C 25139S   25222.05951389  .00004482  00000+0  11184-3 0  2221
2 64680  53.1601  31.7879 0001319  83.2108  71.6271 15.39609727    17
STARLINK-34553
1 64681C 25139T   25222.06090278  .00010470  00000+0  26131-3 0  2226
2 64681  53.1602  31.7772 0001266  89.4929  74.9328 15.39598567    19
STARLINK-34551
1 64682C 25139U   25222.06645833  .00046400  00000+0  10789-2 0  2223
2 64682  53.1617  31.1773 0001607  20.2858 101.0313 15.41700797    13
STARLINK-34550
1 64683C 25139V   25222.06229167  .00042607  00000+0  10642-2 0  2225
2 64683  53.1600  31.8767 0002079  91.7575  27.0386 15.39543413    13
STARLINK-34485
1 64684C 25139W   25222.05812500  .00018180  00000+0  45370-3 0  2220
2 64684  53.1604  31.7386 0001090  77.0854  97.6739 15.39593680    19
STARLINK-34554
1 64687C 25139Z   25222.06090278  .00031523  00000+0  78672-3 0  2221
2 64687  53.1601  31.8275 0001120  92.2814  46.3969 15.39579518    16
STARLINK-34262
1 64688C 25139AA  25222.06090278  .00022079  00000+0  55106-3 0  2225
2 64688  53.1608  31.5748 0001230  96.3187 169.2549 15.39587332    18
STARLINK-34538
1 64689C 25139AB  25222.06298611  .00017665  00000+0  44085-3 0  2226
2 64689  53.1606  31.6128 0001119  91.4763 161.7477 15.39595059    14
STARLINK-34250
1 64690C 25139AC  25222.06229167  .00042332  00000+0  10570-2 0  2228
2 64690  53.1606  31.6200 0001300  96.0451 151.5072 15.39554016    10
STARLINK-34584
1 64697C 25142B   25222.06159722  .00012463  00000+0  28468-3 0  2226
2 64697  69.9999 133.7199 0003323 271.0852 291.1553 15.42688866    15
STARLINK-34600
1 64699C 25142D   25222.05951389  .00010242  00000+0  23367-3 0  2222
2 64699  70.0001 133.8291 0003273 256.5610 204.0128 15.42725720    14
STARLINK-34576
1 64701C 25142F   25222.05881944 -.00001890  00000+0 -43182-4 0  2224
2 64701  70.0001 133.6754 0003281 270.2461 321.5721 15.42694725    10
STARLINK-34470
1 64703C 25142H   25222.06020833  .00016098  00000+0  36799-3 0  2228
2 64703  70.0000 133.7748 0003514 275.6560 233.9212 15.42662685    14
STARLINK-34406
1 64705C 25142K   25222.05812500 -.00016886  00000+0 -38573-3 0  2228
2 64705  70.0001 133.8585 0003327 269.9300 160.0334 15.42716230    18
STARLINK-34559
1 64706C 25142L   25222.05743056  .00023345  00000+0  53376-3 0  2222
2 64706  70.0002 133.8086 0003409 270.7833 200.3854 15.42648378    10
STARLINK-34563
1 64708C 25142N   25222.05743056  .00023419  00000+0  53484-3 0  2226
2 64708  70.0000 133.7049 0003443 268.6264 292.4701 15.42682176    17
STARLINK-34499
1 64709C 25142P   25222.06229167  .00026265  00000+0  60043-3 0  2221
2 64709  70.0000 133.6405 0003550 265.6229   7.5266 15.42649885    11
STARLINK-34515
1 64712C 25142S   25222.06437500  .00014898  00000+0  34050-3 0  2225
2 64712  70.0001 133.6729 0003257 272.4735 338.2310 15.42669489    13
STARLINK-34533
1 64715C 25142V   25222.06090278  .00021959  00000+0  50189-3 0  2222
2 64715  70.0000 133.8615 0003540 272.4305 161.9964 15.42659655    19
STARLINK-34548
1 64716C 25142W   25222.06368056 -.00013376  00000+0 -30559-3 0  2220
2 64716  70.0002 133.8286 0003317 269.7986 202.0140 15.42709965    15
STARLINK-34568
1 64717C 25142X   25222.06020833  .00014996  00000+0  34288-3 0  2229
2 64717  70.0002 133.8123 0003390 270.9968 204.6034 15.42656619    18
STARLINK-34546
1 64718C 25142Y   25222.06368056  .00020051  00000+0  45830-3 0  2226
2 64718  70.0001 133.7778 0003323 274.2753 242.5787 15.42661588    15
STARLINK-34393
1 64724C 25144A   25222.06229167  .00013148  00000+0  32813-3 0  2220
2 64724  53.1593  85.0538 0001477  83.8058  15.5584 15.39598873    18
STARLINK-34562
1 64725C 25144B   25222.05812500  .00016991  00000+0  42407-3 0  2228
2 64725  53.1593  85.2304 0001117  99.0854 258.0593 15.39591680    19
STARLINK-34557
1 64726C 25144C   25222.06020833  .00009075  00000+0  22647-3 0  2229
2 64726  53.1593  85.2169 0001104  91.2283 279.3153 15.39605061    12
STARLINK-34242
1 64727C 25144D   25222.06229167  .00066888  00000+0  16701-2 0  2229
2 64727  53.1604  84.8992 0001567  91.7218  84.8489 15.39530295    18
STARLINK-34239
1 64728C 25144E   25222.06229167  .00086243  00000+0  21564-2 0  2220
2 64728  53.1608  84.7963 0001081  92.0652 136.1163 15.39468671    15
STARLINK-34588
1 64729C 25144F   25222.05743056  .00015046  00000+0  37552-3 0  2226
2 64729  53.1593  85.1817 0001052  89.0685 289.9767 15.39594466    11
STARLINK-34606
1 64730C 25144G   25222.06298611  .00018768  00000+0  46841-3 0  2226
2 64730  53.1593  85.1512 0001115  85.6274 326.0963 15.39590401    17
STARLINK-34552
1 64731C 25144H   25222.06368056  .00030165  00000+0  75293-3 0  2226
2 64731  53.1605  84.6870 0001365  80.3178 207.0318 15.39576693    14
STARLINK-34591
1 64734C 25144L   25222.06159722  .00026838  00000+0  66989-3 0  2221
2 64734  53.1593  85.1060 0001096  76.1911 353.5875 15.39580210    14
STARLINK-34587
1 64735C 25144M   25222.07131944  .00056187  00000+0  13749-2 0  2224
2 64735  53.1610  84.7891 0000583  66.6782 193.0926 15.40153203    16
STARLINK-34130
1 64736C 25144N   25222.07687500  .00024435  00000+0  60988-3 0  2228
2 64736  53.1607  84.6747 0001467  85.5137 249.2558 15.39583590    17
STARLINK-34597
1 64738C 25144Q   25222.06229167  .00029092  00000+0  72609-3 0  2227
2 64738  53.1595  85.0468 0001041  77.1408  24.0663 15.39579712    13
STARLINK-34471
1 64739C 25144R   25222.06020833  .00023191  00000+0  57882-3 0  2227
2 64739  53.1608  84.8509 0000763 102.0905  90.5719 15.39585537    14
STARLINK-34208
1 64740C 25144S   25222.06090278  .00022183  00000+0  55363-3 0  2221
2 64740  53.1601  84.9504 0000957 102.5899  42.4080 15.39589069    18
STARLINK-34607
1 64742C 25144U   25222.06020833  .00025820  00000+0  64447-3 0  2227
2 64742  53.1605  84.9014 0001201  94.0098  72.9046 15.39581676    15
STARLINK-34236
1 64743C 25144V   25222.06368056  .00040172  00000+0  10027-2 0  2221
2 64743  53.1608  84.7829 0001291  72.1025 165.5765 15.39566759    19
STARLINK-34185
1 64744C 25144W   25222.05812500  .00039714  00000+0  99128-3 0  2229
2 64744  53.1606  84.7064 0001023  71.4068 186.9665 15.39567385    13
STARLINK-34592
1 64746C 25144Y   25222.06854167  .00062327  00000+0  13855-2 0  2225
2 64746  53.1605  84.5386 0000706  44.1739 331.8925 15.43026015    13
STARLINK-34536
1 64748C 25144AA  25222.06090278  .00035755  00000+0  89258-3 0  2228
2 64748  53.1596  84.5389 0001093  74.6758 276.3692 15.39566550    18
STARLINK-34595
1 64749C 25144AB  25222.05881944  .00016465  00000+0  41093-3 0  2228
2 64749  53.1588  84.4466 0001119  95.7509 295.2283 15.39592956    17
STARLINK-34531
1 64750C 25144AC  25222.06229167  .00026993  00000+0  67373-3 0  2220
2 64750  53.1593  85.1030 0000976  82.1595 349.6004 15.39581725    12
STARLINK-33965
1 64755C 25147A   25222.08104167  .00009824  00000+0  24550-3 0  2226
2 64755  53.1595 148.6719 0000767 101.0701 168.7355 15.39562989    16
STARLINK-34371
1 64756C 25147B   25222.05881944  .00003086  00000+0  77046-4 0  2222
2 64756  53.1601 148.4175 0000995  92.4017 234.3958 15.39597441    15
STARLINK-34235
1 64760C 25147F   25222.06368056  .00019900  00000+0  49694-3 0  2221
2 64760  53.1596 148.7017 0001078  72.6177 126.6542 15.39573596    18
STARLINK-34638
1 64762C 25147H   25222.06159722  .00000276  00000+0  68933-5 0  2226
2 64762  53.1600 148.5064 0000972  92.2551 198.4476 15.39598335    13
STARLINK-34534
1 64763C 25147J   25222.05812500  .00019015  00000+0  47477-3 0  2225
2 64763  53.1600 148.3679 0000654 120.0363 228.6805 15.39578737    18
STARLINK-34261
1 64764C 25147K   25222.05881944  .00008320  00000+0  20770-3 0  2228
2 64764  53.1600 148.3132 0001378  92.2004 286.1017 15.39591577    10
STARLINK-34645
1 64766C 25147M   25222.05951389  .00034609  00000+0  86403-3 0  2225
2 64766  53.1601 148.4635 0001263  94.0988 210.8094 15.39566205    15
STARLINK-34639
1 64767C 25147N   25222.06229167 -.01778200  00000+0 -41738-1 0  2224
2 64767  53.1600 148.0962 0001389  78.2818  59.3803 15.43256087    12
STARLINK-34609
1 64768C 25147P   25222.06020833 -.01779100  00000+0 -38489-1 0  2223
2 64768  53.1593 148.0783 0001180  74.2348  65.7606 15.45685798    17
STARLINK-34246
1 64769C 25147Q   25222.06229167  .00023832  00000+0  59515-3 0  2221
2 64769  53.1597 148.6519 0001160 104.8792 114.2805 15.39567647    12
STARLINK-34618
1 64770C 25147R   25222.05118056  .00006716  00000+0  16766-3 0  2229
2 64770  53.1595 148.7553 0001100  95.4940  36.2581 15.39592919    19
STARLINK-34652
1 64772C 25147T   25222.06020833  .00008690  00000+0  21693-3 0  2225
2 64772  53.1600 148.5066 0001222  88.6439 196.2092 15.39593223    10
STARLINK-34621
1 64774C 25147V   25222.06298611  .00006069  00000+0  15152-3 0  2229
2 64774  53.1600 148.4417 0001020  96.5241 229.4654 15.39594536    17
STARLINK-34657
1 64775C 25147W   25222.05743056  .00003948  00000+0  98563-4 0  2228
2 64775  53.1600 148.4162 0001102  87.0821 233.8423 15.39599629    16
STARLINK-34637
1 64776C 25147X   25222.06020833  .00005036  00000+0  12574-3 0  2228
2 64776  53.1601 148.3517 0001106  90.8920 271.1993 15.39593753    16
STARLINK-34547
1 64777C 25147Y   25222.05951389  .00008123  00000+0  20280-3 0  2220
2 64777  53.1599 148.3036 0001133  88.0777 295.9114 15.39593110    14
STARLINK-34491
1 64780C 25147AB  25222.06159722  .00024704  00000+0  61669-3 0  2225
2 64780  53.1597 148.1394 0001074  73.8815  38.9153 15.39578330    15
STARLINK-34582
1 64781C 25147AC  25222.05951389 -.01770900  00000+0 -41967-1 0  2220
2 64781  53.1600 148.0570 0001192  75.3691  71.7941 15.42961089    17
STARLINK-34482
1 64782C 25147AD  25222.06090278 -.00045142  00000+0 -11261-2 0  2220
2 64782  53.1599 148.0909 0001392  76.7842  57.8512 15.39669418    12
STARLINK-34629
1 64790C 25150A   25222.06090278 -.00132780  00000+0 -30281-2 0  2221
2 64790  70.0006 330.4911 0003622 276.4726 195.6767 15.42881857    10
STARLINK-34693
1 64793C 25150D   25222.05881944  .00033448  00000+0  54361-3 0  2226
2 64793  70.0003 330.4473 0003222 272.3231 230.9341 15.52489003    14
STARLINK-34567
1 64795C 25150F   25222.06368056  .00047935  00000+0  77932-3 0  2228
2 64795  70.0004 330.4294 0003592 272.1011 262.1663 15.52463176    19
STARLINK-34646
1 64796C 25150G   25222.05951389  .00039706  00000+0  64535-3 0  2227
2 64796  70.0003 330.4386 0003522 269.9516 242.9430 15.52479313    16
STARLINK-34641
1 64797C 25150H   25222.06159722  .00029565  00000+0  48051-3 0  2227
2 64797  70.0003 330.4306 0003532 269.4707 256.9703 15.52490246    13
STARLINK-34649
1 64798C 25150J   25222.06090278 -.01951000  00000+0 -37929-1 0  2229
2 64798  70.0003 330.4355 0003540 275.1381 244.7531 15.49430493    17
STARLINK-34662
1 64799C 25150K   25222.06229167 -.00452350  00000+0 -10287-1 0  2222
2 64799  70.0005 330.4617 0003813 274.6952 226.7333 15.43289217    12
STARLINK-34660
1 64800C 25150L   25222.06159722 -.01423400  00000+0 -23706-1 0  2229
2 64800  70.0003 330.4239 0003393 269.4233 262.5182 15.53287674    16
STARLINK-34604
1 64801C 25150M   25222.05881944  .00029511  00000+0  47953-3 0  2221
2 64801  70.0003 330.4290 0003613 267.1302 251.4498 15.52496479    12
STARLINK-34658
1 64802C 25150N   25222.05951389  .00042967  00000+0  69842-3 0  2224
2 64802  70.0003 330.4248 0003747 271.6245 252.7734 15.52472628    17
STARLINK-34620
1 64803C 25150P   25222.06020833  .00036612  00000+0  59508-3 0  2225
2 64803  70.0003 330.4206 0003273 269.9519 260.2318 15.52483228    10
STARLINK-34633
1 64804C 25150Q   25222.06368056  .00041523  00000+0  67489-3 0  2222
2 64804  70.0003 330.4088 0003711 271.0797 280.4277 15.52476533    17
STARLINK-34624
1 64805C 25150R   25222.05743056  .00034210  00000+0  55602-3 0  2228
2 64805  70.0003 330.4190 0003897 274.1429 248.1902 15.52483946    15
STARLINK-34664
1 64806C 25150S   25222.05812500  .00034902  00000+0  56718-3 0  2227
2 64806  70.0004 330.4218 0003628 271.2151 251.1559 15.52488328    11
STARLINK-34696
1 64808C 25150U   25222.06368056  .00025967  00000+0  42196-3 0  2228
2 64808  70.0005 330.3997 0003662 268.3177 290.8372 15.52499208    12
STARLINK-34669
1 64811C 25150X   25222.06298611  .00029753  00000+0  48349-3 0  2224
2 64811  70.0003 330.3947 0003637 272.8144 288.2100 15.52494479    10
STARLINK-34644
1 64812C 25150Y   25222.06576389  .00056621  00000+0  87065-3 0  2228
2 64812  70.0001 330.3708 0003908 283.8811 306.5927 15.53995367    12
STARLINK-34685
1 64813C 25150Z   25222.05673611  .00039447  00000+0  64112-3 0  2229
2 64813  70.0001 330.4072 0003629 272.4039 257.5491 15.52479834    10
STARLINK-34668
1 64814C 25150AA  25222.06368056  .00039240  00000+0  63774-3 0  2229
2 64814  70.0003 330.3837 0003068 268.8521 303.7293 15.52483677    17
STARLINK-34667
1 64815C 25150AB  25222.06159722  .00038246  00000+0  62158-3 0  2228
2 64815  70.0003 330.3917 0003758 271.3011 287.7272 15.52481671    16
STARLINK-34756
1 64849C 25152H   25222.06923611  .00367230  00000+0  47423-2 0  2228
2 64849  97.6012  75.2617 0001141  71.2612 112.3407 15.58610572    11
STARLINK-34647
1 64904C 25157A   25222.05673611 -.01616500  00000+0 -12385-1 0  2224
2 64904  53.1590 262.3758 0000679  92.5735 109.6968 15.73073640    10
STARLINK-34273
1 64905C 25157B   25222.06020833 -.01638700  00000+0 -12556-1 0  2224
2 64905  53.1584 262.3549 0001005 108.8446 114.9796 15.73094975    18
STARLINK-34713
1 64906C 25157C   25222.06020833 -.01634000  00000+0 -12521-1 0  2226
2 64906  53.1591 262.3505 0001000 110.8548 114.8925 15.73088886    17
STARLINK-34712
1 64907C 25157D   25222.06229167 -.01634100  00000+0 -12525-1 0  2223
2 64907  53.1590 262.3362 0001121  98.0820 141.3882 15.73081594    18
STARLINK-34702
1 64908C 25157E   25222.05881944 -.01634200  00000+0 -12519-1 0  2224
2 64908  53.1590 262.3495 0001000 104.9752 116.7348 15.73094083    13
STARLINK-34687
1 64909C 25157F   25222.05465278 -.01632600  00000+0 -12501-1 0  2226
2 64909  53.1581 262.3658 0001099  98.9926 101.0306 15.73104089    17
STARLINK-34642
1 64910C 25157G   25222.06159722 -.01634500  00000+0 -12527-1 0  2222
2 64910  53.1584 262.3275 0001023 109.1256 132.1607 15.73083955    12
STARLINK-34718
1 64911C 25157H   25222.05743056 -.01633900  00000+0 -12515-1 0  2221
2 64911  53.1590 262.3445 0001000  98.7392 120.8560 15.73096918    13
STARLINK-34711
1 64912C 25157J   25222.06159722 -.01633200  00000+0 -12517-1 0  2229
2 64912  53.1582 262.3194 0000824  76.3017 168.8202 15.73082044    15
STARLINK-34659
1 64913C 25157K   25222.06090278 -.01632100  00000+0 -12508-1 0  2228
2 64913  53.1580 262.3188 0000887  79.5137 163.5912 15.73083220    11
STARLINK-34571
1 64914C 25157L   25222.05534722 -.01631100  00000+0 -12491-1 0  2225
2 64914  53.1581 262.3423 0001062  84.4879 129.0546 15.73100274    18
STARLINK-34636
1 64915C 25157M   25222.06090278 -.01631000  00000+0 -12499-1 0  2227
2 64915  53.1581 262.3107 0001000  85.0783 161.8610 15.73082005    18
STARLINK-34695
1 64916C 25157N   25222.05465278 -.01628200  00000+0 -12468-1 0  2227
2 64916  53.1581 262.3378 0001114 101.3544 112.0930 15.73098019    17
STARLINK-34653
1 64917C 25157P   25222.05743056 -.01627700  00000+0 -12469-1 0  2226
2 64917  53.1588 262.3201 0001147  99.4830 131.6216 15.73088343    14
STARLINK-34611
1 64918C 25157Q   25222.05604167 -.01627800  00000+0 -12467-1 0  2225
2 64918  53.1589 262.3226 0001071 109.6748 115.4757 15.73093309    19
STARLINK-34069
1 64920C 25157S   25222.07687500 -.01631000  00000+0 -12528-1 0  2227
2 64920  53.1588 262.2154 0001000  97.2910 247.8191 15.73029056    15
STARLINK-34699
1 64921C 25157T   25222.05881944 -.01617900  00000+0 -12398-1 0  2222
2 64921  53.1586 262.3007 0001198 100.4556 144.2835 15.73070319    16
STARLINK-34700
1 64922C 25157U   25222.05395833 -.01628900  00000+0 -12473-1 0  2226
2 64922  53.1588 262.3207 0001023 109.4710 109.6254 15.73100915    15
STARLINK-34643
1 64923C 25157V   25222.05881944 -.01626300  00000+0 -12461-1 0  2229
2 64923  53.1587 262.2888 0001114  89.0190 161.4580 15.73082033    13
STARLINK-34199
1 64924C 25157W   25222.06090278 -.01624600  00000+0 -12452-1 0  2224
2 64924  53.1588 262.2824 0000844  95.6319 164.7376 15.73072357    17
STARLINK-34579
1 64925C 25157X   25222.06159722 -.01627100  00000+0 -12472-1 0  2225
2 64925  53.1589 262.2709 0000835  88.9470 179.1853 15.73074208    11
STARLINK-34543
1 64926C 25157Y   25222.05951389 -.01625100  00000+0 -12454-1 0  2222
2 64926  53.1585 262.2673 0001029  91.1560 172.8436 15.73077549    18
STARLINK-34248
1 64928C 25157AA  25222.05743056 -.01623000  00000+0 -12434-1 0  2229
2 64928  53.1588 262.2878 0000891  85.6457 160.8027 15.73081331    16
STARLINK-34290
1 64929C 25157AB  25222.05951389 -.01631700  00000+0 -12503-1 0  2223
2 64929  53.1589 262.2732 0001098 104.8783 155.2784 15.73086502    16
STARLINK-34715
1 64931C 25157AD  25222.05604167 -.01629700  00000+0 -12482-1 0  2228
2 64931  53.1589 262.2862 0000953  79.6221 162.7795 15.73095424    16
STARLINK-34726
1 64935C 25158D   25222.06020833 -.02213400  00000+0 -32994-1 0  2223
2 64935  97.6026  83.9254 0001886  92.6483 193.2261 15.57394364    17
STARLINK-34529
1 64936C 25158E   25222.06090278 -.02212700  00000+0 -32986-1 0  2227
2 64936  97.6026  83.9278 0002129  92.9022 198.7830 15.57391048    15
STARLINK-34743
1 64937C 25158F   25222.05465278 -.02213200  00000+0 -32961-1 0  2222
2 64937  97.6026  83.9218 0002157  92.0730 166.5143 15.57419805    10
STARLINK-34730
1 64938C 25158G   25222.06229167 -.02213100  00000+0 -32998-1 0  2228
2 64938  97.6026  83.9306 0002036  95.1510 208.1533 15.57386622    11
STARLINK-34714
1 64939C 25158H   25222.05951389 -.02212800  00000+0 -32982-1 0  2225
2 64939  97.6026  83.9283 0002019  95.5414 194.1247 15.57397127    12
STARLINK-34755
1 64940C 25158J   25222.05881944 -.02214600  00000+0 -33003-1 0  2221
2 64940  97.6026  83.9287 0002179  99.6328 188.0609 15.57402808    11
STARLINK-34740
1 64941C 25158K   25222.05673611 -.02215200  00000+0 -33000-1 0  2226
2 64941  97.6026  83.9272 0002059  89.8640 188.0758 15.57412997    16
STARLINK-34742
1 64942C 25158L   25222.05812500 -.02213300  00000+0 -32981-1 0  2225
2 64942  97.6026  83.9297 0001904  92.7753 194.8704 15.57403827    18
STARLINK-34719
1 64943C 25158M   25222.05743056 -.02212400  00000+0 -32965-1 0  2227
2 64943  97.6026  83.9302 0001934  91.9011 193.7769 15.57405251    19
STARLINK-34373
1 64944C 25158N   25222.06298611 -.02214000  00000+0 -33017-1 0  2228
2 64944  97.6027  83.9361 0001892  92.2278 226.4930 15.57383599    12
STARLINK-34758
1 64945C 25158P   25222.05604167 -.02215000  00000+0 -32994-1 0  2229
2 64945  97.6027  83.9296 0002173  99.5760 182.1572 15.57415680    16
STARLINK-34753
1 64946C 25158Q   25222.06090278 -.02215200  00000+0 -33023-1 0  2229
2 64946  97.6026  83.9357 0001965  89.8349 221.0535 15.57394199    10
STARLINK-34747
1 64947C 25158R   25222.05604167 -.02214200  00000+0 -32983-1 0  2220
2 64947  97.6027  83.9314 0002108  99.0884 186.4880 15.57414346    16
STARLINK-34630
1 64948C 25158S   25222.05951389 -.02213700  00000+0 -32993-1 0  2227
2 64948  97.6026  83.9359 0001978  86.8547 220.0943 15.57398573    17
STARLINK-34689
1 64949C 25158T   25222.06229167 -.02215400  00000+0 -33034-1 0  2227
2 64949  97.6027  83.9397 0001875  92.8159 231.6152 15.57388692    14
STARLINK-34586
1 64950C 25158U   25222.05465278 -.02214300  00000+0 -32977-1 0  2226
2 64950  97.6027  83.9327 0002124 100.0241 183.5338 15.57420262    12
STARLINK-34738
1 64951C 25158V   25222.05881944 -.02214200  00000+0 -32997-1 0  2220
2 64951  97.6026  83.9381 0001977  88.5325 220.2872 15.57402371    13
STARLINK-34744
1 64952C 25158W   25222.06159722 -.02213200  00000+0 -32996-1 0  2222
2 64952  97.6027  83.9420 0001917  90.2184 238.0045 15.57389594    16
STARLINK-34701
1 64953C 25158X   25222.06020833 -.02214400  00000+0 -33009-1 0  2222
2 64953  97.6026  83.9410 0001896  84.8462 233.6767 15.57396129    13
STARLINK-34761
1 64954C 25158Y   25222.05812500 -.02210900  00000+0 -32944-1 0  2220
2 64954  97.6027  83.9397 0001995  86.9797 223.7099 15.57402938    17
STARLINK-34732
1 64955C 25158Z   25222.06090278 -.02214000  00000+0 -33006-1 0  2227
2 64955  97.6026  83.9444 0001827  79.7136 248.4597 15.57393220    11
STARLINK-34617
1 65015C 25161A   25222.05881944 -.00991730  00000+0 -44421-2 0  2220
2 65015  53.1546 203.9529 0000724  73.1800 298.5158 15.84462915    19
STARLINK-34627
1 65016C 25161B   25222.05881944 -.00999610  00000+0 -44751-2 0  2222
2 65016  53.1545 203.9484 0000727  73.8729 300.0078 15.84481490    18
STARLINK-34549
1 65017C 25161C   25222.06298611 -.01007600  00000+0 -45131-2 0  2220
2 65017  53.1547 203.9216 0000759  75.6343 324.7719 15.84478505    19
STARLINK-34623
1 65018C 25161D   25222.05881944 -.01013000  00000+0 -45356-2 0  2227
2 65018  53.1545 203.9368 0000673  76.9992 302.2068 15.84492420    15
STARLINK-34232
1 65019C 25161E   25222.06159722 -.01023800  00000+0 -45873-2 0  2224
2 65019  53.1546 203.9169 0000688  79.0435 318.9493 15.84488965    13
STARLINK-34772
1 65020C 25161F   25222.05881944 -.01031300  00000+0 -46190-2 0  2220
2 65020  53.1546 203.9258 0000678  80.5332 304.0781 15.84505029    13
STARLINK-34778
1 65021C 25161G   25222.06090278 -.01038500  00000+0 -46527-2 0  2227
2 65021  53.1545 203.9094 0000583  79.0358 320.1968 15.84504273    13
STARLINK-34789
1 65022C 25161H   25222.05395833 -.01046000  00000+0 -46849-2 0  2223
2 65022  53.1545 203.9384 0000788  68.8071 293.6559 15.84518063    13
STARLINK-34858
1 65023C 25161J   25222.06229167 -.01054800  00000+0 -47285-2 0  2223
2 65023  53.1545 203.8909 0000740  72.7485 339.8159 15.84510307    19
STARLINK-34773
1 65024C 25161K   25222.06159722 -.01063200  00000+0 -47668-2 0  2222
2 65024  53.1545 203.8886 0000727  68.8088 342.5664 15.84514471    12
STARLINK-34727
1 65025C 25161L   25222.05534722 -.01071700  00000+0 -48026-2 0  2222
2 65025  53.1545 203.9145 0000655  77.1757 301.1685 15.84534012    15
STARLINK-34804
1 65026C 25161M   25222.05951389 -.01080400  00000+0 -48448-2 0  2220
2 65026  53.1545 203.8881 0000720  77.0347 327.8528 15.84528178    16
STARLINK-34655
1 65027C 25161N   25222.06159722 -.01087700  00000+0 -48783-2 0  2225
2 65027  53.1546 203.8721 0000613  79.4945 339.7595 15.84532597    18
STARLINK-34807
1 65028C 25161P   25222.05881944 -.01097800  00000+0 -49239-2 0  2222
2 65028  53.1546 203.8805 0000634  79.2867 326.8923 15.84542009    17
STARLINK-34731
1 65029C 25161Q   25222.05951389 -.01111000  00000+0 -49843-2 0  2224
2 65029  53.1545 203.8713 0000709  75.6315 337.2052 15.84548732    14
STARLINK-34614
1 65030C 25161R   25222.06090278 -.01121900  00000+0 -50351-2 0  2224
2 65030  53.1542 203.8586 0000672  75.3187 348.0159 15.84553840    18
STARLINK-34677
1 65031C 25161S   25222.06159722 -.01139200  00000+0 -51145-2 0  2229
2 65031  53.1544 203.8496 0000681  85.1150 344.8730 15.84562634    10
STARLINK-34656
1 65032C 25161T   25222.05951389 -.01156000  00000+0 -51912-2 0  2227
2 65032  53.1545 203.8542 0000574  83.1872 337.5991 15.84576178    10
STARLINK-34671
1 65033C 25161U   25222.05951389 -.01174000  00000+0 -52741-2 0  2229
2 65033  53.1543 203.8484 0000729  75.6847 347.7310 15.84585974    16
STARLINK-34610
1 65034C 25161V   25222.05465278 -.01189700  00000+0 -53438-2 0  2224
2 65034  53.1544 203.8675 0000754  73.2920 325.0556 15.84603585    14
STARLINK-34286
1 65035C 25161W   25222.05604167 -.01208400  00000+0 -54334-2 0  2222
2 65035  53.1546 203.8549 0000716  77.4607 331.5857 15.84602429    15
STARLINK-34770
1 65036C 25161X   25222.05604167 -.01221000  00000+0 -54931-2 0  2227
2 65036  53.1545 203.8493 0000661  74.8113 336.8785 15.84602700    15
STARLINK-34776
1 65037C 25161Y   25222.06020833 -.01234500  00000+0 -55585-2 0  2226
2 65037  53.1545 203.8232 0000749  80.9251 357.0420 15.84598905    17
STARLINK-34827
1 65038C 25161Z   25222.06229167 -.01245300  00000+0 -56124-2 0  2228
2 65038  53.1544 203.8072 0000747  78.8581  13.6753 15.84589560    10
STARLINK-34721
1 65039C 25161AA  25222.06229167 -.01254700  00000+0 -56597-2 0  2227
2 65039  53.1545 203.8014 0000837  79.3529  15.8883 15.84581484    11
STARLINK-34819
1 65040C 25161AB  25222.05604167 -.01264700  00000+0 -57059-2 0  2220
2 65040  53.1545 203.8273 0000617  88.3497 333.9818 15.84587062    10
STARLINK-34820
1 65041C 25161AC  25222.05812500 -.01275000  00000+0 -57590-2 0  2228
2 65041  53.1545 203.8111 0000748  82.8042 354.1362 15.84573844    14
STARLINK-34824
1 65042C 25161AD  25222.06159722 -.01285800  00000+0 -58178-2 0  2222
2 65042  53.1543 203.7873 0000778  79.8038  19.9071 15.84547777    10
STARLINK-34561
1 71744C 25167D   25222.05812500 -.01519300  00000+0 -45275-2 0  2222
2 71744  53.1540 300.2919 0000607  59.2944 191.8646 15.93232656    11
STARLINK-34626
1 71745C 25167E   25222.05812500 -.01540700  00000+0 -45517-2 0  2220
2 71745  53.1539 300.2855 0000552  56.9353 197.2817 15.93422841    13
STARLINK-34247
1 71746C 25167F   25222.06229167 -.01527400  00000+0 -45355-2 0  2225
2 71746  53.1540 300.2674 0000439  52.4613 224.1599 15.93311058    13
STARLINK-34601
1 71747C 25167G   25222.06159722 -.01551700  00000+0 -45659-2 0  2222
2 71747  53.1541 300.2643 0000568  49.3880 226.3893 15.93510290    15
STARLINK-34792
1 71748C 25167H   25222.05465278 -.01567500  00000+0 -45870-2 0  2228
2 71748  53.1540 300.2965 0000720  56.8313 180.6056 15.93633058    17
STARLINK-34822
1 71749C 25167J   25222.05465278 -.01572800  00000+0 -45863-2 0  2220
2 71749  53.1540 300.2939 0000600  55.0760 183.6117 15.93707060    19
STARLINK-34686
1 71750C 25167K   25222.05465278 -.01580400  00000+0 -45912-2 0  2222
2 71750  53.1539 300.2912 0000654  55.1021 184.8855 15.93786203    18
STARLINK-34594
1 71751C 25167L   25222.05465278 -.01594700  00000+0 -46110-2 0  2222
2 71751  53.1537 300.2877 0000596  58.9297 182.7097 15.93891705    17
STARLINK-34665
1 71752C 25167M   25222.05465278 -.01602100  00000+0 -46134-2 0  2223
2 71752  53.1539 300.2846 0000592  50.1049 192.9685 15.93977732    12
STARLINK-34673
1 71753C 25167N   25222.05673611 -.01609500  00000+0 -46191-2 0  2220
2 71753  53.1540 300.2712 0000637  44.7064 211.6358 15.94050822    12
STARLINK-34648
1 71754C 25167P   25222.05812500 -.01621900  00000+0 -46339-2 0  2225
2 71754  53.1539 300.2605 0000645  45.7120 220.2518 15.94149063    15
STARLINK-34640
1 71755C 25167Q   25222.05743056 -.01635500  00000+0 -46508-2 0  2224
2 71755  53.1540 300.2606 0000630  51.1092 212.4730 15.94253398    18
STARLINK-34266
1 71756C 25167R   25222.05743056 -.01643900  00000+0 -46548-2 0  2222
2 71756  53.1539 300.2574 0000447  52.8207 212.2475 15.94343118    17
STARLINK-34769
1 71757C 25167S   25222.05743056 -.01648200  00000+0 -46513-2 0  2223
2 71757  53.1539 300.2549 0000487  52.2185 214.0252 15.94412597    14
STARLINK-34768
1 71758C 25167T   25222.06229167 -.01663800  00000+0 -46771-2 0  2226
2 71758  53.1538 300.2265 0000421  48.2010 247.5729 15.94503120    12
STARLINK-34759
1 71759C 25167U   25222.06229167 -.01670400  00000+0 -46785-2 0  2226
2 71759  53.1538 300.2238 0000520  50.3339 246.7108 15.94579387    11
STARLINK-34741
1 71760C 25167V   25222.05951389 -.01683100  00000+0 -46893-2 0  2226
2 71760  53.1540 300.2345 0000602  51.2602 231.4922 15.94692465    17
STARLINK-34764
1 71761C 25167W   25222.05395833 -.01702500  00000+0 -46990-2 0  2227
2 71761  53.1537 300.2571 0000398  58.4524 195.2623 15.94891783    18
STARLINK-34815
1 71762C 25167X   25222.05465278 -.01690200  00000+0 -46870-2 0  2229
2 71762  53.1538 300.2567 0000460  55.5584 200.5991 15.94789952    11
STARLINK-34814
1 71763C 25167Y   25222.05395833 -.01710200  00000+0 -47018-2 0  2227
2 71763  53.1538 300.2543 0000456  52.2082 202.8519 15.94973595    17
STARLINK-34285
1 71764C 25167Z   25222.05604167 -.01720200  00000+0 -47087-2 0  2228
2 71764  53.1538 300.2403 0000587  49.4844 219.1979 15.95066673    14
STARLINK-34857
1 71765C 25167AA  25222.05881944 -.01743400  00000+0 -47332-2 0  2229
2 71765  53.1537 300.2198 0000533  47.0238 240.5879 15.95246790    14
STARLINK-34887
1 71766C 25167AB  25222.06090278 -.01734100  00000+0 -47315-2 0  2221
2 71766  53.1538 300.2124 0000389  53.1268 244.8722 15.95142509    12
STARLINK-34481
1 71767C 25167AC  25222.05604167 -.01750900  00000+0 -47292-2 0  2229
2 71767  53.1537 300.2308 0000401  54.1959 218.9926 15.95351191    16
STARLINK-34545
1 71768C 25167AD  25222.05604167 -.01759500  00000+0 -47340-2 0  2229
2 71768  53.1536 300.2281 0000584  49.2509 225.2623 15.95434574    16
