STARLINK-1008
1 44714C 19074B   25222.13798611  .00007346  00000+0  49238-3 0  2227
2 44714  53.0535  56.3142 0001376  87.8989 344.5028 15.06377273    18
STARLINK-1010
1 44716C 19074D   25222.11854167  .00197400  00000+0  18508-2 0  2222
2 44716  53.0543  25.2862 0006553 257.3194  13.7140 15.66317474    10
STARLINK-1011
1 44717C 19074E   25222.01993056  .01153400  00000+0  32080-1 0  2226
2 44717  53.0540  75.5571 0001236  93.0105 330.0040 15.35129582    14
STARLINK-1012
1 44718C 19074F   25222.14145833  .00007387  00000+0  49516-3 0  2228
2 44718  53.0544  56.2986 0001380  84.6833 126.6017 15.06375158    12
STARLINK-1013
1 44719C 19074G   25222.13381944  .00423340  00000+0  93991-3 0  2220
2 44719  53.0460  10.0223 0002528 275.7931  96.3998 15.96764283    10
STARLINK-1015
1 44721C 19074J   25222.14979167  .00246030  00000+0  13608-2 0  2229
2 44721  53.0517  17.4612 0003567 180.6764 185.4715 15.78649634    10
STARLINK-1017
1 44723C 19074L   25222.15048611  .00028471  00000+0  17842-2 0  2224
2 44723  53.0540  55.7301 0003128 127.9827 225.9457 15.08825921    16
STARLINK-1019
1 44724C 19074M   25222.13937500  .00009095  00000+0  60957-3 0  2224
2 44724  53.0542  56.3058 0001414  94.4669 125.5369 15.06375731    17
STARLINK-1020
1 44725C 19074N   25222.14215278  .00010366  00000+0  69501-3 0  2224
2 44725  53.0528  76.2946 0001404  87.0697 118.0086 15.06364189    15
STARLINK-1021
1 44726C 19074P   25222.11784722  .00239950  00000+0  16047-2 0  2225
2 44726  53.0492  21.9672 0005457 177.0919  94.7354 15.74357958    17
STARLINK-1029
1 44734C 19074X   25222.13381944  .00138680  00000+0  10839-2 0  2226
2 44734  53.0557 304.2410 0010762 313.8591 276.3034 15.70744778    15
STARLINK-1030
1 44735C 19074Y   25222.06923611  .00269480  00000+0  13039-2 0  2220
2 44735  53.0458  41.4076 0003954 161.3225 160.9832 15.81538231    10
STARLINK-1031
1 44736C 19074Z   25222.14909722  .00078749  00000+0  25243-2 0  2223
2 44736  53.0566  64.2733 0004569 126.6675 114.4285 15.31712200    11
STARLINK-1036
1 44741C 19074AE  25222.13381944  .00012224  00000+0  81939-3 0  2229
2 44741  53.0537  76.3343 0001406  79.9319 279.8784 15.06371116    17
STARLINK-1039
1 44744C 19074AH  25222.14909722  .00033066  00000+0  21546-2 0  2227
2 44744  53.0529  96.1721 0002837 141.5410  17.9662 15.07392040    14
STARLINK-1042
1 44747C 19074AL  25222.03173611  .00018679  00000+0  46724-3 0  2227
2 44747  53.0493  21.9021 0002180 193.4269 156.3383 15.39518240    10
STARLINK-1043
1 44748C 19074AM  25222.13729167  .00015922  00000+0  10676-2 0  2226
2 44748  53.0532  96.3182 0001398  78.7001  89.9798 15.06356057    19
STARLINK-1046
1 44751C 19074AQ  25222.14145833  .00015387  00000+0  10316-2 0  2229
2 44751  53.0538  96.3005 0001401  81.8672  29.4151 15.06360388    11
STARLINK-1047
1 44752C 19074AR  25222.14631944  .00010415  00000+0  39315-3 0  2221
2 44752  53.0694  50.0166 0001348 246.5450 109.2415 15.26473161    10
STARLINK-1048
1 44753C 19074AS  25222.13798611  .00008342  00000+0  55904-3 0  2224
2 44753  53.0536  56.3134 0001408  90.3194 222.0739 15.06382899    15
STARLINK-1053
1 44758C 19074AX  25222.14215278  .00030118  00000+0  48953-3 0  2225
2 44758  53.0440  43.4889 0000418 127.7577  34.9410 15.52056739    16
STARLINK-1054
1 44759C 19074AY  25222.11715278  .00128570  00000+0  20973-2 0  2229
2 44759  53.0493  74.8096 0007257 130.6186 266.2801 15.51826298    18
STARLINK-1056
1 44761C 19074BA  25222.10118056  .00135900  00000+0  14515-2 0  2222
2 44761  53.0476  67.8956 0003030 216.1190   6.7716 15.63127974    19
STARLINK-1057
1 44762C 19074BB  25222.08590278  .00248630  00000+0  16514-2 0  2226
2 44762  53.0488  43.2189 0005990 149.5658 179.7163 15.74502176    14
STARLINK-1060
1 44765C 19074BE  25222.13173611  .00011279  00000+0  75602-3 0  2224
2 44765  53.0534  76.3391 0001353  91.3437  97.1771 15.06371250    19
STARLINK-1063
1 44768C 19074BH  25222.14076389  .00013021  00000+0  87300-3 0  2227
2 44768  53.0529  96.3003 0001334  97.0913  70.4386 15.06361917    14
STARLINK-1067
1 44771C 19074BL  25222.12687500  .00007295  00000+0  48914-3 0  2226
2 44771  53.0530  96.3646 0001473  81.5699  70.6272 15.06363589    19
STARLINK-1068
1 44772C 19074BM  25222.13590278  .00011288  00000+0  75682-3 0  2222
2 44772  53.0535  76.3238 0001318  82.0267 169.1082 15.06363575    13
STARLINK-1098
1 44917C 20001D   25222.11715278  .00238250  00000+0  74889-3 0  2220
2 44917  53.0483 178.8337 0010153  14.6915  94.2941 15.90328202    15
STARLINK-1104
1 44922C 20001J   25221.98243056  .00270580  00000+0  87890-3 0  2217
2 44922  53.0494 180.6612 0010109  25.7826  87.8303 15.89653837    18
STARLINK-1112
1 44925C 20001M   25222.14979167  .00104140  00000+0  25160-2 0  2228
2 44925  53.0528 197.5708 0009118 358.7244  37.7121 15.40444775    11
STARLINK-1114
1 44927C 20001P   25222.14076389 -.00001908  00000+0 -12782-3 0  2221
2 44927  53.0528 216.3002 0001423  78.9010 348.4784 15.06404119    10
STARLINK-1123
1 44930C 20001S   25222.14076389 -.00023141  00000+0 -15507-2 0  2225
2 44930  53.0528 216.2990 0001317  83.7759 263.7082 15.06416223    14
STARLINK-1144
1 44933C 20001V   25222.13798611  .00020268  00000+0  45981-3 0  2221
2 44933  53.0494 176.8983 0005818 112.0020 200.4802 15.42441734    12
STARLINK-1071
1 44934C 20001W   25222.14076389  .00239280  00000+0  87723-3 0  2220
2 44934  53.0427 156.0261 0009976  38.2193 287.2043 15.87276042    14
STARLINK-1079
1 44937C 20001Z   25222.14423611  .05207500  00000+0  10533-2 0  2226
2 44937  53.0130  69.4657 0013507 276.9718 322.8578 16.30195128    16
STARLINK-1091
1 44940C 20001AC  25222.15118056  .00127510  00000+0  14356-2 0  2229
2 44940  53.0456 169.2345 0008411  41.2960  81.2517 15.61745449    13
STARLINK-1094
1 44941C 20001AD  25222.13937500 -.00020295  00000+0 -13601-2 0  2227
2 44941  53.0532 196.3047 0001307  81.6010 188.3544 15.06410090    19
STARLINK-1096
1 44942C 20001AE  25222.15187500  .00069696  00000+0  58669-3 0  2227
2 44942  52.9977 357.3430 0000658  56.8543  79.6935 15.69112559    13
STARLINK-1122
1 44949C 20001AM  25222.14006944 -.00014971  00000+0 -10034-2 0  2226
2 44949  53.0520 196.3000 0001289  78.1997  75.5444 15.06402230    10
STARLINK-1066
1 44954C 20001AS  25222.11368056  .00236390  00000+0  12503-2 0  2226
2 44954  53.0474 140.4693 0010905  51.7591  67.6549 15.79560106    19
STARLINK-1080
1 44961C 20001AZ  25222.12340278 -.00032479  00000+0 -21771-2 0  2222
2 44961  53.0529 176.3802 0001461  87.0332 346.3073 15.06414707    14
STARLINK-1090
1 44968C 20001BG  25222.12687500  .00004875  00000+0  32688-3 0  2228
2 44968  53.0531 176.3648 0001129  93.3453 338.8185 15.06367774    18
STARLINK-1093
1 44970C 20001BJ  25222.14909722  .05233600  00000+0  91852-3 0  2229
2 44970  53.0235  60.1142 0015320 275.6384  51.5946 16.31544956    19
STARLINK-1107
1 44972C 20001BL  25222.13937500  .00067151  00000+0  12025-2 0  2220
2 44972  53.0160 120.5918 0000612 257.7935 237.1390 15.49296417    10
STARLINK-1115
1 44973C 20001BM  25222.10395833  .00265620  00000+0  92455-3 0  2222
2 44973  53.0254  81.4341 0003169  84.1131 150.7305 15.88369760    11
STARLINK-1132
1 45044C 20006A   25222.13312500 -.00013637  00000+0 -91438-3 0  2221
2 45044  53.0535 136.3342 0001430  92.6408 233.4854 15.06384641    17
STARLINK-1131
1 45047C 20006D   25222.14215278 -.00018845  00000+0 -12634-2 0  2225
2 45047  53.0540 156.8322 0001471  86.7281  57.9803 15.06394016    19
STARLINK-1134
1 45048C 20006E   25222.12131944  .00045881  00000+0  20569-2 0  2225
2 45048  53.0490 144.7934 0002515 243.2820 248.8582 15.20653169    16
STARLINK-1156
1 45054C 20006L   25222.13243056 -.00009524  00000+0 -63906-3 0  2220
2 45054  53.0540 156.3386 0001457  78.4364 173.8664 15.06355503    17
STARLINK-1159
1 45057C 20006P   25222.12618056 -.00026187  00000+0 -17559-2 0  2224
2 45057  53.0542 156.3646 0001495  79.7587  58.6489 15.06395732    17
STARLINK-1166
1 45060C 20006S   25222.13451389 -.00011566  00000+0 -77541-3 0  2226
2 45060  53.0541 156.3298 0001500  95.8234  27.7934 15.06387774    17
STARLINK-1169
1 45061C 20006T   25222.14145833 -.00020354  00000+0 -13646-2 0  2222
2 45061  53.0536 156.2990 0001427  85.1147  36.2137 15.06395685    13
STARLINK-1171
1 45062C 20006U   25222.12895833  .00002407  00000+0  16135-3 0  2227
2 45062  53.0540 156.3509 0001547  90.2193  43.1382 15.06384024    11
STARLINK-1133
1 45064C 20006W   25222.14215278 -.00010242  00000+0 -68683-3 0  2223
2 45064  53.0540 136.2912 0001406  80.7834  54.3198 15.06374766    19
STARLINK-1150
1 45067C 20006Z   25222.14493056  .00198200  00000+0  12850-2 0  2221
2 45067  53.0462 105.7087 0008761  86.8688  84.6472 15.75075002    12
STARLINK-1167
1 45071C 20006AD  25222.13243056 -.00006434  00000+0 -43144-3 0  2228
2 45071  53.0532 136.3405 0001441 100.4286 201.8831 15.06375579    12
STARLINK-1168
1 45072C 20006AE  25222.13937500  .00036147  00000+0  24227-2 0  2225
2 45072  53.0532 136.3081 0001443  57.9630 261.8895 15.06349987    14
STARLINK-1172
1 45074C 20006AG  25222.12131944 -.00007468  00000+0 -50081-3 0  2228
2 45074  53.0534 136.3889 0001408  75.9347  86.0927 15.06372043    12
STARLINK-1153
1 45080C 20006AN  25222.14076389 -.00016214  00000+0 -10874-2 0  2222
2 45080  53.0535 136.3033 0001337  89.0179 298.5520 15.06379363    12
STARLINK-1151
1 45081C 20006AP  25222.14076389 -.00012863  00000+0 -86273-3 0  2226
2 45081  53.0540 136.3748 0001421  83.4949  24.0341 15.06373250    11
STARLINK-1190
1 45083C 20006AR  25222.15187500  .00087402  00000+0  84435-3 0  2224
2 45083  53.0527 127.4265 0001585 191.8372 157.5190 15.65711399    17
STARLINK-1173
1 45084C 20006AS  25222.14631944  .00127630  00000+0  11808-2 0  2221
2 45084  53.0517  92.9372 0005883 146.2753 356.0518 15.66722781    12
STARLINK-1179
1 45085C 20006AT  25222.11368056  .00184000  00000+0  12170-2 0  2227
2 45085  53.0454  86.7952 0006808 116.0000 117.4235 15.74654457    14
STARLINK-1185
1 45087C 20006AV  25222.13104167  .00004923  00000+0  33006-3 0  2229
2 45087  53.0528 116.3431 0001414  95.1939  89.5686 15.06367945    13
STARLINK-1183
1 45088C 20006AW  25222.13729167 -.00003431  00000+0 -23008-3 0  2229
2 45088  53.0538 116.3147 0001438 101.7248 356.9976 15.06369865    18
STARLINK-1176
1 45090C 20006AY  25222.13937500  .00125750  00000+0  12659-2 0  2220
2 45090  53.0514  89.9973 0008885 103.5074 135.9405 15.64591644    15
STARLINK-1142
1 45093C 20006BB  25222.11784722  .00055364  00000+0  11911-2 0  2220
2 45093  53.0423  75.9177 0002012 174.0353 212.5163 15.43995862    17
STARLINK-1146
1 45094C 20006BC  25222.13034722  .00190560  00000+0  12729-2 0  2227
2 45094  53.0507  87.8776 0007062 120.1648 118.8716 15.74417935    13
STARLINK-1147
1 45095C 20006BD  25222.14909722  .00171470  00000+0  11724-2 0  2223
2 45095  53.0470  90.0957 0004959 151.1996  72.8717 15.73918345    12
STARLINK-1152
1 45096C 20006BE  25222.15187500  .00036964  00000+0  17777-2 0  2229
2 45096  53.0511 106.8913 0002947 352.0022 157.2036 15.18241027    11
STARLINK-1184
1 45098C 20006BG  25222.13729167  .00009331  00000+0  62563-3 0  2222
2 45098  53.0538 116.3154 0001277 103.1125 275.5841 15.06362709    15
STARLINK-1193
1 45100C 20006BJ  25222.14076389  .00009784  00000+0  65549-3 0  2227
2 45100  53.0537 116.2996 0001436  87.3563 330.1910 15.06389516    17
STARLINK-1143
1 45179C 20012B   25222.12548611  .00007332  00000+0  25763-3 0  2221
2 45179  53.0566 256.0782 0004349 324.2994 158.4558 15.28823053    10
STARLINK-1200
1 45181C 20012D   25222.12340278  .00203450  00000+0  69572-3 0  2228
2 45181  53.0479 245.1358 0014084 356.7123 108.9212 15.88619873    11
STARLINK-1201
1 45182C 20012E   25222.13868056  .00236580  00000+0  10984-2 0  2221
2 45182  53.0451 224.1264 0013107 351.9530 198.5093 15.82325900    10
STARLINK-1202
1 45183C 20012F   25222.14006944  .00001739  00000+0  11651-3 0  2222
2 45183  53.0532 276.3041 0001255  90.4581 343.2312 15.06400928    18
STARLINK-1216
1 45185C 20012H   25222.12826389  .00002358  00000+0  15806-3 0  2229
2 45185  53.0533 276.3563 0001252  86.0918 323.5586 15.06377863    17
STARLINK-1224
1 45186C 20012J   25222.14701389  .00212770  00000+0  95428-3 0  2223
2 45186  53.0444 245.5755 0012043 346.9475  84.8665 15.83103770    10
STARLINK-1225
1 45187C 20012K   25222.13381944  .00003208  00000+0  21490-3 0  2226
2 45187  53.0524 276.3345 0001296  88.7829 250.9783 15.06402645    14
STARLINK-1228
1 45188C 20012L   25222.15118056  .00217600  00000+0  73763-3 0  2224
2 45188  53.0401 184.0810 0008691   8.0702 306.0202 15.88886355    15
STARLINK-1230
1 45189C 20012M   25222.13937500  .00003181  00000+0  21315-3 0  2229
2 45189  53.0529 276.3080 0001243  82.0700 267.8521 15.06395029    18
STARLINK-1234
1 45190C 20012N   25222.14215278 -.00001889  00000+0 -12655-3 0  2225
2 45190  53.0518 236.2930 0001133  82.1727 182.8435 15.06401148    15
STARLINK-1237
1 45192C 20012Q   25222.12270833  .00199830  00000+0  68533-3 0  2221
2 45192  53.0534 245.4828 0011627 357.7130 123.0421 15.88620631    13
STARLINK-1240
1 45194C 20012S   25222.14354167  .00188530  00000+0  10369-2 0  2226
2 45194  53.0456 244.9985 0014175 342.1558 129.5678 15.78684298    12
STARLINK-1244
1 45196C 20012U   25222.11506944  .00203720  00000+0  96657-3 0  2221
2 45196  53.0448 245.6762 0012330 342.7612 140.4848 15.81913066    17
STARLINK-1269
1 45197C 20012V   25222.12479167  .00005002  00000+0  33521-3 0  2223
2 45197  53.0536 276.3734 0001456  87.1535 123.7248 15.06385414    12
STARLINK-1154
1 45198C 20012W   25222.14215278 -.00002178  00000+0 -14591-3 0  2226
2 45198  53.0524 256.2941 0001261  91.0462 263.9942 15.06397464    10
STARLINK-1199
1 45201C 20012Z   25222.12548611  .00000100  00000+0  67167-5 0  2229
2 45201  53.0519 256.3705 0001236  78.0293 126.5202 15.06394922    16
STARLINK-1206
1 45204C 20012AC  25222.14145833  .00223910  00000+0  11844-2 0  2227
2 45204  53.0448 226.0741 0012884 354.6648 298.9231 15.79532221    14
STARLINK-1208
1 45205C 20012AD  25222.13590278  .00210380  00000+0  13079-2 0  2223
2 45205  53.0455 226.0559 0014284 352.6525 190.4005 15.75922650    18
STARLINK-1209
1 45206C 20012AE  25222.14076389 -.00001400  00000+0 -93811-4 0  2224
2 45206  53.0516 236.3033 0001247  83.7578 153.7370 15.06396277    14
STARLINK-1210
1 45207C 20012AF  25222.14562500  .00102520  00000+0  25766-2 0  2225
2 45207  53.0298 219.9957 0005362  72.7868   1.7170 15.39276116    11
STARLINK-1219
1 45210C 20012AJ  25222.11854167  .00324140  00000+0  82968-3 0  2221
2 45210  53.0377 194.2257 0004383 357.1397 170.5626 15.94237807    16
STARLINK-1231
1 45212C 20012AL  25222.14770833  .00016838  00000+0  11106-2 0  2220
2 45212  53.0524 256.2379 0001707  28.0283  94.1189 15.06959253    15
STARLINK-1271
1 45217C 20012AR  25222.13868056 -.00002427  00000+0 -16265-3 0  2222
2 45217  53.0522 256.3095 0001211  84.8364 271.3552 15.06399319    18
STARLINK-1191
1 45222C 20012AW  25222.12479167 -.00002909  00000+0 -19488-3 0  2223
2 45222  53.0518 236.3717 0000854  84.4416 146.3384 15.06401308    10
STARLINK-1212
1 45223C 20012AX  25222.11715278 -.00000980  00000+0 -65700-4 0  2225
2 45223  53.0517 237.0607 0001230  82.5968   6.3395 15.06392466    17
STARLINK-1215
1 45225C 20012AZ  25222.14006944  .00027353  00000+0  18338-2 0  2227
2 45225  53.0523 236.3026 0001234  81.4796  12.1918 15.06348400    19
STARLINK-1217
1 45226C 20012BA  25222.14215278  .00156820  00000+0  12714-2 0  2224
2 45226  53.0493 208.8108 0013266   8.9700 311.9748 15.69807680    18
STARLINK-1221
1 45227C 20012BB  25222.15187500  .00012670  00000+0  38088-3 0  2229
2 45227  53.0690 185.6241 0005675  63.1114 250.8647 15.33813310    12
STARLINK-1222
1 45228C 20012BC  25222.13173611 -.00002186  00000+0 -14649-3 0  2226
2 45228  53.0516 236.3396 0001251  89.0799 139.4057 15.06393978    17
STARLINK-1226
1 45229C 20012BD  25222.14284722 -.00001382  00000+0 -92579-4 0  2220
2 45229  53.0522 236.2899 0001276  78.4340  50.3006 15.06411778    17
STARLINK-1227
1 45230C 20012BE  25222.14076389 -.00000199  00000+0 -13318-4 0  2229
2 45230  53.0520 236.2990 0001222  79.2425  58.2496 15.06400812    10
STARLINK-1238
1 45233C 20012BH  25222.15048611  .00215700  00000+0  14195-2 0  2226
2 45233  53.0443 226.9348 0014521 350.8179 314.2044 15.74615923    10
STARLINK-1246
1 45235C 20012BK  25222.14145833  .00001962  00000+0  13142-3 0  2226
2 45235  53.0528 276.2971 0001316  78.5485 342.6166 15.06406304    14
STARLINK-1247
1 45236C 20012BL  25222.10256944  .00227400  00000+0  14648-2 0  2227
2 45236  53.0457 207.0447 0012770   7.9611  60.1069 15.75129329    18
STARLINK-1270
1 45237C 20012BM  25222.14354167 -.00003455  00000+0 -23147-3 0  2227
2 45237  53.0523 236.2874 0001258  80.9330 331.5827 15.06402814    13
STARLINK-1279
1 45360C 20019A   25222.13312500  .00011256  00000+0  75446-3 0  2220
2 45360  53.0557   6.3309 0001269  99.0835 121.9684 15.06374493    12
STARLINK-1301
1 45361C 20019B   25222.14006944  .00008521  00000+0  57144-3 0  2220
2 45361  53.0545  16.3016 0001243  71.9932 251.8308 15.06357187    12
STARLINK-1306
1 45362C 20019C   25222.08590278  .00024763  00000+0  48796-3 0  2221
2 45362  53.0547  33.3032 0001248  73.1295 287.8751 15.46594906    10
STARLINK-1262
1 45366C 20019G   25222.13173611  .00007493  00000+0  50219-3 0  2223
2 45366  53.0543  36.3369 0001278  93.9787  14.5030 15.06379279    10
STARLINK-1273
1 45367C 20019H   25222.12756944  .00005876  00000+0  39384-3 0  2222
2 45367  53.0539  36.3631 0001188  83.6052 242.2981 15.06376818    10
STARLINK-1276
1 45368C 20019J   25222.12340278  .00007817  00000+0  52398-3 0  2229
2 45368  53.0545  36.3775 0001355  81.8397  21.4605 15.06373727    11
STARLINK-1277
1 45369C 20019K   25222.14006944  .00007768  00000+0  52059-3 0  2220
2 45369  53.0543  36.9323 0001367  90.1229 143.1489 15.06380248    13
STARLINK-1281
1 45370C 20019L   25222.13243056  .00006866  00000+0  46016-3 0  2222
2 45370  53.0545  36.3359 0001283  88.3183 123.9160 15.06381579    15
STARLINK-1300
1 45374C 20019Q   25222.13659722  .00007051  00000+0  47265-3 0  2221
2 45374  53.0543  36.3157 0001296  85.4429  29.4756 15.06372070    15
STARLINK-1302
1 45375C 20019R   25222.14006944  .00005241  00000+0  35134-3 0  2226
2 45375  53.0542  36.3039 0001208  83.3230 330.4071 15.06376246    18
STARLINK-1304
1 45376C 20019S   25222.13590278  .00007652  00000+0  51293-3 0  2226
2 45376  53.0544  36.3257 0001303  95.1948 195.9310 15.06373995    14
STARLINK-1305
1 45377C 20019T   25222.12548611  .00007428  00000+0  49791-3 0  2221
2 45377  53.0544  36.3657 0001457  97.5127 357.1141 15.06375279    15
STARLINK-1319
1 45379C 20019V   25222.14145833  .00007001  00000+0  46928-3 0  2220
2 45379  53.0547  36.2969 0001456  85.1839 136.0603 15.06376095    11
STARLINK-1258
1 45381C 20019X   25222.15118056  .00218740  00000+0  13142-2 0  2226
2 45381  53.0529 345.3950 0009168 271.1325  81.2135 15.76776119    12
STARLINK-1266
1 45383C 20019Z   25222.11715278  .00007425  00000+0  49759-3 0  2223
2 45383  53.0555  16.4062 0001277  90.4691 348.9142 15.06382523    10
STARLINK-1267
1 45384C 20019AA  25222.12826389  .00007472  00000+0  50075-3 0  2226
2 45384  53.0546  17.0121 0001261  79.4939 139.7394 15.06380313    19
STARLINK-1272
1 45386C 20019AC  25222.14076389  .00008943  00000+0  59951-3 0  2223
2 45386  53.0550  16.3004 0001399  78.7172 168.7716 15.06369528    16
STARLINK-1274
1 45387C 20019AD  25222.13520833  .00006455  00000+0  28319-3 0  2221
2 45387  53.0523  12.3134 0002818 241.4477 131.3536 15.21428408    17
STARLINK-1280
1 45388C 20019AE  25222.12756944  .00007559  00000+0  50663-3 0  2228
2 45388  53.0542  36.3609 0001415  81.5214 144.3491 15.06379781    12
STARLINK-1283
1 45389C 20019AF  25222.12201389  .00007786  00000+0  52197-3 0  2223
2 45389  53.0552  16.3811 0001154  81.5413 224.2261 15.06367838    11
STARLINK-1284
1 45390C 20019AG  25222.11993056  .00009031  00000+0  60536-3 0  2224
2 45390  53.0554  16.3918 0001302  94.3472 340.1063 15.06374145    12
STARLINK-1292
1 45394C 20019AL  25222.10812500  .00167960  00000+0  23933-2 0  2226
2 45394  53.0557   6.2785 0006022 274.0151 202.1510 15.55509790    18
STARLINK-1297
1 45395C 20019AM  25222.13451389  .00007081  00000+0  47472-3 0  2226
2 45395  53.0546  16.3268 0001279  80.2538 233.3310 15.06370742    13
STARLINK-1307
1 45397C 20019AP  25222.12756944  .00006427  00000+0  43068-3 0  2222
2 45397  53.0548  16.3562 0001224  90.0084 225.8998 15.06384225    18
STARLINK-1312
1 45398C 20019AQ  25222.12895833  .00184300  00000+0  24896-2 0  2228
2 45398  53.0558   5.0636 0007085 269.9268  90.3047 15.56922341    11
STARLINK-1255
1 45399C 20019AR  25222.11576389  .00008210  00000+0  55045-3 0  2226
2 45399  53.0554   6.4133 0001304  97.7558 329.1009 15.06367032    18
STARLINK-1259
1 45403C 20019AV  25222.11784722  .00178010  00000+0  15841-2 0  2229
2 45403  53.0566 350.6202 0009198 283.0505 133.0397 15.67594886    17
STARLINK-1260
1 45404C 20019AW  25222.13659722  .00009823  00000+0  65846-3 0  2229
2 45404  53.0552   6.3224 0001342  93.2417 266.6426 15.06372478    18
STARLINK-1263
1 45405C 20019AX  25222.13659722  .00009474  00000+0  63547-3 0  2228
2 45405  53.0550   6.3177 0001151  66.6441  13.3465 15.06346772    11
STARLINK-1265
1 45406C 20019AY  25222.12340278  .00007421  00000+0  49740-3 0  2220
2 45406  53.0551   6.3773 0001227  90.4420 237.8685 15.06379572    12
STARLINK-1278
1 45408C 20019BA  25222.13243056  .00007766  00000+0  52044-3 0  2222
2 45408  53.0545  36.3379 0001379  91.1479 141.1086 15.06382831    16
STARLINK-1296
1 45412C 20019BE  25222.13451389  .00009396  00000+0  62979-3 0  2226
2 45412  53.0554   6.3283 0001315  96.7494 271.8077 15.06374195    15
STARLINK-1298
1 45413C 20019BF  25222.13798611  .00106170  00000+0  30516-2 0  2228
2 45413  53.0550   3.6808 0000723 336.9673 160.8092 15.35146875    13
STARLINK-1309
1 45414C 20019BG  25222.13659722  .00009402  00000+0  63020-3 0  2225
2 45414  53.0556   6.3184 0001286  94.3949 205.4823 15.06373249    16
STARLINK-1316
1 45415C 20019BH  25222.12409722  .00008713  00000+0  58416-3 0  2225
2 45415  53.0551   6.3725 0001305  78.3995  13.7087 15.06364195    10
STARLINK-1318
1 45416C 20019BJ  25222.13520833  .00377080  00000+0  10308-1 0  2226
2 45416  53.0544   1.6208 0000940  81.2982 148.3730 15.36437965    19
STARLINK-1286
1 45417C 20019BK  25222.13173611  .00006902  00000+0  46263-3 0  2228
2 45417  53.0543  36.3441 0001303  79.6114 208.8932 15.06374016    15
STARLINK-1308
1 45419C 20019BM  25222.13590278  .00005863  00000+0  39301-3 0  2222
2 45419  53.0542  36.3252 0001382  85.2661 245.8345 15.06376995    10
STARLINK-1329
1 45531C 20025A   25222.13868056  .00003051  00000+0  20448-3 0  2225
2 45531  53.0553 336.3089 0001336  95.0743  61.1224 15.06379329    16
STARLINK-1338
1 45532C 20025B   25222.14284722  .00013768  00000+0  92267-3 0  2223
2 45532  53.0551 336.2912 0001180  90.0687  28.6978 15.06375986    17
STARLINK-1350
1 45535C 20025E   25222.14145833  .00012602  00000+0  42576-3 0  2229
2 45535  53.0748 301.9740 0001853  46.7805 148.5404 15.30098461    16
STARLINK-1362
1 45538C 20025H   25222.14215278  .00009279  00000+0  62192-3 0  2225
2 45538  53.0555 336.0121 0001082 100.2579 200.0940 15.06378545    11
STARLINK-1368
1 45540C 20025K   25222.13868056  .00002078  00000+0  13919-3 0  2228
2 45540  53.0555 336.3085 0001271  89.2728 166.8155 15.06403756    18
STARLINK-1371
1 45542C 20025M   25222.13520833  .00014034  00000+0  94103-3 0  2227
2 45542  53.0553 336.3280 0001349  95.0622 302.2855 15.06355380    11
STARLINK-1372
1 45543C 20025N   25222.12756944  .00012919  00000+0  86627-3 0  2223
2 45543  53.0553 336.3584 0001120  69.5097  86.4300 15.06356777    15
STARLINK-1373
1 45544C 20025P   25222.13798611  .00013976  00000+0  93729-3 0  2227
2 45544  53.0548 336.3167 0001290 100.9725  11.4554 15.06350955    14
STARLINK-1294
1 45551C 20025W   25222.12548611  .00074370  00000+0  16995-2 0  2221
2 45551  53.0544 295.5908 0005701  20.4448 225.8368 15.42171847    11
STARLINK-1323
1 45553C 20025Y   25222.14423611  .00148860  00000+0  10554-2 0  2228
2 45553  53.0458 288.9965 0014052 308.0248 238.5306 15.72969368    17
STARLINK-1325
1 45554C 20025Z   25222.13868056  .00244800  00000+0  75656-2 0  2229
2 45554  53.0616 285.8737 0001513  79.4516 238.1388 15.32721287    10
STARLINK-1327
1 45555C 20025AA  25222.13798611  .00011739  00000+0  78711-3 0  2228
2 45555  53.0553 316.3132 0001208 102.4712 159.9467 15.06361329    12
STARLINK-1336
1 45557C 20025AC  25222.14701389  .00129280  00000+0  11072-2 0  2224
2 45557  53.0477 292.9595 0013593 312.8905  40.7423 15.68504812    15
STARLINK-1342
1 45558C 20025AD  25222.13312500  .00157630  00000+0  10083-2 0  2228
2 45558  53.0528 292.0804 0012724 313.4572 239.1404 15.75359668    17
STARLINK-1355
1 45563C 20025AJ  25222.13659722  .00145010  00000+0  60318-3 0  2220
2 45563  53.0377 224.2202 0003677  32.6778 265.9663 15.84857184    19
STARLINK-1356
1 45564C 20025AK  25222.12479167  .00011284  00000+0  75647-3 0  2229
2 45564  53.0551 316.3723 0001181 102.2613  68.5439 15.06365917    15
STARLINK-1357
1 45565C 20025AL  25222.15048611  .00032908  00000+0  14623-2 0  2221
2 45565  53.0542 312.4210 0003792 309.4454 220.4916 15.20966634    16
STARLINK-1361
1 45567C 20025AN  25222.14145833  .00005706  00000+0  38247-3 0  2221
2 45567  53.0539 316.3011 0001307  90.4154  70.8559 15.06380093    13
STARLINK-1363
1 45568C 20025AP  25222.13034722  .00013260  00000+0  88865-3 0  2220
2 45568  53.0540 316.5925 0001308  77.2091 303.5639 15.06378066    18
STARLINK-1366
1 45569C 20025AQ  25222.13798611  .00012201  00000+0  81774-3 0  2221
2 45569  53.0547 316.3117 0001173  80.9955  41.4111 15.06375799    10
STARLINK-1376
1 45570C 20025AR  25222.14284722  .00011485  00000+0  77019-3 0  2227
2 45570  53.0550 316.2905 0001247  76.3420 112.4748 15.06354273    17
STARLINK-1320
1 45572C 20025AT  25222.10187500  .00012638  00000+0  41830-3 0  2224
2 45572  53.0639 276.9359 0005032  31.8005  61.0021 15.30749342    18
STARLINK-1321
1 45573C 20025AU  25222.12895833  .00010116  00000+0  67813-3 0  2220
2 45573  53.0544 306.3526 0001263  95.5392  92.9117 15.06371197    17
STARLINK-1328
1 45576C 20025AX  25222.13243056  .00010431  00000+0  69950-3 0  2222
2 45576  53.0542 306.3367 0001208  76.5448 210.7312 15.06357308    16
STARLINK-1331
1 45578C 20025AZ  25222.14423611  .00009481  00000+0  63558-3 0  2223
2 45578  53.0546 306.2846 0001237  74.7192 316.6473 15.06367621    14
STARLINK-1333
1 45580C 20025BB  25222.13173611  .00012145  00000+0  81417-3 0  2222
2 45580  53.0549 316.3440 0001608  90.1979 198.3373 15.06367179    11
STARLINK-1335
1 45581C 20025BC  25222.13868056  .00009659  00000+0  64737-3 0  2229
2 45581  53.0544 306.3094 0001400  86.2137 214.9585 15.06377707    11
STARLINK-1337
1 45582C 20025BD  25222.14215278  .00005052  00000+0  33853-3 0  2221
2 45582  53.0547 306.2950 0001185  94.6578 105.3584 15.06388698    10
STARLINK-1347
1 45586C 20025BH  25222.14354167  .00044239  00000+0  20017-2 0  2223
2 45586  53.0497 302.5972 0003180 312.7090  37.7694 15.20336059    11
STARLINK-1349
1 45587C 20025BJ  25222.14909722  .00208030  00000+0  95221-3 0  2228
2 45587  53.0488 274.8529 0013722 323.6204 136.7992 15.82643114    14
STARLINK-1360
1 45588C 20025BK  25222.14354167  .00036386  00000+0  40869-3 0  2227
2 45588  53.0487 246.3236 0001013  45.7636  12.5905 15.61943943    19
STARLINK-1364
1 45589C 20025BL  25222.13868056  .00002544  00000+0  17044-3 0  2222
2 45589  53.0553 306.3106 0001365  84.5740  76.5805 15.06396739    17
STARLINK-1365
1 45590C 20025BM  25222.13937500  .00010022  00000+0  67193-3 0  2225
2 45590  53.0554 336.3072 0001349  99.6728 340.3120 15.06364719    15
STARLINK-1443
1 45660C 20035D   25222.13659722  .00007196  00000+0  48248-3 0  2229
2 45660  53.0543 296.3208 0001472  85.7877  59.0977 15.06367650    16
STARLINK-1446
1 45663C 20035G   25222.13868056  .00041359  00000+0  15826-2 0  2228
2 45663  53.0281 272.7584 0006228 337.6261 143.1083 15.25974438    15
STARLINK-1448
1 45665C 20035J   25222.13868056  .00007126  00000+0  47752-3 0  2228
2 45665  53.0539 296.3091 0001130  95.9612  40.2303 15.06386943    18
STARLINK-1451
1 45668C 20035M   25222.13798611  .00007830  00000+0  52492-3 0  2229
2 45668  53.0539 296.6312 0001143 100.5450  11.6298 15.06371234    19
STARLINK-1452
1 45669C 20035N   25222.13034722  .00005885  00000+0  27938-3 0  2221
2 45669  53.0498 286.7584 0002401 106.6449 116.8172 15.18724835    19
STARLINK-1453
1 45670C 20035P   25222.13937500  .00001919  00000+0  12852-3 0  2222
2 45670  53.0531 266.3085 0001157  77.5820 347.3445 15.06402989    19
STARLINK-1454
1 45671C 20035Q   25222.13381944  .00010368  00000+0  69473-3 0  2227
2 45671  53.0543 296.3314 0001349  93.4856 236.3140 15.06384853    18
STARLINK-1456
1 45673C 20035S   25222.11993056  .00009685  00000+0  64898-3 0  2226
2 45673  53.0549 296.3949 0001100  85.5403  88.8865 15.06385966    15
STARLINK-1457
1 45674C 20035T   25222.12826389  .00009533  00000+0  63899-3 0  2224
2 45674  53.0544 296.3587 0001194  98.5482  81.0930 15.06373634    10
STARLINK-1458
1 45675C 20035U   25222.13798611  .00010829  00000+0  72583-3 0  2222
2 45675  53.0543 296.3130 0001306  66.5948 225.8870 15.06373443    10
STARLINK-1460
1 45676C 20035V   25222.14145833  .00007626  00000+0  51099-3 0  2226
2 45676  53.0538 296.2969 0001341  91.9261  19.3274 15.06386605    11
STARLINK-1392
1 45677C 20035W   25222.14076389  .00008704  00000+0  58358-3 0  2229
2 45677  53.0541 296.2999 0001209  75.4447 332.0262 15.06365746    10
STARLINK-1394
1 45679C 20035Y   25222.14076389  .00006145  00000+0  41192-3 0  2226
2 45679  53.0540 286.3009 0001347  89.5473 332.9421 15.06375853    17
STARLINK-1402
1 45685C 20035AE  25222.12409722  .00005924  00000+0  39700-3 0  2228
2 45685  53.0534 280.7958 0001275  79.2249  85.8127 15.06384372    18
STARLINK-1404
1 45686C 20035AF  25222.12340278  .00005870  00000+0  39355-3 0  2225
2 45686  53.0535 286.3813 0001260  76.9795 111.3068 15.06367845    11
STARLINK-1413
1 45689C 20035AJ  25222.13451389  .00006374  00000+0  42734-3 0  2220
2 45689  53.0532 286.3269 0001236  76.9121  71.6404 15.06367993    18
STARLINK-1417
1 45693C 20035AN  25222.13729167  .00006209  00000+0  41621-3 0  2228
2 45693  53.0533 286.3192 0001265  75.5877 108.0511 15.06372958    15
STARLINK-1420
1 45695C 20035AQ  25222.14006944  .00000194  00000+0  12965-4 0  2229
2 45695  53.0521 266.2963 0001112  87.3412 106.4832 15.06398805    11
STARLINK-1422
1 45696C 20035AR  25222.13868056  .00006665  00000+0  44659-3 0  2222
2 45696  53.0535 286.3130 0001193  87.6609  43.5180 15.06390547    18
STARLINK-1351
1 45697C 20035AS  25222.13173611 -.00000544  00000+0 -36457-4 0  2229
2 45697  53.0530 266.3405 0001303  83.2826 140.2404 15.06396950    11
STARLINK-1398
1 45699C 20035AU  25222.14493056  .00071537  00000+0  19370-2 0  2221
2 45699  53.0538 247.2281 0009296 335.6650 146.6539 15.36991729    16
STARLINK-1400
1 45700C 20035AV  25222.13798611  .00001277  00000+0  85554-4 0  2221
2 45700  53.0531 266.3145 0001155  84.5315 312.9474 15.06386810    19
STARLINK-1403
1 45701C 20035AW  25222.13590278 -.00000985  00000+0 -66036-4 0  2222
2 45701  53.0530 266.3221 0001198  96.4095 129.6975 15.06386699    12
STARLINK-1407
1 45703C 20035AY  25222.12826389  .00004671  00000+0  15832-3 0  2229
2 45703  53.0443 241.4361 0004178  74.0556  55.3946 15.29995584    18
STARLINK-1411
1 45706C 20035BB  25222.12270833  .00152580  00000+0  76013-2 0  2229
2 45706  53.0512 264.9750 0001208  68.4428 334.0238 15.16902135    13
STARLINK-1423
1 45710C 20035BF  25222.13590278  .00001541  00000+0  10321-3 0  2224
2 45710  53.0529 266.3235 0001103  78.6176   7.4348 15.06397018    17
STARLINK-1433
1 45711C 20035BG  25222.13937500 -.00000886  00000+0 -59382-4 0  2222
2 45711  53.0521 266.3093 0001293  77.5974 127.3395 15.06402977    11
STARLINK-1434
1 45712C 20035BH  25222.11715278  .00023947  00000+0  14878-2 0  2227
2 45712  53.0520 265.6921 0003718 311.7474 164.3537 15.09143642    18
STARLINK-1465
1 45731C 20038B   25222.13868056  .00014664  00000+0  98329-3 0  2226
2 45731  53.0527 106.3099 0001529  84.1690 297.0926 15.06353526    19
STARLINK-1471
1 45735C 20038F   25222.09145833  .00020647  00000+0  57469-3 0  2224
2 45735  53.0519  65.4343 0000786 148.6546  83.4627 15.36233364    16
STARLINK-1474
1 45738C 20038J   25222.14284722  .00035378  00000+0  50282-3 0  2227
2 45738  53.0415  35.6762 0002073  18.1884 249.6476 15.55730508    16
STARLINK-1475
1 45739C 20038K   25222.12687500  .00152650  00000+0  27611-2 0  2229
2 45739  53.0588   2.2446 0004886 234.9392 250.1698 15.48912193    10
STARLINK-1480
1 45741C 20038M   25222.13451389  .00005268  00000+0  35331-3 0  2228
2 45741  53.0538 106.3313 0001300  86.1587  12.5142 15.06356779    18
STARLINK-1481
1 45742C 20038N   25222.12409722  .00676600  00000+0  10254-2 0  2222
2 45742  53.0346  18.4183 0005970 306.6334 329.8104 16.03096042    15
STARLINK-1500
1 45744C 20038Q   25222.15048611  .00018714  00000+0  76984-3 0  2222
2 45744  53.0343  96.1257 0000946 327.4443  96.5265 15.23600064    11
STARLINK-1504
1 45746C 20038S   25222.14423611  .00070547  00000+0  22705-2 0  2223
2 45746  53.0316  66.7069 0001047 157.6989  94.5426 15.31602303    12
STARLINK-1506
1 45747C 20038T   25222.15048611  .00013794  00000+0  65925-3 0  2221
2 45747  53.0535  95.3038 0003264  17.7932 124.0661 15.18481638    18
STARLINK-1464
1 45751C 20038X   25222.11854167  .00013469  00000+0  90290-3 0  2225
2 45751  53.0536  86.3988 0001294 100.1218 261.8189 15.06365236    10
STARLINK-1476
1 45753C 20038Z   25222.14631944  .00437510  00000+0  15900-2 0  2227
2 45753  53.0237   7.0160 0008754 258.9824 236.2071 15.87275140    14
STARLINK-1477
1 45754C 20038AA  25222.13243056  .00010458  00000+0  70114-3 0  2227
2 45754  53.0528  86.3369 0001338  90.8494 266.4594 15.06364696    17
STARLINK-1478
1 45755C 20038AB  25222.11506944  .00015805  00000+0  10595-2 0  2221
2 45755  53.0533  86.4180 0001488  81.9700  81.0785 15.06366045    16
STARLINK-1484
1 45756C 20038AC  25222.15048611  .00022422  00000+0  43898-3 0  2224
2 45756  53.0211  19.5021 0001349 222.4737 139.9243 15.46783533    10
STARLINK-1487
1 45758C 20038AE  25222.10187500  .00474200  00000+0  83841-3 0  2229
2 45758  53.0104 246.0508 0007903  27.7809  74.0439 16.00668237    18
STARLINK-1493
1 45759C 20038AF  25222.13381944  .00013748  00000+0  92179-3 0  2221
2 45759  53.0533  86.3344 0001309  84.5894 240.2677 15.06357814    19
STARLINK-1494
1 45760C 20038AG  25222.14909722  .00008755  00000+0  58633-3 0  2223
2 45760  53.0532  86.2657 0001360  92.1578 295.5680 15.06404360    13
STARLINK-1502
1 45764C 20038AL  25222.13868056  .00014272  00000+0  95711-3 0  2229
2 45764  53.0535  86.3083 0001468  77.3519  93.9243 15.06350523    19
STARLINK-1470
1 45772C 20038AU  25222.15187500  .00033883  00000+0  19347-2 0  2227
2 45772  53.0511  63.5997 0003887  67.1525 252.9581 15.12186042    16
STARLINK-1482
1 45773C 20038AV  25222.12270833  .00009961  00000+0  66769-3 0  2228
2 45773  53.0536  66.3819 0001305  84.1426 190.4009 15.06371293    18
STARLINK-1485
1 45774C 20038AW  25222.10673611  .00182070  00000+0  21496-2 0  2228
2 45774  53.0551  37.1168 0004151 174.1329 341.5615 15.60497436    13
STARLINK-1491
1 45778C 20038BA  25222.14145833  .00663740  00000+0  81034-3 0  2229
2 45778  53.0253 321.7632 0009912 341.4909 342.3874 16.06537307    16
STARLINK-1496
1 45780C 20038BC  25222.14076389  .00010520  00000+0  70512-3 0  2222
2 45780  53.0536  66.3017 0001420  81.2459 111.2412 15.06373434    16
STARLINK-1497
1 45781C 20038BD  25222.12965278  .00105760  00000+0  29197-2 0  2228
2 45781  53.0466  33.5254 0003751 285.4033 340.5343 15.36394074    19
STARLINK-1510
1 45784C 20038BG  25222.15187500  .00143590  00000+0  25586-2 0  2229
2 45784  53.0384  17.9169 0008065 244.3335 234.4521 15.49321714    18
STARLINK-1513
1 45786C 20038BJ  25222.13381944  .00008667  00000+0  58085-3 0  2223
2 45786  53.0537  66.3312 0001322  92.5928 262.1955 15.06382108    14
STARLINK-1522
1 46027C 20055A   25222.13243056  .00012275  00000+0  82274-3 0  2229
2 46027  53.0555 356.3365 0001337  91.7606   0.4954 15.06373223    13
STARLINK-1523
1 46028C 20055B   25222.13034722  .00015390  00000+0  10315-2 0  2225
2 46028  53.0561 356.3455 0001311  80.0617 280.9250 15.06369268    14
STARLINK-1526
1 46029C 20055C   25222.14006944  .00012667  00000+0  84928-3 0  2228
2 46029  53.0558 356.2991 0001337 102.4882 351.2628 15.06362369    12
STARLINK-1555
1 46032C 20055F   25222.12131944  .00012940  00000+0  86752-3 0  2220
2 46032  53.0553 356.3906 0001270  99.8495 332.1541 15.06363287    15
STARLINK-1556
1 46033C 20055G   25222.14145833  .00010286  00000+0  68953-3 0  2229
2 46033  53.0553 356.2983 0001228  95.0027 186.2452 15.06371016    10
STARLINK-1557
1 46034C 20055H   25222.14423611  .00011242  00000+0  75380-3 0  2228
2 46034  53.0548 356.2835 0001187  77.4381 198.9214 15.06359589    19
STARLINK-1558
1 46035C 20055J   25222.11784722  .00010579  00000+0  70925-3 0  2221
2 46035  53.0553 356.4004 0001149  91.1994   1.9788 15.06366729    10
STARLINK-1560
1 46036C 20055K   25222.13590278  .00010452  00000+0  70088-3 0  2225
2 46036  53.0556 356.3206 0001196  77.8620 193.2875 15.06358592    17
STARLINK-1567
1 46038C 20055M   25222.13868056  .00005770  00000+0  38673-3 0  2220
2 46038  53.0551 356.3074 0001375  96.9323 129.2706 15.06377513    14
STARLINK-1569
1 46039C 20055N   25222.11923611  .00012513  00000+0  83884-3 0  2225
2 46039  53.0552 356.3965 0001387  74.8183   5.8918 15.06367102    14
STARLINK-1582
1 46043C 20055S   25222.12548611  .00012520  00000+0  83927-3 0  2220
2 46043  53.0555 356.3697 0001279  95.6240 338.9903 15.06367169    16
STARLINK-1591
1 46045C 20055U   25222.13798611 -.00026387  00000+0 -17675-2 0  2224
2 46045  53.0558 356.3101 0001289  88.1886 274.2667 15.06434957    14
STARLINK-1524
1 46047C 20055W   25222.14006944  .00014310  00000+0  95936-3 0  2226
2 46047  53.0557 346.3050 0001335 100.9512 167.8086 15.06363118    10
STARLINK-1527
1 46048C 20055X   25222.13937500 -.00010844  00000+0 -72677-3 0  2224
2 46048  53.0556 346.3067 0001357  95.2424 189.7030 15.06398084    12
STARLINK-1540
1 46051C 20055AA  25222.12409722  .00011652  00000+0  78122-3 0  2224
2 46051  53.0555 346.3737 0001254 100.7058 281.3837 15.06363850    17
STARLINK-1541
1 46052C 20055AB  25222.13451389  .00017048  00000+0  11429-2 0  2223
2 46052  53.0559 346.3259 0001187  72.9765  85.6156 15.06359603    11
STARLINK-1543
1 46053C 20055AC  25222.13659722  .00017571  00000+0  11777-2 0  2222
2 46053  53.0559 346.3167 0001141  75.7437  74.1519 15.06367451    13
STARLINK-1548
1 46054C 20055AD  25222.13173611  .00011661  00000+0  78191-3 0  2229
2 46054  53.0555 346.3404 0001114 106.5566 336.9556 15.06359178    17
STARLINK-1554
1 46055C 20055AE  25222.11506944  .00012152  00000+0  81440-3 0  2224
2 46055  53.0561 346.4128 0001257 102.7047 330.3606 15.06377041    12
STARLINK-1564
1 46058C 20055AH  25222.13034722  .00011421  00000+0  76557-3 0  2220
2 46058  53.0556 346.8084 0000937  79.6227  16.0125 15.06372029    15
STARLINK-1570
1 46059C 20055AJ  25222.14354167  .00012973  00000+0  86974-3 0  2227
2 46059  53.0557 346.2853 0001188  95.9932 271.5413 15.06363593    12
STARLINK-1572
1 46060C 20055AK  25222.14423611  .00012905  00000+0  86509-3 0  2229
2 46060  53.0551 346.2828 0001286  99.4204 291.9057 15.06365983    15
STARLINK-1573
1 46061C 20055AL  25222.13520833  .00011946  00000+0  80101-3 0  2229
2 46061  53.0549 346.3651 0001328  89.9191 272.4530 15.06359932    11
STARLINK-1577
1 46063C 20055AN  25222.13868056  .00013208  00000+0  88547-3 0  2228
2 46063  53.0557 346.3078 0001159  87.2552 153.9565 15.06364460    12
STARLINK-1583
1 46064C 20055AP  25222.13312500  .00012124  00000+0  81288-3 0  2228
2 46064  53.0552 346.3357 0001177  81.9113 309.1264 15.06361122    15
STARLINK-1525
1 46066C 20055AR  25222.12756944  .00013415  00000+0  89937-3 0  2226
2 46066  53.0552 326.3594 0001153 104.1813 266.7387 15.06362088    13
STARLINK-1536
1 46070C 20055AV  25222.13798611  .00016176  00000+0  10853-2 0  2226
2 46070  53.0556 326.3135 0001276 101.1827  86.3248 15.06333413    13
STARLINK-1542
1 46073C 20055AY  25222.13034722  .00016044  00000+0  10756-2 0  2221
2 46073  53.0552 326.3501 0001311 102.1409  83.8413 15.06361508    18
STARLINK-1549
1 46074C 20055AZ  25222.14076389  .00007564  00000+0  50694-3 0  2221
2 46074  53.0544 326.3037 0001365  77.0853 245.4227 15.06379763    17
STARLINK-1551
1 46075C 20055BA  25222.14006944  .00011455  00000+0  76806-3 0  2229
2 46075  53.0550 326.3066 0001163  95.8865  82.8613 15.06360183    12
STARLINK-1552
1 46076C 20055BB  25222.13590278  .00013997  00000+0  93859-3 0  2227
2 46076  53.0551 326.3203 0001219  70.2823 305.8731 15.06353684    17
STARLINK-1559
1 46077C 20055BC  25222.14493056  .00019885  00000+0  11507-2 0  2226
2 46077  53.0536 324.1680 0002559 122.9907  50.5208 15.11725147    18
STARLINK-1566
1 46079C 20055BE  25222.14145833  .00014520  00000+0  97324-3 0  2228
2 46079  53.0552 326.2968 0001346  73.1835 233.0644 15.06368942    12
STARLINK-1568
1 46080C 20055BF  25222.12062500  .00028662  00000+0  11118-2 0  2225
2 46080  53.0663 307.0337 0001813 195.5387 131.6907 15.25552464    14
STARLINK-1578
1 46082C 20055BH  25222.13729167  .00016143  00000+0  10822-2 0  2229
2 46082  53.0552 326.3188 0001355  93.1069 110.5605 15.06361657    14
STARLINK-1579
1 46083C 20055BJ  25222.14006944  .00013850  00000+0  92894-3 0  2224
2 46083  53.0548 326.2922 0001197  75.5782 308.2945 15.06345680    16
STARLINK-1585
1 46117C 20057A   25222.13312500 -.00015064  00000+0 -10100-2 0  2221
2 46117  53.0530 166.3360 0001453  80.6911  80.3582 15.06386897    10
STARLINK-1593
1 46119C 20057C   25222.14145833 -.00013908  00000+0 -93232-3 0  2220
2 46119  53.0528 186.6460 0001476  94.2385 301.8125 15.06393674    11
STARLINK-1601
1 46120C 20057D   25222.13520833 -.00016593  00000+0 -11123-2 0  2229
2 46120  53.0522 186.3245 0001385  87.5542 174.7861 15.06396601    11
STARLINK-1605
1 46123C 20057G   25222.13659722 -.00010352  00000+0 -69426-3 0  2229
2 46123  53.0533 146.3212 0001567  82.9447  27.0257 15.06373229    11
STARLINK-1614
1 46124C 20057H   25222.13868056  .00008514  00000+0  57076-3 0  2225
2 46124  53.0537 146.3099 0001491  89.4758 351.7279 15.06371068    12
STARLINK-1618
1 46125C 20057J   25222.15118056  .00229840  00000+0  11447-2 0  2224
2 46125  53.0460 153.7610 0011238  55.3830  68.9667 15.80866461    18
STARLINK-1621
1 46127C 20057L   25222.14145833 -.00022909  00000+0 -15360-2 0  2225
2 46127  53.0536 166.2931 0001556  93.6344 292.7072 15.06395443    18
STARLINK-1622
1 46128C 20057M   25222.14562500  .00043114  00000+0  18997-2 0  2228
2 46128  53.0530 142.6550 0003929 123.5930 206.3691 15.21243200    16
STARLINK-1623
1 46129C 20057N   25222.12409722 -.00012380  00000+0 -83021-3 0  2227
2 46129  53.0544 146.3749 0001596  99.8339 182.2844 15.06378465    16
STARLINK-1624
1 46130C 20057P   25222.13104167 -.00009507  00000+0 -63768-3 0  2228
2 46130  53.0528 146.3453 0001170  79.5932  60.1934 15.06369104    18
STARLINK-1625
1 46131C 20057Q   25222.13312500 -.00024600  00000+0 -16494-2 0  2225
2 46131  53.0533 166.3326 0001439  80.6333   0.4494 15.06397482    10
STARLINK-1639
1 46135C 20057U   25221.17340278  .10160000  00000+0  11349-2 0  2212
2 46135  53.0193  93.4818 0018007 260.4944 331.1623 16.35605499    18
STARLINK-1643
1 46136C 20057V   25222.15048611  .00137860  00000+0  25965-2 0  2225
2 46136  53.0516 168.4529 0006060 112.3830 233.7859 15.47763793    17
STARLINK-1586
1 46137C 20057W   25222.12895833  .00230660  00000+0  18357-2 0  2228
2 46137  53.0464 126.4839 0004587 144.9390 353.2921 15.70289403    17
STARLINK-1596
1 46141C 20057AA  25222.14215278  .00014558  00000+0  68160-3 0  2228
2 46141  53.0508 136.8268 0002313 281.2829  85.8366 15.19195078    17
STARLINK-1597
1 46142C 20057AB  25222.14215278 -.00018621  00000+0 -12479-2 0  2227
2 46142  53.0531 186.2929 0001382  92.5505 327.4869 15.06407477    14
STARLINK-1606
1 46144C 20057AD  25222.12618056 -.00022968  00000+0 -15402-2 0  2226
2 46144  53.0535 166.3670 0001488  85.9730  77.4713 15.06391039    11
STARLINK-1608
1 46146C 20057AF  25222.13798611 -.00029068  00000+0 -19485-2 0  2228
2 46146  53.0526 186.3132 0001425  92.7843 244.6669 15.06410626    12
STARLINK-1629
1 46150C 20057AK  25222.11715278  .00105040  00000+0  34190-2 0  2222
2 46150  53.0365 171.1385 0005326 352.0049 115.5681 15.31192180    14
STARLINK-1636
1 46153C 20057AN  25222.13381944  .00246550  00000+0  18553-2 0  2223
2 46153  53.0205 114.2820 0007389 104.1543 276.6956 15.71578975    16
STARLINK-1642
1 46154C 20057AP  25222.12756944  .00018232  00000+0  12213-2 0  2220
2 46154  53.0531 176.3563 0001362  90.9291 184.8957 15.06388182    17
STARLINK-1667
1 46155C 20057AQ  25222.13520833  .00044472  00000+0  20047-2 0  2227
2 46155  53.0564 142.5799 0003743 111.6455 206.2966 15.20463633    18
STARLINK-1545
1 46156C 20057AR  25222.14423611 -.00032116  00000+0 -21534-2 0  2221
2 46156  53.0537 166.2858 0001515  88.3831 193.0293 15.06403219    15
STARLINK-1587
1 46157C 20057AS  25222.13173611 -.00021133  00000+0 -14171-2 0  2229
2 46157  53.0542 146.3387 0001526  85.3144 198.2776 15.06389232    15
STARLINK-1595
1 46159C 20057AU  25222.12479167 -.00025861  00000+0 -17333-2 0  2220
2 46159  53.0536 186.3713 0001462  91.0265 314.8135 15.06413186    15
STARLINK-1598
1 46160C 20057AV  25222.14215278 -.00013158  00000+0 -88209-3 0  2222
2 46160  53.0530 166.2924 0001574  82.1115 107.9235 15.06389988    15
STARLINK-1612
1 46164C 20057AZ  25222.10187500  .00053326  00000+0  21600-2 0  2228
2 46164  53.0477 142.1287 0002462 135.2124  41.3735 15.24081513    10
STARLINK-1626
1 46167C 20057BC  25222.12965278 -.00022556  00000+0 -15121-2 0  2223
2 46167  53.0521 186.3497 0001488  87.2939 164.9570 15.06402043    17
STARLINK-1627
1 46168C 20057BD  25222.14145833 -.00002203  00000+0 -14770-3 0  2220
2 46168  53.0537 136.3825 0001375 100.1355 331.1151 15.06367782    10
STARLINK-1628
1 46169C 20057BE  25222.14979167  .00092814  00000+0  88117-3 0  2227
2 46169  53.0431 110.1741 0000250 246.5533 339.5116 15.66140607    19
STARLINK-1633
1 46171C 20057BG  25222.14145833 -.00023366  00000+0 -15666-2 0  2221
2 46171  53.0538 166.2948 0001449  86.5368 359.7411 15.06396880    12
STARLINK-1635
1 46172C 20057BH  25222.12409722 -.00036491  00000+0 -24464-2 0  2229
2 46172  53.0535 166.3724 0001506  83.5329 188.5977 15.06413683    17
STARLINK-1640
1 46173C 20057BJ  25222.13104167 -.00023250  00000+0 -15582-2 0  2226
2 46173  53.0534 186.3442 0001471  91.9629 327.7975 15.06411414    18
STARLINK-1641
1 46174C 20057BK  25222.13590278 -.00031584  00000+0 -21173-2 0  2221
2 46174  53.0531 186.3205 0001479  87.4155 318.7422 15.06409881    17
STARLINK-1734
1 46325C 20062A   25222.10673611  .00128950  00000+0  30433-2 0  2226
2 46325  53.0310 174.7799 0003318 125.5485 304.0952 15.41162547    13
STARLINK-1654
1 46326C 20062B   25222.13729167 -.00000005  00000+0 -33251-6 0  2225
2 46326  53.0521 246.5570 0001577  89.6670 273.8052 15.06386560    12
STARLINK-1686
1 46328C 20062D   25222.12201389 -.00000244  00000+0 -16343-4 0  2223
2 46328  53.0521 226.3840 0001250  82.2381 188.4632 15.06397376    18
STARLINK-1695
1 46329C 20062E   25222.11715278 -.00002111  00000+0 -14140-3 0  2227
2 46329  53.0524 226.4054 0001242  81.7767 342.5738 15.06407804    11
STARLINK-1710
1 46330C 20062F   25222.13520833  .00044345  00000+0  16090-2 0  2220
2 46330  53.0533 221.0255 0006184  14.4516  53.9521 15.27725332    17
STARLINK-1719
1 46331C 20062G   25222.12479167  .00000411  00000+0  27551-4 0  2225
2 46331  53.0518 246.3713 0001382  89.0149 246.6744 15.06402170    12
STARLINK-1723
1 46333C 20062J   25222.09979167  .00000286  00000+0  19190-4 0  2228
2 46333  53.0526 246.4866 0001258  81.7842 338.3677 15.06391049    10
STARLINK-1727
1 46335C 20062L   25222.12409722 -.00000827  00000+0 -55375-4 0  2227
2 46335  53.0520 246.3742 0000938  86.6787 305.3673 15.06401731    14
STARLINK-1738
1 46336C 20062N   25222.12340278  .00012827  00000+0  43016-3 0  2227
2 46336  53.0538 223.1545 0001173  58.1310 238.4675 15.30338060    15
STARLINK-1750
1 46337C 20062P   25222.12270833 -.00002095  00000+0 -14040-3 0  2220
2 46337  53.0512 226.3835 0001241  80.9722 273.5518 15.06398479    10
STARLINK-1752
1 46338C 20062Q   25222.12270833 -.00001134  00000+0 -75890-4 0  2225
2 46338  53.0517 246.3842 0000955  72.6901  11.7892 15.06428117    14
STARLINK-1759
1 46340C 20062S   25222.10812500  .00029921  00000+0  14576-2 0  2223
2 46340  53.0518 243.8558 0005116 356.0114  52.1311 15.17794570    19
STARLINK-1762
1 46342C 20062U   25222.10673611  .00001501  00000+0  10059-3 0  2220
2 46342  53.0519 246.4525 0001252  86.1781 131.6646 15.06397368    19
STARLINK-1764
1 46343C 20062V   25222.12618056 -.00001438  00000+0 -96382-4 0  2220
2 46343  53.0517 226.3643 0001243  89.2573 264.1160 15.06395661    16
STARLINK-1765
1 46344C 20062W   25222.12062500  .00000866  00000+0  57996-4 0  2228
2 46344  53.0519 226.3882 0001315  84.5288 138.6643 15.06402798    16
STARLINK-1767
1 46345C 20062X   25222.13173611  .00079653  00000+0  24626-2 0  2228
2 46345  53.0533 243.2589 0002690  19.7307  36.8051 15.32871438    16
STARLINK-1547
1 46347C 20062Z   25222.14631944  .00047846  00000+0  21223-2 0  2228
2 46347  53.0482 197.2814 0005186  37.9756  80.3809 15.21004209    10
STARLINK-1553
1 46348C 20062AA  25222.13520833  .00040457  00000+0  18224-2 0  2220
2 46348  53.0469 210.8641 0002410 134.7186 178.2480 15.20495273    12
STARLINK-1575
1 46349C 20062AB  25222.15118056  .00067632  00000+0  25587-2 0  2227
2 46349  53.0456 196.2257 0004765  46.8751  35.9987 15.26332530    18
STARLINK-1646
1 46351C 20062AD  25222.14284722 -.00002884  00000+0 -19341-3 0  2225
2 46351  53.0509 226.2921 0001066  85.0166  58.8777 15.06369193    12
STARLINK-1653
1 46352C 20062AE  25222.12201389 -.00001313  00000+0 -87959-4 0  2229
2 46352  53.0523 226.3824 0001176  80.9428  49.8137 15.06397565    13
STARLINK-1656
1 46353C 20062AF  25222.14284722 -.00002260  00000+0 -15145-3 0  2223
2 46353  53.0528 246.2918 0001133  86.4617 167.3180 15.06395065    15
STARLINK-1657
1 46354C 20062AG  25222.09493056  .00001320  00000+0  88426-4 0  2227
2 46354  53.0527 246.5066 0001256  75.8627 337.9264 15.06398734    15
STARLINK-1661
1 46355C 20062AH  25222.13868056 -.00000608  00000+0 -40759-4 0  2226
2 46355  53.0515 246.3106 0001129  86.6683 344.5225 15.06393691    15
STARLINK-1665
1 46356C 20062AJ  25222.13937500 -.00000223  00000+0 -14939-4 0  2222
2 46356  53.0527 246.3461 0001257  85.5125 269.4083 15.06400897    18
STARLINK-1666
1 46357C 20062AK  25222.14354167 -.00064927  00000+0 -43508-2 0  2229
2 46357  53.0514 226.2869 0001362  92.6129 314.9465 15.06458607    16
STARLINK-1707
1 46359C 20062AM  25222.13520833  .00046818  00000+0  20849-2 0  2225
2 46359  53.0467 193.0583 0004450  44.3461 124.6890 15.20875003    10
STARLINK-1713
1 46360C 20062AN  25222.13104167  .00179530  00000+0  19509-2 0  2224
2 46360  53.0422 168.9603 0010976  25.9283 312.9111 15.62570955    16
STARLINK-1726
1 46362C 20062AQ  25222.12479167  .00066586  00000+0  25470-2 0  2220
2 46362  53.0591 196.2620 0005464  47.5924  31.9281 15.25965977    13
STARLINK-1651
1 46366C 20062AU  25222.13937500 -.00022295  00000+0 -14943-2 0  2229
2 46366  53.0532 201.3064 0001525  90.3254 172.1477 15.06410014    19
STARLINK-1689
1 46372C 20062BA  25222.11159722  .00365280  00000+0  16595-2 0  2223
2 46372  53.0276 172.2700 0007594  51.8657  44.9913 15.82752376    10
STARLINK-1724
1 46375C 20062BD  25222.13312500  .00045296  00000+0  21616-2 0  2225
2 46375  53.0508 198.2620 0004815  44.3254  10.9936 15.18495153    17
STARLINK-1742
1 46376C 20062BE  25222.11090278  .00066415  00000+0  25767-2 0  2226
2 46376  53.0413 187.7884 0009184 100.8723 112.6916 15.25468799    13
STARLINK-1769
1 46382C 20062BL  25222.11993056 -.00062719  00000+0 -42036-2 0  2222
2 46382  53.0525 201.3949 0001461  99.0141 297.9564 15.06449332    19
STARLINK-1770
1 46383C 20062BM  25222.07895833  .00047689  00000+0  17559-2 0  2221
2 46383  53.0553 241.2320 0005019   3.8004 118.7556 15.27245567    19
STARLINK-1771
1 46384C 20062BN  25222.11715278 -.00002091  00000+0 -14007-3 0  2227
2 46384  53.0520 246.4088 0001170  86.3554 348.0097 15.06401986    16
STARLINK-1648
1 46533C 20070B   25222.13381944  .00009406  00000+0  63035-3 0  2223
2 46533  53.0535  46.3318 0001359  93.1952  11.5938 15.06380615    19
STARLINK-1663
1 46535C 20070D   25222.14284722  .00006150  00000+0  41217-3 0  2223
2 46535  53.0539  46.2900 0001259  94.0406 219.7608 15.06380568    17
STARLINK-1672
1 46537C 20070F   25222.12965278  .00008156  00000+0  54668-3 0  2227
2 46537  53.0539  46.3511 0001209  87.9179  14.2700 15.06374054    15
STARLINK-1678
1 46538C 20070G   25222.06854167  .00107420  00000+0  34249-2 0  2221
2 46538  53.0542  43.6705 0001127 237.8246  93.5165 15.31867297    14
STARLINK-1687
1 46541C 20070K   25222.10743056  .00009735  00000+0  65259-3 0  2220
2 46541  53.0547  26.4485 0001292  95.8662 115.7598 15.06370705    16
STARLINK-1692
1 46542C 20070L   25222.10812500  .00127380  00000+0  29350-2 0  2220
2 46542  53.0392  18.7885 0007945 250.0823  19.6872 15.41854300    12
STARLINK-1693
1 46543C 20070M   25221.49423611  .02260800  00000+0  24828-2 0  2214
2 46543  53.0373 324.7405 0016893 310.1306 261.2016 16.06450438    17
STARLINK-1700
1 46549C 20070T   25222.02340278  .00124820  00000+0  35636-2 0  2226
2 46549  53.0504  23.1087 0003767 219.5187 108.7833 15.35330599    18
STARLINK-1664
1 46553C 20070X   25222.13104167  .00008684  00000+0  58219-3 0  2220
2 46553  53.0551  16.3516 0001295  81.1667 333.5784 15.06366189    11
STARLINK-1676
1 46556C 20070AA  25222.13659722  .00006652  00000+0  44583-3 0  2227
2 46556  53.0536  46.3228 0001214  95.4889 104.3244 15.06382898    15
STARLINK-1679
1 46557C 20070AB  25222.12340278  .00008797  00000+0  58964-3 0  2220
2 46557  53.0547  30.7501 0001353  93.0910 123.2151 15.06376402    13
STARLINK-1680
1 46558C 20070AC  25222.12340278  .00009128  00000+0  61183-3 0  2227
2 46558  53.0548  31.3797 0001348  94.2699 116.5202 15.06372705    14
STARLINK-1681
1 46559C 20070AD  25222.12826389  .00068090  00000+0  26904-2 0  2224
2 46559  53.0705   2.9065 0004342  71.7124 335.5902 15.24891575    13
STARLINK-1714
1 46562C 20070AG  25222.01923611  .00048178  00000+0  23818-2 0  2228
2 46562  53.0560  24.5158 0003561 220.0270  99.0872 15.17269658    13
STARLINK-1730
1 46563C 20070AH  25222.12756944  .00040608  00000+0  21432-2 0  2224
2 46563  53.0543  23.3589 0002432 193.4741  76.3690 15.14985990    19
STARLINK-1733
1 46564C 20070AJ  25222.12270833  .00008467  00000+0  56767-3 0  2220
2 46564  53.0546  26.4543 0001262  83.1404 111.3699 15.06367106    11
STARLINK-1735
1 46565C 20070AK  25222.12270833  .00008842  00000+0  59275-3 0  2225
2 46565  53.0548  26.3849 0001408  80.1435 274.3934 15.06370701    12
STARLINK-1740
1 46566C 20070AL  25222.11368056  .00415560  00000+0  23714-1 0  2226
2 46566  53.0538  26.3655 0001459  84.9154 328.5512 15.11832737    15
STARLINK-1741
1 46567C 20070AM  25222.11298611  .00009897  00000+0  66346-3 0  2228
2 46567  53.0548  26.4232 0001329  92.3678 129.4031 15.06371049    11
STARLINK-1531
1 46572C 20070AS  25222.11506944  .00009030  00000+0  60525-3 0  2227
2 46572  53.0544  46.4019 0001367  96.8424 211.3755 15.06374486    10
STARLINK-1660
1 46574C 20070AU  25221.45187500  .00315580  00000+0  17255-2 0  2218
2 46574  53.0367 342.5457 0010711 315.8423 155.8240 15.78754163    11
STARLINK-1675
1 46575C 20070AV  25222.15118056  .00073197  00000+0  10902-2 0  2225
2 46575  53.0495 330.1782 0000543 248.5590 170.8146 15.54421423    13
STARLINK-1677
1 46576C 20070AW  25222.12131944  .00009438  00000+0  63262-3 0  2229
2 46576  53.0546  31.3899 0001196  92.2996 127.1828 15.06375628    13
STARLINK-1683
1 46578C 20070AY  25222.10673611  .00066988  00000+0  26795-2 0  2223
2 46578  53.0266   2.3994 0001725  15.4057 100.8564 15.24490469    17
STARLINK-1705
1 46579C 20070AZ  25222.07201389  .00112790  00000+0  34511-2 0  2227
2 46579  53.0527  28.0575 0002697 249.6348   4.5482 15.33166641    12
STARLINK-1712
1 46581C 20070BB  25222.02548611  .00105150  00000+0  34957-2 0  2223
2 46581  53.0570  21.7973 0004961 256.5033  93.3605 15.30514259    11
STARLINK-1728
1 46582C 20070BC  25222.10881944  .00008455  00000+0  56681-3 0  2221
2 46582  53.0547  26.4394 0001256  85.2820  13.9138 15.06368375    18
STARLINK-1736
1 46585C 20070BF  25222.12270833  .00007957  00000+0  53329-3 0  2227
2 46585  53.0547  26.7262 0001420  94.7523 139.5247 15.06381303    18
STARLINK-1746
1 46588C 20070BJ  25222.12479167  .00007320  00000+0  49051-3 0  2222
2 46588  53.0547  26.3684 0001202  81.0702 144.6735 15.06385020    10
STARLINK-1716
1 46672C 20073C   25222.12201389  .00011601  00000+0  77790-3 0  2226
2 46672  53.0542 111.3848 0001458  95.4709 327.8458 15.06358215    18
STARLINK-1718
1 46674C 20073E   25222.12409722  .00009676  00000+0  64882-3 0  2226
2 46674  53.0535 111.3782 0001380  95.6976 198.8969 15.06360939    10
STARLINK-1773
1 46679C 20073K   25222.12479167  .03161400  00000+0  17146-2 0  2228
2 46679  53.0215  35.2889 0011918 281.7738 111.0731 16.18771373    10
STARLINK-1775
1 46681C 20073M   25222.12548611 -.00017754  00000+0 -11910-2 0  2226
2 46681  53.0536 126.3689 0001357  83.5868  16.1169 15.06371342    15
STARLINK-1781
1 46685C 20073R   25222.12687500 -.00004341  00000+0 -29115-3 0  2226
2 46685  53.0532 126.6309 0001518  85.1484 221.8865 15.06360620    13
STARLINK-1784
1 46687C 20073T   25222.10812500  .00007694  00000+0  51588-3 0  2227
2 46687  53.0528  91.4469 0001277  80.8109  77.1496 15.06364374    16
STARLINK-1788
1 46689C 20073V   25222.12062500 -.00003160  00000+0 -21194-3 0  2224
2 46689  53.0538 127.0453 0001729 100.0521  12.8311 15.06364072    10
STARLINK-1789
1 46690C 20073W   25222.12548611  .00006606  00000+0  44298-3 0  2224
2 46690  53.0531 101.3689 0001373  83.7738  33.3854 15.06359303    14
STARLINK-1790
1 46691C 20073X   25222.12201389  .00006896  00000+0  46249-3 0  2222
2 46691  53.0539 111.3848 0001406  79.9851  23.3219 15.06356153    15
STARLINK-1792
1 46693C 20073Z   25222.09423611  .00327790  00000+0  19160-2 0  2224
2 46693  53.0175  33.0633 0004646 258.5357 356.8723 15.77331593    13
STARLINK-1795
1 46696C 20073AC  25222.11298611  .00008734  00000+0  58557-3 0  2228
2 46696  53.0528  91.4255 0001366  88.4779  75.8549 15.06364597    16
STARLINK-1797
1 46698C 20073AE  25222.12756944  .00012050  00000+0  80787-3 0  2225
2 46698  53.0536 111.9401 0001317  90.3715 262.6289 15.06363963    19
STARLINK-1799
1 46699C 20073AF  25222.10395833  .00002802  00000+0  18787-3 0  2225
2 46699  53.0528 111.4646 0001333  98.1750  47.1574 15.06366790    14
STARLINK-1800
1 46700C 20073AG  25222.10673611 -.00009897  00000+0 -66375-3 0  2220
2 46700  53.0536 126.4510 0001686  79.4056  58.4977 15.06371075    18
STARLINK-1801
1 46701C 20073AH  25222.12270833  .00002916  00000+0  19554-3 0  2222
2 46701  53.0538 111.3794 0001293  77.8850 329.2186 15.06364094    10
STARLINK-1802
1 46702C 20073AJ  25222.11645833  .00015509  00000+0  10394-2 0  2222
2 46702  53.0534  91.4079 0001584  82.7857 220.2493 15.06374743    19
STARLINK-1805
1 46705C 20073AM  25222.11020833 -.00001556  00000+0 -10434-3 0  2227
2 46705  53.0540 126.4365 0001526  99.6202  37.1443 15.06366401    15
STARLINK-1807
1 46706C 20073AN  25222.11715278  .00021569  00000+0  14014-2 0  2223
2 46706  53.0531 111.3039 0002456 141.5922 227.4299 15.07510818    13
STARLINK-1810
1 46709C 20073AR  25222.11854167 -.00001514  00000+0 -10153-3 0  2228
2 46709  53.0531 126.5241 0001526  75.8344 246.0523 15.06360485    12
STARLINK-1814
1 46712C 20073AU  25222.12618056  .00012337  00000+0  82742-3 0  2224
2 46712  53.0531 111.4903 0001551  88.4731  77.3648 15.06350444    19
STARLINK-1815
1 46713C 20073AV  25222.12687500  .00009512  00000+0  63780-3 0  2227
2 46713  53.0530 111.3549 0001372  92.5574  82.2544 15.06360093    17
STARLINK-1816
1 46714C 20073AW  25222.11437500  .00006027  00000+0  40436-3 0  2221
2 46714  53.0527 111.4180 0001452  71.3592  90.5867 15.06344716    14
STARLINK-1817
1 46715C 20073AX  25222.11159722  .00010237  00000+0  68654-3 0  2229
2 46715  53.0528 111.4329 0001408  78.5699  88.1996 15.06354333    11
STARLINK-1820
1 46717C 20073AZ  25222.13104167  .00065623  00000+0  25220-2 0  2226
2 46717  53.0623  96.7839 0003707  21.1725 109.7697 15.25819793    13
STARLINK-1821
1 46718C 20073BA  25222.11993056  .00030389  00000+0  15777-2 0  2225
2 46718  53.0518 124.0652 0004052 115.0055 256.5135 15.15571851    15
STARLINK-1822
1 46719C 20073BB  25222.12479167  .00435360  00000+0  17255-2 0  2220
2 46719  53.0427  51.5102 0003042 153.1454 200.7817 15.85570546    18
STARLINK-1826
1 46723C 20073BF  25222.12409722  .00012859  00000+0  86208-3 0  2224
2 46723  53.0529  86.3731 0001419  97.3905 254.6946 15.06364650    17
STARLINK-1828
1 46725C 20073BH  25222.12131944 -.00009063  00000+0 -60784-3 0  2220
2 46725  53.0530 126.3866 0001497 100.6263 216.4312 15.06368816    17
STARLINK-1830
1 46727C 20073BK  25222.11506944  .00011299  00000+0  75767-3 0  2226
2 46727  53.0533  86.4157 0001355  82.7691 300.3544 15.06358349    19
STARLINK-1848
1 46740C 20074B   25222.11784722 -.00069571  00000+0 -46636-2 0  2224
2 46740  53.0532 196.4029 0001295  98.1653 155.0417 15.06450613    16
STARLINK-1892
1 46743C 20074E   25222.11229167 -.00030965  00000+0 -20754-2 0  2222
2 46743  53.0528 191.4293 0001470  86.6173  83.9135 15.06416821    15
STARLINK-1894
1 46744C 20074F   25222.12270833 -.00026604  00000+0 -17828-2 0  2223
2 46744  53.0533 191.6509 0001401  89.1822 257.6465 15.06418833    18
STARLINK-1905
1 46746C 20074H   25222.12131944 -.00029231  00000+0 -19589-2 0  2229
2 46746  53.0528 191.3858 0001411  88.8489 310.6326 15.06421108    19
STARLINK-1911
1 46749C 20074L   25222.11993056 -.00020026  00000+0 -13421-2 0  2223
2 46749  53.0526 191.3916 0001431  91.1749 320.7667 15.06409844    16
STARLINK-1922
1 46753C 20074Q   25222.11229167 -.00036822  00000+0 -24680-2 0  2223
2 46753  53.0526 191.4298 0001455  87.2249  63.3101 15.06421645    18
STARLINK-1928
1 46758C 20074V   25222.12479167 -.00024264  00000+0 -16261-2 0  2229
2 46758  53.0532 196.3721 0001607  89.4449 161.4065 15.06414292    19
STARLINK-1903
1 46764C 20074AB  25222.11923611  .00083090  00000+0  97921-3 0  2226
2 46764  53.0251 142.3696 0002014  59.8519 123.2642 15.60651962    12
STARLINK-1832
1 46780C 20074AT  25222.12409722 -.00001267  00000+0 -84950-4 0  2224
2 46780  53.0526 181.3764 0001626  89.5138 300.0766 15.06379926    18
STARLINK-1835
1 46782C 20074AV  25222.11923611 -.00030997  00000+0 -20778-2 0  2221
2 46782  53.0534 181.3947 0001433  83.8719 339.3334 15.06413233    16
STARLINK-1882
1 46784C 20074AX  25222.11576389 -.00023723  00000+0 -15903-2 0  2222
2 46784  53.0527 181.6403 0001440  83.1417 101.0701 15.06402162    17
STARLINK-1893
1 46786C 20074AZ  25222.12479167 -.00018628  00000+0 -12487-2 0  2223
2 46786  53.0529 161.3704 0001426  92.1103  91.2216 15.06399370    13
STARLINK-1931
1 46790C 20074BD  25222.12479167 -.00028950  00000+0 -19404-2 0  2223
2 46790  53.0532 191.3703 0001507  82.4134 255.9569 15.06413901    17
STARLINK-1934
1 46792C 20074BF  25222.11159722 -.00022878  00000+0 -15334-2 0  2227
2 46792  53.0536 181.4308 0001436  87.0298 314.7286 15.06408504    10
STARLINK-1942
1 46794C 20074BH  25222.11923611 -.00025417  00000+0 -17035-2 0  2227
2 46794  53.0531 191.3944 0001423  82.6199 165.5797 15.06412133    12
STARLINK-1944
1 46796C 20074BK  25222.12062500 -.00030263  00000+0 -20284-2 0  2226
2 46796  53.0529 181.3922 0001392  91.4372 299.3240 15.06414022    10
STARLINK-1777
1 47122C 20088A   25222.11437500 -.00027828  00000+0 -18655-2 0  2222
2 47122  53.0531 171.4208 0001418  83.7741 348.0599 15.06408125    13
STARLINK-1812
1 47126C 20088E   25222.11090278 -.00028284  00000+0 -18962-2 0  2221
2 47126  53.0529 171.4324 0001497  82.2048 190.7803 15.06404027    11
STARLINK-1843
1 47133C 20088M   25222.11576389 -.00031620  00000+0 -21194-2 0  2220
2 47133  53.0539 161.4112 0001454  97.3390 317.0070 15.06415558    15
STARLINK-1845
1 47135C 20088P   25222.11020833 -.00023354  00000+0 -15658-2 0  2223
2 47135  53.0533 161.4387 0001396  82.0101 342.2082 15.06396999    11
STARLINK-1856
1 47143C 20088X   25222.11229167 -.00015482  00000+0 -10377-2 0  2229
2 47143  53.0534 161.4258 0001644  86.4841 328.9249 15.06398925    10
STARLINK-1863
1 47150C 20088AE  25222.13520833  .00144310  00000+0  21177-2 0  2224
2 47150  53.0488 133.3301 0006895 150.7604 212.7998 15.54728522    12
STARLINK-1871
1 47157C 20088AM  25222.12062500 -.00028410  00000+0 -19042-2 0  2224
2 47157  53.0535 171.3908 0001625  93.4729 172.2769 15.06412520    15
STARLINK-1873
1 47158C 20088AN  25222.10534722  .00009437  00000+0  63191-3 0  2224
2 47158  53.0532 161.4588 0001421  89.3304 328.3715 15.06410654    15
STARLINK-1876
1 47161C 20088AR  25222.11090278 -.00030798  00000+0 -20646-2 0  2225
2 47161  53.0536 161.4311 0001529 100.4304 167.6084 15.06409107    15
STARLINK-1888
1 47171C 20088BB  25222.11715278 -.00017698  00000+0 -11866-2 0  2228
2 47171  53.0535 161.4067 0001591  87.7029 154.1981 15.06391455    16
STARLINK-1912
1 47178C 20088BJ  25222.11784722 -.00025865  00000+0 -17341-2 0  2224
2 47178  53.0529 171.4014 0001225  94.3599 336.3627 15.06400705    19
STARLINK-1913
1 47179C 20088BK  25222.12201389 -.00026902  00000+0 -18029-2 0  2226
2 47179  53.0533 181.3827 0001371  86.3542  71.8861 15.06417443    16
STARLINK-2017
1 47351C 21005C   25222.08104167  .00002017  00000+0  13512-3 0  2221
2 47351  53.0520 251.5577 0001224  87.0940 348.9703 15.06396905    15
STARLINK-2034
1 47352C 21005D   25222.12131944  .00007969  00000+0  53402-3 0  2223
2 47352  53.0542 291.3897 0001350  90.5736  98.8227 15.06386378    14
STARLINK-2045
1 47353C 21005E   25222.12548611 -.00000018  00000+0 -12318-5 0  2220
2 47353  53.0517 236.3669 0001287  87.1325   7.4575 15.06400489    10
STARLINK-2046
1 47354C 21005F   25222.12201389  .00001577  00000+0  10564-3 0  2227
2 47354  53.0526 256.9274 0001317  82.2940   3.0405 15.06397636    17
STARLINK-2047
1 47355C 21005G   25222.12201389 -.00001199  00000+0 -80292-4 0  2226
2 47355  53.0524 241.3862 0001368  84.3887 163.7619 15.06406757    12
STARLINK-2049
1 47356C 21005H   25222.12131944 -.00056781  00000+0 -38026-2 0  2229
2 47356  53.0531 261.3891 0001309  87.5529 266.8765 15.06472906    14
STARLINK-2050
1 47357C 21005J   25222.11020833  .00008279  00000+0  55503-3 0  2220
2 47357  53.0538 291.8642 0001064  95.2668 293.6520 15.06367190    17
STARLINK-2055
1 47358C 21005K   25222.12756944  .00000570  00000+0  38178-4 0  2227
2 47358  53.0529 261.3500 0001190  80.0417 253.4860 15.06399466    19
STARLINK-2069
1 47359C 21005L   25222.08868056  .00049823  00000+0  95003-3 0  2224
2 47359  53.0211 230.1855 0003879  51.5439  70.3037 15.47509577    11
STARLINK-2071
1 47361C 21005N   25222.11576389  .00000762  00000+0  51061-4 0  2222
2 47361  53.0525 261.4146 0001270  89.9925 134.3213 15.06392178    19
STARLINK-2076
1 47362C 21005P   25222.12270833  .00008947  00000+0  59954-3 0  2220
2 47362  53.0535 291.3804 0001294  78.8637 298.1431 15.06385465    19
STARLINK-2081
1 47366C 21005T   25222.12062500 -.00000919  00000+0 -61593-4 0  2220
2 47366  53.0543 291.3918 0001018  87.8590 117.8741 15.06391810    12
STARLINK-2082
1 47367C 21005U   25222.11437500  .00008062  00000+0  54040-3 0  2229
2 47367  53.0536 291.4186 0001221  78.9487 312.8784 15.06377012    17
STARLINK-2084
1 47368C 21005V   25222.12756944  .00007158  00000+0  47988-3 0  2225
2 47368  53.0535 291.3631 0000884  95.5196  47.8790 15.06369630    16
STARLINK-2086
1 47370C 21005X   25222.10604167  .00082603  00000+0  25460-2 0  2223
2 47370  53.0511 246.0431 0005138   1.6461 121.6904 15.32955406    17
STARLINK-2088
1 47371C 21005Y   25222.12201389  .00008634  00000+0  57883-3 0  2222
2 47371  53.0535 291.3837 0000999  91.1419 302.1149 15.06369647    18
STARLINK-2092
1 47373C 21005AA  25222.12062500  .00007990  00000+0  53564-3 0  2220
2 47373  53.0537 291.3926 0001318  86.2280 319.4799 15.06371639    14
STARLINK-2093
1 47374C 21005AB  25222.12479167  .00009762  00000+0  65431-3 0  2227
2 47374  53.0541 291.3432 0001138  93.1140 235.2016 15.06375272    18
STARLINK-2094
1 47375C 21005AC  25222.10395833  .00010118  00000+0  67801-3 0  2223
2 47375  53.0541 291.4668 0001259  86.9139  88.3617 15.06384573    11
STARLINK-2096
1 47376C 21005AD  25222.11298611  .00009830  00000+0  65876-3 0  2220
2 47376  53.0545 291.4261 0001139  92.1342 112.1504 15.06379481    10
STARLINK-2097
1 47377C 21005AE  25222.11993056  .00009781  00000+0  65561-3 0  2222
2 47377  53.0537 291.3970 0001150  94.7725 227.1761 15.06375335    10
STARLINK-2098
1 47378C 21005AF  25222.12409722 -.00002441  00000+0 -16357-3 0  2223
2 47378  53.0524 251.3754 0001065  90.7741 293.7550 15.06394111    10
STARLINK-2099
1 47379C 21005AG  25222.12548611 -.00001667  00000+0 -11168-3 0  2229
2 47379  53.0522 251.3605 0001061  74.7346 282.4210 15.06414816    16
STARLINK-2100
1 47380C 21005AH  25222.12479167  .00000226  00000+0  15180-4 0  2227
2 47380  53.0516 261.3743 0001278  84.4286 108.8836 15.06382004    14
STARLINK-2101
1 47381C 21005AJ  25222.11923611  .00001352  00000+0  90579-4 0  2221
2 47381  53.0521 266.4858 0001163  88.0504 347.5534 15.06399536    15
STARLINK-2102
1 47382C 21005AK  25222.09423611  .00001472  00000+0  98650-4 0  2225
2 47382  53.0524 261.5113 0001154  87.2287 340.2626 15.06391718    14
STARLINK-2103
1 47383C 21005AL  25222.12548611 -.00001666  00000+0 -11158-3 0  2222
2 47383  53.0525 251.6497 0001241  89.8149 262.0320 15.06412042    19
STARLINK-2104
1 47384C 21005AM  25222.10812500  .00001851  00000+0  12408-3 0  2225
2 47384  53.0527 261.6881 0001167  90.1087 132.6215 15.06387191    14
STARLINK-2105
1 47385C 21005AN  25222.12618056  .00000652  00000+0  43676-4 0  2228
2 47385  53.0529 261.3662 0001237  84.1022 256.7288 15.06389032    15
STARLINK-2106
1 47386C 21005AP  25222.12270833  .00000952  00000+0  63790-4 0  2228
2 47386  53.0523 261.3830 0001013  80.9584  81.0245 15.06392462    19
STARLINK-2109
1 47388C 21005AR  25222.12756944  .00007326  00000+0  49112-3 0  2225
2 47388  53.0539 291.3627 0001006  85.3090  98.0793 15.06372771    15
STARLINK-2110
1 47389C 21005AS  25222.11159722  .00005391  00000+0  36131-3 0  2223
2 47389  53.0527 271.4216 0001224  81.3042 130.5516 15.06381382    14
STARLINK-2111
1 47390C 21005AT  25222.12687500  .00009375  00000+0  62817-3 0  2222
2 47390  53.0539 291.3635 0001097  88.2570 231.3605 15.06385953    12
STARLINK-2112
1 47391C 21005AU  25222.11854167  .00000282  00000+0  18874-4 0  2220
2 47391  53.0531 261.4011 0001028  91.8262 132.7088 15.06386317    17
STARLINK-2113
1 47392C 21005AV  25222.11715278  .00000085  00000+0  56621-5 0  2224
2 47392  53.0531 261.4071 0001202  89.6769 122.1876 15.06401832    13
STARLINK-2114
1 47393C 21005AW  25222.12131944  .00000262  00000+0  17579-4 0  2223
2 47393  53.0516 236.7423 0001303  84.2936   7.4230 15.06396828    19
STARLINK-2117
1 47395C 21005AY  25222.12201389 -.00002204  00000+0 -14769-3 0  2223
2 47395  53.0522 251.3852 0000810  73.8755 279.3808 15.06399491    12
STARLINK-2119
1 47397C 21005BA  25222.12409722  .00007147  00000+0  47908-3 0  2226
2 47397  53.0540 291.3781 0000954  90.4466  54.0889 15.06375104    14
STARLINK-2121
1 47399C 21005BC  25222.11854167  .00028828  00000+0  19331-2 0  2221
2 47399  53.0530 271.6409 0001037  81.2139 343.0021 15.06339293    19
STARLINK-2122
1 47400C 21005BD  25222.11020833  .00000559  00000+0  37448-4 0  2221
2 47400  53.0519 251.4463 0001214  85.2266 143.8916 15.06400499    13
STARLINK-2123
1 47401C 21005BE  25222.11923611  .00000143  00000+0  95620-5 0  2224
2 47401  53.0527 261.3972 0001099  94.1484  89.0253 15.06386759    17
STARLINK-2128
1 47404C 21005BH  25222.12340278  .00001920  00000+0  12867-3 0  2224
2 47404  53.0527 261.3796 0001156  90.1718 355.6117 15.06387162    14
STARLINK-2130
1 47405C 21005BJ  25222.12409722  .00007593  00000+0  50871-3 0  2224
2 47405  53.0540 291.3785 0001178  92.9264  91.6134 15.06393050    10
STARLINK-2133
1 47406C 21005BK  25222.11854167  .00001894  00000+0  12687-3 0  2222
2 47406  53.0530 261.4016 0001247  82.0633 277.2995 15.06407412    17
STARLINK-2134
1 47407C 21005BL  25222.12756944  .00000740  00000+0  49597-4 0  2228
2 47407  53.0533 261.3613 0001230  83.4254 284.9486 15.06389640    11
STARLINK-2135
1 47408C 21005BM  25222.10881944  .00001903  00000+0  12752-3 0  2220
2 47408  53.0522 261.4446 0001079  84.4577 342.1585 15.06388473    15
STARLINK-1954
1 47555C 21009H   25222.10604167  .00002161  00000+0  14477-3 0  2220
2 47555  53.0526 251.4574 0001289  86.0870   0.4437 15.06396448    11
STARLINK-1955
1 47556C 21009J   25222.09145833  .00059760  00000+0  22818-2 0  2223
2 47556  53.0556 262.6215 0005302 337.1210 122.2883 15.26033563    15
STARLINK-1958
1 47559C 21009M   25222.12479167 -.00016863  00000+0 -11308-2 0  2221
2 47559  53.0525 231.3713 0001363  73.3084  65.1448 15.06384405    15
STARLINK-1962
1 47563C 21009R   25222.12131944 -.00002003  00000+0 -13420-3 0  2223
2 47563  53.0522 251.3901 0001090  86.2032 303.2725 15.06403444    10
STARLINK-1964
1 47565C 21009T   25222.12062500 -.00000132  00000+0 -88175-5 0  2228
2 47565  53.0515 241.3920 0001235  87.5449 313.1783 15.06398482    10
STARLINK-1965
1 47566C 21009U   25222.12687500  .00056363  00000+0  21266-2 0  2222
2 47566  53.0333 215.8640 0002689 292.6175 192.8595 15.26440876    13
STARLINK-1966
1 47567C 21009V   25222.12270833  .00591230  00000+0  11705-2 0  2224
2 47567  53.0153 200.9546 0006661   9.3480  69.0840 15.98605579    10
STARLINK-1967
1 47568C 21009W   25222.11576389  .00002515  00000+0  16854-3 0  2223
2 47568  53.0528 271.4109 0001152  85.9477 343.4133 15.06393194    11
STARLINK-1971
1 47572C 21009AA  25222.09979167 -.00001542  00000+0 -10330-3 0  2220
2 47572  53.0516 241.4867 0001149  72.4446 355.1965 15.06398080    16
STARLINK-1975
1 47573C 21009AB  25222.13381944  .00039876  00000+0  16178-2 0  2220
2 47573  53.0682 236.9684 0005524  11.7614 101.8181 15.24030012    15
STARLINK-1978
1 47576C 21009AE  25222.12618056  .00089436  00000+0  27340-2 0  2229
2 47576  53.0557 216.0997 0007233 338.9545  91.9907 15.33196015    12
STARLINK-1979
1 47577C 21009AF  25222.12409722  .00000652  00000+0  43696-4 0  2225
2 47577  53.0527 246.3761 0001138  73.0717 178.9913 15.06397203    16
STARLINK-1986
1 47582C 21009AL  25222.12409722  .00171470  00000+0  49586-2 0  2220
2 47582  53.0481 241.7123 0001359  60.6441 301.7838 15.34890382    12
STARLINK-1991
1 47587C 21009AR  25222.10256944 -.00001690  00000+0 -11328-3 0  2221
2 47587  53.0521 241.4739 0000965  96.7909 325.9595 15.06390502    19
STARLINK-1993
1 47588C 21009AS  25222.12201389  .00001013  00000+0  67877-4 0  2225
2 47588  53.0526 251.3856 0001517  76.0251 137.2161 15.06401151    16
STARLINK-1994
1 47589C 21009AT  25222.11229167  .00000356  00000+0  23888-4 0  2222
2 47589  53.0527 251.4289 0001130  84.9680 335.5066 15.06390858    12
STARLINK-1995
1 47590C 21009AU  25222.12618056  .00003120  00000+0  20915-3 0  2223
2 47590  53.0531 271.3657 0001065  92.4083  93.4611 15.06379810    18
STARLINK-1997
1 47592C 21009AW  25222.12479167  .00003392  00000+0  22727-3 0  2227
2 47592  53.0526 271.3723 0001249  85.8961 252.4063 15.06398145    13
STARLINK-2001
1 47596C 21009BA  25222.12201389  .00002699  00000+0  18076-3 0  2221
2 47596  53.0522 271.3872 0001426  67.1831 295.9298 15.06406049    19
STARLINK-2021
1 47604C 21009BJ  25222.12201389 -.00001534  00000+0 -10276-3 0  2224
2 47604  53.0528 241.3849 0001195  86.2777 141.9704 15.06403519    11
STARLINK-2024
1 47606C 21009BL  25222.12687500  .00070414  00000+0  22056-2 0  2228
2 47606  53.0527 236.0755 0004972  10.2548  60.8975 15.32455714    10
STARLINK-1609
1 47621C 21012B   25222.14284722  .00010247  00000+0  68665-3 0  2225
2 47621  53.0541 301.2918 0001198  78.4263 312.8464 15.06382864    15
STARLINK-1645
1 47622C 21012C   25222.14354167  .00009491  00000+0  63607-3 0  2227
2 47622  53.0542 301.2789 0001160  80.9070 339.2616 15.06380080    16
STARLINK-1655
1 47623C 21012D   25222.14354167  .00051010  00000+0  34217-2 0  2226
2 47623  53.0510 236.2901 0001492  75.3759 277.2036 15.06304858    11
STARLINK-1669
1 47624C 21012E   25222.13173611  .00060668  00000+0  22982-2 0  2224
2 47624  53.0507 278.9738 0000693  24.5217  77.0802 15.26308366    13
STARLINK-1704
1 47625C 21012F   25222.10881944  .00010014  00000+0  67134-3 0  2226
2 47625  53.0540 301.4335 0001262  77.2464 114.5562 15.06368839    17
STARLINK-1972
1 47627C 21012H   25222.11576389 -.00028279  00000+0 -18956-2 0  2224
2 47627  53.0520 206.4089 0001418  87.0907 159.7748 15.06409897    18
STARLINK-1973
1 47628C 21012J   25222.11854167  .00006925  00000+0  46415-3 0  2222
2 47628  53.0546 301.3905 0001295  92.7861  31.7681 15.06376664    14
STARLINK-1983
1 47630C 21012L   25222.12479167  .00006866  00000+0  46007-3 0  2220
2 47630  53.0535 281.4590 0001189  90.2728  32.9997 15.06390598    15
STARLINK-1992
1 47632C 21012N   25222.12062500 -.00021559  00000+0 -14444-2 0  2228
2 47632  53.0527 206.3903 0001267  71.4120  66.8483 15.06421330    11
STARLINK-2015
1 47638C 21012U   25222.12618056 -.00023894  00000+0 -16011-2 0  2223
2 47638  53.0532 206.3655 0001246  80.8643   2.4744 15.06419575    12
STARLINK-2019
1 47641C 21012X   25222.11993056 -.00032216  00000+0 -21589-2 0  2226
2 47641  53.0529 206.3939 0001374  79.4174  50.0462 15.06423799    11
STARLINK-2022
1 47643C 21012Z   25222.12270833  .00060744  00000+0  23280-2 0  2225
2 47643  53.0369 274.0794 0007485 315.8951 261.9036 15.25894683    10
STARLINK-2031
1 47648C 21012AE  25222.12409722  .00005592  00000+0  37479-3 0  2227
2 47648  53.0535 281.3755 0001246  93.4539 286.0997 15.06378772    17
STARLINK-2032
1 47649C 21012AF  25222.12062500  .00005537  00000+0  37115-3 0  2223
2 47649  53.0536 281.3904 0001351  97.5099 243.2040 15.06375998    19
STARLINK-2033
1 47650C 21012AG  25222.11854167  .00006737  00000+0  45141-3 0  2223
2 47650  53.0535 281.3997 0001216  87.2208 322.1819 15.06391488    13
STARLINK-2036
1 47652C 21012AJ  25222.12409722 -.00001693  00000+0 -11351-3 0  2223
2 47652  53.0550 301.3666 0001222  96.1929  18.4991 15.06383133    18
STARLINK-2039
1 47655C 21012AM  25222.12131944  .00011702  00000+0  78429-3 0  2223
2 47655  53.0548 301.3883 0001177  97.0670  17.4405 15.06375923    18
STARLINK-2040
1 47656C 21012AN  25222.12618056  .00005871  00000+0  39330-3 0  2226
2 47656  53.0537 281.3661 0001142  85.6742 325.1417 15.06396036    13
STARLINK-2041
1 47657C 21012AP  25222.12340278  .00010648  00000+0  71386-3 0  2220
2 47657  53.0545 301.3783 0001305  72.3958 293.4814 15.06367226    11
STARLINK-2052
1 47662C 21012AU  25222.12409722  .00069561  00000+0  24190-2 0  2224
2 47662  53.0512 275.7025 0005607 344.8902  37.3303 15.29089388    12
STARLINK-2058
1 47667C 21012AZ  25222.12548611  .00012097  00000+0  81104-3 0  2221
2 47667  53.0542 301.3687 0001318  92.2722  84.8050 15.06361671    18
STARLINK-2065
1 47672C 21012BE  25222.12409722  .00001703  00000+0  11408-3 0  2228
2 47672  53.0525 271.3777 0001082  81.1278 353.4042 15.06400011    10
STARLINK-2083
1 47676C 21012BJ  25222.11923611 -.00028061  00000+0 -18812-2 0  2222
2 47676  53.0534 171.3929 0001485  85.8734  72.3318 15.06405978    17
STARLINK-2095
1 47679C 21012BM  25222.12687500  .00040420  00000+0  13994-2 0  2227
2 47679  53.0450 278.0960 0004169 338.9682 129.7765 15.29269913    18
STARLINK-2068
1 47722C 21017A   25222.11854167  .00011430  00000+0  76608-3 0  2226
2 47722  53.0529  66.6409 0001241  83.2186  88.5023 15.06375413    17
STARLINK-2107
1 47723C 21017B   25222.10534722  .00009373  00000+0  62840-3 0  2224
2 47723  53.0553   1.4572 0001174  77.6340 340.2083 15.06364668    11
STARLINK-2116
1 47724C 21017C   25222.12270833  .00010891  00000+0  72999-3 0  2220
2 47724  53.0555   1.3803 0001361  89.5019 222.4789 15.06373798    11
STARLINK-2131
1 47728C 21017G   25222.12270833  .00011723  00000+0  78571-3 0  2221
2 47728  53.0541  71.3841 0001305  92.3498 254.6603 15.06375752    14
STARLINK-2140
1 47730C 21017J   25222.11645833  .00009939  00000+0  66646-3 0  2225
2 47730  53.0527  86.4192 0001452 102.8438  87.8773 15.06358433    12
STARLINK-2141
1 47731C 21017K   25222.12131944  .00012229  00000+0  81972-3 0  2225
2 47731  53.0538  81.3891 0001461  92.2491  92.2415 15.06371032    19
STARLINK-2142
1 47732C 21017L   25222.12409722  .00385450  00000+0  17555-2 0  2222
2 47732  53.0472 327.1022 0018129 294.8351 220.9856 15.82459237    15
STARLINK-2143
1 47733C 21017M   25222.10743056  .00013866  00000+0  92948-3 0  2221
2 47733  53.0530  91.4485 0001417  94.9515  79.1990 15.06367187    19
STARLINK-2144
1 47734C 21017N   25222.12062500  .00015217  00000+0  10200-2 0  2224
2 47734  53.0535  81.3879 0001580  84.5883  56.1533 15.06368922    10
STARLINK-2147
1 47736C 21017Q   25222.12479167  .00011386  00000+0  76323-3 0  2229
2 47736  53.0534  71.3719 0001460  91.0802 247.2345 15.06369855    14
STARLINK-2150
1 47739C 21017T   25222.11923611  .00012493  00000+0  83771-3 0  2224
2 47739  53.0537  96.3985 0001499  81.7202 249.0037 15.06355697    11
STARLINK-2156
1 47742C 21017W   25222.11437500  .00013170  00000+0  88279-3 0  2226
2 47742  53.0537  71.4212 0001458  92.7791 169.0409 15.06368470    19
STARLINK-2159
1 47745C 21017Z   25222.11159722  .00014619  00000+0  98004-3 0  2222
2 47745  53.0536  81.4340 0001611  98.2598 333.5318 15.06364029    14
STARLINK-2160
1 47746C 21017AA  25222.12409722  .00014777  00000+0  99068-3 0  2228
2 47746  53.0534  81.3751 0001412  79.2972 100.2883 15.06362149    19
STARLINK-2161
1 47747C 21017AB  25222.12409722  .00010627  00000+0  71238-3 0  2228
2 47747  53.0532  71.3767 0001302  89.1826 105.3954 15.06370546    15
STARLINK-2162
1 47748C 21017AC  25222.11368056  .00012485  00000+0  83681-3 0  2221
2 47748  53.0533  71.4206 0001342  98.4462  79.6187 15.06371618    11
STARLINK-2163
1 47749C 21017AD  25222.09631944  .00011587  00000+0  77665-3 0  2225
2 47749  53.0531  71.5002 0001362  94.2846 269.5553 15.06372740    11
STARLINK-2164
1 47750C 21017AE  25222.12131944  .00011786  00000+0  78997-3 0  2226
2 47750  53.0533  71.3857 0001416  96.6735 162.8347 15.06373603    19
STARLINK-2169
1 47752C 21017AG  25222.10048611  .00012522  00000+0  83925-3 0  2220
2 47752  53.0533  76.4799 0001518  94.3403  64.6127 15.06373427    11
STARLINK-2170
1 47753C 21017AH  25222.10743056  .00009017  00000+0  60460-3 0  2220
2 47753  53.0531  81.4512 0001249  77.7901 251.3913 15.06361510    16
STARLINK-2171
1 47754C 21017AJ  25222.12062500  .00013187  00000+0  88376-3 0  2220
2 47754  53.0537  81.3927 0001352  89.5111 111.2069 15.06375571    19
STARLINK-2178
1 47760C 21017AQ  25222.11784722  .00013657  00000+0  91538-3 0  2229
2 47760  53.0532  91.4055 0001366  90.2415  20.3910 15.06370460    13
STARLINK-2180
1 47762C 21017AS  25222.11993056  .00012753  00000+0  85500-3 0  2221
2 47762  53.0533  96.4024 0001268  99.4033  75.0828 15.06362788    14
STARLINK-2185
1 47767C 21017AX  25222.12201389  .00009585  00000+0  64267-3 0  2224
2 47767  53.0529  81.3842 0001318  88.0696 300.2479 15.06361310    15
STARLINK-2193
1 47770C 21017BA  25222.11368056  .00009403  00000+0  63036-3 0  2224
2 47770  53.0530  76.4219 0001345  84.3320 306.1914 15.06368849    10
STARLINK-2194
1 47771C 21017BB  25222.12409722  .00012288  00000+0  82378-3 0  2227
2 47771  53.0526  76.3731 0001384  79.9145 307.1552 15.06366203    13
STARLINK-2195
1 47772C 21017BC  25222.12409722  .00014996  00000+0  10055-2 0  2228
2 47772  53.0536  91.3777 0001520  80.1033   4.4935 15.06355865    18
STARLINK-2196
1 47773C 21017BD  25222.12687500  .00015903  00000+0  10663-2 0  2225
2 47773  53.0534  91.3645 0001330  80.3902  39.2740 15.06356527    13
STARLINK-2209
1 47776C 21017BG  25222.10395833  .00015953  00000+0  10695-2 0  2221
2 47776  53.0532  81.4676 0001242  76.3381  93.9643 15.06362136    18
STARLINK-2211
1 47778C 21017BJ  25222.11229167  .00009434  00000+0  63256-3 0  2229
2 47778  53.0532  81.4263 0001549  84.4268 291.0958 15.06363115    14
STARLINK-2213
1 47780C 21017BL  25222.09909722  .00015737  00000+0  10548-2 0  2229
2 47780  53.0527  81.4883 0001414  85.0819  78.7937 15.06370036    16
STARLINK-2257
1 47787C 21018A   25222.11298611 -.00010162  00000+0 -68153-3 0  2223
2 47787  53.0532 121.4275 0001427 100.3308 219.0087 15.06372011    18
STARLINK-2314
1 47788C 21018B   25222.12062500  .00007758  00000+0  52015-3 0  2226
2 47788  53.0540  96.3915 0001511  93.9825 204.2590 15.06367185    15
STARLINK-2315
1 47789C 21018C   25222.11229167  .00013530  00000+0  90718-3 0  2227
2 47789  53.0527 101.4282 0001398  80.5854 264.9545 15.06358811    12
STARLINK-2319
1 47790C 21018D   25222.12479167  .00015934  00000+0  10682-2 0  2228
2 47790  53.0527  91.3732 0001338  80.8223 107.5061 15.06359963    12
STARLINK-2322
1 47791C 21018E   25222.12479167  .00005850  00000+0  39236-3 0  2222
2 47791  53.0529 121.3743 0001314  76.5441   6.8448 15.06355629    14
STARLINK-2334
1 47792C 21018F   25222.12131944  .00012914  00000+0  86589-3 0  2223
2 47792  53.0535 101.3912 0001532  80.5959 273.8994 15.06357681    11
STARLINK-2338
1 47793C 21018G   25222.09840278  .00004075  00000+0  27315-3 0  2228
2 47793  53.0534 101.4911 0001453  92.4588  57.7112 15.06373979    12
STARLINK-2373
1 47796C 21018K   25222.10951389  .00006098  00000+0  40874-3 0  2221
2 47796  53.0542 101.4426 0001441  92.9239  77.5469 15.06376301    17
STARLINK-2377
1 47797C 21018L   25222.12409722 -.00011348  00000+0 -76094-3 0  2222
2 47797  53.0534 126.3742 0001243  89.8919 322.2505 15.06380230    13
STARLINK-2379
1 47798C 21018M   25222.12340278  .00012486  00000+0  83716-3 0  2224
2 47798  53.0537 101.3793 0001364 101.5566  84.2838 15.06361089    15
STARLINK-2380
1 47799C 21018N   25222.11784722  .00008490  00000+0  56922-3 0  2229
2 47799  53.0537 101.4005 0001426  77.8428  97.8408 15.06364005    18
STARLINK-2381
1 47800C 21018P   25222.12340278  .00006685  00000+0  44826-3 0  2221
2 47800  53.0535 101.3816 0001311  83.2484   2.5823 15.06364141    19
STARLINK-2383
1 47802C 21018R   25222.11437500 -.00001854  00000+0 -12438-3 0  2226
2 47802  53.0530 126.4199 0001324  74.3407 245.0217 15.06359435    19
STARLINK-2385
1 47804C 21018T   25222.12618056  .00011621  00000+0  77936-3 0  2221
2 47804  53.0531 101.3645 0001421  76.4059 244.5328 15.06350675    18
STARLINK-2386
1 47805C 21018U   25222.12131944  .00007393  00000+0  49573-3 0  2225
2 47805  53.0534 101.6309 0001444  88.7986  25.5773 15.06362849    19
STARLINK-2387
1 47806C 21018V   25222.12618056  .00006531  00000+0  43809-3 0  2229
2 47806  53.0530 116.3772 0001278  74.8328  43.6133 15.06351524    13
STARLINK-2388
1 47807C 21018W   25222.12409722  .00016167  00000+0  10836-2 0  2227
2 47807  53.0527  91.3775 0001216  96.9761  67.5012 15.06371105    11
STARLINK-2389
1 47808C 21018X   25222.11923611  .00008198  00000+0  54965-3 0  2222
2 47808  53.0538 116.3947 0001402 104.0802 236.6479 15.06363189    16
STARLINK-2391
1 47810C 21018Z   25222.11437500 -.00016185  00000+0 -10853-2 0  2226
2 47810  53.0539 131.4188 0001448  96.9543  54.8859 15.06384648    11
STARLINK-2393
1 47812C 21018AB  25222.11854167 -.00014730  00000+0 -98802-3 0  2225
2 47812  53.0538 131.4000 0001411  75.3432  39.1645 15.06372294    16
STARLINK-2395
1 47814C 21018AD  25222.12756944  .00011186  00000+0  75014-3 0  2222
2 47814  53.0530 121.3613 0001330  81.5589  36.8524 15.06354281    16
STARLINK-2396
1 47815C 21018AE  25222.10326389 -.00005712  00000+0 -38317-3 0  2222
2 47815  53.0539 116.4722 0001327  76.9434  97.1998 15.06359864    12
STARLINK-2399
1 47816C 21018AF  25222.11090278 -.00011764  00000+0 -78901-3 0  2226
2 47816  53.0541 121.4322 0001452  75.3322  92.7262 15.06372406    18
STARLINK-2400
1 47817C 21018AG  25222.11784722 -.00013930  00000+0 -93426-3 0  2227
2 47817  53.0534 121.4037 0001262  81.3106  24.4207 15.06374679    15
STARLINK-2401
1 47818C 21018AH  25222.12409722 -.00019020  00000+0 -12760-2 0  2220
2 47818  53.0537 126.8411 0001361  81.9253  29.9656 15.06371567    14
STARLINK-2402
1 47819C 21018AJ  25222.12270833 -.00010275  00000+0 -68910-3 0  2222
2 47819  53.0531 121.3719 0001498  82.5030  34.7138 15.06372824    17
STARLINK-2406
1 47821C 21018AL  25222.11923611 -.00010957  00000+0 -73484-3 0  2222
2 47821  53.0540 121.4077 0001497  99.7142 213.5243 15.06374234    12
STARLINK-2407
1 47822C 21018AM  25222.12548611 -.00002005  00000+0 -13451-3 0  2220
2 47822  53.0531 131.3607 0001499  76.4987 220.7772 15.06360409    19
STARLINK-2408
1 47823C 21018AN  25222.11437500 -.00004495  00000+0 -30143-3 0  2226
2 47823  53.0539 121.4090 0001304  84.2810  67.7153 15.06368307    18
STARLINK-2409
1 47824C 21018AP  25222.10256944 -.00012137  00000+0 -81406-3 0  2227
2 47824  53.0539 121.4699 0001382  77.7712  65.0546 15.06372136    10
STARLINK-2410
1 47825C 21018AQ  25222.11993056  .00005421  00000+0  36340-3 0  2224
2 47825  53.0533 121.3941 0001316  99.6978  37.2833 15.06371271    17
STARLINK-2411
1 47826C 21018AR  25222.12340278  .00002480  00000+0  16622-3 0  2221
2 47826  53.0536 121.3807 0001339  82.5893  93.1416 15.06379781    16
STARLINK-2413
1 47827C 21018AS  25222.10465278  .00004035  00000+0  27054-3 0  2227
2 47827  53.0533 111.7063 0001399  95.9280  72.9932 15.06369630    15
STARLINK-2415
1 47828C 21018AT  25222.09840278  .00013286  00000+0  89096-3 0  2225
2 47828  53.0531 131.4923 0001184  80.6794  44.5248 15.06354204    17
STARLINK-2419
1 47830C 21018AV  25222.11923611 -.00011292  00000+0 -75697-3 0  2223
2 47830  53.0534 131.3973 0001489  92.7439  65.4769 15.06390685    18
STARLINK-2420
1 47831C 21018AW  25222.11993056  .00001895  00000+0  12700-3 0  2226
2 47831  53.0535 106.3920 0001480  97.3301  62.1637 15.06376858    18
STARLINK-2422
1 47832C 21018AX  25222.12131944  .00003344  00000+0  22431-3 0  2221
2 47832  53.0530 121.3886 0001346  79.4165 325.1421 15.06355527    15
STARLINK-2423
1 47833C 21018AY  25222.10395833  .00004725  00000+0  31689-3 0  2228
2 47833  53.0537 121.4667 0001476  86.5261  83.7917 15.06359648    16
STARLINK-2424
1 47834C 21018AZ  25222.11020833 -.00004202  00000+0 -28183-3 0  2222
2 47834  53.0536 121.4407 0001272  83.7057  60.5455 15.06367078    10
STARLINK-2426
1 47836C 21018BB  25222.12618056  .00001504  00000+0  10083-3 0  2225
2 47836  53.0532 121.4549 0001404  97.1216  33.7369 15.06364679    18
STARLINK-2427
1 47837C 21018BC  25222.12062500  .00010983  00000+0  73637-3 0  2228
2 47837  53.0533 101.3931 0001389  98.0791 312.6811 15.06362491    13
STARLINK-2429
1 47838C 21018BD  25222.12131944  .00003349  00000+0  22464-3 0  2228
2 47838  53.0534 121.3883 0001558  81.4945 263.0438 15.06356070    18
STARLINK-2431
1 47839C 21018BE  25222.12201389  .00010916  00000+0  73170-3 0  2228
2 47839  53.0528  91.3854 0001407  84.1505 109.1094 15.06370498    19
STARLINK-2432
1 47840C 21018BF  25222.12479167  .00012670  00000+0  84941-3 0  2228
2 47840  53.0542 101.3753 0001444  99.8906  53.4724 15.06363102    11
STARLINK-2433
1 47841C 21018BG  25222.12062500  .00007523  00000+0  50452-3 0  2229
2 47841  53.0534 101.3894 0001403  83.1180  67.6791 15.06358307    16
STARLINK-2435
1 47843C 21018BJ  25222.11090278 -.00002049  00000+0 -13740-3 0  2222
2 47843  53.0531 126.4355 0001186  80.4549 240.0625 15.06360859    10
STARLINK-2446
1 47844C 21018BK  25222.12201389 -.00002572  00000+0 -17249-3 0  2220
2 47844  53.0530 121.3841 0001312  99.4189 288.8639 15.06370526    12
STARLINK-2453
1 47845C 21018BL  25222.12270833 -.00005806  00000+0 -38941-3 0  2226
2 47845  53.0537 121.3828 0001458  80.5250 211.5624 15.06366203    10
STARLINK-2280
1 47861C 21021B   25222.11159722 -.00007757  00000+0 -52022-3 0  2223
2 47861  53.0532 136.4330 0001376  77.0267  52.2431 15.06373822    17
STARLINK-2291
1 47862C 21021C   25222.12062500  .00000401  00000+0  26877-4 0  2229
2 47862  53.0531 131.3912 0001451  77.3791 208.4073 15.06366996    17
STARLINK-2326
1 47870C 21021L   25222.10812500 -.00018958  00000+0 -12713-2 0  2229
2 47870  53.0537 156.4482 0001420  81.8360  78.5958 15.06387347    11
STARLINK-2329
1 47873C 21021P   25222.12131944 -.00010560  00000+0 -70815-3 0  2229
2 47873  53.0538 131.3855 0001398  85.7969   3.7648 15.06377461    15
STARLINK-2330
1 47874C 21021Q   25222.11854167  .00014537  00000+0  97447-3 0  2224
2 47874  53.0534  86.4076 0001457  92.9001 289.0302 15.06367073    14
STARLINK-2336
1 47879C 21021V   25222.12270833 -.00013633  00000+0 -91403-3 0  2226
2 47879  53.0535 156.3827 0001447  88.3368 351.2096 15.06388901    10
STARLINK-2340
1 47882C 21021Y   25222.12618056  .00080476  00000+0  14481-2 0  2220
2 47882  53.0460  90.3430 0000905 334.0627  90.8518 15.49145278    15
STARLINK-2342
1 47883C 21021Z   25222.10048611 -.00025859  00000+0 -17343-2 0  2229
2 47883  53.0537 146.4822 0001485  78.8864 175.1163 15.06387397    15
STARLINK-2343
1 47884C 21021AA  25222.11645833 -.00007651  00000+0 -51287-3 0  2226
2 47884  53.0536 151.4120 0001904  99.9839 333.0924 15.06389662    11
STARLINK-2346
1 47887C 21021AD  25222.10256944 -.00008378  00000+0 -56098-3 0  2221
2 47887  53.0534 151.4723 0001794  96.0139 161.7423 15.06429682    16
STARLINK-2354
1 47894C 21021AL  25222.12201389 -.00017725  00000+0 -11888-2 0  2227
2 47894  53.0540 141.3840 0001557  79.4585 298.8476 15.06379268    10
STARLINK-2355
1 47895C 21021AM  25222.11090278 -.00014717  00000+0 -98682-3 0  2226
2 47895  53.0543 141.4332 0001793  98.3398 159.6871 15.06383292    10
STARLINK-2356
1 47896C 21021AN  25222.10534722 -.00040907  00000+0 -27428-2 0  2222
2 47896  53.0535 156.4620 0001479  85.8235 179.5746 15.06412896    15
STARLINK-2358
1 47898C 21021AQ  25222.10187500 -.00021926  00000+0 -14704-2 0  2225
2 47898  53.0543 141.4742 0001610  79.1667 169.8427 15.06387566    10
STARLINK-2361
1 47901C 21021AT  25222.12548611 -.00017595  00000+0 -11801-2 0  2228
2 47901  53.0542 131.4534 0001429  75.4945  16.6450 15.06377901    15
STARLINK-2363
1 47903C 21021AV  25222.12756944 -.00019496  00000+0 -13076-2 0  2228
2 47903  53.0538 131.3510 0001341  83.9935 344.6264 15.06378271    19
STARLINK-2364
1 47904C 21021AW  25222.12479167 -.00004196  00000+0 -28139-3 0  2226
2 47904  53.0537 131.3753 0001370 100.6413 327.7640 15.06368095    11
STARLINK-2367
1 47907C 21021AZ  25222.12270833 -.00015254  00000+0 -10227-2 0  2223
2 47907  53.0539 151.3832 0001421  98.7759 288.2692 15.06388572    13
STARLINK-2368
1 47908C 21021BA  25222.11020833 -.00015471  00000+0 -10375-2 0  2221
2 47908  53.0533 151.4380 0001465  80.2696 198.9552 15.06381321    18
STARLINK-2370
1 47910C 21021BC  25222.11159722 -.00012039  00000+0 -80730-3 0  2224
2 47910  53.0538 141.5925 0001559  97.7365 183.9277 15.06378977    12
STARLINK-2371
1 47911C 21021BD  25222.11229167 -.00040268  00000+0 -27002-2 0  2223
2 47911  53.0532 156.6715 0001449  87.6198 195.3014 15.06408683    15
STARLINK-2378
1 47916C 21021BJ  25222.12062500 -.00014066  00000+0 -94343-3 0  2225
2 47916  53.0540 131.3933 0001402  79.4390  26.3768 15.06374227    18
STARLINK-2405
1 47919C 21021BM  25222.12340278 -.00030293  00000+0 -20317-2 0  2228
2 47919  53.0540 151.3780 0001412  83.7007  47.1801 15.06392944    12
STARLINK-1647
1 47978C 21024B   25222.13590278 -.00032359  00000+0 -21687-2 0  2220
2 47978  53.0523 206.3227 0001299  89.5869 306.5598 15.06420739    17
STARLINK-2303
1 47981C 21024E   25222.12687500 -.00025818  00000+0 -17303-2 0  2220
2 47981  53.0526 206.3622 0001337  74.8554 332.3092 15.06414400    18
STARLINK-2273
1 47993C 21024S   25222.11576389 -.00034031  00000+0 -22814-2 0  2224
2 47993  53.0536 166.4103 0001452  87.0029  99.8943 15.06411178    12
STARLINK-2266
1 47997C 21024W   25222.11506944 -.00022946  00000+0 -15376-2 0  2225
2 47997  53.0525 181.4170 0001382  92.0638 168.4580 15.06416701    16
STARLINK-2270
1 48000C 21024Z   25222.11784722  .00004478  00000+0  30024-3 0  2229
2 48000  53.0529 111.6060 0001365  94.6427  65.9267 15.06365084    14
STARLINK-2153
1 48009C 21024AJ  25222.12618056 -.00018416  00000+0 -12343-2 0  2227
2 48009  53.0525 186.3626 0001459  89.2223  84.1510 15.06405132    17
STARLINK-2226
1 48010C 21024AK  25222.12479167 -.00023034  00000+0 -15435-2 0  2224
2 48010  53.0531 206.3722 0001268  77.1943  18.6112 15.06417280    16
STARLINK-2282
1 48018C 21024AT  25222.11854167  .00089807  00000+0  88014-3 0  2220
2 48018  53.0214 133.0054 0006964 100.4456  55.7201 15.65318185    13
STARLINK-2285
1 48019C 21024AU  25222.11923611  .00015127  00000+0  10137-2 0  2226
2 48019  53.0523 181.3980 0001376  85.8213 177.2519 15.06377402    14
STARLINK-2301
1 48021C 21024AW  25222.11576389  .01292700  00000+0  12134-2 0  2229
2 48021  53.0400  96.5346 0005490 256.3335 262.5725 16.10028596    15
STARLINK-2298
1 48022C 21024AX  25222.11298611 -.00034562  00000+0 -23162-2 0  2223
2 48022  53.0531 201.7047 0001469  81.3292  57.7678 15.06425542    16
STARLINK-2292
1 48023C 21024AY  25222.12062500 -.00025405  00000+0 -17024-2 0  2227
2 48023  53.0524 201.3888 0001371  85.0657 155.6488 15.06418767    14
STARLINK-2299
1 48029C 21024BE  25222.12409722 -.00021120  00000+0 -14154-2 0  2225
2 48029  53.0523 201.3708 0001318  88.6587 290.9113 15.06409150    16
STARLINK-2404
1 48093C 21027B   25222.12270833  .00006568  00000+0  44025-3 0  2226
2 48093  53.0544  31.5803 0001431  85.2179  21.6268 15.06374872    17
STARLINK-2412
1 48094C 21027C   25222.11645833  .00007749  00000+0  51950-3 0  2229
2 48094  53.0544  41.4087 0001418  81.7390 256.4038 15.06370640    15
STARLINK-2414
1 48095C 21027D   25222.11993056  .00007300  00000+0  48937-3 0  2227
2 48095  53.0542  41.3918 0001386  81.8696 235.1252 15.06370115    19
STARLINK-2417
1 48096C 21027E   25222.12201389  .00009638  00000+0  64609-3 0  2220
2 48096  53.0539  41.3810 0001316  79.3801  28.8971 15.06370898    13
STARLINK-2418
1 48097C 21027F   25222.12340278  .00008080  00000+0  54175-3 0  2229
2 48097  53.0545  21.3746 0001215  83.3942 142.4439 15.06365179    14
STARLINK-2421
1 48098C 21027G   25222.12062500  .00007712  00000+0  51698-3 0  2227
2 48098  53.0539  31.3897 0001297  79.8307 255.8911 15.06373313    14
STARLINK-2428
1 48099C 21027H   25222.10465278  .00008952  00000+0  60007-3 0  2226
2 48099  53.0540  41.4592 0001293  95.5326 218.5339 15.06374673    13
STARLINK-2430
1 48100C 21027J   25222.11576389  .00008858  00000+0  59382-3 0  2225
2 48100  53.0547  21.4102 0001129  93.7516 130.5890 15.06371347    17
STARLINK-2436
1 48101C 21027K   25222.11715278  .00009005  00000+0  60347-3 0  2226
2 48101  53.0545  31.6076 0001265  89.2477 127.4581 15.06381126    14
STARLINK-2437
1 48102C 21027L   25222.13381944  .00128470  00000+0  95817-3 0  2226
2 48102  53.0528  12.2250 0001002   3.4070 124.0351 15.71946550    19
STARLINK-2439
1 48104C 21027N   25222.12131944  .00008946  00000+0  59966-3 0  2220
2 48104  53.0548  26.3903 0001358  81.6457 285.3515 15.06371857    18
STARLINK-2440
1 48105C 21027P   25222.12201389  .00014541  00000+0  97450-3 0  2220
2 48105  53.0544 331.3875 0001174  92.4559  60.7798 15.06374430    19
STARLINK-2442
1 48106C 21027Q   25222.12062500  .00008185  00000+0  54870-3 0  2227
2 48106  53.0548  21.3994 0001186  81.3683 149.3715 15.06368781    15
STARLINK-2443
1 48107C 21027R   25222.10604167  .00008101  00000+0  54300-3 0  2223
2 48107  53.0543  21.4546 0001134  98.2026 333.3923 15.06374033    19
STARLINK-2448
1 48111C 21027V   25222.12479167  .00006960  00000+0  46658-3 0  2228
2 48111  53.0540  31.3403 0001327  82.2839 336.0691 15.06373424    17
STARLINK-2449
1 48112C 21027W   25222.11993056  .00008197  00000+0  54936-3 0  2228
2 48112  53.0540  46.5615 0001297  86.7613 342.5366 15.06379232    10
STARLINK-2450
1 48113C 21027X   25222.10048611  .00019750  00000+0  13230-2 0  2224
2 48113  53.0541  41.4826 0001339  96.0068 215.4431 15.06387514    18
STARLINK-2452
1 48115C 21027Z   25222.11854167  .00008113  00000+0  54372-3 0  2222
2 48115  53.0544  31.4056 0001221  93.3374  11.0461 15.06381389    14
STARLINK-2454
1 48116C 21027AA  25222.12618056  .00008852  00000+0  59321-3 0  2228
2 48116  53.0541  41.3632 0001399  90.2273  20.5946 15.06381806    19
STARLINK-2455
1 48117C 21027AB  25222.11645833  .00008338  00000+0  55896-3 0  2223
2 48117  53.0548  21.3952 0001265  83.2779 129.9859 15.06368261    12
STARLINK-2459
1 48119C 21027AD  25222.12131944  .00006318  00000+0  42351-3 0  2227
2 48119  53.0543  21.3760 0001098  83.2506 116.3072 15.06377662    10
STARLINK-2460
1 48120C 21027AE  25222.11298611  .00007635  00000+0  51179-3 0  2224
2 48120  53.0535  41.4243 0001298  83.0718  36.2050 15.06372164    15
STARLINK-2462
1 48121C 21027AF  25222.12062500  .00007233  00000+0  48485-3 0  2222
2 48121  53.0543  31.3939 0001216  83.8571 231.8583 15.06373149    18
STARLINK-2464
1 48123C 21027AH  25222.11368056  .00007366  00000+0  49369-3 0  2227
2 48123  53.0551  21.4178 0001406  82.8256 150.1853 15.06376996    10
STARLINK-2465
1 48124C 21027AJ  25222.10881944  .00009295  00000+0  62308-3 0  2224
2 48124  53.0546  31.4455 0001226  97.5717 114.1046 15.06370892    12
STARLINK-2466
1 48125C 21027AK  25222.12131944  .00007896  00000+0  52938-3 0  2228
2 48125  53.0535  41.6287 0001420  88.1080 116.2099 15.06368053    19
STARLINK-2467
1 48126C 21027AL  25222.11715278  .00008881  00000+0  59536-3 0  2222
2 48126  53.0543  21.4105 0001155  82.2977 349.5907 15.06367938    19
STARLINK-2468
1 48127C 21027AM  25222.11576389  .00009298  00000+0  62328-3 0  2227
2 48127  53.0542  41.4149 0001438  81.2080  33.1437 15.06371552    18
STARLINK-2469
1 48128C 21027AN  25222.12756944  .00013667  00000+0  91628-3 0  2226
2 48128  53.0554 331.4447 0001225 101.4877 181.8605 15.06362638    11
STARLINK-2471
1 48129C 21027AP  25222.12618056  .00008887  00000+0  59582-3 0  2229
2 48129  53.0534  41.3640 0001257  82.1388 128.7236 15.06365254    16
STARLINK-2472
1 48130C 21027AQ  25222.11854167  .00008636  00000+0  57893-3 0  2220
2 48130  53.0540  46.9470 0001407  93.2112 208.3443 15.06371470    14
STARLINK-2473
1 48131C 21027AR  25222.10881944  .00007297  00000+0  48915-3 0  2220
2 48131  53.0545  21.4443 0001310  86.5453 340.0848 15.06374394    15
STARLINK-2474
1 48132C 21027AS  25222.11229167  .00007740  00000+0  51868-3 0  2229
2 48132  53.0538  41.4284 0001259  92.1074 103.3601 15.06385197    17
STARLINK-2475
1 48133C 21027AT  25222.11993056  .00007326  00000+0  49108-3 0  2229
2 48133  53.0539  41.3951 0001629  87.7639 169.1619 15.06374404    15
STARLINK-2476
1 48134C 21027AU  25222.11437500  .00008377  00000+0  56167-3 0  2227
2 48134  53.0543  41.4174 0001355  80.1807 226.6650 15.06363620    11
STARLINK-2478
1 48135C 21027AV  25222.11437500  .00008761  00000+0  58733-3 0  2226
2 48135  53.0541  46.5823 0001409  79.1255 220.0730 15.06368916    12
STARLINK-2479
1 48136C 21027AW  25222.12409722  .00006827  00000+0  45769-3 0  2229
2 48136  53.0542  41.8735 0001284  80.8230 238.4304 15.06372185    10
STARLINK-2480
1 48137C 21027AX  25222.11715278  .00009148  00000+0  61333-3 0  2229
2 48137  53.0548  21.3783 0001331  79.0684 332.8323 15.06363816    10
STARLINK-2481
1 48138C 21027AY  25222.12687500  .00006626  00000+0  44399-3 0  2228
2 48138  53.0540  41.3604 0001236  94.1679 220.4294 15.06386255    14
STARLINK-2482
1 48139C 21027AZ  25222.09701389  .00010031  00000+0  67243-3 0  2225
2 48139  53.0552  21.4972 0001155  99.4591 103.1686 15.06369961    13
STARLINK-2483
1 48140C 21027BA  25222.11784722  .00006729  00000+0  45092-3 0  2229
2 48140  53.0541  41.9561 0001316  84.1425 121.0654 15.06387952    14
STARLINK-2485
1 48142C 21027BC  25222.11854167  .00008384  00000+0  56207-3 0  2221
2 48142  53.0552  21.4015 0001128  85.6225 253.7060 15.06370217    10
STARLINK-2486
1 48143C 21027BD  25222.11715278  .00014699  00000+0  98526-3 0  2227
2 48143  53.0543 336.5075 0001293  70.1275 309.1999 15.06368083    19
STARLINK-2487
1 48144C 21027BE  25222.10465278  .00010268  00000+0  68842-3 0  2225
2 48144  53.0552  21.4641 0001346  78.0461 146.0401 15.06362781    17
STARLINK-2488
1 48145C 21027BF  25222.10812500  .00009225  00000+0  61831-3 0  2222
2 48145  53.0550  21.4468 0001227  92.7774 130.1254 15.06376811    10
STARLINK-2491
1 48148C 21027BJ  25222.12062500 -.00051915  00000+0 -34776-2 0  2226
2 48148  53.0544  41.3933 0001137  90.9361  29.8108 15.06459299    10
STARLINK-2492
1 48149C 21027BK  25222.12270833  .00008920  00000+0  59783-3 0  2229
2 48149  53.0550  21.3819 0001286  92.0115 329.9870 15.06377914    17
STARLINK-2493
1 48150C 21027BL  25222.10951389  .00010231  00000+0  68579-3 0  2222
2 48150  53.0548  21.4392 0001209  95.2385 235.1986 15.06373815    14
STARLINK-2503
1 48151C 21027BM  25222.10673611  .00009297  00000+0  62324-3 0  2224
2 48151  53.0549  21.4498 0001305  93.2214 202.1356 15.06371395    15
STARLINK-2567
1 48276C 21036A   25222.12131944  .00005448  00000+0  36496-3 0  2227
2 48276  53.0536 276.3893 0001130  84.2812  67.6537 15.06399825    12
STARLINK-2569
1 48277C 21036B   25222.11020833 -.00001517  00000+0 -10166-3 0  2222
2 48277  53.0524 241.4386 0001120  86.5021 357.6827 15.06402144    19
STARLINK-2543
1 48278C 21036C   25222.10812500 -.00000312  00000+0 -20933-4 0  2228
2 48278  53.0527 256.5330 0001170  81.0919 149.2389 15.06395025    17
STARLINK-2565
1 48280C 21036E   25222.12548611  .00013878  00000+0  93047-3 0  2226
2 48280  53.0555 326.3681 0001125  76.1982 323.4257 15.06360030    19
STARLINK-2558
1 48282C 21036G   25222.12062500  .00011044  00000+0  74037-3 0  2227
2 48282  53.0549 311.3902 0001217  76.9915  98.7173 15.06366839    12
STARLINK-2516
1 48283C 21036H   25222.11854167  .00011962  00000+0  80202-3 0  2225
2 48283  53.0548 311.3999 0001148 101.1453  83.2563 15.06361803    17
STARLINK-2564
1 48284C 21036J   25222.11298611  .00007449  00000+0  49926-3 0  2225
2 48284  53.0550 311.4262 0001252  97.3839  76.9030 15.06380759    14
STARLINK-2547
1 48286C 21036L   25222.11923611  .00012660  00000+0  84843-3 0  2220
2 48286  53.0545 311.6663 0001193  78.1183  29.8700 15.06376528    10
STARLINK-2566
1 48287C 21036M   25222.11923611  .00012830  00000+0  85975-3 0  2227
2 48287  53.0555 311.3984 0001265 100.1204 168.0827 15.06379655    15
STARLINK-2562
1 48288C 21036N   25222.11229167  .00191350  00000+0  15586-2 0  2228
2 48288  53.0522 299.4389 0006766 330.7417 245.8410 15.69754829    14
STARLINK-2545
1 48289C 21036P   25222.11576389  .00084644  00000+0  56778-2 0  2225
2 48289  53.0553 311.4144 0001100 101.9257 187.4481 15.06271946    14
STARLINK-2540
1 48290C 21036Q   25222.10743056  .00013921  00000+0  93328-3 0  2226
2 48290  53.0550 311.4502 0001245  93.4138 170.7412 15.06362727    11
STARLINK-2555
1 48291C 21036R   25222.12340278  .00013969  00000+0  93647-3 0  2224
2 48291  53.0556 311.3788 0001287  95.7709 275.0850 15.06363270    17
STARLINK-2542
1 48292C 21036S   25222.12201389  .00016388  00000+0  10984-2 0  2224
2 48292  53.0552 311.5503 0001292  90.7270 212.3164 15.06369961    10
STARLINK-2550
1 48293C 21036T   25222.12201389  .00013380  00000+0  89674-3 0  2227
2 48293  53.0545 311.3838 0001078  93.5262 309.7274 15.06375928    19
STARLINK-2533
1 48294C 21036U   25222.11923611  .00013107  00000+0  87859-3 0  2226
2 48294  53.0549 311.3966 0001220  94.5212 313.6032 15.06368228    12
STARLINK-2535
1 48295C 21036V   25222.11506944  .00012869  00000+0  86232-3 0  2221
2 48295  53.0545 311.4154 0001257  90.0865 315.3989 15.06381044    15
STARLINK-2559
1 48298C 21036Y   25222.11576389  .00012235  00000+0  82052-3 0  2227
2 48298  53.0544 311.4127 0001190  69.5069  39.8382 15.06351887    17
STARLINK-2557
1 48299C 21036Z   25222.12409722  .00011466  00000+0  76866-3 0  2226
2 48299  53.0544 311.3737 0001132 103.0507  71.5128 15.06368541    17
STARLINK-2538
1 48300C 21036AA  25222.12131944  .00015783  00000+0  10579-2 0  2221
2 48300  53.0558 321.3880 0001280  94.7195 109.7750 15.06368729    11
STARLINK-2537
1 48301C 21036AB  25222.10951389  .00004834  00000+0  32404-3 0  2220
2 48301  53.0547 321.4446 0001286  72.2225  88.2357 15.06377128    17
STARLINK-2530
1 48303C 21036AD  25222.12548611  .00013579  00000+0  91037-3 0  2227
2 48303  53.0545 321.9119 0001189  76.6234 290.1578 15.06362156    13
STARLINK-2524
1 48304C 21036AE  25222.12687500  .00006194  00000+0  41519-3 0  2224
2 48304  53.0548 321.3608 0001221  94.7885 219.8538 15.06373875    18
STARLINK-2519
1 48305C 21036AF  25222.12340278  .00011879  00000+0  79628-3 0  2221
2 48305  53.0548 321.9559 0001068 103.4426 272.0066 15.06370061    19
STARLINK-2523
1 48306C 21036AG  25222.11923611  .00013995  00000+0  93846-3 0  2228
2 48306  53.0544 321.3994 0001154  74.5307 238.6758 15.06354705    18
STARLINK-2517
1 48309C 21036AK  25222.12062500  .00013021  00000+0  87279-3 0  2226
2 48309  53.0549 321.3918 0001130  79.0994 301.6134 15.06369186    16
STARLINK-2536
1 48310C 21036AL  25222.11506944  .00012998  00000+0  87131-3 0  2221
2 48310  53.0548 321.4180 0001132 103.0927 267.4980 15.06369182    19
STARLINK-2534
1 48311C 21036AM  25222.11298611  .00012986  00000+0  87053-3 0  2221
2 48311  53.0547 321.4273 0001285  90.8105 288.4582 15.06367194    14
STARLINK-2061
1 48312C 21036AN  25222.12062500  .00014375  00000+0  96388-3 0  2224
2 48312  53.0551 321.3921 0001232  71.9603   8.7833 15.06357394    17
STARLINK-2549
1 48314C 21036AQ  25222.12270833  .00014239  00000+0  95459-3 0  2223
2 48314  53.0555 321.3821 0001299  72.6761  59.3849 15.06364032    14
STARLINK-2506
1 48315C 21036AR  25222.12062500  .00014231  00000+0  95413-3 0  2226
2 48315  53.0553 321.3928 0001313  71.4819  69.2573 15.06359198    10
STARLINK-2507
1 48316C 21036AS  25222.12618056  .00014953  00000+0  10025-2 0  2226
2 48316  53.0553 321.3679 0001192 103.2552  87.6457 15.06359841    17
STARLINK-2513
1 48317C 21036AT  25222.11854167  .00015090  00000+0  10115-2 0  2224
2 48317  53.0550 321.4037 0001255  90.1810  79.2367 15.06368896    12
STARLINK-2509
1 48318C 21036AU  25222.12201389  .00014484  00000+0  97150-3 0  2229
2 48318  53.0554 331.3828 0001247  69.3238 163.9705 15.06343290    16
STARLINK-2512
1 48319C 21036AV  25222.12131944  .00013196  00000+0  88472-3 0  2225
2 48319  53.0553 331.3769 0001000  76.5085 178.1447 15.06363070    16
STARLINK-2029
1 48320C 21036AW  25222.12548611  .00016870  00000+0  11308-2 0  2225
2 48320  53.0554 331.3670 0000915  65.9841 226.1440 15.06364761    11
STARLINK-2457
1 48321C 21036AX  25222.12062500  .00013903  00000+0  93222-3 0  2224
2 48321  53.0559 331.3928 0001325  72.4198 213.3261 15.06356346    16
STARLINK-2515
1 48323C 21036AZ  25222.11576389  .00014346  00000+0  96199-3 0  2228
2 48323  53.0557 331.4137 0001139  97.4771 201.8713 15.06354468    13
STARLINK-2495
1 48325C 21036BB  25222.11993056  .00012178  00000+0  81650-3 0  2221
2 48325  53.0555 331.3956 0001252  96.3359 265.6468 15.06362760    16
STARLINK-2498
1 48326C 21036BC  25222.11923611  .00015501  00000+0  10397-2 0  2224
2 48326  53.0554 331.3991 0001330  88.2499 289.9448 15.06344932    15
STARLINK-2502
1 48327C 21036BD  25222.11645833  .00015794  00000+0  10588-2 0  2228
2 48327  53.0552 331.4128 0001400  82.2661 300.8820 15.06363306    13
STARLINK-2504
1 48328C 21036BE  25222.10951389  .00010733  00000+0  71967-3 0  2221
2 48328  53.0550 331.4440 0001289  96.7851 268.6807 15.06361793    19
STARLINK-2510
1 48329C 21036BF  25222.12340278  .00015712  00000+0  10532-2 0  2225
2 48329  53.0555 331.3800 0001137  64.0491  36.7806 15.06364950    15
STARLINK-2501
1 48330C 21036BG  25222.12131944  .00014304  00000+0  95886-3 0  2227
2 48330  53.0553 331.3851 0001079  93.7024  15.8071 15.06366009    16
STARLINK-2514
1 48331C 21036BH  25222.11784722  .00014835  00000+0  99444-3 0  2228
2 48331  53.0545 331.4069 0001161  76.2557  34.3714 15.06366097    16
STARLINK-2511
1 48332C 21036BJ  25222.11159722  .00009040  00000+0  60627-3 0  2228
2 48332  53.0544 331.4351 0000871 108.8744 333.0267 15.06355244    11
STARLINK-2518
1 48333C 21036BK  25222.12409722  .00014588  00000+0  97759-3 0  2227
2 48333  53.0551 331.3739 0001344  94.9668  89.5286 15.06378077    18
STARLINK-2470
1 48334C 21036BL  25222.11506944  .00014405  00000+0  96574-3 0  2223
2 48334  53.0551 331.4142 0001140  77.4583  78.1116 15.06362460    19
STARLINK-2613
1 48353C 21038A   25222.10881944 -.00000437  00000+0 -29254-4 0  2225
2 48353  53.0518 231.4422 0001248  80.7554  30.8986 15.06398960    11
STARLINK-2674
1 48354C 21038B   25222.09909722 -.00000391  00000+0 -26189-4 0  2222
2 48354  53.0518 231.4865 0001189  85.5992 353.2390 15.06411757    17
STARLINK-2635
1 48355C 21038C   25222.12479167 -.00001237  00000+0 -82869-4 0  2229
2 48355  53.0515 231.3696 0001000  78.8882 159.4343 15.06390337    15
STARLINK-2637
1 48356C 21038D   25222.11993056 -.00056822  00000+0 -38074-2 0  2224
2 48356  53.0517 231.3937 0001286  89.7780 142.1602 15.06453414    13
STARLINK-2636
1 48357C 21038E   25222.11854167 -.00001855  00000+0 -12434-3 0  2223
2 48357  53.0524 231.8235 0001181  87.3252 296.7865 15.06393662    15
STARLINK-2624
1 48358C 21038F   25222.11715278 -.00001578  00000+0 -10575-3 0  2229
2 48358  53.0520 231.4062 0001251  84.2418 172.6368 15.06399874    15
STARLINK-2628
1 48359C 21038G   25222.10881944 -.00002616  00000+0 -17530-3 0  2225
2 48359  53.0519 231.4436 0001327  91.8119 139.8549 15.06398074    12
STARLINK-2622
1 48360C 21038H   25222.10465278 -.00002625  00000+0 -17591-3 0  2222
2 48360  53.0511 231.4642 0001305 100.2764 128.6499 15.06397478    19
STARLINK-2591
1 48361C 21038J   25222.12687500 -.00003278  00000+0 -21966-3 0  2225
2 48361  53.0512 231.3641 0001317  74.3259 295.2898 15.06402223    11
STARLINK-2578
1 48362C 21038K   25222.11645833  .00011826  00000+0  79238-3 0  2229
2 48362  53.0518 231.4941 0001447  84.9800  47.9649 15.06386928    14
STARLINK-2626
1 48363C 21038L   25222.13312500  .00056962  00000+0  12754-2 0  2223
2 48363  53.0590 185.8820 0003994  66.6579  25.7806 15.42805446    12
STARLINK-2611
1 48364C 21038M   25222.12409722 -.00003003  00000+0 -20119-3 0  2221
2 48364  53.0514 226.5408 0001084  86.4775 335.4539 15.06398427    10
STARLINK-2608
1 48365C 21038N   25222.11993056 -.00000224  00000+0 -15035-4 0  2223
2 48365  53.0516 226.3918 0001244  80.9066 158.4954 15.06403566    12
STARLINK-2631
1 48366C 21038P   25222.12965278  .00811150  00000+0  11838-2 0  2221
2 48366  53.0375 190.4348 0004051  80.3101 311.6080 16.03608304    15
STARLINK-2643
1 48367C 21038Q   25222.12131944 -.00023288  00000+0 -15605-2 0  2222
2 48367  53.0516 221.3854 0001259  78.0715 256.4032 15.06418288    16
STARLINK-2623
1 48368C 21038R   25222.12201389 -.00030505  00000+0 -20442-2 0  2229
2 48368  53.0514 221.6660 0001280  88.4770   9.6017 15.06423860    16
STARLINK-2621
1 48370C 21038T   25222.12340278 -.00022471  00000+0 -15059-2 0  2224
2 48370  53.0521 221.3781 0001303  88.1784 297.6255 15.06412606    15
STARLINK-2589
1 48371C 21038U   25222.12131944 -.00027683  00000+0 -18551-2 0  2223
2 48371  53.0516 221.3873 0001261  87.4348 307.0665 15.06420755    18
STARLINK-2609
1 48373C 21038W   25222.12062500 -.00022720  00000+0 -15226-2 0  2229
2 48373  53.0519 221.3873 0001263  84.8557 345.8770 15.06413963    18
STARLINK-2604
1 48374C 21038X   25222.12131944 -.00028500  00000+0 -19100-2 0  2226
2 48374  53.0522 221.7332 0001036  84.1302 190.1638 15.06419057    10
STARLINK-2603
1 48375C 21038Y   25222.12062500 -.00030994  00000+0 -20771-2 0  2224
2 48375  53.0517 221.3922 0001113  85.6791  25.0733 15.06422557    11
STARLINK-2610
1 48376C 21038Z   25222.12409722 -.00010825  00000+0 -72565-3 0  2226
2 48376  53.0516 221.3759 0001313  80.9728  68.6761 15.06391327    13
STARLINK-2499
1 48377C 21038AA  25222.12270833 -.00030835  00000+0 -20663-2 0  2220
2 48377  53.0523 221.8812 0001247  87.0396 174.6602 15.06424601    16
STARLINK-2526
1 48378C 21038AB  25222.11159722 -.00030239  00000+0 -20262-2 0  2226
2 48378  53.0525 221.4305 0001281  82.4026  39.3310 15.06425945    14
STARLINK-2612
1 48379C 21038AC  25222.11090278 -.00025882  00000+0 -17341-2 0  2229
2 48379  53.0520 221.4344 0001336  72.3660  65.5679 15.06424849    17
STARLINK-2614
1 48380C 21038AD  25222.11784722 -.00025009  00000+0 -16759-2 0  2228
2 48380  53.0525 221.9138 0001184  83.5991  51.7143 15.06419028    18
STARLINK-2630
1 48381C 21038AE  25222.10604167 -.00038017  00000+0 -25471-2 0  2226
2 48381  53.0526 221.4551 0001529  86.8980  44.6630 15.06438126    13
STARLINK-2585
1 48382C 21038AF  25222.12340278  .00014566  00000+0  97545-3 0  2222
2 48382  53.0528 221.3782 0001193  67.3668 178.3572 15.06402968    10
STARLINK-2598
1 48385C 21038AJ  25222.11298611 -.00030138  00000+0 -20195-2 0  2228
2 48385  53.0520 221.4227 0001345  79.1693 170.1005 15.06425028    11
STARLINK-2606
1 48386C 21038AK  25222.12618056 -.00028310  00000+0 -18970-2 0  2226
2 48386  53.0522 216.3737 0001303  79.8903 308.4639 15.06422998    10
STARLINK-2594
1 48388C 21038AM  25222.10743056 -.00031778  00000+0 -21297-2 0  2223
2 48388  53.0526 216.4480 0001306  93.3056  53.3472 15.06420754    14
STARLINK-2586
1 48390C 21038AP  25222.11437500  .00011022  00000+0  73774-3 0  2227
2 48390  53.0528 211.4182 0001386  87.3672 184.3892 15.06424436    10
STARLINK-2607
1 48391C 21038AQ  25222.10673611  .00011821  00000+0  79217-3 0  2227
2 48391  53.0529 211.4522 0001018  63.2855 186.9588 15.06379058    17
STARLINK-2605
1 48392C 21038AR  25222.12340278 -.00034213  00000+0 -22926-2 0  2226
2 48392  53.0525 211.3765 0001163  78.0409 282.7655 15.06428798    18
STARLINK-2574
1 48395C 21038AU  25222.12201389 -.00023000  00000+0 -15412-2 0  2222
2 48395  53.0517 212.0105 0001342  89.5946  63.2423 15.06416012    11
STARLINK-2575
1 48396C 21038AV  25222.12270833  .00029166  00000+0  19551-2 0  2228
2 48396  53.0528 211.3816 0001344  80.5206 336.4318 15.06352874    10
STARLINK-2590
1 48397C 21038AW  25222.12479167  .00036090  00000+0  24201-2 0  2222
2 48397  53.0527 211.3721 0001287  76.4300  11.8785 15.06331821    11
STARLINK-2588
1 48398C 21038AX  25222.12131944 -.00061557  00000+0 -41248-2 0  2229
2 48398  53.0520 211.3854 0001185  76.6523  12.8641 15.06456682    13
STARLINK-2587
1 48399C 21038AY  25222.12479167 -.00026639  00000+0 -17852-2 0  2228
2 48399  53.0520 211.3698 0001375  83.9407  44.3903 15.06419155    18
STARLINK-2576
1 48400C 21038AZ  25222.12131944 -.00003453  00000+0 -23138-3 0  2223
2 48400  53.0520 211.3857 0001245  76.5077  52.8830 15.06402424    19
STARLINK-2571
1 48401C 21038BA  25222.11854167 -.00026322  00000+0 -17641-2 0  2223
2 48401  53.0525 211.4071 0001429  90.5596 183.8750 15.06415193    13
STARLINK-2593
1 48404C 21038BD  25222.11506944 -.00025006  00000+0 -16756-2 0  2227
2 48404  53.0519 211.4120 0001297  89.2970  66.2628 15.06419580    10
STARLINK-2570
1 48405C 21038BE  25222.11159722 -.00033253  00000+0 -22282-2 0  2220
2 48405  53.0517 211.4291 0001268  87.1921  69.5292 15.06428624    11
STARLINK-2568
1 48406C 21038BF  25222.12270833  .00014588  00000+0  97807-3 0  2223
2 48406  53.0520 211.3812 0001455  77.1686 159.8101 15.06358645    16
STARLINK-2595
1 48407C 21038BG  25222.11576389  .00067316  00000+0  14247-2 0  2221
2 48407  53.0459 167.0850 0005111  73.1660 150.5842 15.44454326    13
STARLINK-2592
1 48408C 21038BH  25222.12340278 -.00035799  00000+0 -23988-2 0  2223
2 48408  53.0518 211.3791 0001507  77.5828 203.2160 15.06430712    16
STARLINK-2563
1 48410C 21038BK  25222.10951389 -.00024599  00000+0 -16494-2 0  2225
2 48410  53.0530 166.4415 0001395  87.3352 325.6500 15.06395007    16
STARLINK-2505
1 48411C 21038BL  25222.12409722 -.00026636  00000+0 -17859-2 0  2227
2 48411  53.0538 161.3730 0001521  83.7650 315.8421 15.06398236    11
STARLINK-2581
1 48412C 21038BM  25222.11576389 -.00030750  00000+0 -20615-2 0  2227
2 48412  53.0538 161.8481 0001557  86.0169 168.0490 15.06406959    16
STARLINK-2461
1 48428C 21040A   25222.12131944  .00009777  00000+0  65521-3 0  2221
2 48428  53.0540  56.3893 0001325  89.8128 152.1543 15.06382515    14
STARLINK-2700
1 48431C 21040D   25222.10604167  .00007735  00000+0  51853-3 0  2220
2 48431  53.0545  21.4532 0001135  80.5957 356.1324 15.06373157    18
STARLINK-2680
1 48432C 21040E   25222.11437500  .00008365  00000+0  56085-3 0  2229
2 48432  53.0547  16.8150 0001255  84.0168 140.0371 15.06365772    17
STARLINK-2699
1 48433C 21040F   25222.12131944  .00007792  00000+0  52238-3 0  2223
2 48433  53.0545  21.6672 0001206  85.6845 108.6625 15.06368883    12
STARLINK-2692
1 48434C 21040G   25222.11020833  .00008558  00000+0  57369-3 0  2228
2 48434  53.0546  26.9509 0001325  86.2188 240.1395 15.06373167    17
STARLINK-2633
1 48435C 21040H   25222.11298611  .00007535  00000+0  50515-3 0  2220
2 48435  53.0541  36.4314 0001282  84.5423 222.2565 15.06367063    16
STARLINK-2639
1 48436C 21040J   25222.09909722  .00009215  00000+0  61779-3 0  2221
2 48436  53.0535  51.4910 0001322  82.6938 206.2113 15.06368616    10
STARLINK-2642
1 48437C 21040K   25222.09493056  .00011437  00000+0  76656-3 0  2229
2 48437  53.0534  61.5056 0001437  92.4470 258.8601 15.06374654    14
STARLINK-2640
1 48438C 21040L   25222.12201389  .00009371  00000+0  62810-3 0  2221
2 48438  53.0535  51.6502 0001386  92.5695 200.5296 15.06375058    18
STARLINK-2583
1 48439C 21040M   25222.11923611  .00008263  00000+0  55382-3 0  2225
2 48439  53.0535  51.3962 0001404  88.1683 350.0300 15.06376386    17
STARLINK-2682
1 48440C 21040N   25222.11923611  .00007906  00000+0  52993-3 0  2225
2 48440  53.0541  51.3998 0001323  85.7756  12.4175 15.06374816    14
STARLINK-2702
1 48441C 21040P   25222.11715278  .00008178  00000+0  54817-3 0  2223
2 48441  53.0541  51.4096 0001342  83.7882  23.1205 15.06372568    19
STARLINK-2644
1 48442C 21040Q   25222.11159722  .00008382  00000+0  56176-3 0  2227
2 48442  53.0538  51.4288 0001331  91.9170   4.8165 15.06379282    19
STARLINK-2663
1 48443C 21040R   25222.10812500  .00009300  00000+0  62345-3 0  2223
2 48443  53.0540  51.4467 0001373  82.9185  15.0196 15.06369706    12
STARLINK-2645
1 48444C 21040S   25222.12131944  .00008486  00000+0  56889-3 0  2222
2 48444  53.0540  51.3847 0001339  87.1618 102.3638 15.06370570    16
STARLINK-2634
1 48445C 21040T   25222.11715278  .00008834  00000+0  59207-3 0  2224
2 48445  53.0542  51.4036 0001337  92.6547  94.2330 15.06379835    11
STARLINK-2655
1 48449C 21040X   25222.12062500  .00008924  00000+0  59809-3 0  2220
2 48449  53.0540  51.3916 0001376  82.1550 183.5301 15.06379589    16
STARLINK-2660
1 48450C 21040Y   25222.12131944  .00009623  00000+0  64493-3 0  2223
2 48450  53.0537  51.4125 0001439  95.0983 179.4835 15.06378710    11
STARLINK-2703
1 48452C 21040AA  25222.11715278  .00009738  00000+0  65260-3 0  2222
2 48452  53.0535  51.3748 0001402  92.4262 194.4393 15.06381622    14
STARLINK-2620
1 48453C 21040AB  25222.11993056  .00008853  00000+0  59337-3 0  2220
2 48453  53.0541  51.3960 0001230  93.8935 228.0638 15.06376376    15
STARLINK-2654
1 48454C 21040AC  25222.11576389  .00009267  00000+0  62102-3 0  2221
2 48454  53.0537  51.4142 0001364  91.2980 228.0106 15.06381177    19
STARLINK-2497
1 48455C 21040AD  25222.10673611  .00009697  00000+0  65007-3 0  2221
2 48455  53.0531  51.4520 0001227  81.7519 208.5880 15.06369865    16
STARLINK-2698
1 48458C 21040AG  25222.11645833  .00009458  00000+0  63390-3 0  2228
2 48458  53.0531  56.4942 0001278  92.6223 202.9327 15.06378287    13
STARLINK-2579
1 48459C 21040AH  25222.11020833  .00008813  00000+0  59073-3 0  2223
2 48459  53.0534  56.7944 0001394  82.1304 219.3459 15.06372084    12
STARLINK-2582
1 48460C 21040AJ  25222.12270833  .00054706  00000+0  23532-2 0  2225
2 48460  53.0604  43.6586 0003203  53.6831 304.0134 15.22050531    18
STARLINK-2683
1 48462C 21040AL  25222.12131944  .00009644  00000+0  64652-3 0  2226
2 48462  53.0528  61.6673 0001355  87.7020 186.6515 15.06369512    17
STARLINK-2686
1 48464C 21040AN  25222.11923611  .00008991  00000+0  60264-3 0  2226
2 48464  53.0537  61.3950 0001311  95.4349 247.7565 15.06376922    13
STARLINK-2681
1 48465C 21040AP  25222.12340278  .00008704  00000+0  58355-3 0  2220
2 48465  53.0530  61.3759 0001079  90.2115 215.6317 15.06368636    11
STARLINK-2687
1 48466C 21040AQ  25222.11576389  .00009365  00000+0  62776-3 0  2220
2 48466  53.0539  61.4128 0001318  90.3311 254.0293 15.06371092    17
STARLINK-2659
1 48467C 21040AR  25222.12131944  .00010005  00000+0  67061-3 0  2221
2 48467  53.0532  61.3877 0001250  81.3467 153.1414 15.06373339    18
STARLINK-2685
1 48468C 21040AS  25222.10673611  .00010160  00000+0  68124-3 0  2225
2 48468  53.0534  61.4523 0001282  87.2559 168.1579 15.06361824    16
STARLINK-2661
1 48469C 21040AT  25222.12618056  .00009813  00000+0  65775-3 0  2222
2 48469  53.0527  61.3652 0001396  84.9786 195.8898 15.06373492    18
STARLINK-2675
1 48470C 21040AU  25222.08868056  .00012008  00000+0  80493-3 0  2220
2 48470  53.0535  61.8784 0001434  87.4861 189.6840 15.06369898    18
STARLINK-2684
1 48471C 21040AV  25222.10951389  .00009714  00000+0  65128-3 0  2224
2 48471  53.0530  61.4398 0001236  87.3745 163.1119 15.06365734    12
STARLINK-2722
1 48472C 21040AW  25222.10881944  .00009944  00000+0  66620-3 0  2227
2 48472  53.0538  61.4441 0001358  90.2986 256.2777 15.06390606    15
STARLINK-2658
1 48473C 21040AX  25222.12062500  .00009680  00000+0  64890-3 0  2223
2 48473  53.0536  61.3927 0001330  82.1263 128.6004 15.06370476    18
STARLINK-2697
1 48474C 21040AY  25222.11298611  .00009523  00000+0  63855-3 0  2223
2 48474  53.0542  61.4256 0001427  82.2223 267.0850 15.06361405    15
STARLINK-2619
1 48475C 21040AZ  25222.08868056  .00127580  00000+0  31947-2 0  2226
2 48475  53.0344  27.2009 0006628 258.1126  10.0076 15.39354819    19
STARLINK-2728
1 48478C 21040BC  25222.08868056  .00012167  00000+0  81559-3 0  2228
2 48478  53.0540  61.5357 0001290  80.5135 256.8895 15.06369172    15
STARLINK-2755
1 48479C 21040BD  25222.11784722  .00012292  00000+0  82399-3 0  2222
2 48479  53.0533  61.4027 0001547  80.2303  75.4390 15.06366902    13
STARLINK-2706
1 48481C 21040BF  25222.12479167  .00011426  00000+0  76513-3 0  2229
2 48481  53.0534  71.6502 0001449  86.3945 171.7844 15.06407971    14
STARLINK-2525
1 48482C 21040BG  25222.10604167  .00012467  00000+0  83570-3 0  2225
2 48482  53.0527  71.4560 0001400  80.8229 255.7728 15.06367374    16
STARLINK-2531
1 48483C 21040BH  25222.10048611  .00012489  00000+0  83710-3 0  2222
2 48483  53.0526  71.4790 0001315  84.1725 242.2402 15.06372452    17
STARLINK-2696
1 48484C 21040BJ  25222.12687500  .00108760  00000+0  14207-2 0  2223
2 48484  53.0419   8.4783 0004090 317.0842 309.5121 15.57911921    13
STARLINK-2500
1 48485C 21040BK  25222.11368056  .00011879  00000+0  79614-3 0  2223
2 48485  53.0529  71.4221 0001399  90.9328 267.1016 15.06375162    15
STARLINK-2494
1 48487C 21040BM  25222.11854167  .00011801  00000+0  79086-3 0  2226
2 48487  53.0537  71.4018 0001452  91.9738 252.4219 15.06377400    15
STARLINK-2063
1 48553C 21041A   25222.10951389  .00011174  00000+0  74932-3 0  2222
2 48553  53.0555   1.4387 0001215  79.4078 341.0798 15.06355840    17
STARLINK-2139
1 48554C 21041B   25222.11506944 -.00009782  00000+0 -65557-3 0  2224
2 48554  53.0556   1.7195 0001322  90.8940 159.4642 15.06400332    19
STARLINK-2145
1 48555C 21041C   25222.12756944  .00008950  00000+0  60010-3 0  2226
2 48555  53.0546  11.3571 0001329  78.3146 245.1070 15.06363600    14
STARLINK-2151
1 48556C 21041D   25222.11298611  .00009705  00000+0  65070-3 0  2228
2 48556  53.0545  11.4218 0001206  78.1521 226.1749 15.06362876    18
STARLINK-2155
1 48557C 21041E   25222.12131944  .00011975  00000+0  80275-3 0  2221
2 48557  53.0556   1.3898 0001300  94.0804 230.4311 15.06368873    15
STARLINK-2166
1 48558C 21041F   25222.12131944  .00007471  00000+0  50066-3 0  2223
2 48558  53.0552   1.3846 0001341  91.4719 253.0242 15.06381677    17
STARLINK-2187
1 48562C 21041K   25222.11715278  .00009434  00000+0  63258-3 0  2223
2 48562  53.0555   1.4047 0001253  96.5094 345.3700 15.06362041    11
STARLINK-2188
1 48563C 21041L   25222.12131944  .00011940  00000+0  80044-3 0  2224
2 48563  53.0554   1.3901 0001211  95.0569 269.4519 15.06366481    10
STARLINK-2190
1 48564C 21041M   25222.11020833  .00010827  00000+0  72575-3 0  2221
2 48564  53.0550   1.4366 0001189  93.9494 250.2641 15.06369819    13
STARLINK-2214
1 48566C 21041P   25222.12479167  .00010996  00000+0  73714-3 0  2225
2 48566  53.0548  11.3406 0001289  78.8068 249.5463 15.06366743    13
STARLINK-2217
1 48568C 21041R   25222.10326389  .00010309  00000+0  69120-3 0  2226
2 48568  53.0555   1.4662 0001217  84.0530 342.4803 15.06361600    19
STARLINK-2219
1 48569C 21041S   25222.11854167  .00006081  00000+0  40752-3 0  2220
2 48569  53.0555   1.4003 0001322  77.7740 291.6304 15.06385041    14
STARLINK-2220
1 48570C 21041T   25222.11993056  .00008370  00000+0  56098-3 0  2226
2 48570  53.0554  11.3914 0001133  99.3238 342.6406 15.06377755    11
STARLINK-2221
1 48571C 21041U   25222.12201389  .00007791  00000+0  52221-3 0  2229
2 48571  53.0553  11.3834 0001200  86.3235 326.9429 15.06376643    15
STARLINK-2222
1 48572C 21041V   25222.12062500  .00009257  00000+0  62056-3 0  2226
2 48572  53.0553  11.3868 0001292  93.3653 332.3546 15.06368816    10
STARLINK-2224
1 48573C 21041W   25222.09701389  .00010750  00000+0  72082-3 0  2228
2 48573  53.0556   1.4943 0001142  79.0371 333.5934 15.06360107    19
STARLINK-2225
1 48574C 21041X   25222.12548611  .00015979  00000+0  10713-2 0  2220
2 48574  53.0556 331.4560 0001253 104.2144 267.8341 15.06359861    19
STARLINK-2227
1 48575C 21041Y   25222.12409722  .00014487  00000+0  97141-3 0  2224
2 48575  53.0548 321.6949 0001394  72.6019 206.7601 15.06355476    17
STARLINK-2228
1 48576C 21041Z   25222.12201389  .00014012  00000+0  93918-3 0  2226
2 48576  53.0556 336.3865 0001136 103.0065 162.7465 15.06370849    11
STARLINK-2231
1 48577C 21041AA  25222.11784722 -.00013734  00000+0 -91996-3 0  2229
2 48577  53.0551   1.6708 0001083  77.3530 348.1505 15.06423286    15
STARLINK-2232
1 48578C 21041AB  25222.12062500  .00010201  00000+0  68376-3 0  2224
2 48578  53.0549   1.8994 0001201  83.5120 336.8538 15.06372949    17
STARLINK-2234
1 48580C 21041AD  25222.10465278  .00013613  00000+0  91257-3 0  2228
2 48580  53.0551 336.4709 0001293 101.2443 270.3187 15.06365153    12
STARLINK-2235
1 48581C 21041AE  25222.12270833  .00013513  00000+0  90590-3 0  2220
2 48581  53.0551 326.3903 0001296  71.5757 252.9492 15.06365268    19
STARLINK-2236
1 48582C 21041AF  25222.11506944  .00014635  00000+0  98112-3 0  2229
2 48582  53.0557 326.5793 0001263 104.1588 278.8369 15.06362496    14
STARLINK-2237
1 48583C 21041AG  25222.10256944  .00009333  00000+0  62565-3 0  2223
2 48583  53.0552  11.4734 0001237  81.8258 205.9354 15.06368899    19
STARLINK-2238
1 48584C 21041AH  25222.10534722  .00009012  00000+0  60397-3 0  2222
2 48584  53.0552  11.4555 0001321  94.3387 348.4987 15.06378092    18
STARLINK-2241
1 48586C 21041AK  25222.10812500  .00010778  00000+0  72246-3 0  2224
2 48586  53.0552  11.4430 0001331  93.7459 344.1501 15.06370296    19
STARLINK-2245
1 48589C 21041AN  25222.11298611  .00011707  00000+0  78477-3 0  2224
2 48589  53.0556   1.4227 0001194  94.0899 125.2164 15.06367777    11
STARLINK-2249
1 48592C 21041AR  25222.10048611  .00010475  00000+0  70216-3 0  2224
2 48592  53.0551  11.7163 0001261  91.8802 344.4245 15.06369763    19
STARLINK-2250
1 48593C 21041AS  25222.11090278  .00009477  00000+0  63535-3 0  2228
2 48593  53.0550  11.4349 0001072  75.7152 137.2671 15.06368231    11
STARLINK-2251
1 48594C 21041AT  25222.11229167  .00012198  00000+0  81758-3 0  2221
2 48594  53.0554 341.5135 0001315 101.4965 323.8506 15.06372937    13
STARLINK-2252
1 48595C 21041AU  25222.11298611  .00007969  00000+0  53409-3 0  2224
2 48595  53.0552  11.4222 0001080  85.8426 238.3255 15.06381682    16
STARLINK-2253
1 48596C 21041AV  25222.11923611  .00010232  00000+0  68583-3 0  2226
2 48596  53.0547  11.3947 0001215  95.9735 142.2111 15.06372318    19
STARLINK-2255
1 48597C 21041AW  25222.12340278  .00010350  00000+0  69380-3 0  2227
2 48597  53.0551  11.3787 0001270  74.9609 145.8351 15.06370517    19
STARLINK-2713
1 48602C 21041BB  25222.12340278  .00012589  00000+0  84406-3 0  2226
2 48602  53.0550 346.3788 0001308  98.5255 139.7979 15.06361207    12
STARLINK-2714
1 48603C 21041BC  25222.11090278  .00013709  00000+0  91905-3 0  2225
2 48603  53.0550 341.4320 0001261  98.4418 184.6700 15.06362772    18
STARLINK-2757
1 48604C 21041BD  25222.12131944  .00000178  00000+0  11924-4 0  2223
2 48604  53.0547  11.3858 0001149  88.2484 241.2149 15.06399087    15
STARLINK-2739
1 48639C 21044B   25222.11506944  .00003620  00000+0  24257-3 0  2226
2 48639  53.0552 346.4265 0001256  96.5429 176.5072 15.06389276    17
STARLINK-2736
1 48640C 21044C   25222.12131944  .00012509  00000+0  83886-3 0  2222
2 48640  53.0555 346.6677 0001223  75.6919 271.1642 15.06353070    15
STARLINK-2754
1 48641C 21044D   25222.11715278  .00013277  00000+0  89022-3 0  2221
2 48641  53.0554 351.4047 0001271  74.7114 182.2263 15.06359271    10
STARLINK-2646
1 48642C 21044E   25222.09562500  .00004102  00000+0  27502-3 0  2229
2 48642  53.0556 351.5105 0001180  96.8526 323.2321 15.06374319    12
STARLINK-2704
1 48643C 21044F   25222.10743056  .00012091  00000+0  81064-3 0  2228
2 48643  53.0560 351.4386 0001308  98.1666 131.1595 15.06362234    12
STARLINK-2695
1 48644C 21044G   25222.10395833  .00012097  00000+0  81111-3 0  2224
2 48644  53.0557 351.4634 0001295  77.1612 148.1463 15.06359608    11
STARLINK-2732
1 48646C 21044J   25222.12479167  .00012700  00000+0  85160-3 0  2220
2 48646  53.0557 351.3706 0001277  76.8497 301.5066 15.06355816    10
STARLINK-2521
1 48648C 21044L   25222.11506944  .00010207  00000+0  68442-3 0  2229
2 48648  53.0552 351.5809 0001150  83.8638 181.6060 15.06359780    13
STARLINK-2673
1 48649C 21044M   25222.11437500  .00010609  00000+0  71113-3 0  2226
2 48649  53.0561 351.4175 0001206  89.3987 272.4262 15.06373141    19
STARLINK-2672
1 48650C 21044N   25222.11020833  .00016762  00000+0  11238-2 0  2222
2 48650  53.0558 351.4348 0001150  70.1021 289.1312 15.06359368    10
STARLINK-2731
1 48651C 21044P   25222.12131944  .00006005  00000+0  40256-3 0  2222
2 48651  53.0557 351.3856 0001177 100.6515 338.8605 15.06372245    15
STARLINK-2727
1 48652C 21044Q   25222.11645833  .00013571  00000+0  90989-3 0  2223
2 48652  53.0556 351.4089 0001307  98.0382 335.0976 15.06361474    13
STARLINK-2720
1 48653C 21044R   25222.11437500  .00012313  00000+0  82527-3 0  2226
2 48653  53.0557 351.4200 0001233  93.2058 348.5780 15.06373976    17
STARLINK-2651
1 48654C 21044S   25222.10743056  .00013501  00000+0  90521-3 0  2225
2 48654  53.0553 351.4528 0001044  97.3694 326.7987 15.06359995    10
STARLINK-2657
1 48655C 21044T   25222.10465278 -.00001231  00000+0 -82513-4 0  2225
2 48655  53.0550 351.4660 0001265  93.5154 335.5409 15.06387281    15
STARLINK-2701
1 48656C 21044U   25222.09909722  .00012036  00000+0  80670-3 0  2225
2 48656  53.0551 351.4856 0001187  92.4842 326.4068 15.06373635    17
STARLINK-2734
1 48657C 21044V   25222.11506944  .00017114  00000+0  11473-2 0  2224
2 48657  53.0557 351.0586 0001226  74.1505 276.8299 15.06362985    17
STARLINK-2647
1 48658C 21044W   25222.12479167  .00011991  00000+0  80367-3 0  2228
2 48658  53.0554 351.3723 0001150  83.0176 155.2989 15.06375189    16
STARLINK-2717
1 48659C 21044X   25222.11854167  .00012838  00000+0  86091-3 0  2226
2 48659  53.0553 351.3987 0001188  76.4235 148.0329 15.06355282    11
STARLINK-2726
1 48662C 21044AA  25222.12270833  .00014898  00000+0  99907-3 0  2221
2 48662  53.0555 341.3831 0001162  99.5039 182.5528 15.06351549    10
STARLINK-2667
1 48663C 21044AB  25222.12201389  .00014588  00000+0  97790-3 0  2226
2 48663  53.0553 341.3871 0001211  96.3391 201.9477 15.06365247    13
STARLINK-2666
1 48666C 21044AE  25222.10534722  .00012909  00000+0  86534-3 0  2226
2 48666  53.0558 341.9299 0001273  99.0321 348.5003 15.06367465    19
STARLINK-2735
1 48667C 21044AF  25222.12618056 -.00002571  00000+0 -17235-3 0  2220
2 48667  53.0553 341.3643 0001140  96.7436 264.1282 15.06382164    11
STARLINK-2738
1 48668C 21044AG  25222.12340278  .00013656  00000+0  91576-3 0  2223
2 48668  53.0552 341.3762 0001049  99.9384 265.8777 15.06353965    12
STARLINK-2707
1 48669C 21044AH  25222.12479167  .00013310  00000+0  89206-3 0  2228
2 48669  53.0553 341.3724 0001173  94.9375 298.3521 15.06373292    18
STARLINK-2763
1 48670C 21044AJ  25222.12062500  .00012873  00000+0  86273-3 0  2223
2 48670  53.0552 341.3894 0001239 100.2981 290.3905 15.06376688    14
STARLINK-2745
1 48671C 21044AK  25222.11993056  .00010323  00000+0  69207-3 0  2228
2 48671  53.0556 341.7035 0001305  98.3134 148.4647 15.06364704    13
STARLINK-2705
1 48672C 21044AL  25222.11923611  .00011825  00000+0  79272-3 0  2220
2 48672  53.0554 341.3956 0001246 102.2705 320.8583 15.06365813    10
STARLINK-2711
1 48673C 21044AM  25222.10395833  .00012794  00000+0  85774-3 0  2229
2 48673  53.0551 341.4669 0001220  73.8643 286.4485 15.06364899    17
STARLINK-2712
1 48674C 21044AN  25222.11576389  .00013756  00000+0  92202-3 0  2221
2 48674  53.0556 341.5271 0001201  78.8350 305.4344 15.06370490    12
STARLINK-2746
1 48676C 21044AQ  25222.10604167  .00013027  00000+0  87318-3 0  2221
2 48676  53.0557 341.4541 0001246  75.7044 355.8935 15.06371721    12
STARLINK-2615
1 48678C 21044AS  25222.11368056  .00006918  00000+0  46376-3 0  2228
2 48678  53.0561 341.4192 0001211 104.6598  48.4417 15.06374185    16
STARLINK-2648
1 48679C 21044AT  25222.09909722  .00007017  00000+0  47040-3 0  2227
2 48679  53.0554 341.4895 0001258  91.5667   2.3650 15.06370375    16
STARLINK-2725
1 48681C 21044AV  25222.11090278  .00012523  00000+0  83949-3 0  2226
2 48681  53.0551 311.6763 0001158 104.6719  78.0971 15.06366382    11
STARLINK-2743
1 48682C 21044AW  25222.11159722  .00010930  00000+0  73256-3 0  2227
2 48682  53.0540 301.5953 0001207  92.7898 108.7687 15.06374981    18
STARLINK-2756
1 48683C 21044AX  25222.12062500  .00011683  00000+0  78313-3 0  2221
2 48683  53.0545 301.4024 0001643  96.1099  34.5518 15.06370298    13
STARLINK-2741
1 48684C 21044AY  25222.12618056  .00013601  00000+0  91215-3 0  2223
2 48684  53.0547 316.7222 0001175  69.8904 328.2259 15.06350704    12
STARLINK-2751
1 48685C 21044AZ  25222.12270833  .00009905  00000+0  66394-3 0  2223
2 48685  53.0542 301.4297 0001193  76.2152 225.7939 15.06371992    16
STARLINK-2629
1 48686C 21044BA  25222.11645833  .00011569  00000+0  77560-3 0  2225
2 48686  53.0551 306.6904 0001216 100.7690 199.6321 15.06366538    19
STARLINK-2627
1 48687C 21044BB  25222.12479167  .00010792  00000+0  72349-3 0  2229
2 48687  53.0544 296.3751 0001144  74.3432  46.4804 15.06365306    14
STARLINK-2742
1 48688C 21044BC  25222.12270833  .00008610  00000+0  57701-3 0  2220
2 48688  53.0544 296.3819 0001233  80.7060   8.7999 15.06381183    14
STARLINK-2740
1 48690C 21044BE  25222.12479167 -.00000490  00000+0 -32852-4 0  2225
2 48690  53.0549 311.3724 0001236  93.7787 304.5490 15.06385024    19
STARLINK-2750
1 48691C 21044BF  25222.12270833  .00012321  00000+0  82586-3 0  2227
2 48691  53.0541 306.3802 0001361  70.3670 104.2132 15.06372314    10
STARLINK-2752
1 48692C 21044BG  25222.11020833  .00011099  00000+0  74413-3 0  2221
2 48692  53.0547 306.5628 0001130  99.6716  86.9306 15.06363599    18
STARLINK-2618
1 48693C 21044BH  25222.11645833  .00007868  00000+0  52743-3 0  2226
2 48693  53.0548 311.4110 0001242  75.8903 102.3528 15.06370949    15
STARLINK-2748
1 48694C 21044BJ  25222.12201389  .00013620  00000+0  91324-3 0  2223
2 48694  53.0546 316.3732 0001349  72.0785 308.7587 15.06356359    19
STARLINK-2616
1 48695C 21044BK  25222.11993056 -.00008492  00000+0 -56912-3 0  2229
2 48695  53.0553 316.4439 0001323  92.5871 151.8118 15.06398575    11
STARLINK-2753
1 48696C 21044BL  25222.12270833  .00003848  00000+0  25791-3 0  2221
2 48696  53.0543 321.4327 0001200  77.8667 234.1509 15.06379903    19
STARLINK-3004
1 48880C 21059B   25222.10326389 -.00031898  00000+0 -24877-2 0  2229
2 48880  97.6608 346.6075 0001487 114.7018  77.9195 15.01301303    15
STARLINK-3005
1 48881C 21059C   25222.09006944 -.00015540  00000+0 -12124-2 0  2228
2 48881  97.6592 346.5406 0000911 200.0631 317.3412 15.01269828    14
STARLINK-3096
1 49131C 21082B   25222.09770833  .00008346  00000+0  69941-3 0  2222
2 49131  70.0006  67.9450 0003083 270.8280 273.5951 14.98320861    10
STARLINK-3090
1 49132C 21082C   25222.10534722  .00007276  00000+0  60984-3 0  2229
2 49132  70.0012 107.8105 0003005 270.3879 245.2523 14.98317112    18
STARLINK-3077
1 49133C 21082D   25222.12618056  .00006486  00000+0  54365-3 0  2223
2 49133  70.0013 107.8836 0002707 271.2082 266.7494 14.98318366    12
STARLINK-3078
1 49134C 21082E   25222.11993056  .00007029  00000+0  58914-3 0  2227
2 49134  70.0013 107.9032 0003137 270.9117 255.8166 14.98318105    11
STARLINK-3073
1 49135C 21082F   25222.09631944  .00007629  00000+0  63941-3 0  2222
2 49135  70.0007  67.9403 0002326 262.0491 297.3684 14.98321487    11
STARLINK-3084
1 49136C 21082G   25222.11854167  .01149600  00000+0  75500-1 0  2229
2 49136  69.9995  88.0733 0003230 267.7002 270.9148 15.06384220    16
STARLINK-3055
1 49137C 21082H   25222.10673611  .00006118  00000+0  52333-3 0  2228
2 49137  70.0006  88.0468 0002803 272.4495 280.3877 14.97529796    14
STARLINK-3058
1 49138C 21082J   25222.11993056  .00010056  00000+0  84292-3 0  2223
2 49138  70.0012 107.9066 0003055 267.8436 281.4146 14.98310305    16
STARLINK-3057
1 49139C 21082K   25222.12479167  .00008532  00000+0  71500-3 0  2221
2 49139  70.0009  67.8765 0002916 265.6857 132.1499 14.98323880    16
STARLINK-3093
1 49141C 21082M   25222.11020833  .00007845  00000+0  65751-3 0  2222
2 49141  70.0013 107.9350 0003026 270.3092 249.0054 14.98317672    14
STARLINK-3109
1 49143C 21082P   25222.10048611  .00008534  00000+0  73001-3 0  2220
2 49143  70.0006  88.0669 0002729 266.5401 274.4462 14.97529954    12
STARLINK-3100
1 49144C 21082Q   25222.12618056  .00005998  00000+0  50228-3 0  2226
2 49144  70.0013 107.8736 0002900 271.0015  19.4637 14.98350323    13
STARLINK-3119
1 49145C 21082R   25222.12548611  .00007296  00000+0  61157-3 0  2222
2 49145  70.0006  67.8707 0002729 270.1163 289.0962 14.98316305    10
STARLINK-3116
1 49146C 21082S   25222.09770833  .00009573  00000+0  81950-3 0  2225
2 49146  70.0006  88.0771 0002728 268.8353 279.7894 14.97497302    17
STARLINK-3071
1 49147C 21082T   25222.11506944  .00008401  00000+0  70398-3 0  2222
2 49147  70.0007  67.9151 0003027 266.8002 168.7151 14.98323982    15
STARLINK-3048
1 49148C 21082U   25222.11923611  .00006287  00000+0  53811-3 0  2228
2 49148  70.0008  88.0023 0002788 270.1451  79.4853 14.97510128    14
STARLINK-3102
1 49151C 21082X   25222.12201389  .00007241  00000+0  60695-3 0  2223
2 49151  70.0006  67.8860 0003080 271.3061 314.1867 14.98315266    17
STARLINK-3072
1 49153C 21082Z   25222.11090278  .00006242  00000+0  52321-3 0  2224
2 49153  70.0004  67.9200 0002885 271.1488 299.4218 14.98319556    10
STARLINK-3068
1 49154C 21082AA  25222.11159722 -.00069086  00000+0 -59069-2 0  2227
2 49154  70.0008  88.0254 0002684 272.4195  58.4916 14.97624974    14
STARLINK-3060
1 49155C 21082AB  25222.12131944  .00006094  00000+0  51073-3 0  2221
2 49155  70.0006  67.8868 0002993 270.4235  18.8088 14.98321139    13
STARLINK-3085
1 49156C 21082AC  25222.12131944  .00008175  00000+0  68515-3 0  2223
2 49156  70.0009  67.8887 0002071 270.7491 130.9791 14.98323510    14
STARLINK-3051
1 49157C 21082AD  25222.12131944  .00014613  00000+0  12234-2 0  2224
2 49157  70.0009  87.8882 0002752 267.3179 245.6451 14.98356922    13
STARLINK-3083
1 49158C 21082AE  25222.11645833  .00073466  00000+0  18601-2 0  2226
2 49158  69.9807  32.7936 0005131 171.2975 152.2715 15.39509149    10
STARLINK-3056
1 49159C 21082AF  25222.11993056  .00010744  00000+0  90025-3 0  2221
2 49159  70.0016 107.9011 0002298 261.0574  63.1202 14.98326604    17
STARLINK-3095
1 49160C 21082AG  25222.12270833  .00005161  00000+0  43257-3 0  2227
2 49160  70.0016 107.8763 0002947 270.1901 136.5426 14.98319299    13
STARLINK-3080
1 49161C 21082AH  25222.12201389  .00001655  00000+0  13875-3 0  2225
2 49161  70.0016 107.8745 0003099 271.2633 109.2425 14.98319343    13
STARLINK-3088
1 49163C 21082AK  25222.12270833  .00010528  00000+0  90045-3 0  2220
2 49163  70.0007  88.0075 0002875 258.5352 199.7060 14.97530776    11
STARLINK-3106
1 49164C 21082AL  25222.12131944  .00009271  00000+0  77702-3 0  2228
2 49164  69.9992  87.8917 0002710 276.5520 326.3286 14.98318931    15
STARLINK-3052
1 49165C 21082AM  25222.12618056  .00004817  00000+0  40372-3 0  2227
2 49165  70.0016 107.8990 0003057 270.4678 177.4681 14.98319027    13
STARLINK-3089
1 49166C 21082AN  25222.12201389  .00010024  00000+0  85775-3 0  2228
2 49166  70.0008  88.0133 0003040 270.2468 206.8258 14.97511606    14
STARLINK-3054
1 49167C 21082AP  25222.12131944  .00004408  00000+0  36946-3 0  2223
2 49167  70.0016 107.8897 0003091 270.9940 195.7549 14.98317157    14
STARLINK-3046
1 49169C 21082AR  25222.12131944  .00007448  00000+0  62426-3 0  2224
2 49169  70.0009  87.9057 0003117 269.4250 356.0734 14.98314631    12
STARLINK-3107
1 49171C 21082AT  25222.12131944  .00021334  00000+0  16776-2 0  2223
2 49171  69.9986 107.4370 0004526 213.0317 327.7769 15.00751006    14
STARLINK-3045
1 49173C 21082AV  25222.12131944  .00009095  00000+0  76193-3 0  2225
2 49173  70.0009  87.8880 0002810 261.4881  71.4272 14.98333880    13
STARLINK-3047
1 49174C 21082AW  25222.08937500  .00123860  00000+0  16578-2 0  2220
2 49174  69.9834  36.8496 0007397 201.4716 155.0551 15.57668440    18
STARLINK-3087
1 49175C 21082AX  25222.11993056  .00004545  00000+0  38897-3 0  2220
2 49175  70.0007  88.1504 0002933 271.0415  33.4022 14.97510647    14
STARLINK-3069
1 49176C 21082AY  25222.11090278  .00006000  00000+0  50292-3 0  2226
2 49176  70.0005  67.9171 0002719 270.1461 277.9307 14.98317151    18
STARLINK-3103
1 49177C 21082AZ  25222.11506944  .00008150  00000+0  68317-3 0  2224
2 49177  70.0007  67.9185 0002382 270.0021 188.0329 14.98315905    14
STARLINK-3086
1 49178C 21082BA  25222.11368056  .00010746  00000+0  90029-3 0  2224
2 49178  70.0016 107.9044 0002870 277.7813  35.1578 14.98331901    11
STARLINK-3043
1 49179C 21082BB  25222.11715278  .00008525  00000+0  71436-3 0  2220
2 49179  70.0006  67.8951 0003016 270.5645 266.1713 14.98326216    19
STARLINK-3050
1 49180C 21082BC  25222.12340278  .00008352  00000+0  69987-3 0  2223
2 49180  70.0009  87.8880 0003027 269.3749  29.8229 14.98324427    18
STARLINK-3059
1 49181C 21082BD  25222.12201389  .00012261  00000+0  10278-2 0  2225
2 49181  70.0016 107.8969 0003037 272.0196 175.8727 14.98308151    17
STARLINK-3151
1 49408C 21104A   25222.10812500  .00013882  00000+0  87081-3 0  2220
2 49408  53.2162  98.9779 0001396  93.1992  82.3265 15.08811361    18
STARLINK-3075
1 49409C 21104B   25222.11784722  .00013580  00000+0  85173-3 0  2221
2 49409  53.2161  98.9085 0001299  85.4836  68.0580 15.08817850    11
STARLINK-3147
1 49410C 21104C   25222.12270833  .00014168  00000+0  88882-3 0  2220
2 49410  53.2159  98.8937 0001408  92.1738 122.6243 15.08809048    16
STARLINK-3162
1 49411C 21104D   25222.12062500  .00003533  00000+0  22155-3 0  2226
2 49411  53.2153  88.8952 0001321  85.8139 157.8229 15.08827840    19
STARLINK-3157
1 49413C 21104F   25222.10881944  .00010183  00000+0  63887-3 0  2223
2 49413  53.2155  88.9586 0001345  82.7079 111.6042 15.08811572    18
STARLINK-3146
1 49414C 21104G   25222.12409722  .00014241  00000+0  89325-3 0  2220
2 49414  53.2160  98.8775 0001324  85.1126 162.3986 15.08814753    16
STARLINK-3159
1 49415C 21104H   25222.10048611  .00010574  00000+0  66332-3 0  2223
2 49415  53.2158  88.9867 0001306  83.5444  90.6802 15.08812377    11
STARLINK-3133
1 49416C 21104J   25222.12340278  .00013024  00000+0  81682-3 0  2228
2 49416  53.2162  98.8794 0001378  93.2286 190.5060 15.08820865    14
STARLINK-3154
1 49417C 21104K   25222.12479167  .00010545  00000+0  66133-3 0  2228
2 49417  53.2155  88.5290 0001385  85.7869  60.7091 15.08824376    18
STARLINK-3111
1 49418C 21104L   25222.11993056  .00009676  00000+0  60703-3 0  2226
2 49418  53.2161  98.8950 0001402  95.7296 189.1765 15.08811840    14
STARLINK-3120
1 49419C 21104M   25222.12131944  .00015333  00000+0  96102-3 0  2227
2 49419  53.2150  98.8886 0001412  89.0576 263.3504 15.08840515    16
STARLINK-3110
1 49420C 21104N   25222.12201389 -.00005346  00000+0 -33526-3 0  2226
2 49420  53.2160  98.8854 0001438  80.8426 235.3183 15.08838894    14
STARLINK-3112
1 49421C 21104P   25222.12618056  .00006406  00000+0  40173-3 0  2222
2 49421  53.2155  98.6774 0001344  92.7348  66.2208 15.08827811    15
STARLINK-3161
1 49422C 21104Q   25222.12201389  .00009638  00000+0  60448-3 0  2227
2 49422  53.2159  99.2073 0001289  92.1129  78.6516 15.08823526    16
STARLINK-3149
1 49423C 21104R   25222.12270833  .00013673  00000+0  85777-3 0  2224
2 49423  53.2154  99.0748 0001500  80.4581 259.3965 15.08809099    12
STARLINK-3135
1 49424C 21104S   25222.12548611  .00015641  00000+0  98085-3 0  2220
2 49424  53.2150  98.8717 0001437  89.1232 305.9285 15.08822392    14
STARLINK-3139
1 49425C 21104T   25222.12479167  .00009621  00000+0  60360-3 0  2226
2 49425  53.2153  98.8867 0001373  82.9588  23.1539 15.08812687    15
STARLINK-3114
1 49426C 21104U   25222.12409722  .00010324  00000+0  64737-3 0  2221
2 49426  53.2148  98.8780 0001306  88.6336 338.8515 15.08830524    14
STARLINK-3131
1 49427C 21104V   25222.12340278  .00010165  00000+0  63768-3 0  2228
2 49427  53.2155  98.8937 0001312  83.7709  34.7802 15.08814458    13
STARLINK-3121
1 49428C 21104W   25222.12687500  .00000316  00000+0  19809-4 0  2226
2 49428  53.2159  98.7782 0001419  86.8937 155.7783 15.08827038    10
STARLINK-3138
1 49430C 21104Y   25222.11576389  .00012496  00000+0  78376-3 0  2225
2 49430  53.2150  99.1933 0001355  89.2676 227.5539 15.08817974    18
STARLINK-3153
1 49431C 21104Z   25222.12062500  .00014352  00000+0  90023-3 0  2228
2 49431  53.2160  99.0751 0001343  87.1310 161.3901 15.08813989    16
STARLINK-3158
1 49432C 21104AA  25222.12340278  .00012745  00000+0  79934-3 0  2222
2 49432  53.2159  88.8826 0001318  85.8149 247.7128 15.08820733    16
STARLINK-3079
1 49433C 21104AB  25222.12201389 -.00002682  00000+0 -16822-3 0  2220
2 49433  53.2148  78.8870 0001375  81.8909 244.3127 15.08829249    19
STARLINK-3134
1 49434C 21104AC  25222.11993056  .00005404  00000+0  33895-3 0  2221
2 49434  53.2150  99.0516 0001374  85.4036 339.3477 15.08826547    16
STARLINK-3117
1 49435C 21104AD  25222.10048611  .00012941  00000+0  81165-3 0  2226
2 49435  53.2149  78.9832 0001352  93.0302  90.9860 15.08818300    13
STARLINK-3049
1 49436C 21104AE  25222.12062500  .00013074  00000+0  81978-3 0  2222
2 49436  53.2149  78.8928 0001411  88.6767 209.9533 15.08827186    11
STARLINK-3130
1 49437C 21104AF  25222.11993056  .00012688  00000+0  79603-3 0  2223
2 49437  53.2146  78.8959 0001309  81.2716 253.6235 15.08808593    18
STARLINK-3044
1 49438C 21104AG  25222.11437500  .00009617  00000+0  60333-3 0  2229
2 49438  53.2152  78.8555 0001351  86.3599 273.1864 15.08813559    13
STARLINK-3105
1 49440C 21104AJ  25222.12479167  .00009085  00000+0  56970-3 0  2229
2 49440  53.2150  78.8761 0001337  90.1412 311.1267 15.08828342    10
STARLINK-3128
1 49441C 21104AK  25222.12340278  .00013149  00000+0  82455-3 0  2223
2 49441  53.2157  78.8798 0001273  89.3099  44.4065 15.08824446    11
STARLINK-3098
1 49442C 21104AL  25222.11854167 -.00000933  00000+0 -58519-4 0  2224
2 49442  53.2152  78.9038 0001302  89.1052 298.1960 15.08835010    16
STARLINK-3136
1 49443C 21104AM  25222.11229167  .00013217  00000+0  82892-3 0  2228
2 49443  53.2160  78.9287 0001287  87.8956   5.4498 15.08820075    12
STARLINK-3126
1 49444C 21104AN  25222.11645833  .00010915  00000+0  68464-3 0  2222
2 49444  53.2156  78.9238 0001342  89.1088 301.6883 15.08818593    18
STARLINK-3122
1 49445C 21104AP  25222.11715278  .00007619  00000+0  47779-3 0  2227
2 49445  53.2152  89.3060 0001458  89.5963  29.6960 15.08827490    17
STARLINK-3099
1 49446C 21104AQ  25222.07409722  .00002881  00000+0  18067-3 0  2221
2 49446  53.2158  79.1039 0001373  92.5180  93.2585 15.08827484    11
STARLINK-3115
1 49447C 21104AR  25222.11923611  .00006676  00000+0  41871-3 0  2220
2 49447  53.2158  88.8982 0001246  86.6288 289.4500 15.08826141    13
STARLINK-3137
1 49449C 21104AT  25222.11993056  .00013496  00000+0  84636-3 0  2226
2 49449  53.2169  88.8389 0001377  91.9037 342.7896 15.08822537    10
STARLINK-3127
1 49450C 21104AU  25222.12340278  .00005690  00000+0  35667-3 0  2228
2 49450  53.2158  88.9190 0001490 119.0009 239.6379 15.08843836    13
STARLINK-3125
1 49451C 21104AV  25222.12340278  .00014342  00000+0  89940-3 0  2226
2 49451  53.2158  88.8793 0001342  92.9812 345.7523 15.08821072    17
STARLINK-3150
1 49452C 21104AW  25222.11645833 -.00001970  00000+0 -12360-3 0  2228
2 49452  53.2152  88.9504 0001360  90.6434   5.1464 15.08828105    13
STARLINK-3129
1 49453C 21104AX  25222.12618056  .00012234  00000+0  76741-3 0  2223
2 49453  53.2162  88.9532 0001389  92.8605 355.7471 15.08814580    15
STARLINK-3160
1 49454C 21104AY  25222.12201389  .00013516  00000+0  84774-3 0  2220
2 49454  53.2152  88.8857 0001297  91.4927 359.7083 15.08817872    14
STARLINK-3145
1 49455C 21104AZ  25222.12270833  .00007636  00000+0  47885-3 0  2229
2 49455  53.2151  88.8855 0001423  85.5294  89.4128 15.08828704    17
STARLINK-3124
1 49456C 21104BA  25222.12618056  .00012908  00000+0  80974-3 0  2227
2 49456  53.2153  88.9156 0001403  94.9785  33.6574 15.08812451    10
STARLINK-3132
1 49457C 21104BB  25222.11993056 -.00001612  00000+0 -10111-3 0  2221
2 49457  53.2152  88.9090 0001293  83.6150  91.0534 15.08830745    15
STARLINK-3156
1 49458C 21104BC  25222.12062500  .00010880  00000+0  68232-3 0  2226
2 49458  53.2151  88.8941 0001483  87.3355  56.2861 15.08824480    13
STARLINK-3141
1 49459C 21104BD  25222.12618056  .00015901  00000+0  99734-3 0  2220
2 49459  53.2145  88.8684 0001352  84.9556 148.8799 15.08814207    16
STARLINK-3140
1 49460C 21104BE  25222.11993056  .00013779  00000+0  86404-3 0  2228
2 49460  53.2147  88.8961 0001355  86.7544 133.0903 15.08824150    19
STARLINK-3219
1 49724C 21115A   25222.12409722  .00006846  00000+0  42923-3 0  2221
2 49724  53.2165  19.0963 0001181  83.1119 144.1330 15.08835794    19
STARLINK-3218
1 49725C 21115B   25222.12201389  .00007387  00000+0  46333-3 0  2221
2 49725  53.2170  18.9902 0001256  83.5130  12.6054 15.08822745    11
STARLINK-3242
1 49727C 21115D   25222.12409722  .00005905  00000+0  37039-3 0  2221
2 49727  53.2164  28.8753 0001304  91.2378 261.2776 15.08824448    19
STARLINK-3240
1 49728C 21115E   25222.12131944  .00006502  00000+0  40775-3 0  2225
2 49728  53.2165  28.8882 0001158  78.7593 238.6422 15.08827885    14
STARLINK-3251
1 49729C 21115F   25222.11506944  .00009286  00000+0  58229-3 0  2226
2 49729  53.2162  28.8000 0001343  88.9577 234.5569 15.08828225    11
STARLINK-3249
1 49730C 21115G   25222.11993056  .00006603  00000+0  41411-3 0  2227
2 49730  53.2170  29.0872 0001273  95.4291  54.3103 15.08828767    13
STARLINK-3246
1 49732C 21115J   25222.12062500  .00007074  00000+0  44368-3 0  2228
2 49732  53.2167  29.0477 0001202  85.3778  28.1615 15.08822275    17
STARLINK-3252
1 49733C 21115K   25222.11784722  .00006562  00000+0  41167-3 0  2220
2 49733  53.2172  28.9060 0001350  92.0054 126.5522 15.08817255    18
STARLINK-3238
1 49734C 21115L   25222.12131944  .00008622  00000+0  54073-3 0  2223
2 49734  53.2169  18.9125 0001293  89.6183  42.7599 15.08824160    13
STARLINK-3113
1 49735C 21115M   25222.10951389  .00007166  00000+0  44951-3 0  2221
2 49735  53.2170  28.8256 0001386  90.9209 122.4089 15.08821077    12
STARLINK-3148
1 49736C 21115N   25222.10604167  .00005711  00000+0  35816-3 0  2225
2 49736  53.2165  18.8396 0001249  90.1559 339.2866 15.08831919    16
STARLINK-3225
1 49737C 21115P   25222.12062500  .00008734  00000+0  54762-3 0  2226
2 49737  53.2167  18.8906 0001125  90.8846  17.6233 15.08832928    11
STARLINK-3143
1 49738C 21115Q   25222.10118056  .00006212  00000+0  38954-3 0  2227
2 49738  53.2176  19.1855 0001267  93.8666 123.7627 15.08829924    17
STARLINK-3155
1 49739C 21115R   25222.12687500  .00008422  00000+0  52844-3 0  2224
2 49739  53.2172  28.8651 0001468  77.1187 130.4014 15.08808799    13
STARLINK-3226
1 49740C 21115S   25222.11229167  .00008941  00000+0  56079-3 0  2226
2 49740  53.2178  18.9029 0001279  88.7355 249.4443 15.08820012    14
STARLINK-3244
1 49741C 21115T   25222.12479167  .00006328  00000+0  39689-3 0  2220
2 49741  53.2179  18.8826 0001355  92.9575 333.1280 15.08824573    12
STARLINK-3202
1 49742C 21115U   25222.11993056  .00007986  00000+0  50094-3 0  2222
2 49742  53.2175  18.8951 0001307  83.5747 241.2978 15.08820742    19
STARLINK-3239
1 49743C 21115V   25222.11854167  .00008007  00000+0  50254-3 0  2225
2 49743  53.2178  18.8332 0001352  93.5194 318.7196 15.08797999    12
STARLINK-3231
1 49744C 21115W   25222.09493056  .00008451  00000+0  53001-3 0  2225
2 49744  53.2177  18.9039 0001150  86.0051 117.8500 15.08823509    16
STARLINK-3241
1 49745C 21115X   25222.09423611  .00009300  00000+0  58334-3 0  2224
2 49745  53.2175  18.9855 0001281  93.3663 126.6902 15.08818535    13
STARLINK-3233
1 49746C 21115Y   25222.11923611  .00006308  00000+0  39553-3 0  2220
2 49746  53.2170  18.8993 0001260  94.2758 146.7592 15.08836386    15
STARLINK-3247
1 49747C 21115Z   25222.12340278  .00006960  00000+0  43655-3 0  2226
2 49747  53.2176  18.8816 0001242  95.4760 228.2775 15.08821696    19
STARLINK-3248
1 49748C 21115AA  25222.12201389  .00006275  00000+0  39349-3 0  2220
2 49748  53.2174  18.4615 0001368  87.3296 349.1202 15.08830077    15
STARLINK-3250
1 49749C 21115AB  25222.10743056  .00020950  00000+0  13119-2 0  2223
2 49749  53.2164  19.1913 0000858  84.6182 346.9110 15.08869855    10
STARLINK-3236
1 49750C 21115AC  25222.09840278  .00009784  00000+0  61315-3 0  2221
2 49750  53.2163  18.9997 0001274  85.0989 317.4680 15.08850936    18
STARLINK-3229
1 49751C 21115AD  25222.12409722  .00006995  00000+0  43871-3 0  2229
2 49751  53.2171  18.8000 0001268  85.6452 201.9111 15.08823881    11
STARLINK-3209
1 49752C 21115AE  25222.11993056  .00007710  00000+0  48361-3 0  2222
2 49752  53.2177   8.9061 0001270  86.5211 348.1250 15.08822471    13
STARLINK-3200
1 49753C 21115AF  25222.12409722  .00002589  00000+0  16239-3 0  2224
2 49753  53.2164  18.8754 0001188  93.1551 114.3430 15.08832174    12
STARLINK-3193
1 49754C 21115AG  25222.12062500  .00007205  00000+0  45202-3 0  2226
2 49754  53.2174   8.9972 0001274  82.3798 341.1903 15.08816182    11
STARLINK-3210
1 49755C 21115AH  25222.11020833  .00006074  00000+0  38096-3 0  2225
2 49755  53.2167  18.9868 0001267  92.2688 334.5352 15.08824862    17
STARLINK-3207
1 49756C 21115AJ  25222.12618056  .00003995  00000+0  25052-3 0  2224
2 49756  53.2172   8.8694 0001191  92.1068 321.7183 15.08831593    15
STARLINK-3197
1 49757C 21115AK  25222.12618056  .00006677  00000+0  41881-3 0  2223
2 49757  53.2177   8.8789 0001278  89.6146 358.9923 15.08821529    12
STARLINK-3194
1 49758C 21115AL  25222.11715278  .00003477  00000+0  21805-3 0  2226
2 49758  53.2169   8.9095 0001263  92.8747 231.8797 15.08829680    16
STARLINK-3204
1 49759C 21115AM  25222.12479167  .00007037  00000+0  44146-3 0  2221
2 49759  53.2174   8.8746 0001281  84.6904 341.6011 15.08817923    15
STARLINK-3199
1 49760C 21115AN  25222.12409722  .00007398  00000+0  46423-3 0  2223
2 49760  53.2168   8.8767 0001029  75.2678 247.2670 15.08808433    15
STARLINK-3203
1 49761C 21115AP  25222.11020833  .00008007  00000+0  50221-3 0  2224
2 49761  53.2170   8.9402 0001261  83.5098 223.5092 15.08820162    10
STARLINK-3195
1 49762C 21115AQ  25222.12062500  .00006048  00000+0  37940-3 0  2229
2 49762  53.2168   8.8909 0001284  92.5037 171.1530 15.08820920    14
STARLINK-3198
1 49763C 21115AR  25222.11715278  .00007733  00000+0  48512-3 0  2225
2 49763  53.2167   8.9075 0001273  80.6809 224.0929 15.08817541    17
STARLINK-3227
1 49765C 21115AT  25222.11298611  .00004101  00000+0  25719-3 0  2224
2 49765  53.2169   8.9361 0001236  90.4907 146.4225 15.08828879    18
STARLINK-3190
1 49766C 21115AU  25222.12548611  .00010062  00000+0  63099-3 0  2220
2 49766  53.2181   8.8793 0001241  88.1138 136.7183 15.08827670    10
STARLINK-3192
1 49767C 21115AV  25222.12687500  .00009490  00000+0  59528-3 0  2227
2 49767  53.2172   8.8623 0001073  79.5458 198.0735 15.08817202    19
STARLINK-3196
1 49768C 21115AW  25222.12409722  .00008775  00000+0  55048-3 0  2224
2 49768  53.2182   8.8752 0001221  96.4923  86.0369 15.08816624    10
STARLINK-3208
1 49769C 21115AX  25222.10187500  .00006898  00000+0  43262-3 0  2229
2 49769  53.2178   9.0236 0001327  92.7360 323.7552 15.08827511    19
STARLINK-3191
1 49770C 21115AY  25222.11159722  .00008527  00000+0  53465-3 0  2224
2 49770  53.2171   8.9857 0001032  88.7976 340.4458 15.08836362    17
STARLINK-3201
1 49771C 21115AZ  25222.12270833  .00003478  00000+0  21812-3 0  2224
2 49771  53.2176   8.8864 0001269  93.5839  41.3823 15.08833222    19
STARLINK-3317
1 50156C 21125A   25222.12340278 -.00008387  00000+0 -52612-3 0  2223
2 50156  53.2162 118.8798 0001341  79.2947 329.2512 15.08831928    17
STARLINK-3313
1 50157C 21125B   25222.10743056  .00405230  00000+0  10666-1 0  2220
2 50157  53.2174 124.4977 0001091  97.0480 230.7965 15.37582606    11
STARLINK-3309
1 50158C 21125C   25222.11784722 -.00001124  00000+0 -70490-4 0  2227
2 50158  53.2152 128.9145 0001224  90.5857 212.7372 15.08832657    12
STARLINK-3297
1 50159C 21125D   25222.12618056  .00006468  00000+0  40583-3 0  2228
2 50159  53.2157 128.8765 0001387  84.1711 284.4822 15.08810561    19
STARLINK-3304
1 50161C 21125F   25222.12479167  .00004619  00000+0  28982-3 0  2224
2 50161  53.2156 128.8755 0001408  80.7441 225.5757 15.08811092    19
STARLINK-3306
1 50163C 21125H   25222.12131944  .00003833  00000+0  24040-3 0  2222
2 50163  53.2159 108.8815 0001145  88.6474 288.7616 15.08825996    13
STARLINK-3298
1 50165C 21125K   25222.11993056 -.00009403  00000+0 -58975-3 0  2228
2 50165  53.2154 128.8950 0001253  88.1576 271.7110 15.08840783    12
STARLINK-3305
1 50166C 21125L   25222.12131944  .00007795  00000+0  48912-3 0  2220
2 50166  53.2159 118.8240 0001397  98.7029 178.6072 15.08809188    14
STARLINK-3271
1 50167C 21125M   25222.12131944 -.00019335  00000+0 -12128-2 0  2225
2 50167  53.2156 128.9000 0001376  98.3590 303.8389 15.08848628    19
STARLINK-3296
1 50168C 21125N   25222.12201389 -.00012368  00000+0 -77584-3 0  2224
2 50168  53.2158 118.9755 0001278  86.6789 134.2651 15.08837928    18
STARLINK-3301
1 50169C 21125P   25222.12618056  .00012058  00000+0  75668-3 0  2223
2 50169  53.2156 118.8672 0001627  83.9381   4.9489 15.08800280    13
STARLINK-3245
1 50170C 21125Q   25222.12548611  .00008987  00000+0  56373-3 0  2222
2 50170  53.2164 118.8729 0001320  85.5628 239.4943 15.08817358    13
STARLINK-3286
1 50171C 21125R   25222.10812500 -.00011068  00000+0 -69426-3 0  2221
2 50171  53.2160 118.9512 0001330  82.3954  68.3220 15.08837502    19
STARLINK-3287
1 50172C 21125S   25222.12409722  .00011281  00000+0  70762-3 0  2222
2 50172  53.2163 118.8791 0001270  83.9526 273.5495 15.08817340    18
STARLINK-3289
1 50173C 21125T   25222.12270833  .00010180  00000+0  63859-3 0  2228
2 50173  53.2160 108.9499 0001224  91.8776  73.0637 15.08816976    10
STARLINK-3292
1 50174C 21125U   25222.11993056  .00013442  00000+0  84317-3 0  2223
2 50174  53.2153 114.5074 0001409  98.1536  58.6063 15.08813164    12
STARLINK-3291
1 50175C 21125V   25222.12409722  .00017012  00000+0  10668-2 0  2221
2 50175  53.2159 118.8788 0001698  94.3082 203.1182 15.08821532    19
STARLINK-3293
1 50176C 21125W   25222.12409722  .00018865  00000+0  11829-2 0  2229
2 50176  53.2157 118.8777 0001383  92.5432 304.9656 15.08822937    12
STARLINK-3282
1 50177C 21125X   25222.12201389  .00001913  00000+0  11996-3 0  2221
2 50177  53.2164 118.8869 0001471  87.6928 238.4979 15.08831406    16
STARLINK-3284
1 50178C 21125Y   25222.10534722 -.00004888  00000+0 -30656-3 0  2220
2 50178  53.2162 118.8185 0001189  83.3085  87.1982 15.08835924    11
STARLINK-3283
1 50179C 21125Z   25222.11159722  .00007708  00000+0  48347-3 0  2223
2 50179  53.2161 118.9333 0001700  92.0453 217.5320 15.08820994    18
STARLINK-3265
1 50180C 21125AA  25222.12270833 -.00000637  00000+0 -39967-4 0  2228
2 50180  53.2156 118.8930 0001386  86.4294 358.3273 15.08832461    19
STARLINK-3285
1 50181C 21125AB  25222.11993056  .00010245  00000+0  64267-3 0  2221
2 50181  53.2153 118.9046 0001206  82.6237  27.0258 15.08816280    16
STARLINK-3277
1 50182C 21125AC  25222.10881944  .00003219  00000+0  20184-3 0  2226
2 50182  53.2161 118.7937 0001261  93.1947  81.3030 15.08842516    11
STARLINK-3281
1 50183C 21125AD  25222.12687500  .00005223  00000+0  32756-3 0  2226
2 50183  53.2151 118.8635 0001241  85.3581  87.2234 15.08827552    16
STARLINK-3279
1 50185C 21125AF  25222.12062500 -.00002089  00000+0 -13099-3 0  2223
2 50185  53.2153 118.9311 0001409  89.2398 349.3712 15.08834204    12
STARLINK-3274
1 50186C 21125AG  25222.12340278 -.00010706  00000+0 -67150-3 0  2227
2 50186  53.2157 128.8788 0001329  87.0803 311.6553 15.08839549    15
STARLINK-3272
1 50187C 21125AH  25222.12618056  .00000716  00000+0  44884-4 0  2228
2 50187  53.2150 108.8676 0001720  86.5144 177.3184 15.08833896    16
STARLINK-3275
1 50188C 21125AJ  25222.11923611  .02505300  00000+0  20959-2 0  2220
2 50188  53.1861 351.4716 0016221 318.0372 320.8743 16.10309215    17
STARLINK-3276
1 50189C 21125AK  25222.11159722  .00006592  00000+0  41340-3 0  2220
2 50189  53.2156 118.9440 0001339  82.7757  61.5745 15.08826403    12
STARLINK-3268
1 50190C 21125AL  25222.12201389  .00011327  00000+0  71034-3 0  2225
2 50190  53.2154 108.8887 0001210  85.9076 215.2615 15.08825497    18
STARLINK-3273
1 50191C 21125AM  25222.10465278 -.00006858  00000+0 -43018-3 0  2229
2 50191  53.2161 128.9668 0001247  81.8299  75.0128 15.08832141    14
STARLINK-3259
1 50192C 21125AN  25222.12340278 -.00030655  00000+0 -19236-2 0  2220
2 50192  53.2155 108.8823 0001326 100.0425 228.7506 15.08844081    14
STARLINK-3261
1 50193C 21125AP  25222.10118056 -.00000303  00000+0 -18998-4 0  2229
2 50193  53.2148 108.9792 0001388  83.6273  64.3205 15.08833270    16
STARLINK-3269
1 50194C 21125AQ  25222.09423611  .00042257  00000+0  99639-3 0  2226
2 50194  53.2223  78.2273 0001818 103.2877 125.3540 15.41285814    13
STARLINK-3266
1 50195C 21125AR  25222.10326389  .00007868  00000+0  49349-3 0  2225
2 50195  53.2148 108.9711 0001413  93.5380  85.7638 15.08820892    10
STARLINK-3267
1 50197C 21125AT  25222.11993056  .00009604  00000+0  60255-3 0  2228
2 50197  53.2156 108.8971 0001331  94.7801 255.1370 15.08808570    13
STARLINK-3264
1 50198C 21125AU  25222.12270833  .00013177  00000+0  82651-3 0  2225
2 50198  53.2161 108.8847 0001218  88.6088 356.3448 15.08817370    13
STARLINK-3270
1 50199C 21125AV  25222.12618056  .00014293  00000+0  89654-3 0  2229
2 50199  53.2157 108.8673 0001381  82.0269 121.8024 15.08813188    14
STARLINK-3235
1 50200C 21125AW  25222.12618056  .00002768  00000+0  17361-3 0  2222
2 50200  53.2160 108.8310 0001233  90.4305 353.4236 15.08825693    11
STARLINK-3255
1 50201C 21125AX  25222.11645833  .00050847  00000+0  10419-2 0  2222
2 50201  53.2100  88.8734 0004010 110.7225 119.7046 15.45429445    14
STARLINK-3256
1 50202C 21125AY  25222.11715278  .00012165  00000+0  76324-3 0  2223
2 50202  53.2157 108.9072 0001280  77.5898  97.2186 15.08806049    11
STARLINK-3257
1 50203C 21125AZ  25222.11437500  .00018164  00000+0  11390-2 0  2229
2 50203  53.2156 109.0101 0001372  84.9690 249.3284 15.08820257    16
STARLINK-3254
1 50204C 21125BA  25222.12479167 -.00004831  00000+0 -30302-3 0  2229
2 50204  53.2161 108.8838 0001344  92.2931  78.7991 15.08831415    13
STARLINK-3260
1 50205C 21125BB  25222.10256944  .00013101  00000+0  82148-3 0  2227
2 50205  53.2157  78.9736 0001613  88.0400 287.2555 15.08828185    19
STARLINK-3258
1 50206C 21125BC  25222.11506944  .00010626  00000+0  66655-3 0  2221
2 50206  53.2157 108.8110 0001312  89.5196  68.8136 15.08817535    18
STARLINK-3262
1 50207C 21125BD  25222.12131944  .00013217  00000+0  82881-3 0  2225
2 50207  53.2162 108.8897 0001303  94.0875  23.3206 15.08824718    17
STARLINK-3323
1 50804C 22001B   25222.12062500  .00006178  00000+0  38755-3 0  2222
2 50804  53.2160  28.8900 0001285  91.5335 282.1063 15.08820878    15
STARLINK-3333
1 50805C 22001C   25222.12270833  .00005101  00000+0  31996-3 0  2228
2 50805  53.2159  28.8802 0001283  84.8523 320.1134 15.08823512    17
STARLINK-3335
1 50806C 22001D   25222.11715278 -.00000962  00000+0 -60272-4 0  2227
2 50806  53.2161  28.9071 0001056 108.8998 285.7623 15.08859461    12
STARLINK-3355
1 50808C 22001F   25222.11506944  .00004274  00000+0  26805-3 0  2228
2 50808  53.2165  28.9180 0001090  82.2212 341.2103 15.08830366    15
STARLINK-3232
1 50809C 22001G   25222.11368056  .00006832  00000+0  42861-3 0  2221
2 50809  53.2164  28.9235 0001288  83.9949 311.9158 15.08816199    12
STARLINK-3338
1 50812C 22001K   25222.12131944  .00007239  00000+0  45403-3 0  2227
2 50812  53.2167  28.9945 0001318  88.4279 208.9088 15.08822277    18
STARLINK-3349
1 50813C 22001L   25222.13104167  .00039656  00000+0  18152-2 0  2224
2 50813  53.2119  19.8716 0003560  35.9810 146.9063 15.19946807    12
STARLINK-3324
1 50814C 22001M   25222.12201389  .00004399  00000+0  27587-3 0  2227
2 50814  53.2159  38.8847 0001293  92.6167 193.5617 15.08828258    19
STARLINK-3234
1 50815C 22001N   25222.12062500  .00006070  00000+0  38057-3 0  2220
2 50815  53.2158  38.8905 0001105  84.9911 133.5992 15.08836598    13
STARLINK-3342
1 50816C 22001P   25222.12270833  .00007376  00000+0  46272-3 0  2229
2 50816  53.2167  38.8837 0001257  84.4956 305.4737 15.08817455    18
STARLINK-3341
1 50817C 22001Q   25222.12340278  .00005777  00000+0  36232-3 0  2229
2 50817  53.2158  38.8783 0001285  85.6446 168.0782 15.08829161    17
STARLINK-3336
1 50818C 22001R   25222.11437500  .00006177  00000+0  38741-3 0  2226
2 50818  53.2162  38.9207 0001284  87.4125 217.2498 15.08827707    13
STARLINK-3327
1 50819C 22001S   25222.12270833  .00005252  00000+0  32940-3 0  2220
2 50819  53.2161  38.8828 0001181  86.0650 223.8881 15.08827938    10
STARLINK-3339
1 50820C 22001T   25222.10743056  .00004061  00000+0  25472-3 0  2221
2 50820  53.2168  38.9523 0001351  93.8051 233.1250 15.08824396    11
STARLINK-3346
1 50821C 22001U   25222.10604167  .00007420  00000+0  46532-3 0  2223
2 50821  53.2162  38.8425 0001352  88.8670  10.5778 15.08826676    13
STARLINK-3343
1 50822C 22001V   25222.12131944  .00006260  00000+0  39265-3 0  2220
2 50822  53.2167  38.8897 0001319  92.0618 350.3448 15.08824927    10
STARLINK-3334
1 50823C 22001W   25222.10881944  .00007641  00000+0  47930-3 0  2223
2 50823  53.2159  38.9435 0001297  84.6112 109.8925 15.08816513    11
STARLINK-3332
1 50825C 22001Y   25222.10326389  .00005401  00000+0  33873-3 0  2225
2 50825  53.2169  38.9717 0001296  90.0264 234.2437 15.08827305    17
STARLINK-3329
1 50827C 22001AA  25222.12409722  .00006261  00000+0  39261-3 0  2224
2 50827  53.2165  38.8765 0001281  93.9833 283.5236 15.08830027    14
STARLINK-3290
1 50828C 22001AB  25222.09562500  .00008721  00000+0  54708-3 0  2221
2 50828  53.2166  38.8946 0001094  85.6879 211.8977 15.08814802    16
STARLINK-3294
1 50829C 22001AC  25222.12548611  .00005705  00000+0  35762-3 0  2221
2 50829  53.2161  38.8691 0001711  84.0851 260.8917 15.08844597    10
STARLINK-3278
1 50830C 22001AD  25222.12618056  .00007444  00000+0  46683-3 0  2220
2 50830  53.2160  48.8671 0001256  87.8419 165.9836 15.08827340    17
STARLINK-3299
1 50831C 22001AE  25222.12409722  .00006269  00000+0  39314-3 0  2226
2 50831  53.2163  38.9441 0001219  82.8661  94.5928 15.08828444    14
STARLINK-3328
1 50832C 22001AF  25222.11645833  .00007121  00000+0  44656-3 0  2224
2 50832  53.2161  48.9584 0001234  87.8006 107.9461 15.08829564    12
STARLINK-3331
1 50834C 22001AH  25222.12201389  .00003210  00000+0  20138-3 0  2225
2 50834  53.2165  48.8944 0001341  92.9106 218.2907 15.08820954    19
STARLINK-3310
1 50835C 22001AJ  25222.12062500  .00007885  00000+0  49447-3 0  2222
2 50835  53.2164  49.0080 0001363  89.1236 194.4391 15.08826989    15
STARLINK-3330
1 50836C 22001AK  25222.10048611  .00004440  00000+0  27840-3 0  2225
2 50836  53.2160  48.7640 0001267  90.9470 198.1648 15.08833645    16
STARLINK-3318
1 50837C 22001AL  25222.12340278  .00008635  00000+0  54153-3 0  2229
2 50837  53.2166  38.8810 0001309  88.0373  65.6983 15.08827761    11
STARLINK-3322
1 50838C 22001AM  25222.13381944  .00090297  00000+0  11182-2 0  2225
2 50838  53.1903 343.3845 0007658 299.6379  55.1579 15.59319677    14
STARLINK-3320
1 50839C 22001AN  25222.09909722  .00009066  00000+0  56860-3 0  2228
2 50839  53.2159  48.9917 0001455  91.3342 195.2940 15.08821306    12
STARLINK-3295
1 50840C 22001AP  25222.12548611  .00009105  00000+0  57113-3 0  2226
2 50840  53.2154  48.8694 0001332  81.9595   8.1134 15.08817226    12
STARLINK-3300
1 50841C 22001AQ  25222.12548611  .00008851  00000+0  55517-3 0  2220
2 50841  53.2161  48.8723 0001329  81.2686 308.8009 15.08818599    19
STARLINK-3302
1 50842C 22001AR  25222.12548611  .00007774  00000+0  48769-3 0  2225
2 50842  53.2157  48.8716 0001324  89.0883  21.0014 15.08814315    19
STARLINK-3325
1 50843C 22001AS  25222.12131944  .00008284  00000+0  51956-3 0  2222
2 50843  53.2160  48.8893 0001318  90.0478 237.3688 15.08823037    15
STARLINK-3326
1 50844C 22001AT  25222.12618056  .00007835  00000+0  49135-3 0  2224
2 50844  53.2156  48.8656 0001276  92.8442  80.9748 15.08826116    12
STARLINK-3230
1 50845C 22001AU  25222.12409722  .00005875  00000+0  36846-3 0  2220
2 50845  53.2164  48.8774 0001316  82.7967 199.7233 15.08823815    19
STARLINK-3308
1 50846C 22001AV  25222.12270833  .00007609  00000+0  47725-3 0  2225
2 50846  53.2156  48.9981 0001293  88.3340  26.5623 15.08823670    12
STARLINK-3315
1 50848C 22001AX  25222.11923611  .00004786  00000+0  30017-3 0  2224
2 50848  53.2159  48.8969 0001277  92.4890  83.5929 15.08829176    19
STARLINK-3311
1 50849C 22001AY  25222.11854167  .00007611  00000+0  47741-3 0  2226
2 50849  53.2159  48.8998 0001278  87.3925  24.9296 15.08821403    16
STARLINK-3312
1 50850C 22001AZ  25222.12340278  .00008974  00000+0  56297-3 0  2221
2 50850  53.2175   8.8827 0001209  79.5403  39.2151 15.08813669    15
STARLINK-3314
1 50851C 22001BA  25222.12618056  .00007234  00000+0  45366-3 0  2227
2 50851  53.2163  48.7915 0001290  87.0379 186.8528 15.08829767    13
STARLINK-3366
1 51104C 22005A   25222.12618056 -.00007560  00000+0 -47412-3 0  2221
2 51104  53.2162 158.8675 0001410  77.0005  51.8270 15.08839538    11
STARLINK-3350
1 51105C 22005B   25222.11993056  .00003051  00000+0  19140-3 0  2223
2 51105  53.2154 158.8976 0001425  90.0178 144.8298 15.08824500    15
STARLINK-3176
1 51106C 22005C   25222.12409722 -.00034216  00000+0 -21457-2 0  2229
2 51106  53.2162 158.8761 0001263  85.1413 292.3453 15.08871651    15
STARLINK-3362
1 51108C 22005E   25222.12201389  .00008956  00000+0  56164-3 0  2224
2 51108  53.2156 158.8883 0001187  86.7526 179.4067 15.08829222    15
STARLINK-3358
1 51109C 22005F   25222.10118056 -.00112450  00000+0 -70514-2 0  2222
2 51109  53.2160 158.9336 0001107  95.0553 317.9466 15.08949983    19
STARLINK-3344
1 51110C 22005G   25222.12409722  .00000090  00000+0  56385-5 0  2226
2 51110  53.2160 158.8563 0001337  90.9421 246.5708 15.08828991    16
STARLINK-3173
1 51111C 22005H   25222.12131944 -.00005234  00000+0 -32833-3 0  2222
2 51111  53.2161 158.8880 0001369  85.0127 357.4027 15.08830728    10
STARLINK-3374
1 51112C 22005J   25222.10465278 -.00011099  00000+0 -69630-3 0  2222
2 51112  53.2163 158.9360 0001342  87.5787 159.0874 15.08833490    12
STARLINK-3372
1 51113C 22005K   25222.12062500 -.00008992  00000+0 -56397-3 0  2220
2 51113  53.2164 158.8910 0001313  90.4232 288.2080 15.08841060    16
STARLINK-3375
1 51114C 22005L   25222.11645833 -.00004875  00000+0 -30576-3 0  2223
2 51114  53.2157 158.9127 0001400  88.7620 167.2178 15.08838756    10
STARLINK-3397
1 51115C 22005M   25222.12618056  .00012488  00000+0  78352-3 0  2223
2 51115  53.2164 158.8651 0001267  92.7638 356.0312 15.08805655    15
STARLINK-3243
1 51116C 22005N   25222.10395833 -.00007731  00000+0 -48488-3 0  2221
2 51116  53.2162 158.9379 0001685  87.6381 175.2250 15.08840485    16
STARLINK-3391
1 51117C 22005P   25222.11923611 -.00006148  00000+0 -38553-3 0  2227
2 51117  53.2158 158.7905 0001385  92.0439  99.0968 15.08842823    13
STARLINK-3394
1 51118C 22005Q   25222.12409722 -.00004537  00000+0 -28460-3 0  2227
2 51118  53.2163 158.8756 0001301  88.9343 328.5793 15.08829967    11
STARLINK-3398
1 51120C 22005S   25222.11854167 -.00008858  00000+0 -55550-3 0  2226
2 51120  53.2156 158.9142 0001300  84.9054  97.1887 15.08842876    17
STARLINK-3399
1 51121C 22005T   25222.12201389 -.00003048  00000+0 -19113-3 0  2221
2 51121  53.2160 158.8966 0001772  84.8627  36.1158 15.08835250    16
STARLINK-3392
1 51123C 22005V   25222.11229167 -.00009545  00000+0 -59857-3 0  2223
2 51123  53.2153 158.9316 0001392  85.2303  88.1087 15.08844185    19
STARLINK-3389
1 51124C 22005W   25222.11923611 -.00022302  00000+0 -13986-2 0  2227
2 51124  53.2157 168.8993 0001523  96.9893 239.0916 15.08856342    10
STARLINK-3387
1 51125C 22005X   25222.12548611 -.00009669  00000+0 -60637-3 0  2229
2 51125  53.2153 168.8825 0001637  64.0220   0.8223 15.08844273    12
STARLINK-3386
1 51126C 22005Y   25222.10256944 -.00033799  00000+0 -21190-2 0  2224
2 51126  53.2154 168.9846 0001442  84.5607 175.6799 15.08878883    11
STARLINK-3370
1 51127C 22005Z   25222.12479167  .00009822  00000+0  61631-3 0  2224
2 51127  53.2154 168.8851 0001472  81.9915 319.1730 15.08803294    17
STARLINK-3400
1 51128C 22005AA  25222.12409722 -.00008411  00000+0 -52746-3 0  2227
2 51128  53.2153 168.8782 0001348  88.2438  54.2540 15.08843294    12
STARLINK-3396
1 51129C 22005AB  25222.12201389 -.00009688  00000+0 -60745-3 0  2222
2 51129  53.2157 168.8866 0001519  85.3860 260.5537 15.08849953    13
STARLINK-3395
1 51130C 22005AC  25222.12548611 -.00006035  00000+0 -37848-3 0  2227
2 51130  53.2152 168.8727 0001381  86.1354   3.9219 15.08838007    14
STARLINK-3388
1 51131C 22005AD  25222.11298611 -.00021478  00000+0 -13465-2 0  2225
2 51131  53.2151 168.9286 0001359  85.6778 336.3823 15.08868186    19
STARLINK-3393
1 51132C 22005AE  25222.11993056 -.00029593  00000+0 -18554-2 0  2221
2 51132  53.2152 168.8977 0001356  95.3464 344.4744 15.08873372    19
STARLINK-3356
1 51133C 22005AF  25222.12062500 -.00012339  00000+0 -77390-3 0  2228
2 51133  53.2156 168.8937 0001322  86.8684  56.7661 15.08843553    11
STARLINK-3183
1 51134C 22005AG  25222.11090278 -.00000845  00000+0 -53007-4 0  2220
2 51134  53.2160 158.9367 0001261  88.1069 172.4809 15.08833023    19
STARLINK-3363
1 51135C 22005AH  25222.11506944 -.00041614  00000+0 -26100-2 0  2224
2 51135  53.2162 168.8140 0001434  80.1775 108.1530 15.08873043    12
STARLINK-3253
1 51136C 22005AJ  25222.12479167 -.00006048  00000+0 -37935-3 0  2223
2 51136  53.2163 168.6688 0001441  93.5122 192.9146 15.08835833    10
STARLINK-3180
1 51137C 22005AK  25222.12131944 -.00005752  00000+0 -36078-3 0  2220
2 51137  53.2161 168.8888 0001429  89.0699 138.3307 15.08835698    10
STARLINK-3177
1 51138C 22005AL  25222.12201389 -.00010042  00000+0 -62990-3 0  2222
2 51138  53.2160 168.8869 0001349  88.2550 102.9403 15.08836770    13
STARLINK-3172
1 51139C 22005AM  25222.12201389 -.00003479  00000+0 -21820-3 0  2226
2 51139  53.2161 168.8947 0001403  90.4765 175.5035 15.08835108    17
STARLINK-3175
1 51140C 22005AN  25222.11715278 -.00001836  00000+0 -11514-3 0  2228
2 51140  53.2162 168.9195 0001368  89.3614  90.1896 15.08832509    15
STARLINK-3179
1 51141C 22005AP  25222.11368056 -.00015121  00000+0 -94841-3 0  2223
2 51141  53.2159 168.9221 0001474  92.0578 173.8512 15.08845508    17
STARLINK-3369
1 51142C 22005AQ  25222.11993056 -.00002565  00000+0 -16089-3 0  2224
2 51142  53.2160 158.9645 0001313  95.7925 199.0286 15.08829612    13
STARLINK-3184
1 51143C 22005AR  25222.12618056 -.00015298  00000+0 -95940-3 0  2220
2 51143  53.2155 178.8681 0001368  90.1250 328.7041 15.08850115    11
STARLINK-3185
1 51144C 22005AS  25222.11993056 -.00007138  00000+0 -44773-3 0  2228
2 51144  53.2160 168.9042 0001434  92.0724 182.6090 15.08834405    15
STARLINK-3354
1 51146C 22005AU  25222.12131944 -.00005037  00000+0 -31591-3 0  2221
2 51146  53.2163 168.8987 0001384  91.5795 150.6286 15.08836095    12
STARLINK-3352
1 51147C 22005AV  25222.13381944  .00027954  00000+0  17096-2 0  2223
2 51147  53.2156 178.6971 0002467  68.1902  84.2961 15.09719808    15
STARLINK-3359
1 51148C 22005AW  25222.12479167  .00002033  00000+0  12750-3 0  2222
2 51148  53.2153 179.0778 0001368  87.7838 258.1511 15.08831957    19
STARLINK-3360
1 51149C 22005AX  25222.12201389 -.00008577  00000+0 -53791-3 0  2223
2 51149  53.2157 178.7029 0001363  83.1936 107.9133 15.08841445    17
STARLINK-3357
1 51150C 22005AY  25222.12479167 -.00004670  00000+0 -29292-3 0  2225
2 51150  53.2158 168.4890 0001374  87.8224  98.7052 15.08836524    14
STARLINK-3361
1 51151C 22005AZ  25222.12340278  .00088074  00000+0  91001-3 0  2221
2 51151  53.2005 113.1426 0003381  98.4768 117.7828 15.64021089    16
STARLINK-3364
1 51152C 22005BA  25222.12409722 -.00005666  00000+0 -35541-3 0  2227
2 51152  53.2151 178.4928 0001418  86.8857 240.8728 15.08831923    10
STARLINK-3181
1 51461C 22010F   25222.11993056 -.00004246  00000+0 -26635-3 0  2220
2 51461  53.2161 148.8983 0001465  84.4230 205.4404 15.08832142    19
STARLINK-3166
1 51462C 22010G   25222.11576389 -.00005975  00000+0 -37488-3 0  2225
2 51462  53.2158 148.9263 0001366  82.6130 199.4154 15.08823950    18
STARLINK-3419
1 51463C 22010H   25222.12062500 -.00010261  00000+0 -64356-3 0  2220
2 51463  53.2164 148.8946 0001327  88.2144   5.4210 15.08842218    14
STARLINK-3189
1 51464C 22010J   25222.12479167 -.00026098  00000+0 -16365-2 0  2223
2 51464  53.2156 148.8761 0001252  82.6047 293.6484 15.08865226    16
STARLINK-3401
1 51465C 22010K   25222.11923611 -.00002545  00000+0 -15961-3 0  2224
2 51465  53.2155 148.9006 0001378  85.6818 280.4068 15.08831964    11
STARLINK-3178
1 51467C 22010M   25222.12479167  .00001039  00000+0  65148-4 0  2227
2 51467  53.2162 148.8736 0001582  88.4466  47.8226 15.08828225    14
STARLINK-3174
1 51468C 22010N   25222.12201389 -.00000768  00000+0 -48131-4 0  2220
2 51468  53.2162 148.8504 0001402  90.3470 350.8250 15.08842516    19
STARLINK-3182
1 51469C 22010P   25222.12618056 -.00009517  00000+0 -59691-3 0  2227
2 51469  53.2157 148.8700 0001274  91.2126 272.6231 15.08839163    11
STARLINK-3415
1 51472C 22010S   25222.12479167  .00001521  00000+0  95394-4 0  2225
2 51472  53.2162 148.8071 0001310  88.4376  42.6841 15.08826601    13
STARLINK-3528
1 51714C 22016A   25222.12618056 -.00014781  00000+0 -92706-3 0  2229
2 51714  53.2151 198.8472 0001325  86.1936  17.4658 15.08846028    14
STARLINK-3533
1 51715C 22016B   25222.12201389 -.00014220  00000+0 -89188-3 0  2225
2 51715  53.2153 198.8971 0001465  87.3256  33.6533 15.08846471    18
STARLINK-3543
1 51716C 22016C   25222.11784722 -.00000590  00000+0 -36970-4 0  2229
2 51716  53.2148 198.9058 0001408  80.0499 343.4756 15.08837363    15
STARLINK-3445
1 51717C 22016D   25222.11506944 -.00016928  00000+0 -10615-2 0  2226
2 51717  53.2145 199.0052 0001270  80.9482 302.2068 15.08857453    18
STARLINK-3546
1 51718C 22016E   25222.11854167 -.00003425  00000+0 -21480-3 0  2221
2 51718  53.2153 198.9014 0001372  81.7866  85.5225 15.08839715    19
STARLINK-3540
1 51719C 22016F   25222.12340278 -.00011636  00000+0 -72978-3 0  2227
2 51719  53.2150 198.9584 0001314  86.2044  27.4813 15.08845408    17
STARLINK-3526
1 51720C 22016G   25222.11090278 -.00002332  00000+0 -14622-3 0  2225
2 51720  53.2152 198.9069 0001298  79.6244  80.9813 15.08837050    16
STARLINK-3524
1 51721C 22016H   25222.12479167 -.00005389  00000+0 -33795-3 0  2222
2 51721  53.2153 198.8840 0001253  75.9497 100.1154 15.08839694    13
STARLINK-3535
1 51722C 22016J   25222.12131944 -.00010996  00000+0 -68957-3 0  2229
2 51722  53.2150 198.8884 0001345  80.1303 162.2706 15.08846644    10
STARLINK-3529
1 51724C 22016L   25222.12062500 -.00012431  00000+0 -77954-3 0  2225
2 51724  53.2146 198.8906 0001343  75.3985 203.2230 15.08848257    12
STARLINK-3522
1 51725C 22016M   25222.11854167 -.00013085  00000+0 -82063-3 0  2226
2 51725  53.2154 198.9016 0001360  83.3390 123.9750 15.08847365    17
STARLINK-3527
1 51726C 22016N   25222.12409722 -.00004114  00000+0 -25800-3 0  2220
2 51726  53.2151 188.8754 0001382  86.9216 345.5730 15.08840559    10
STARLINK-3532
1 51727C 22016P   25222.12479167 -.00013079  00000+0 -82026-3 0  2224
2 51727  53.2149 198.8719 0001256  68.0798 213.2013 15.08845893    17
STARLINK-3523
1 51729C 22016R   25222.12270833  .00000088  00000+0  55160-5 0  2220
2 51729  53.2154 188.8809 0001538  85.1575 319.7827 15.08835296    11
STARLINK-3514
1 51731C 22016T   25222.12409722 -.00010206  00000+0 -64004-3 0  2224
2 51731  53.2148 188.8762 0001311  83.2201   9.2819 15.08845852    10
STARLINK-3518
1 51732C 22016U   25222.12270833 -.00004079  00000+0 -25584-3 0  2225
2 51732  53.2148 188.8844 0001348  88.7141  76.2414 15.08837504    15
STARLINK-3525
1 51733C 22016V   25222.12062500 -.00001796  00000+0 -11266-3 0  2221
2 51733  53.2146 188.9027 0001339  82.8787  25.5450 15.08837783    15
STARLINK-3450
1 51734C 22016W   25222.12131944 -.00006967  00000+0 -43691-3 0  2223
2 51734  53.2150 188.8904 0001394  88.5508 128.8536 15.08840687    18
STARLINK-3517
1 51735C 22016X   25222.11923611 -.00001280  00000+0 -80278-4 0  2229
2 51735  53.2147 188.8994 0001100  81.5290  84.5406 15.08836536    12
STARLINK-3447
1 51736C 22016Y   25222.11576389 -.00010844  00000+0 -68008-3 0  2228
2 51736  53.2150 189.0026 0001286  83.7913  98.1542 15.08846394    12
STARLINK-3509
1 51737C 22016Z   25222.12479167 -.00003671  00000+0 -23020-3 0  2221
2 51737  53.2149 188.8745 0001148  76.6312 139.6384 15.08838557    14
STARLINK-3515
1 51738C 22016AA  25222.11506944  .00001439  00000+0  90211-4 0  2220
2 51738  53.2155 188.9174 0001220  80.4055 182.9601 15.08835987    14
STARLINK-3516
1 51739C 22016AB  25222.12270833  .00000751  00000+0  47103-4 0  2225
2 51739  53.2151 188.8838 0001439  80.3988 164.6196 15.08817662    19
STARLINK-3500
1 51740C 22016AC  25222.12062500 -.00001898  00000+0 -11905-3 0  2222
2 51740  53.2155 188.8918 0001123  96.4871 237.1503 15.08834408    18
STARLINK-3520
1 51741C 22016AD  25222.11854167 -.00015190  00000+0 -95274-3 0  2221
2 51741  53.2157 188.9128 0001342  85.2576 171.8626 15.08846146    18
STARLINK-3521
1 51742C 22016AE  25222.12479167 -.00007088  00000+0 -44454-3 0  2227
2 51742  53.2153 189.0672 0001185  84.2631 191.8826 15.08841463    18
STARLINK-3512
1 51743C 22016AF  25222.12548611 -.00011016  00000+0 -69089-3 0  2226
2 51743  53.2151 178.7946 0001443  90.9956 184.1192 15.08842325    16
STARLINK-3452
1 51744C 22016AG  25222.12062500 -.00010062  00000+0 -63107-3 0  2220
2 51744  53.2155 188.9192 0001374  88.1367 285.4849 15.08843313    17
STARLINK-3449
1 51745C 22016AH  25222.12548611 -.00009320  00000+0 -58449-3 0  2221
2 51745  53.2155 188.8702 0001405  90.2467 249.8162 15.08843244    19
STARLINK-3502
1 51746C 22016AJ  25222.10951389 -.00011899  00000+0 -74625-3 0  2228
2 51746  53.2151 178.9524 0001347  86.8102  76.2381 15.08844354    18
STARLINK-3446
1 51747C 22016AK  25222.12201389  .00002393  00000+0  15006-3 0  2224
2 51747  53.2156 188.9339 0001371  82.1774 273.7789 15.08831366    15
STARLINK-3501
1 51748C 22016AL  25222.12062500 -.00011632  00000+0 -72954-3 0  2228
2 51748  53.2150 178.8936 0001474  86.2001 182.4443 15.08842257    17
STARLINK-3451
1 51749C 22016AM  25222.12409722  .00003179  00000+0  19943-3 0  2224
2 51749  53.2144 189.0597 0001481  89.3282  43.0867 15.08816755    17
STARLINK-3505
1 51750C 22016AN  25222.11784722  .00000086  00000+0  53933-5 0  2224
2 51750  53.2150 178.9160 0001397  89.5598 198.7631 15.08834660    19
STARLINK-3506
1 51751C 22016AP  25222.11993056 -.00002485  00000+0 -15578-3 0  2225
2 51751  53.2151 178.9068 0001877  71.6313 167.9490 15.08850897    19
STARLINK-3511
1 51752C 22016AQ  25222.12062500 -.00012918  00000+0 -81032-3 0  2228
2 51752  53.2153 178.8262 0001353  88.7156 274.7819 15.08838647    11
STARLINK-3507
1 51753C 22016AR  25222.11993056 -.00012727  00000+0 -79814-3 0  2220
2 51753  53.2150 178.9073 0001395  87.6872 191.9580 15.08848232    15
STARLINK-3457
1 51754C 22016AS  25222.12062500 -.00004923  00000+0 -30874-3 0  2225
2 51754  53.2159 178.6503 0001288  81.0123  47.7725 15.08839342    19
STARLINK-3460
1 51755C 22016AT  25222.12062500 -.00002004  00000+0 -12579-3 0  2226
2 51755  53.2152 178.8933 0001348  84.7642 263.9864 15.08811564    17
STARLINK-3513
1 51756C 22016AU  25222.12548611 -.00016279  00000+0 -10210-2 0  2227
2 51756  53.2162 178.8678 0001387  85.7270  89.3405 15.08847655    17
STARLINK-3459
1 51757C 22016AV  25222.11993056 -.00010083  00000+0 -63238-3 0  2220
2 51757  53.2158 178.9038 0001326  78.5092  81.1413 15.08843953    15
STARLINK-3458
1 51758C 22016AW  25222.11298611 -.00009104  00000+0 -57100-3 0  2229
2 51758  53.2154 178.8788 0001559  85.5756  81.5540 15.08840746    18
STARLINK-3456
1 51759C 22016AX  25222.12340278 -.00077720  00000+0 -48719-2 0  2222
2 51759  53.2153 178.8783 0001365  89.3918 114.3656 15.08929618    19
STARLINK-3622
1 51768C 22017A   25222.11923611 -.00010423  00000+0 -65367-3 0  2226
2 51768  53.2150 208.8985 0001288  79.5847 296.4952 15.08846062    12
STARLINK-3621
1 51769C 22017B   25222.12548611  .00048908  00000+0  30693-2 0  2221
2 51769  53.2148 208.8706 0001345  96.5483 353.4620 15.08761270    13
STARLINK-3612
1 51770C 22017C   25222.12131944 -.00010284  00000+0 -64493-3 0  2224
2 51770  53.2148 208.8897 0001229  78.6507 328.7513 15.08845783    13
STARLINK-3614
1 51771C 22017D   25222.11993056  .00000586  00000+0  36759-4 0  2221
2 51771  53.2147 208.8847 0001417  82.2980 357.4692 15.08851675    17
STARLINK-3623
1 51772C 22017E   25222.11923611 -.00011273  00000+0 -70695-3 0  2225
2 51772  53.2145 208.8985 0001476  73.6957  42.3905 15.08845597    15
STARLINK-3624
1 51773C 22017F   25222.12201389  .00000206  00000+0  12940-4 0  2220
2 51773  53.2146 208.8574 0000986  65.0138  40.9747 15.08836898    14
STARLINK-3629
1 51774C 22017G   25222.11923611 -.00004187  00000+0 -26256-3 0  2227
2 51774  53.2144 208.8987 0001187  78.0064  78.0484 15.08843508    13
STARLINK-3620
1 51775C 22017H   25222.12340278 -.00010983  00000+0 -68845-3 0  2222
2 51775  53.2145 208.8796 0001494  62.7918  55.8366 15.08864162    13
STARLINK-3608
1 51776C 22017J   25222.12062500 -.00000488  00000+0 -30598-4 0  2226
2 51776  53.2138 208.8919 0001379  72.0928 111.5235 15.08833079    18
STARLINK-3625
1 51777C 22017K   25222.12618056 -.00066115  00000+0 -41447-2 0  2222
2 51777  53.2141 208.8385 0001217  72.6833 115.9648 15.08915638    10
STARLINK-3615
1 51778C 22017L   25222.12479167 -.00009518  00000+0 -59689-3 0  2223
2 51778  53.2153 198.7482 0001334  86.8397  74.5143 15.08844592    11
STARLINK-3611
1 51779C 22017M   25222.12479167 -.00005361  00000+0 -33624-3 0  2227
2 51779  53.2141 208.9216 0001297  82.0444 119.0019 15.08839368    19
STARLINK-3617
1 51780C 22017N   25222.12340278 -.00015075  00000+0 -94526-3 0  2220
2 51780  53.2143 208.8702 0001296  89.1750 189.5284 15.08855888    10
STARLINK-3580
1 51781C 22017P   25222.12201389 -.00002007  00000+0 -12588-3 0  2229
2 51781  53.2142 208.8476 0001229  80.8855 170.3111 15.08837432    10
STARLINK-3616
1 51782C 22017Q   25222.12131944 -.00000799  00000+0 -50112-4 0  2221
2 51782  53.2139 219.0431 0001033  80.6603 331.6303 15.08837897    14
STARLINK-3628
1 51783C 22017R   25222.10951389 -.00006553  00000+0 -41099-3 0  2220
2 51783  53.2140 208.9909 0001351  83.8366  74.1849 15.08839086    14
STARLINK-3632
1 51784C 22017S   25222.12131944 -.00001805  00000+0 -11322-3 0  2221
2 51784  53.2144 218.8886 0001236  83.5680  68.8375 15.08834705    18
STARLINK-3646
1 51785C 22017T   25222.11854167 -.00002380  00000+0 -14924-3 0  2220
2 51785  53.2144 208.8735 0001470  78.8437 188.2838 15.08836768    10
STARLINK-3638
1 51786C 22017U   25222.12548611 -.00060307  00000+0 -37802-2 0  2228
2 51786  53.2148 218.8708 0001417  84.5761 130.4764 15.08913323    11
STARLINK-3619
1 51787C 22017V   25222.12062500 -.00003207  00000+0 -20112-3 0  2220
2 51787  53.2141 218.8925 0001092  80.5293  28.0890 15.08837769    12
STARLINK-3641
1 51788C 22017W   25222.12201389 -.00001274  00000+0 -79916-4 0  2220
2 51788  53.2146 218.8860 0001152  80.7764 175.4315 15.08822840    11
STARLINK-3639
1 51789C 22017X   25222.12201389 -.00002819  00000+0 -17678-3 0  2223
2 51789  53.2148 218.8868 0001206  84.0787  92.0895 15.08835799    18
STARLINK-3631
1 51790C 22017Y   25222.12270833 -.00000699  00000+0 -43858-4 0  2229
2 51790  53.2145 218.8820 0001384  85.9327 194.0210 15.08835468    19
STARLINK-3602
1 51791C 22017Z   25222.12548611 -.00005406  00000+0 -33904-3 0  2223
2 51791  53.2148 218.8704 0001327  83.5926 151.4513 15.08840904    14
STARLINK-3626
1 51792C 22017AA  25222.11923611 -.00000395  00000+0 -24773-4 0  2227
2 51792  53.2142 218.8994 0001111  78.1127 222.9963 15.08820260    10
STARLINK-3633
1 51793C 22017AB  25222.10048611 -.00011626  00000+0 -72910-3 0  2229
2 51793  53.2147 218.9936 0001273  77.2239  36.7545 15.08848327    17
STARLINK-3573
1 51794C 22017AC  25222.12131944 -.00000482  00000+0 -30218-4 0  2228
2 51794  53.2140 218.8895 0001227  74.8596 277.5450 15.08835978    10
STARLINK-3586
1 51795C 22017AD  25222.11923611 -.00018135  00000+0 -11373-2 0  2221
2 51795  53.2147 219.0997 0001209  73.1224 147.8247 15.08854656    11
STARLINK-3634
1 51798C 22017AG  25222.12618056 -.00018186  00000+0 -11401-2 0  2227
2 51798  53.2139 218.8675 0001606  62.1216  36.6315 15.08867735    18
STARLINK-3637
1 51799C 22017AH  25222.12548611 -.00007286  00000+0 -45690-3 0  2224
2 51799  53.2138 218.8708 0001265  80.2479 314.8002 15.08842453    12
STARLINK-3592
1 51801C 22017AK  25222.12062500 -.00000702  00000+0 -44015-4 0  2223
2 51801  53.2140 218.8928 0001366  86.5296 302.0852 15.08836740    15
STARLINK-3557
1 51802C 22017AL  25222.13243056  .00050892  00000+0  11600-2 0  2227
2 51802  53.1973 198.0298 0004398  62.6661 100.3943 15.42282652    12
STARLINK-3544
1 51803C 22017AM  25222.12340278 -.00009640  00000+0 -60452-3 0  2228
2 51803  53.2139 218.8791 0001187  84.1567  19.5636 15.08845996    12
STARLINK-3601
1 51804C 22017AN  25222.12479167 -.00000294  00000+0 -18407-4 0  2229
2 51804  53.2144 198.8740 0000911  60.1468 341.1193 15.08834164    15
STARLINK-3605
1 51805C 22017AP  25222.12479167 -.00000042  00000+0 -26288-5 0  2228
2 51805  53.2143 198.9504 0001311  96.1264 285.0394 15.08836008    10
STARLINK-3606
1 51807C 22017AR  25222.12340278 -.00011535  00000+0 -72345-3 0  2222
2 51807  53.2145 208.8801 0001357  74.4367 224.3056 15.08842541    18
STARLINK-3609
1 51808C 22017AS  25222.11993056  .00002366  00000+0  14835-3 0  2220
2 51808  53.2151 208.8962 0001320  77.8561 281.8874 15.08836547    12
STARLINK-3607
1 51809C 22017AT  25222.12340278 -.00008105  00000+0 -50831-3 0  2229
2 51809  53.2149 208.8416 0001264  86.1978 252.5516 15.08843015    12
STARLINK-3613
1 51810C 22017AU  25222.12201389 -.00013687  00000+0 -85836-3 0  2224
2 51810  53.2151 199.1076 0001263  84.5746  41.4554 15.08849189    10
STARLINK-3569
1 51811C 22017AV  25222.12409722 -.00001199  00000+0 -75178-4 0  2220
2 51811  53.2148 208.8782 0000831  98.3604 264.1225 15.08837070    10
STARLINK-3610
1 51812C 22017AW  25222.12479167 -.00005451  00000+0 -34185-3 0  2228
2 51812  53.2145 198.8728 0001343  75.1866 246.0840 15.08839987    19
STARLINK-3552
1 51813C 22017AX  25222.12548611 -.00000468  00000+0 -29340-4 0  2221
2 51813  53.2145 198.8995 0001264  82.5070 342.5184 15.08833753    15
STARLINK-3599
1 51814C 22017AY  25222.12409722 -.00004522  00000+0 -28358-3 0  2223
2 51814  53.2140 198.8776 0001226  83.5650 273.9114 15.08842896    19
STARLINK-3604
1 51815C 22017AZ  25222.12340278 -.00006785  00000+0 -42549-3 0  2225
2 51815  53.2145 198.8796 0001337  80.0418 253.6838 15.08841282    10
STARLINK-3603
1 51816C 22017BA  25222.12340278  .00001309  00000+0  82107-4 0  2226
2 51816  53.2149 199.1202 0001386  80.6932 167.6703 15.08830610    10
STARLINK-3542
1 51852C 22022A   25222.12618056 -.00011638  00000+0 -72972-3 0  2220
2 51852  53.2145 248.8686 0001286  84.4807 149.3215 15.08853409    12
STARLINK-3541
1 51854C 22022C   25222.12201389 -.00000740  00000+0 -46420-4 0  2221
2 51854  53.2144 248.8880 0001183  78.9677 152.1988 15.08837988    11
STARLINK-3545
1 51855C 22022D   25222.12062500 -.00009820  00000+0 -61571-3 0  2223
2 51855  53.2142 248.8181 0001029  72.4064 231.2505 15.08852438    13
STARLINK-3568
1 51856C 22022E   25222.09215278 -.00002631  00000+0 -16498-3 0  2223
2 51856  53.2141 249.0321 0001094  78.2763   5.3908 15.08842079    11
STARLINK-3571
1 51857C 22022F   25222.10881944  .00000389  00000+0  24414-4 0  2229
2 51857  53.2140 248.9580 0000898  69.2172 164.9363 15.08850935    18
STARLINK-3563
1 51858C 22022G   25222.12062500 -.00016726  00000+0 -10488-2 0  2229
2 51858  53.2142 248.8944 0001187  80.7740 202.8514 15.08856581    18
STARLINK-3560
1 51859C 22022H   25222.09701389  .00002725  00000+0  17087-3 0  2226
2 51859  53.2144 239.0096 0001567 115.7133 309.2686 15.08830548    15
STARLINK-3559
1 51860C 22022J   25222.11923611 -.00002480  00000+0 -15548-3 0  2225
2 51860  53.2141 238.9000 0001220  86.8035  64.2726 15.08841206    18
STARLINK-3562
1 51861C 22022K   25222.12340278 -.00004757  00000+0 -29831-3 0  2228
2 51861  53.2142 238.8786 0001162  80.8965 172.8370 15.08840342    12
STARLINK-3508
1 51862C 22022L   25222.11993056 -.00002801  00000+0 -17563-3 0  2223
2 51862  53.2141 238.8966 0001178  85.5455  89.2967 15.08838269    13
STARLINK-3555
1 51863C 22022M   25222.12062500 -.00015066  00000+0 -94482-3 0  2228
2 51863  53.2146 238.8930 0001261  85.9160 192.7240 15.08851480    14
STARLINK-3548
1 51864C 22022N   25222.12062500 -.00004158  00000+0 -26077-3 0  2224
2 51864  53.2145 238.8142 0001228  79.5731 179.1143 15.08839872    17
STARLINK-3503
1 51865C 22022P   25222.12062500  .00002860  00000+0  17935-3 0  2224
2 51865  53.2146 238.8931 0001332  84.7260 233.8003 15.08830463    16
STARLINK-3553
1 51866C 22022Q   25222.12548611 -.00000836  00000+0 -52421-4 0  2220
2 51866  53.2145 238.7269 0001251  82.9528 276.9853 15.08836785    10
STARLINK-3590
1 51867C 22022R   25222.11993056 -.00002295  00000+0 -14391-3 0  2221
2 51867  53.2147 238.8972 0001252  78.1877 256.6731 15.08837600    17
STARLINK-3578
1 51868C 22022S   25222.12062500 -.00000909  00000+0 -56968-4 0  2221
2 51868  53.2146 238.8928 0001389  83.1913 215.4160 15.08843172    16
STARLINK-3588
1 51869C 22022T   25222.11993056 -.00000477  00000+0 -29931-4 0  2220
2 51869  53.2142 238.8976 0001130  80.4688 314.3723 15.08837510    12
STARLINK-3591
1 51870C 22022U   25222.11993056 -.00014858  00000+0 -93160-3 0  2224
2 51870  53.2145 238.8976 0000955  80.9779 273.8612 15.08856938    18
STARLINK-3567
1 51871C 22022V   25222.12340278 -.00008132  00000+0 -50995-3 0  2225
2 51871  53.2139 238.8819 0001166  80.0934 353.6211 15.08847221    14
STARLINK-3554
1 51872C 22022W   25222.12479167  .00008114  00000+0  50905-3 0  2225
2 51872  53.2142 238.8766 0001456  79.6801 321.5322 15.08812649    12
STARLINK-3582
1 51873C 22022X   25222.12618056 -.00010599  00000+0 -66461-3 0  2224
2 51873  53.2138 238.8790 0001104  83.0908  60.5159 15.08849368    18
STARLINK-3574
1 51874C 22022Y   25222.11923611 -.00005520  00000+0 -34620-3 0  2220
2 51874  53.2138 238.9005 0001184  89.6124 341.4704 15.08837173    17
STARLINK-3585
1 51875C 22022Z   25222.12548611 -.00003013  00000+0 -18894-3 0  2225
2 51875  53.2143 238.7836 0001374  82.9164 142.1943 15.08837521    13
STARLINK-3583
1 51876C 22022AA  25222.12270833 -.00001528  00000+0 -95834-4 0  2223
2 51876  53.2138 238.8846 0001260  82.5744  27.3553 15.08842581    17
STARLINK-3556
1 51877C 22022AB  25222.12201389 -.00006514  00000+0 -40850-3 0  2221
2 51877  53.2140 228.8875 0001278  81.4366 119.7316 15.08844664    16
STARLINK-3575
1 51878C 22022AC  25222.12548611 -.00001804  00000+0 -11318-3 0  2228
2 51878  53.2138 238.8719 0001118  90.5566  74.5261 15.08818328    13
STARLINK-3572
1 51879C 22022AD  25222.12548611 -.00005207  00000+0 -32651-3 0  2223
2 51879  53.2136 228.8715 0001222  81.6058 178.4311 15.08842404    12
STARLINK-3566
1 51880C 22022AE  25222.11923611 -.00006541  00000+0 -41014-3 0  2226
2 51880  53.2138 238.6202 0001276  85.2335  26.0183 15.08846344    15
STARLINK-3504
1 51881C 22022AF  25222.12062500 -.00061018  00000+0 -38265-2 0  2222
2 51881  53.2141 228.8935 0001321  89.4112 184.2832 15.08896923    10
STARLINK-3570
1 51882C 22022AG  25222.10395833 -.00000604  00000+0 -37867-4 0  2222
2 51882  53.2136 228.9787 0001215  61.5669  56.1536 15.08838810    10
STARLINK-3576
1 51883C 22022AH  25222.12409722 -.00010194  00000+0 -63903-3 0  2222
2 51883  53.2137 229.0607 0001066  74.2377 158.0539 15.08862405    18
STARLINK-3577
1 51884C 22022AJ  25222.12479167 -.00010039  00000+0 -62951-3 0  2223
2 51884  53.2136 228.8743 0001028  66.0963 210.1723 15.08847531    12
STARLINK-3584
1 51885C 22022AK  25222.12340278 -.00015039  00000+0 -94313-3 0  2226
2 51885  53.2141 228.8790 0001232  85.3464 263.3888 15.08851138    18
STARLINK-3565
1 51886C 22022AL  25222.11090278 -.00007846  00000+0 -49205-3 0  2225
2 51886  53.2139 228.9367 0001228  66.9998 173.7891 15.08844237    19
STARLINK-3551
1 51887C 22022AM  25222.12618056 -.00010297  00000+0 -64576-3 0  2229
2 51887  53.2141 228.8658 0001216  86.2233 297.6003 15.08847049    14
STARLINK-3536
1 51888C 22022AN  25222.12618056 -.00002979  00000+0 -18679-3 0  2221
2 51888  53.2140 228.8673 0000949  83.9632 259.7579 15.08840678    18
STARLINK-3547
1 51889C 22022AP  25222.12270833 -.00020277  00000+0 -12714-2 0  2223
2 51889  53.2145 228.8821 0001273  77.6143 347.3246 15.08861622    14
STARLINK-3549
1 51891C 22022AR  25222.12062500 -.00019085  00000+0 -11966-2 0  2229
2 51891  53.2145 228.8917 0001389  82.7215 350.8849 15.08862228    19
STARLINK-3587
1 51892C 22022AS  25222.11923611 -.00002881  00000+0 -18066-3 0  2223
2 51892  53.2144 228.8980 0000685  98.7368 287.2896 15.08844159    11
STARLINK-3579
1 51893C 22022AT  25222.12409722 -.00008432  00000+0 -52878-3 0  2224
2 51893  53.2145 228.8779 0001159  76.2365  56.2690 15.08843423    13
STARLINK-3595
1 51894C 22022AU  25222.12270833 -.00005949  00000+0 -37291-3 0  2226
2 51894  53.2146 228.8832 0001242  79.9298  24.9366 15.08860146    16
STARLINK-3594
1 51895C 22022AV  25222.12340278 -.00007831  00000+0 -49114-3 0  2227
2 51895  53.2146 228.8816 0001235  76.6195  72.1141 15.08842328    19
STARLINK-3593
1 51896C 22022AW  25222.12409722 -.00007572  00000+0 -47489-3 0  2223
2 51896  53.2143 229.0963 0001119  80.4739 311.8854 15.08841935    18
STARLINK-3598
1 51897C 22022AX  25222.12131944 -.00006969  00000+0 -43703-3 0  2226
2 51897  53.2145 228.8909 0001197  71.2494  86.1631 15.08841210    11
STARLINK-3597
1 51898C 22022AY  25222.11993056 -.00028943  00000+0 -18149-2 0  2227
2 51898  53.2142 228.8968 0001299  74.1821  95.6714 15.08868608    10
STARLINK-3700
1 51956C 22025A   25222.09076389 -.00011397  00000+0 -76359-3 0  2226
2 51956  53.0520 251.5294 0001267  85.4740 343.3184 15.06412545    15
STARLINK-3694
1 51957C 22025B   25222.11854167 -.00011456  00000+0 -76761-3 0  2221
2 51957  53.0531 265.6514 0001153  87.1055  70.4387 15.06408437    19
STARLINK-3692
1 51958C 22025C   25222.08520833 -.00002178  00000+0 -14592-3 0  2223
2 51958  53.0521 251.5590 0000892  85.6290 333.0244 15.06400035    16
STARLINK-3704
1 51959C 22025D   25222.11090278 -.00007707  00000+0 -51641-3 0  2222
2 51959  53.0528 265.6594 0001259  88.9490   7.1532 15.06404122    10
STARLINK-3691
1 51960C 22025E   25222.11854167 -.00003817  00000+0 -25574-3 0  2223
2 51960  53.0531 265.6290 0001214  88.7903  88.7510 15.06402804    13
STARLINK-3697
1 51962C 22025G   25222.12479167 -.00016083  00000+0 -10776-2 0  2225
2 51962  53.0532 256.1811 0001262  86.2859 299.7985 15.06413171    15
STARLINK-3675
1 51963C 22025H   25222.12340278 -.00001249  00000+0 -83676-4 0  2225
2 51963  53.0521 251.3282 0001195  74.3733 251.4754 15.06398818    16
STARLINK-3690
1 51964C 22025J   25222.11159722 -.00003716  00000+0 -24900-3 0  2222
2 51964  53.0526 256.8295 0001178  83.8517 345.1049 15.06401588    19
STARLINK-3696
1 51965C 22025K   25222.11506944  .00001590  00000+0  10657-3 0  2225
2 51965  53.0532 265.6403 0001239  90.1120  88.6083 15.06391135    18
STARLINK-3699
1 51966C 22025L   25222.12409722 -.00025045  00000+0 -16778-2 0  2225
2 51966  53.0532 260.5866 0001253  82.3496 292.8346 15.06429381    17
STARLINK-3681
1 51968C 22025N   25222.11923611 -.00011085  00000+0 -74253-3 0  2226
2 51968  53.0521 256.7059 0001048  64.0421 146.3712 15.06419574    18
STARLINK-3680
1 51969C 22025P   25222.12409722 -.00003493  00000+0 -23402-3 0  2224
2 51969  53.0528 256.9857 0001262  86.7443 289.9030 15.06400359    15
STARLINK-3677
1 51970C 22025Q   25222.12270833  .00000897  00000+0  60109-4 0  2224
2 51970  53.0527 260.6677 0001271  83.2426 304.3746 15.06395786    14
STARLINK-3669
1 51971C 22025R   25222.10187500 -.00012014  00000+0 -80498-3 0  2229
2 51971  53.0518 256.7358 0001187  84.2504  12.0480 15.06411000    17
STARLINK-3671
1 51972C 22025S   25222.11993056  .00001510  00000+0  10118-3 0  2221
2 51972  53.0525 260.6603 0001016  79.9590 352.5306 15.06400402    13
STARLINK-3679
1 51973C 22025T   25222.12409722  .00001494  00000+0  10005-3 0  2221
2 51973  53.0528 260.5852 0001296  70.7401 344.3687 15.06409664    12
STARLINK-3672
1 51974C 22025U   25222.11576389 -.00000535  00000+0 -35839-4 0  2225
2 51974  53.0524 260.6793 0001094  85.5223 344.4221 15.06398186    17
STARLINK-3674
1 51975C 22025V   25222.10187500 -.00005941  00000+0 -39804-3 0  2229
2 51975  53.0521 256.3363 0001213  82.6724 359.0114 15.06404912    15
STARLINK-3663
1 51976C 22025W   25222.13104167  .00077172  00000+0  10243-2 0  2229
2 51976  53.2095 222.1668 0001481  24.3400 157.4940 15.57532535    10
STARLINK-3660
1 51977C 22025X   25222.12409722 -.00014178  00000+0 -88909-3 0  2228
2 51977  53.2144 248.8886 0001227  87.4748 329.8265 15.08851204    14
STARLINK-3656
1 51979C 22025Z   25222.12131944  .00751540  00000+0  15011-1 0  2229
2 51979  53.2181 265.6993 0001112  77.1945 143.5674 15.45483495    10
STARLINK-3649
1 51980C 22025AA  25222.12131944 -.00061981  00000+0 -38852-2 0  2225
2 51980  53.2154 268.8919 0001077  85.1857  52.2434 15.08914319    19
STARLINK-3635
1 51981C 22025AB  25222.12409722  .00001289  00000+0  80870-4 0  2220
2 51981  53.2146 268.8802 0001187  83.6145 348.8844 15.08830634    13
STARLINK-3655
1 51983C 22025AD  25222.11993056 -.00004789  00000+0 -30030-3 0  2221
2 51983  53.2151 268.9061 0001130  87.7328 342.1153 15.08844170    15
STARLINK-3664
1 51984C 22025AE  25222.12131944 -.00001113  00000+0 -69767-4 0  2221
2 51984  53.2154 268.9775 0001184  82.5147 149.6164 15.08840792    10
STARLINK-3651
1 51985C 22025AF  25222.11159722 -.00012585  00000+0 -78912-3 0  2221
2 51985  53.2151 268.9457 0001140  87.6703 331.6910 15.08852947    18
STARLINK-3645
1 51986C 22025AG  25222.12131944  .00002029  00000+0  12727-3 0  2221
2 51986  53.2144 268.7380 0001129  80.9133 316.5906 15.08830075    19
STARLINK-3644
1 51987C 22025AH  25222.12201389  .00001285  00000+0  80598-4 0  2228
2 51987  53.2155 268.8871 0001147  82.9580 158.2063 15.08836728    12
STARLINK-3640
1 51988C 22025AJ  25222.12409722 -.00002109  00000+0 -13225-3 0  2220
2 51988  53.2147 268.8787 0001016  84.8602 267.6340 15.08841205    10
STARLINK-3642
1 51989C 22025AK  25222.12548611 -.00000108  00000+0 -67670-5 0  2224
2 51989  53.2153 268.8708 0001242  83.4680 196.5725 15.08838409    12
STARLINK-3657
1 51990C 22025AL  25222.12131944 -.00009828  00000+0 -61623-3 0  2221
2 51990  53.2146 248.8905 0001162  85.9552 341.4354 15.08850304    16
STARLINK-3652
1 51991C 22025AM  25222.12618056  .00002989  00000+0  18745-3 0  2222
2 51991  53.2150 268.8687 0001127  85.2543 238.5667 15.08832087    16
STARLINK-3643
1 51992C 22025AN  25222.11993056 -.00007809  00000+0 -48968-3 0  2226
2 51992  53.2148 248.8950 0001116  74.4084  45.4401 15.08847830    16
STARLINK-3648
1 51993C 22025AP  25222.12409722 -.00009197  00000+0 -57676-3 0  2228
2 51993  53.2146 268.8792 0001167  87.4607 285.0485 15.08847075    17
STARLINK-3647
1 51994C 22025AQ  25222.12409722 -.00008534  00000+0 -53512-3 0  2228
2 51994  53.2149 248.8767 0001142  77.1874  85.3023 15.08849314    13
STARLINK-3636
1 51995C 22025AR  25222.11854167 -.00004353  00000+0 -27285-3 0  2228
2 51995  53.2148 248.9028 0001212  71.9190   0.2881 15.08857461    15
STARLINK-3538
1 51996C 22025AS  25222.12131944 -.00016680  00000+0 -10459-2 0  2221
2 51996  53.2150 248.8902 0001203  78.7062  88.6958 15.08856621    14
STARLINK-3589
1 51997C 22025AT  25222.12270833 -.00013486  00000+0 -84575-3 0  2225
2 51997  53.2144 248.8821 0000930  86.2830  28.6816 15.08849900    10
STARLINK-3618
1 51998C 22025AU  25222.12409722 -.00006815  00000+0 -42742-3 0  2225
2 51998  53.2139 248.8792 0001219  87.9507 254.5492 15.08840595    13
STARLINK-3667
1 51999C 22025AV  25222.12479167  .00000335  00000+0  20991-4 0  2228
2 51999  53.2148 248.8647 0001209  81.1697 125.1098 15.08833851    10
STARLINK-3653
1 52000C 22025AW  25222.12062500 -.00005607  00000+0 -35163-3 0  2226
2 52000  53.2144 248.8071 0001146  84.3806 319.2970 15.08843459    18
STARLINK-3659
1 52001C 22025AX  25222.11993056 -.00011713  00000+0 -73444-3 0  2224
2 52001  53.2138 248.9079 0001100  83.1475 251.4851 15.08853175    11
STARLINK-3668
1 52002C 22025AY  25222.12131944 -.00001261  00000+0 -79078-4 0  2223
2 52002  53.2141 248.9306 0000620  88.8770 258.4409 15.08828731    11
STARLINK-3722
1 52089C 22029B   25222.12965278  .00021671  00000+0  13536-2 0  2227
2 52089  53.2173 318.8433 0000773  61.8645 351.2910 15.08960638    12
STARLINK-3712
1 52090C 22029C   25222.12201389  .00012050  00000+0  75599-3 0  2224
2 52090  53.2175 318.8865 0001234  77.4682 348.7255 15.08809293    14
STARLINK-3716
1 52092C 22029E   25222.12479167  .00000431  00000+0  27007-4 0  2229
2 52092  53.2173 318.8747 0001215  96.9533 324.3515 15.08831219    15
STARLINK-3673
1 52093C 22029F   25222.12131944  .00010780  00000+0  67610-3 0  2229
2 52093  53.2176 318.8993 0001291  81.9407  15.2574 15.08821807    13
STARLINK-3714
1 52094C 22029G   25222.12062500  .00007366  00000+0  46200-3 0  2229
2 52094  53.2176 318.8922 0000908  77.7145   0.9420 15.08822369    17
STARLINK-3701
1 52095C 22029H   25222.11923611 -.00010139  00000+0 -63582-3 0  2224
2 52095  53.2177 318.8989 0001223  92.1100  38.9858 15.08848916    17
STARLINK-3717
1 52096C 22029J   25222.12201389  .00010895  00000+0  68356-3 0  2228
2 52096  53.2171 308.8884 0001150  85.8806 175.3098 15.08808488    18
STARLINK-3665
1 52098C 22029L   25222.12062500  .00013329  00000+0  83623-3 0  2229
2 52098  53.2176 318.8916 0001139  96.8928  21.7384 15.08808907    14
STARLINK-3702
1 52100C 22029N   25222.12409722  .00011858  00000+0  74378-3 0  2226
2 52100  53.2177 318.8778 0001174  91.0682  86.4491 15.08816843    13
STARLINK-3703
1 52101C 22029P   25222.12479167  .00013858  00000+0  86936-3 0  2222
2 52101  53.2175 319.0653 0001283  78.5906  42.5764 15.08810200    14
STARLINK-3709
1 52102C 22029Q   25222.12548611  .00011882  00000+0  74532-3 0  2228
2 52102  53.2164 308.8723 0001187  94.4265  80.4163 15.08816869    16
STARLINK-3705
1 52103C 22029R   25222.12062500  .00000401  00000+0  25131-4 0  2224
2 52103  53.2173 308.8935 0001214  91.3898 202.2594 15.08831349    13
STARLINK-3706
1 52105C 22029T   25222.12479167  .00006865  00000+0  43056-3 0  2222
2 52105  53.2174 308.8755 0001159  78.1380 272.9415 15.08827637    14
STARLINK-3670
1 52106C 22029U   25222.12409722  .00009291  00000+0  58268-3 0  2220
2 52106  53.2176 318.8792 0001351  89.9100 147.5860 15.08825162    15
STARLINK-3658
1 52107C 22029V   25222.12340278  .00012098  00000+0  75885-3 0  2224
2 52107  53.2175 308.8826 0000976  82.5757 286.1450 15.08816859    19
STARLINK-3698
1 52108C 22029W   25222.12479167  .00003326  00000+0  20856-3 0  2227
2 52108  53.2175 308.8754 0001269  92.3025 243.9610 15.08832428    12
STARLINK-3687
1 52110C 22029Y   25222.12340278  .00012040  00000+0  75542-3 0  2225
2 52110  53.2170 308.8837 0001383  94.2282 254.5316 15.08805230    17
STARLINK-3708
1 52111C 22029Z   25222.12131944  .00001546  00000+0  96944-4 0  2223
2 52111  53.2169 308.8921 0001251  90.2842 327.1372 15.08832475    12
STARLINK-3734
1 52112C 22029AA  25222.12131944  .00012075  00000+0  75738-3 0  2220
2 52112  53.2171 308.8923 0001287  89.2904 288.0411 15.08818910    11
STARLINK-3736
1 52113C 22029AB  25222.12201389  .00013244  00000+0  83122-3 0  2227
2 52113  53.2163 308.8886 0001280  94.1159   7.1302 15.08794935    10
STARLINK-3737
1 52114C 22029AC  25222.12340278  .00011810  00000+0  74081-3 0  2220
2 52114  53.2168 308.8841 0001290  88.2006 320.5373 15.08815936    18
STARLINK-3685
1 52115C 22029AD  25222.12131944  .00011565  00000+0  72541-3 0  2225
2 52115  53.2162 308.8914 0001173  90.8131  46.5833 15.08818468    11
STARLINK-3735
1 52116C 22029AE  25222.12409722  .00013431  00000+0  84252-3 0  2224
2 52116  53.2166 308.8796 0001207  89.0226   3.4955 15.08811436    12
STARLINK-3738
1 52117C 22029AF  25222.12062500  .00010117  00000+0  63459-3 0  2228
2 52117  53.2167 308.8935 0001061  87.0038  86.6185 15.08819601    16
STARLINK-3743
1 52118C 22029AG  25222.12618056  .00012510  00000+0  78481-3 0  2222
2 52118  53.2162 308.8698 0001119  94.6628  49.1724 15.08809729    14
STARLINK-3558
1 52119C 22029AH  25222.12340278  .00011159  00000+0  69992-3 0  2226
2 52119  53.2170 308.8804 0001241  96.7641 131.9556 15.08819040    17
STARLINK-3534
1 52120C 22029AJ  25222.12340278  .00012142  00000+0  76165-3 0  2221
2 52120  53.2164 308.8815 0001208  96.1967  72.5399 15.08813030    10
STARLINK-3678
1 52121C 22029AK  25222.12270833  .00000061  00000+0  38535-5 0  2229
2 52121  53.2159 298.8843 0001232  87.0351 232.8446 15.08850822    11
STARLINK-3726
1 52122C 22029AL  25222.12618056 -.00005498  00000+0 -34483-3 0  2220
2 52122  53.2167 308.8678 0001281  95.5102 128.3430 15.08838944    14
STARLINK-3725
1 52123C 22029AM  25222.11993056  .00009174  00000+0  57544-3 0  2222
2 52123  53.2164 298.7242 0000938  85.5795 354.1994 15.08820934    15
STARLINK-3727
1 52125C 22029AP  25222.12548611 -.00003599  00000+0 -22569-3 0  2224
2 52125  53.2162 298.8708 0001198  89.3577 305.7154 15.08838163    15
STARLINK-3732
1 52126C 22029AQ  25222.11923611  .00008362  00000+0  52450-3 0  2224
2 52126  53.2159 298.8985 0001129  79.6270 241.4736 15.08820759    19
STARLINK-3715
1 52127C 22029AR  25222.12618056  .00005854  00000+0  36712-3 0  2226
2 52127  53.2163 298.8677 0001291  94.5793 324.2363 15.08829136    13
STARLINK-3661
1 52129C 22029AT  25222.12062500  .00010015  00000+0  62824-3 0  2223
2 52129  53.2168 298.8943 0001243  96.3269 332.3138 15.08816895    19
STARLINK-3711
1 52131C 22029AV  25222.12479167  .00010117  00000+0  63454-3 0  2220
2 52131  53.2169 298.8751 0001137  92.9729  18.3000 15.08820232    14
STARLINK-3718
1 52132C 22029AW  25222.12340278  .00010214  00000+0  64078-3 0  2222
2 52132  53.2167 298.8822 0001202  99.3333 324.4138 15.08811412    10
STARLINK-3707
1 52133C 22029AX  25222.11923611  .00006683  00000+0  41885-3 0  2226
2 52133  53.2166 298.9031 0001647  77.7429  43.2315 15.08847680    11
STARLINK-3721
1 52134C 22029AY  25222.12062500  .00010686  00000+0  67025-3 0  2221
2 52134  53.2169 298.8938 0001277  93.1122  15.5189 15.08819739    16
STARLINK-3729
1 52135C 22029AZ  25222.11923611  .00010625  00000+0  66653-3 0  2229
2 52135  53.2164 298.9115 0001166  87.8193  88.0680 15.08812750    12
STARLINK-3720
1 52136C 22029BA  25222.12201389  .00011148  00000+0  69912-3 0  2224
2 52136  53.2167 298.8897 0001265  89.1280  67.0486 15.08824326    17
STARLINK-3733
1 52137C 22029BB  25222.12062500  .00011689  00000+0  73317-3 0  2229
2 52137  53.2163 298.8948 0001236  91.5278 117.1149 15.08816698    19
STARLINK-3723
1 52138C 22029BC  25222.12201389 -.00000604  00000+0 -37833-4 0  2221
2 52138  53.2166 298.8893 0001206  62.6420 113.4575 15.08855506    10
STARLINK-3730
1 52139C 22029BD  25222.12201389 -.00003031  00000+0 -19004-3 0  2228
2 52139  53.2172 308.8864 0001249  85.5333 195.6232 15.08845118    12
STARLINK-3682
1 52140C 22029BE  25222.12062500 -.00007496  00000+0 -47002-3 0  2228
2 52140  53.2163 298.8948 0001316  88.3419 140.2889 15.08847508    15
STARLINK-3761
1 52262C 22041B   25222.12548611  .00014392  00000+0  90285-3 0  2221
2 52262  53.2184 338.8214 0001287  95.4628 179.6263 15.08808693    16
STARLINK-3786
1 52263C 22041C   25222.11854167  .00014524  00000+0  91131-3 0  2225
2 52263  53.2185 338.9007 0001251  97.4845 119.8594 15.08801242    19
STARLINK-3795
1 52264C 22041D   25222.12548611  .00014097  00000+0  88437-3 0  2221
2 52264  53.2182 338.8704 0001245  91.8658 203.1878 15.08808648    12
STARLINK-3740
1 52265C 22041E   25222.12062500  .00010559  00000+0  66229-3 0  2224
2 52265  53.2182 338.8932 0000965  85.6511 202.9832 15.08819150    10
STARLINK-3739
1 52266C 22041F   25222.12201389  .00004790  00000+0  30043-3 0  2220
2 52266  53.2180 338.8873 0001414  87.5977 228.5897 15.08829405    19
STARLINK-3748
1 52267C 22041G   25222.12270833  .00063849  00000+0  40057-2 0  2226
2 52267  53.2178 338.8915 0001280  66.1627 273.7425 15.08757064    10
STARLINK-3746
1 52268C 22041H   25222.11993056  .00013342  00000+0  83711-3 0  2223
2 52268  53.2173 338.8199 0001214  97.7845 327.1419 15.08805910    10
STARLINK-3791
1 52269C 22041J   25222.12062500  .00004043  00000+0  25355-3 0  2224
2 52269  53.2176 338.8933 0001032  91.9382 256.7169 15.08828129    16
STARLINK-3804
1 52270C 22041K   25222.12131944  .00012373  00000+0  77615-3 0  2226
2 52270  53.2172 338.9191 0001116  72.9636 319.4287 15.08813537    10
STARLINK-3788
1 52271C 22041L   25222.11923611  .00011902  00000+0  74666-3 0  2226
2 52271  53.2174 338.8999 0001161  79.1001 281.9759 15.08812524    15
STARLINK-3781
1 52272C 22041M   25222.11576389  .00013307  00000+0  83497-3 0  2226
2 52272  53.2173 338.9540 0001257  74.7022 302.3107 15.08803306    11
STARLINK-3782
1 52273C 22041N   25222.11854167  .00014422  00000+0  90479-3 0  2227
2 52273  53.2171 329.2879 0001045  90.3028  96.5740 15.08807288    11
STARLINK-3790
1 52274C 22041P   25222.10881944  .00003367  00000+0  21118-3 0  2220
2 52274  53.2174 338.9468 0001184  94.0803 290.3997 15.08825993    13
STARLINK-3784
1 52275C 22041Q   25222.12479167  .00013165  00000+0  82591-3 0  2222
2 52275  53.2171 338.8759 0001051  94.7816 336.4952 15.08811020    16
STARLINK-3778
1 52276C 22041R   25222.12479167  .00013294  00000+0  83406-3 0  2222
2 52276  53.2173 338.8759 0001233  78.4830  52.8133 15.08806903    10
STARLINK-3780
1 52278C 22041T   25222.12340278  .00013278  00000+0  83303-3 0  2222
2 52278  53.2178 338.8807 0001166  77.7559  65.9975 15.08806932    17
STARLINK-3764
1 52280C 22041V   25222.10465278  .00003000  00000+0  18810-3 0  2224
2 52280  53.2184 338.9630 0000926  85.9590  15.8546 15.08835639    15
STARLINK-3779
1 52281C 22041W   25222.12201389  .00013908  00000+0  87247-3 0  2226
2 52281  53.2173 338.8882 0001230  97.4224  13.5610 15.08811981    14
STARLINK-3783
1 52282C 22041X   25222.11993056 -.00017995  00000+0 -11278-2 0  2227
2 52282  53.2172 328.8977 0001420  81.5093 138.2858 15.08875625    11
STARLINK-3789
1 52283C 22041Y   25222.12409722  .00004131  00000+0  25910-3 0  2226
2 52283  53.2180 338.8768 0001028  87.1551  80.3610 15.08827810    11
STARLINK-3561
1 52284C 22041Z   25222.11923611  .00013249  00000+0  83124-3 0  2225
2 52284  53.2174 328.8997 0001308  99.8626 156.2382 15.08806472    12
STARLINK-3775
1 52285C 22041AA  25222.13104167  .00766690  00000+0  76817-3 0  2221
2 52285  53.2135 322.4953 0002525 334.7759 214.0966 16.09596423    17
STARLINK-3802
1 52286C 22041AB  25222.12340278 -.00004221  00000+0 -26473-3 0  2226
2 52286  53.2181 328.8800 0001126  91.7002 227.0417 15.08840830    14
STARLINK-3822
1 52287C 22041AC  25222.12409722 -.00008123  00000+0 -50935-3 0  2222
2 52287  53.2186 338.8755 0001239  91.3489 136.1619 15.08849498    13
STARLINK-3776
1 52288C 22041AD  25222.12062500  .00002745  00000+0  17218-3 0  2221
2 52288  53.2180 328.8918 0001252  88.5413 235.1022 15.08831344    17
STARLINK-3751
1 52289C 22041AE  25222.12270833  .00012799  00000+0  80294-3 0  2226
2 52289  53.2171 328.8846 0001237  98.9556 156.0120 15.08808464    11
STARLINK-3772
1 52290C 22041AF  25222.11993056  .00012465  00000+0  78187-3 0  2224
2 52290  53.2181 328.8955 0001268  95.3686 279.2964 15.08814659    11
STARLINK-3773
1 52291C 22041AG  25222.13104167  .00299680  00000+0  90201-3 0  2221
2 52291  53.1833 232.0167 0008451 355.5212 351.5962 15.91140877    11
STARLINK-3753
1 52292C 22041AH  25222.12131944  .00014346  00000+0  89997-3 0  2228
2 52292  53.2181 328.8901 0001294  97.0092 310.4139 15.08809768    10
STARLINK-3771
1 52293C 22041AJ  25222.12340278 -.00009548  00000+0 -59857-3 0  2223
2 52293  53.2178 328.8896 0000957  94.2747 259.2024 15.08858673    13
STARLINK-3777
1 52294C 22041AK  25222.12131944  .00016045  00000+0  10068-2 0  2220
2 52294  53.2178 328.8908 0001272  97.6414 329.7950 15.08800200    11
STARLINK-3765
1 52295C 22041AL  25222.12062500  .00015002  00000+0  94116-3 0  2221
2 52295  53.2181 328.8917 0001213  96.4450 267.1921 15.08806216    14
STARLINK-3766
1 52296C 22041AM  25222.12131944  .00010427  00000+0  65404-3 0  2225
2 52296  53.2174 328.8910 0001260  90.7248  36.6920 15.08819174    19
STARLINK-3758
1 52297C 22041AN  25222.11923611  .00012177  00000+0  76376-3 0  2229
2 52297  53.2180 328.8992 0001229  93.4769 282.6156 15.08819454    15
STARLINK-3760
1 52298C 22041AP  25222.12062500 -.00018431  00000+0 -11549-2 0  2223
2 52298  53.2177 328.5064 0001180  86.2982 257.4761 15.08884094    16
STARLINK-3769
1 52300C 22041AR  25222.12201389  .00011823  00000+0  74171-3 0  2224
2 52300  53.2171 328.8876 0001124  98.4525  92.7490 15.08811216    19
STARLINK-3768
1 52301C 22041AS  25222.12409722  .00015659  00000+0  98239-3 0  2228
2 52301  53.2178 328.8785 0001332  92.9042   9.6025 15.08806268    12
STARLINK-3564
1 52302C 22041AT  25222.12201389  .00015748  00000+0  98797-3 0  2226
2 52302  53.2175 318.8883 0001111  91.4122 154.7913 15.08806035    16
STARLINK-3742
1 52303C 22041AU  25222.12131944  .00015036  00000+0  94315-3 0  2228
2 52303  53.2170 328.8916 0001258  95.5988  71.8067 15.08813538    12
STARLINK-3744
1 52304C 22041AV  25222.12270833  .00000842  00000+0  52790-4 0  2221
2 52304  53.2171 318.8868 0001232  86.7478 183.2190 15.08833913    11
STARLINK-3724
1 52305C 22041AW  25222.12201389  .00005607  00000+0  35167-3 0  2224
2 52305  53.2174 328.9939 0001283  91.8908  59.2296 15.08827213    12
STARLINK-3747
1 52306C 22041AX  25222.12131944  .00013359  00000+0  83796-3 0  2228
2 52306  53.2170 318.8919 0001250  89.7999 192.6129 15.08814908    19
STARLINK-3755
1 52307C 22041AY  25222.11923611  .00013719  00000+0  86070-3 0  2226
2 52307  53.2173 328.8998 0001296  77.0066 119.1030 15.08808194    11
STARLINK-3756
1 52309C 22041BA  25222.11923611  .00013620  00000+0  85431-3 0  2229
2 52309  53.2167 318.9014 0001278  91.5567 199.5246 15.08814352    16
STARLINK-3688
1 52310C 22041BB  25222.11784722  .00012735  00000+0  79883-3 0  2229
2 52310  53.2168 318.9738 0001166  90.5788 212.9173 15.08814799    16
STARLINK-3750
1 52311C 22041BC  25222.11923611  .00000347  00000+0  21740-4 0  2228
2 52311  53.2166 318.9018 0000964  87.3450 243.6877 15.08844766    10
STARLINK-3752
1 52312C 22041BD  25222.12201389  .00006472  00000+0  40590-3 0  2229
2 52312  53.2177 318.8396 0001295  92.1755 114.0279 15.08826537    14
STARLINK-3749
1 52313C 22041BE  25222.12270833  .00010979  00000+0  68866-3 0  2223
2 52313  53.2178 318.8843 0001234  95.7130  94.2542 15.08816499    10
STARLINK-3889
1 52331C 22045A   25222.12479167  .00011865  00000+0  74424-3 0  2220
2 52331  53.2157  78.8759 0001450  92.4733 168.8426 15.08816922    19
STARLINK-3831
1 52332C 22045B   25222.11993056  .00004915  00000+0  30826-3 0  2224
2 52332  53.2161  78.9042 0001286  89.4724  80.1822 15.08826700    15
STARLINK-3847
1 52333C 22045C   25222.11854167  .00011050  00000+0  69316-3 0  2228
2 52333  53.2156  78.8999 0001364  93.0874  94.2632 15.08815399    11
STARLINK-3880
1 52334C 22045D   25222.12270833  .00013838  00000+0  86775-3 0  2226
2 52334  53.2150  78.8829 0001379  87.7552 182.1982 15.08825240    18
STARLINK-3814
1 52335C 22045E   25222.12131944  .00014091  00000+0  88388-3 0  2220
2 52335  53.2150  78.8896 0001438  80.7460 201.6842 15.08811723    13
STARLINK-3823
1 52336C 22045F   25222.12409722  .00010763  00000+0  67520-3 0  2220
2 52336  53.2156  78.6765 0001326  85.4492 352.2224 15.08811721    11
STARLINK-3797
1 52337C 22045G   25222.11993056  .00011413  00000+0  71588-3 0  2220
2 52337  53.2159  78.8982 0001345  92.1768 122.7169 15.08816925    19
STARLINK-3792
1 52339C 22045J   25222.11993056  .00014147  00000+0  88701-3 0  2224
2 52339  53.2160  78.5365 0001377  92.3819  82.7072 15.08827987    17
STARLINK-3818
1 52340C 22045K   25222.12270833  .00009691  00000+0  60792-3 0  2226
2 52340  53.2156  68.8853 0001429  93.8676 111.1117 15.08816282    16
STARLINK-3843
1 52341C 22045L   25222.12340278  .00001093  00000+0  68555-4 0  2222
2 52341  53.2149  78.8336 0001321  84.5411 289.2360 15.08827465    13
STARLINK-3850
1 52342C 22045M   25222.12479167  .00010392  00000+0  65159-3 0  2221
2 52342  53.2154  68.9920 0001338  92.1836 104.0169 15.08831137    15
STARLINK-3849
1 52343C 22045N   25222.12201389  .00014224  00000+0  89178-3 0  2226
2 52343  53.2160  78.8849 0001318  89.6102  76.5604 15.08831070    11
STARLINK-3851
1 52344C 22045P   25222.12409722  .00009799  00000+0  61431-3 0  2221
2 52344  53.2156  68.9436 0001080  83.9489 168.4252 15.08838512    18
STARLINK-3852
1 52345C 22045Q   25222.09979167  .00012044  00000+0  75553-3 0  2220
2 52345  53.2148  69.1503 0001384  82.7949 252.3260 15.08811287    15
STARLINK-3812
1 52346C 22045R   25222.11854167  .00008845  00000+0  55466-3 0  2221
2 52346  53.2158  68.9105 0001220  89.3914 167.6922 15.08829411    17
STARLINK-3826
1 52347C 22045S   25222.12340278  .00004853  00000+0  30440-3 0  2226
2 52347  53.2157  68.8921 0001349  86.8816 136.6395 15.08826753    13
STARLINK-3829
1 52348C 22045T   25222.11923611  .00002690  00000+0  16871-3 0  2223
2 52348  53.2161  68.8965 0001344  84.1039 222.0022 15.08822822    10
STARLINK-3819
1 52349C 22045U   25222.12270833 -.00000556  00000+0 -34913-4 0  2225
2 52349  53.2158  68.8819 0001843  90.6542 174.3436 15.08821056    16
STARLINK-3754
1 52350C 22045V   25222.12270833  .00010898  00000+0  68352-3 0  2228
2 52350  53.2158  68.8804 0001306  92.8873 252.0762 15.08821328    15
STARLINK-3838
1 52352C 22045X   25222.11993056  .00011579  00000+0  72605-3 0  2221
2 52352  53.2155  68.8958 0001389  89.5103 300.3437 15.08827547    19
STARLINK-3807
1 52353C 22045Y   25222.12340278  .00007552  00000+0  47365-3 0  2226
2 52353  53.2156  68.8791 0001334  88.0369 280.6870 15.08826227    19
STARLINK-3877
1 52355C 22045AA  25222.12201389  .00007187  00000+0  45067-3 0  2228
2 52355  53.2157  68.8862 0001353  90.1264 291.0503 15.08829582    16
STARLINK-3801
1 52356C 22045AB  25222.12201389  .00009516  00000+0  59672-3 0  2224
2 52356  53.2154  68.9174 0001431  86.6408 354.5029 15.08828005    15
STARLINK-3821
1 52357C 22045AC  25222.12479167  .00012332  00000+0  77330-3 0  2227
2 52357  53.2156  68.8762 0001316  86.4485 349.8235 15.08828113    11
STARLINK-3837
1 52358C 22045AD  25222.12131944  .00008370  00000+0  52488-3 0  2220
2 52358  53.2150  68.8910 0001348  87.7045  69.6932 15.08828122    13
STARLINK-3853
1 52359C 22045AE  25222.10604167  .00012177  00000+0  76328-3 0  2220
2 52359  53.2154  68.9700 0001696  85.8969 263.2076 15.08840728    13
STARLINK-3728
1 52361C 22045AG  25222.12201389  .00012761  00000+0  79988-3 0  2228
2 52361  53.2152  68.8885 0001341  88.7170  32.4107 15.08839701    10
STARLINK-3848
1 52362C 22045AH  25222.12409722  .00009308  00000+0  58365-3 0  2229
2 52362  53.2157  58.8788 0001341  89.8720 137.6293 15.08829015    11
STARLINK-3830
1 52363C 22045AJ  25222.11993056  .00002968  00000+0  18616-3 0  2227
2 52363  53.2151  68.8975 0001326  84.8699  45.0065 15.08826680    12
STARLINK-3820
1 52364C 22045AK  25222.12270833  .00005251  00000+0  32934-3 0  2227
2 52364  53.2155  58.7982 0001327  88.5698 211.4395 15.08828289    16
STARLINK-3874
1 52365C 22045AL  25222.12131944  .00008697  00000+0  54556-3 0  2228
2 52365  53.2158  58.8881 0001440  89.0987  83.3506 15.08816101    12
STARLINK-3808
1 52366C 22045AM  25222.12340278  .00009312  00000+0  58378-3 0  2222
2 52366  53.2154  58.8820 0001131  82.5137 201.0996 15.08838486    16
STARLINK-3817
1 52367C 22045AN  25222.11923611  .00010049  00000+0  63010-3 0  2228
2 52367  53.2152  58.8983 0001365  89.0597 132.0094 15.08831318    15
STARLINK-3834
1 52368C 22045AP  25222.12062500  .00008402  00000+0  52703-3 0  2228
2 52368  53.2153  58.8924 0001360  85.7724 242.8775 15.08818940    14
STARLINK-3841
1 52369C 22045AQ  25222.12340278  .00002417  00000+0  15157-3 0  2222
2 52369  53.2155  58.8825 0001560  84.1213 179.6160 15.08828755    15
STARLINK-3827
1 52370C 22045AR  25222.12270833  .00009031  00000+0  56649-3 0  2223
2 52370  53.2155  58.8954 0001334  81.5227 213.2464 15.08817902    19
STARLINK-3798
1 52371C 22045AS  25222.12131944  .00007498  00000+0  47025-3 0  2226
2 52371  53.2155  58.9014 0001133  82.8814 224.3107 15.08825687    17
STARLINK-3796
1 52372C 22045AT  25222.11923611 -.00002312  00000+0 -14511-3 0  2222
2 52372  53.2155  58.8985 0001294  84.0317 257.0695 15.08807464    12
STARLINK-3550
1 52373C 22045AU  25222.12201389  .00006880  00000+0  43147-3 0  2224
2 52373  53.2158  58.8842 0001286  90.5472 325.6249 15.08828268    15
STARLINK-3762
1 52374C 22045AV  25222.12201389  .00008260  00000+0  51818-3 0  2223
2 52374  53.2156  58.8853 0001321  84.7492 311.4553 15.08815902    15
STARLINK-3785
1 52375C 22045AW  25222.12062500  .00056568  00000+0  35517-2 0  2225
2 52375  53.2158  58.8911 0001194  84.6791 283.9625 15.08736295    12
STARLINK-3767
1 52376C 22045AX  25222.11993056  .00009520  00000+0  59712-3 0  2224
2 52376  53.2159  58.8951 0001315  86.7094 338.1567 15.08819479    16
STARLINK-3805
1 52377C 22045AY  25222.12270833  .00007971  00000+0  49990-3 0  2222
2 52377  53.2155  59.1062 0001327  85.7226 234.0912 15.08824729    11
STARLINK-3806
1 52378C 22045AZ  25222.11923611  .00010285  00000+0  64503-3 0  2220
2 52378  53.2162  58.8986 0001349  91.2991   9.7918 15.08823912    12
STARLINK-3800
1 52379C 22045BA  25222.12479167  .00009535  00000+0  59806-3 0  2220
2 52379  53.2160  58.8709 0001351  94.4675  16.8454 15.08820229    13
STARLINK-3793
1 52380C 22045BB  25222.11923611  .00007924  00000+0  49698-3 0  2227
2 52380  53.2162  48.9280 0001276  85.7156 110.3568 15.08822706    12
STARLINK-3799
1 52382C 22045BD  25222.12409722  .00005702  00000+0  35785-3 0  2226
2 52382  53.2162  58.8881 0001499  80.9038  86.5926 15.08802586    10
STARLINK-3811
1 52383C 22045BE  25222.12270833  .00009143  00000+0  57355-3 0  2226
2 52383  53.2161  48.9142 0001331  82.0353 312.9201 15.08817650    18
STARLINK-3870
1 52451C 22049A   25222.12340278 -.00000971  00000+0 -60872-4 0  2228
2 52451  53.2161 298.8820 0001158  91.0063 172.7279 15.08833113    17
STARLINK-3909
1 52452C 22049B   25222.12479167 -.00001409  00000+0 -88325-4 0  2229
2 52452  53.2168 298.7508 0001051  85.3532 126.0065 15.08838817    17
STARLINK-3872
1 52453C 22049C   25222.12270833  .00008973  00000+0  56313-3 0  2221
2 52453  53.2160 298.8844 0001144  77.4597 222.5260 15.08800126    11
STARLINK-3888
1 52454C 22049D   25222.12409722  .00007192  00000+0  45101-3 0  2228
2 52454  53.2160 298.8787 0001208  88.9334 198.5645 15.08827037    14
STARLINK-3890
1 52455C 22049E   25222.12340278  .00008649  00000+0  54255-3 0  2227
2 52455  53.2160 298.8808 0001264  94.8863 223.6409 15.08817416    12
STARLINK-3896
1 52456C 22049F   25222.11784722 -.00001464  00000+0 -91783-4 0  2221
2 52456  53.2160 298.9055 0001114  91.6975 216.6171 15.08838077    15
STARLINK-3899
1 52457C 22049G   25222.12479167  .00008774  00000+0  55026-3 0  2225
2 52457  53.2162 298.8650 0001171  94.4885 276.7874 15.08824020    12
STARLINK-3898
1 52458C 22049H   25222.12548611  .00005477  00000+0  34329-3 0  2227
2 52458  53.2167 298.8723 0000908  75.1323 314.6181 15.08847345    17
STARLINK-3856
1 52459C 22049J   25222.12062500  .00001801  00000+0  11291-3 0  2226
2 52459  53.2154 288.8935 0001234  87.5780 356.0291 15.08839212    11
STARLINK-3900
1 52461C 22049L   25222.11993056  .00005628  00000+0  35293-3 0  2226
2 52461  53.2162 278.8972 0001300  87.7030   7.1481 15.08831308    10
STARLINK-3903
1 52462C 22049M   25222.12409722  .00000225  00000+0  14089-4 0  2229
2 52462  53.2159 288.8893 0001208  94.5127  42.7912 15.08831345    15
STARLINK-3885
1 52463C 22049N   25222.12270833 -.00000468  00000+0 -29331-4 0  2226
2 52463  53.2160 278.8846 0001281  84.2556  45.6792 15.08841048    17
STARLINK-3904
1 52464C 22049P   25222.12479167  .00006111  00000+0  38328-3 0  2222
2 52464  53.2154 288.8748 0001161  81.3081  44.9774 15.08825871    19
STARLINK-3863
1 52465C 22049Q   25222.12131944 -.00013017  00000+0 -81623-3 0  2222
2 52465  53.2157 278.8904 0001324  85.0554  57.3490 15.08854137    13
STARLINK-3873
1 52467C 22049S   25222.11993056  .00006226  00000+0  39051-3 0  2223
2 52467  53.2159 288.8975 0001266  83.5557  56.2979 15.08822742    14
STARLINK-3864
1 52468C 22049T   25222.12131944  .00007471  00000+0  46881-3 0  2227
2 52468  53.2163 288.8912 0000576 113.6178 113.8943 15.08806399    19
STARLINK-3828
1 52469C 22049U   25222.12479167  .00035846  00000+0  22508-2 0  2226
2 52469  53.2154 288.8841 0001080  74.1706 132.1310 15.08755084    16
STARLINK-3859
1 52470C 22049V   25222.12548611 -.00004842  00000+0 -30363-3 0  2222
2 52470  53.2164 288.8738 0000665  80.0737 209.9813 15.08842958    10
STARLINK-3862
1 52471C 22049W   25222.11576389 -.00000997  00000+0 -62518-4 0  2220
2 52471  53.2163 288.9269 0001244  86.5487  85.4626 15.08838065    10
STARLINK-3881
1 52472C 22049X   25222.12201389  .00001545  00000+0  96923-4 0  2222
2 52472  53.2163 288.8897 0001257  89.5179 201.6866 15.08831508    15
STARLINK-3879
1 52473C 22049Y   25222.12340278  .00004777  00000+0  29954-3 0  2223
2 52473  53.2164 288.8841 0001230  90.2765 168.4444 15.08832880    13
STARLINK-3855
1 52474C 22049Z   25222.12270833  .00003588  00000+0  22502-3 0  2224
2 52474  53.2152 278.8937 0001158  86.2037  98.5376 15.08832466    19
STARLINK-3882
1 52475C 22049AA  25222.12131944 -.00014406  00000+0 -90330-3 0  2221
2 52475  53.2161 289.1125 0001234  93.2559  74.0051 15.08855488    14
STARLINK-3835
1 52476C 22049AB  25222.12201389  .00005518  00000+0  34611-3 0  2225
2 52476  53.2163 279.1293 0001229  85.2041 355.6230 15.08825531    16
STARLINK-3860
1 52477C 22049AC  25222.12131944  .00005895  00000+0  36975-3 0  2228
2 52477  53.2153 278.8901 0001294  88.2336  74.1681 15.08824748    12
STARLINK-3825
1 52478C 22049AD  25222.11923611 -.00002224  00000+0 -13944-3 0  2224
2 52478  53.2164 288.9010 0001030  77.0820 239.0001 15.08840129    19
STARLINK-3878
1 52479C 22049AE  25222.11368056  .00005172  00000+0  32439-3 0  2224
2 52479  53.2149 278.9253 0001425  85.7402 115.1458 15.08825289    11
STARLINK-3839
1 52480C 22049AF  25222.12479167  .00008191  00000+0  51375-3 0  2227
2 52480  53.2163 288.8758 0001106  88.2178 278.0647 15.08824250    19
STARLINK-3813
1 52482C 22049AH  25222.12270833 -.00011832  00000+0 -74188-3 0  2223
2 52482  53.2153 278.8862 0001331  96.2998 193.6375 15.08853829    18
STARLINK-3875
1 52483C 22049AJ  25222.12270833  .00005034  00000+0  31576-3 0  2223
2 52483  53.2149 278.8849 0001268  91.8171 138.1287 15.08825092    19
STARLINK-3887
1 52484C 22049AK  25222.11923611 -.00005979  00000+0 -37493-3 0  2226
2 52484  53.2161 288.9001 0001285  87.1476 268.9472 15.08843245    19
STARLINK-3913
1 52485C 22049AL  25222.12131944 -.00015349  00000+0 -96261-3 0  2228
2 52485  53.2149 278.8909 0001149  87.1537 175.2640 15.08849572    14
STARLINK-3918
1 52486C 22049AM  25222.12409722 -.00005189  00000+0 -32537-3 0  2228
2 52486  53.2156 288.8778 0001240  89.0965 333.4177 15.08842023    13
STARLINK-3902
1 52487C 22049AN  25222.12131944  .00006359  00000+0  39888-3 0  2221
2 52487  53.2149 278.9960 0001109  92.0675 110.2733 15.08823202    12
STARLINK-3892
1 52488C 22049AP  25222.12479167  .00000116  00000+0  72751-5 0  2227
2 52488  53.2155 288.8746 0001240  90.4298 355.8440 15.08837606    16
STARLINK-3923
1 52489C 22049AQ  25222.12270833 -.00009906  00000+0 -62114-3 0  2225
2 52489  53.2159 288.8845 0001254  85.1590 309.7932 15.08850617    13
STARLINK-3914
1 52490C 22049AR  25222.12201389  .00003559  00000+0  22317-3 0  2224
2 52490  53.2158 278.8893 0001131  86.2899 259.8793 15.08835542    14
STARLINK-3908
1 52491C 22049AS  25222.09840278 -.00010272  00000+0 -64471-3 0  2226
2 52491  53.2155 278.9950 0000957  73.7754 104.2330 15.08816336    13
STARLINK-3916
1 52492C 22049AT  25222.12201389  .00004328  00000+0  27142-3 0  2222
2 52492  53.2159 278.8875 0001223  90.4748 295.7122 15.08827475    10
STARLINK-3883
1 52493C 22049AU  25222.12131944 -.00018675  00000+0 -11705-2 0  2221
2 52493  53.2157 278.8921 0001148  96.2847 226.0446 15.08872801    10
STARLINK-3857
1 52494C 22049AV  25222.12270833  .00005974  00000+0  37475-3 0  2222
2 52494  53.2159 278.8848 0001268  89.5095   0.4539 15.08821503    14
STARLINK-3871
1 52496C 22049AX  25222.12340278 -.00009354  00000+0 -58653-3 0  2224
2 52496  53.2149 273.8809 0001272  77.9286 183.2822 15.08851725    19
STARLINK-3884
1 52497C 22049AY  25222.11923611 -.00002788  00000+0 -17477-3 0  2225
2 52497  53.2161 278.9007 0001163  85.9107 305.1039 15.08854235    14
STARLINK-3925
1 52498C 22049AZ  25222.12270833  .00002224  00000+0  13946-3 0  2228
2 52498  53.2155 268.8849 0001085  86.6691  98.2708 15.08834049    13
STARLINK-3894
1 52499C 22049BA  25222.12062500  .00004726  00000+0  29639-3 0  2224
2 52499  53.2160 278.8941 0001282  77.7416 340.8854 15.08826197    12
STARLINK-3866
1 52500C 22049BB  25222.11923611  .00015745  00000+0  98750-3 0  2228
2 52500  53.2158 268.9004 0001342  84.0753 101.9105 15.08817000    12
STARLINK-3907
1 52501C 22049BC  25222.12548611  .00006395  00000+0  40109-3 0  2229
2 52501  53.2150 278.6679 0001060  88.2733 116.9089 15.08825695    18
STARLINK-3912
1 52502C 22049BD  25222.12201389  .00002964  00000+0  18583-3 0  2227
2 52502  53.2155 268.9160 0001226  88.5924 132.5583 15.08836406    15
STARLINK-3861
1 52503C 22049BE  25222.12131944  .00000456  00000+0  28602-4 0  2225
2 52503  53.2151 268.7739 0001233  85.8456 191.6341 15.08835981    15
STARLINK-3952
1 52534C 22051B   25222.12270833  .00000985  00000+0  61793-4 0  2228
2 52534  53.2177 358.8854 0001233  93.0362 156.9195 15.08838135    18
STARLINK-3958
1 52535C 22051C   25222.12201389  .00010347  00000+0  64909-3 0  2223
2 52535  53.2181 358.8845 0000991  80.7129 185.4745 15.08815151    19
STARLINK-3964
1 52536C 22051D   25222.11923611  .00010011  00000+0  62815-3 0  2224
2 52536  53.2183 358.8972 0001281  97.4228 173.6873 15.08807686    16
STARLINK-3897
1 52537C 22051E   25222.12131944  .00011287  00000+0  70821-3 0  2228
2 52537  53.2173 358.6942 0001182  95.3378 307.2292 15.08805650    13
STARLINK-3933
1 52538C 22051F   25222.11854167  .00006356  00000+0  39862-3 0  2228
2 52538  53.2181 358.8996 0001282  91.6186 235.7021 15.08825566    14
STARLINK-3757
1 52539C 22051G   25222.12131944  .00008823  00000+0  55347-3 0  2228
2 52539  53.2183 358.8872 0001251  95.6611 226.7638 15.08818029    13
STARLINK-3940
1 52540C 22051H   25222.12131944  .00007114  00000+0  44620-3 0  2224
2 52540  53.2174 358.9251 0001271  89.3952 293.0014 15.08824809    15
STARLINK-3845
1 52541C 22051J   25222.12270833  .00009189  00000+0  57655-3 0  2222
2 52541  53.2181   3.8837 0001276  96.7770 125.7111 15.08809566    17
STARLINK-3937
1 52542C 22051K   25222.12340278  .00010814  00000+0  67845-3 0  2223
2 52542  53.2170 358.8796 0001250  97.1984 336.5665 15.08809250    13
STARLINK-3926
1 52543C 22051L   25222.12409722  .00010657  00000+0  66847-3 0  2220
2 52543  53.2179 358.8748 0001343  90.1111 287.3833 15.08816190    19
STARLINK-3944
1 52544C 22051M   25222.11576389 -.00018307  00000+0 -11476-2 0  2223
2 52544  53.2183   3.9232 0001147  88.9807 135.7920 15.08867504    18
STARLINK-3948
1 52546C 22051P   25222.12062500  .00002119  00000+0  13284-3 0  2223
2 52546  53.2178 358.6609 0001082  89.3987 124.1777 15.08838603    14
STARLINK-3931
1 52548C 22051R   25222.12270833  .00004916  00000+0  30832-3 0  2220
2 52548  53.2175 358.8828 0001222  96.8907  93.0852 15.08825936    12
STARLINK-3935
1 52549C 22051S   25222.12062500  .00000961  00000+0  60253-4 0  2228
2 52549  53.2171 358.8932 0001260  92.4449 346.1927 15.08833286    12
STARLINK-3965
1 52550C 22051T   25222.12479167  .00007657  00000+0  48037-3 0  2225
2 52550  53.2171 358.8751 0001189  72.5701  88.7195 15.08812384    15
STARLINK-3969
1 52551C 22051U   25222.11854167  .00009976  00000+0  62578-3 0  2224
2 52551  53.2170 358.9031 0001242  92.0755 355.2256 15.08816447    17
STARLINK-3966
1 52552C 22051V   25222.11229167  .00009639  00000+0  60463-3 0  2228
2 52552  53.2171 359.0863 0001301  78.3238 354.9468 15.08815824    12
STARLINK-3858
1 52553C 22051W   25222.11993056  .00005520  00000+0  34617-3 0  2221
2 52553  53.2182 358.5532 0001222  92.5026 202.5777 15.08827797    10
STARLINK-3770
1 52554C 22051X   25222.11506944  .00005873  00000+0  36834-3 0  2222
2 52554  53.2181   3.9153 0001189  89.5372 151.4106 15.08825410    10
STARLINK-3949
1 52555C 22051Y   25222.13243056  .00241510  00000+0  79394-3 0  2225
2 52555  53.2123 264.5733 0008370 342.3518 197.8153 15.89479954    10
STARLINK-3763
1 52556C 22051Z   25222.11090278  .00046439  00000+0  10205-2 0  2228
2 52556  53.1879 295.7412 0002478  39.5436 130.6316 15.43379671    16
STARLINK-3943
1 52557C 22051AA  25222.12409722  .00009563  00000+0  59992-3 0  2222
2 52557  53.2178 358.8774 0001265  80.1094 157.4162 15.08812670    15
STARLINK-3953
1 52559C 22051AC  25222.12131944  .00004933  00000+0  30941-3 0  2221
2 52559  53.2177 349.0707 0001241  92.1952  65.1126 15.08823504    17
STARLINK-3956
1 52560C 22051AD  25222.12062500  .00006736  00000+0  42254-3 0  2227
2 52560  53.2171 348.8928 0001118  92.4558 141.1925 15.08819686    11
STARLINK-3955
1 52561C 22051AE  25222.11923611  .00009126  00000+0  57231-3 0  2223
2 52561  53.2169   3.8963 0000967  88.8506 234.6072 15.08828673    16
STARLINK-3957
1 52562C 22051AF  25222.12131944  .00010581  00000+0  66400-3 0  2220
2 52562  53.2172 348.8902 0001326  95.3627 182.0312 15.08799475    13
STARLINK-3942
1 52563C 22051AG  25222.12479167  .00000979  00000+0  61362-4 0  2226
2 52563  53.2172   3.8736 0001136  91.4568 242.2541 15.08845296    13
STARLINK-3959
1 52564C 22051AH  25222.12340278  .00007728  00000+0  48493-3 0  2225
2 52564  53.2169   3.8888 0001356  90.3988 270.6707 15.08805798    18
STARLINK-3911
1 52565C 22051AJ  25222.12201389  .00003443  00000+0  21593-3 0  2227
2 52565  53.2172 348.8870 0001176  94.9162 166.2200 15.08834445    19
STARLINK-3938
1 52566C 22051AK  25222.12409722  .00008760  00000+0  54951-3 0  2220
2 52566  53.2175   3.8787 0001245  81.3905  48.6396 15.08816488    16
STARLINK-3929
1 52567C 22051AL  25222.12548611  .00007620  00000+0  47796-3 0  2225
2 52567  53.2172 348.8733 0001231  82.4377 237.6332 15.08821174    15
STARLINK-3930
1 52568C 22051AM  25222.12201389  .00011907  00000+0  74708-3 0  2220
2 52568  53.2180 348.8863 0001153  77.5772 283.6380 15.08806180    10
STARLINK-3927
1 52569C 22051AN  25222.11229167  .00010299  00000+0  64618-3 0  2226
2 52569  53.2175 348.9313 0001186  82.9083 185.4501 15.08808991    13
STARLINK-3901
1 52574C 22051AQ  25222.12131944  .00009065  00000+0  56881-3 0  2220
2 52574  53.2179 348.8898 0001349  98.4370 238.9829 15.08806925    14
STARLINK-3920
1 52575C 22051AR  25222.10534722  .00417900  00000+0  14012-1 0  2229
2 52575  53.2183 346.6050 0000924  72.6484  16.1818 15.29944856    17
STARLINK-3932
1 52576C 22051AS  25222.12479167  .00010772  00000+0  67561-3 0  2228
2 52576  53.2186 348.8723 0001223  92.5990 358.4799 15.08822030    14
STARLINK-3836
1 52577C 22051AT  25222.12340278  .00011059  00000+0  69412-3 0  2225
2 52577  53.2179   3.8801 0001272  72.8006  93.5052 15.08792873    15
STARLINK-3833
1 52578C 22051AU  25222.12340278  .00008822  00000+0  55343-3 0  2228
2 52578  53.2176   3.8799 0001225  82.3705  63.8821 15.08815130    15
STARLINK-3893
1 52579C 22051AV  25222.12062500  .00002374  00000+0  14890-3 0  2226
2 52579  53.2173   3.8968 0001114  93.2660  97.8834 15.08833783    14
STARLINK-3919
1 52580C 22051AW  25222.10673611  .00008498  00000+0  53311-3 0  2221
2 52580  53.2174   3.9674 0001271  81.2788   9.1904 15.08812739    16
STARLINK-3915
1 52581C 22051AX  25222.12201389  .00011951  00000+0  74989-3 0  2225
2 52581  53.2186 348.8841 0000957  95.6619   5.5562 15.08803922    13
STARLINK-3895
1 52583C 22051AZ  25222.12270833  .00009945  00000+0  62355-3 0  2221
2 52583  53.2183 348.8814 0001087  86.5859  38.3292 15.08834532    17
STARLINK-3922
1 52584C 22051BA  25222.12479167  .00012259  00000+0  76924-3 0  2222
2 52584  53.2186 348.8722 0001257  98.0630 358.2444 15.08803504    11
STARLINK-3906
1 52585C 22051BB  25222.12409722 -.00003393  00000+0 -21279-3 0  2227
2 52585  53.2178 348.8378 0001334  94.1887  98.3678 15.08837161    14
STARLINK-3910
1 52586C 22051BC  25222.12548611  .00013990  00000+0  87785-3 0  2225
2 52586  53.2181 348.8693 0001293  95.6838  64.4012 15.08801579    15
STARLINK-3867
1 52587C 22051BD  25222.11923611  .00088136  00000+0  55306-2 0  2229
2 52587  53.2173 348.7549 0001152  90.7955 150.1559 15.08725460    19
STARLINK-3917
1 52588C 22051BE  25222.12340278  .00005826  00000+0  36549-3 0  2227
2 52588  53.2175 348.8824 0001242  96.2072 112.5618 15.08818210    14
STARLINK-4019
1 52598C 22052A   25222.11993056 -.00005439  00000+0 -34109-3 0  2228
2 52598  53.2158 153.8977 0001371  88.7930 253.5593 15.08840787    13
STARLINK-4024
1 52599C 22052B   25222.12270833 -.00002567  00000+0 -16098-3 0  2227
2 52599  53.2158 148.9908 0001379  87.1005 337.7754 15.08838396    14
STARLINK-4026
1 52600C 22052C   25222.11090278 -.00014924  00000+0 -93613-3 0  2220
2 52600  53.2163 148.9351 0001296  86.0100  34.8019 15.08843526    17
STARLINK-4027
1 52601C 22052D   25222.12201389 -.00002250  00000+0 -14111-3 0  2224
2 52601  53.2164 148.8845 0001538  80.7791  60.4049 15.08831321    10
STARLINK-4012
1 52602C 22052E   25222.12479167 -.00009563  00000+0 -59980-3 0  2223
2 52602  53.2165 148.8720 0001175  85.0184  91.2619 15.08839996    16
STARLINK-4016
1 52603C 22052F   25222.09979167 -.00011796  00000+0 -73982-3 0  2224
2 52603  53.2162 148.9959 0001366  87.7377  27.4609 15.08845433    17
STARLINK-4013
1 52604C 22052G   25222.12479167 -.00002511  00000+0 -15751-3 0  2229
2 52604  53.2161 148.8722 0001333  85.1976 131.0844 15.08828355    12
STARLINK-4000
1 52605C 22052H   25222.11854167 -.00003234  00000+0 -20280-3 0  2222
2 52605  53.2163 153.6787 0001200  88.5351  21.2207 15.08835358    11
STARLINK-3928
1 52606C 22052J   25222.12270833  .00002443  00000+0  15319-3 0  2222
2 52606  53.2163 148.8818 0001337  86.3277 138.6312 15.08829260    12
STARLINK-3947
1 52607C 22052K   25222.12270833 -.00002406  00000+0 -15095-3 0  2225
2 52607  53.2161 153.8925 0001305  85.0384 327.2217 15.08828852    12
STARLINK-3979
1 52608C 22052L   25222.12409722 -.00007796  00000+0 -48911-3 0  2227
2 52608  53.2161 148.8771 0001433  81.7561 190.7773 15.08825774    18
STARLINK-3997
1 52609C 22052M   25222.12131944 -.00003092  00000+0 -19396-3 0  2226
2 52609  53.2160 148.8436 0001290  84.0143 233.4331 15.08823704    15
STARLINK-3998
1 52610C 22052N   25222.11923611 -.00013246  00000+0 -83097-3 0  2228
2 52610  53.2163 153.9003 0001310  85.7207 292.8840 15.08836663    11
STARLINK-3980
1 52611C 22052P   25222.11854167 -.00007911  00000+0 -49615-3 0  2228
2 52611  53.2162 153.9009 0001351  87.7141 327.0878 15.08841355    17
STARLINK-4002
1 52612C 22052Q   25222.12131944 -.00000012  00000+0 -78382-6 0  2222
2 52612  53.2162 148.8912 0001273  87.3358 190.0694 15.08828736    15
STARLINK-3982
1 52614C 22052S   25222.12201389 -.00005679  00000+0 -35629-3 0  2223
2 52614  53.2164 138.8857 0001334  84.8089 271.4092 15.08823249    17
STARLINK-4011
1 52615C 22052T   25222.12340278  .00001340  00000+0  84052-4 0  2229
2 52615  53.2165 153.8782 0001260  88.5066  12.7180 15.08827366    15
STARLINK-4015
1 52616C 22052U   25222.12340278 -.00021267  00000+0 -13335-2 0  2226
2 52616  53.2163 138.8808 0001264  93.2900 310.3987 15.08863576    15
STARLINK-3996
1 52617C 22052V   25222.12479167  .00010521  00000+0  66020-3 0  2226
2 52617  53.2161 138.8753 0001273  87.0043   4.3361 15.08803668    14
STARLINK-3983
1 52618C 22052W   25222.11923611  .00005478  00000+0  34366-3 0  2227
2 52618  53.2161 138.8992 0001236  84.5279 316.5612 15.08819820    16
STARLINK-3741
1 52619C 22052X   25222.12062500 -.00002654  00000+0 -16649-3 0  2229
2 52619  53.2162 138.8855 0001319  95.0609 353.6014 15.08828402    16
STARLINK-3975
1 52620C 22052Y   25222.11923611 -.00007222  00000+0 -45290-3 0  2229
2 52620  53.2161 153.8978 0001264  82.9914  15.5746 15.08842756    17
STARLINK-3984
1 52621C 22052Z   25222.11993056 -.00006099  00000+0 -38253-3 0  2222
2 52621  53.2157 138.8983 0001310  90.1436  34.7162 15.08838726    11
STARLINK-4008
1 52622C 22052AA  25222.12479167 -.00002924  00000+0 -18342-3 0  2226
2 52622  53.2157 153.8764 0001425  83.6166 245.1668 15.08825111    13
STARLINK-3986
1 52623C 22052AB  25222.12409722 -.00008733  00000+0 -54776-3 0  2222
2 52623  53.2156 138.8793 0001407  82.1747  85.3291 15.08839812    16
STARLINK-3988
1 52625C 22052AD  25222.12062500  .00005154  00000+0  32335-3 0  2222
2 52625  53.2158 138.8950 0001399  81.3411  87.2989 15.08816709    19
STARLINK-3990
1 52626C 22052AE  25222.12201389 -.00000701  00000+0 -43948-4 0  2221
2 52626  53.2159 138.8891 0001362  88.8284  27.3715 15.08826458    19
STARLINK-3992
1 52627C 22052AF  25222.11854167 -.00004524  00000+0 -28381-3 0  2229
2 52627  53.2158 138.9007 0001370  81.9461 135.3814 15.08828730    14
STARLINK-4001
1 52628C 22052AG  25222.12062500 -.00000257  00000+0 -16148-4 0  2221
2 52628  53.2155 153.8943 0001454  88.5549 237.5627 15.08834433    14
STARLINK-4022
1 52629C 22052AH  25222.12340278 -.00011551  00000+0 -72451-3 0  2220
2 52629  53.2161 138.8418 0001260  88.1867 195.5742 15.08840620    12
STARLINK-3989
1 52630C 22052AJ  25222.12062500  .00000940  00000+0  58970-4 0  2220
2 52630  53.2158 138.8951 0001367  81.1537 107.5126 15.08815787    12
STARLINK-3794
1 52631C 22052AK  25222.12548611 -.00010672  00000+0 -66939-3 0  2221
2 52631  53.2160 138.8793 0001316  84.8054 205.0461 15.08839552    10
STARLINK-3995
1 52632C 22052AL  25222.11993056  .00003249  00000+0  20378-3 0  2225
2 52632  53.2156 138.8964 0001368  87.3373 117.5202 15.08830839    14
STARLINK-3994
1 52633C 22052AM  25222.11993056 -.00009064  00000+0 -56877-3 0  2222
2 52633  53.2163 138.8947 0001305  85.9732 238.9252 15.08823981    11
STARLINK-3974
1 52634C 22052AN  25222.11993056  .00007104  00000+0  44550-3 0  2229
2 52634  53.2159 138.9225 0001699  91.3726 153.4569 15.08828222    12
STARLINK-3978
1 52635C 22052AP  25222.11993056 -.00001789  00000+0 -11222-3 0  2225
2 52635  53.2158 128.8961 0001383  94.4768 325.3777 15.08831841    19
STARLINK-3967
1 52636C 22052AQ  25222.12409722  .00003112  00000+0  19524-3 0  2222
2 52636  53.2161 138.8788 0001365  89.4005 218.1011 15.08822149    11
STARLINK-3961
1 52637C 22052AR  25222.12131944 -.00017625  00000+0 -11055-2 0  2227
2 52637  53.2161 128.8913 0001263  81.4413   5.9723 15.08846022    11
STARLINK-3941
1 52638C 22052AS  25222.12548611 -.00000642  00000+0 -40272-4 0  2227
2 52638  53.2161 138.8697 0001292  87.4427 247.6181 15.08824508    13
STARLINK-3968
1 52639C 22052AT  25222.12479167 -.00013011  00000+0 -81584-3 0  2221
2 52639  53.2163 128.8752 0001157  90.0320  76.2044 15.08855134    12
STARLINK-3977
1 52640C 22052AU  25222.12131944  .00005456  00000+0  34223-3 0  2221
2 52640  53.2157 128.9173 0001281  85.7928 321.5916 15.08822596    18
STARLINK-3991
1 52641C 22052AV  25222.12479167  .00005741  00000+0  36011-3 0  2228
2 52641  53.2157 129.0759 0001255  86.0421 354.8995 15.08822792    18
STARLINK-3971
1 52642C 22052AW  25222.12548611  .00005692  00000+0  35703-3 0  2222
2 52642  53.2159 128.8725 0001302  85.2246  44.8268 15.08821227    11
STARLINK-3963
1 52643C 22052AX  25222.10673611 -.00003143  00000+0 -19716-3 0  2227
2 52643  53.2160 128.9287 0001374  81.3959  81.5648 15.08832905    10
STARLINK-3985
1 52644C 22052AY  25222.12340278 -.00001430  00000+0 -89671-4 0  2225
2 52644  53.2162 128.8812 0001277  85.4304  53.2934 15.08832716    11
STARLINK-3973
1 52645C 22052AZ  25222.11576389  .00000904  00000+0  56741-4 0  2224
2 52645  53.2164 129.0225 0001322  77.9806  79.2102 15.08814833    14
STARLINK-3832
1 52646C 22052BA  25222.12409722 -.00005886  00000+0 -36932-3 0  2227
2 52646  53.2161 128.9172 0001383  95.9805  86.5400 15.08823646    11
STARLINK-3846
1 52647C 22052BB  25222.10812500 -.00002582  00000+0 -16191-3 0  2223
2 52647  53.2161 129.0566 0001476  89.7840  65.8367 15.08834900    11
STARLINK-3854
1 52648C 22052BC  25222.12548611 -.00007999  00000+0 -50173-3 0  2220
2 52648  53.2160 128.8717 0001378  80.3857 149.6798 15.08834609    17
STARLINK-3868
1 52649C 22052BD  25222.11784722 -.00011292  00000+0 -70831-3 0  2229
2 52649  53.2154 128.7575 0001361  84.4846 244.1544 15.08839774    15
STARLINK-3891
1 52650C 22052BE  25222.11923611  .00002878  00000+0  18055-3 0  2221
2 52650  53.2152 119.0038 0001243  80.6129  70.4386 15.08817607    18
STARLINK-4004
1 52656C 22053A   25222.12270833  .00005688  00000+0  35675-3 0  2229
2 52656  53.2171  23.8927 0001331  90.5103 276.7504 15.08826675    12
STARLINK-4084
1 52657C 22053B   25222.10187500  .00005104  00000+0  32022-3 0  2222
2 52657  53.2165  24.2937 0001245  83.7583 330.0931 15.08817782    19
STARLINK-4082
1 52658C 22053C   25222.12062500  .00006982  00000+0  43800-3 0  2228
2 52658  53.2172  23.8945 0001300  91.6848 249.4765 15.08814794    14
STARLINK-3960
1 52659C 22053D   25222.12131944  .00008203  00000+0  51447-3 0  2222
2 52659  53.2169  23.8396 0001338  80.1262 284.8140 15.08824490    19
STARLINK-4081
1 52660C 22053E   25222.11020833  .00009762  00000+0  61206-3 0  2222
2 52660  53.2169  23.9379 0001394  86.2491 238.2553 15.08832878    16
STARLINK-4042
1 52661C 22053F   25222.12409722  .00006284  00000+0  39417-3 0  2227
2 52661  53.2165  23.8749 0001301  94.0906 325.9398 15.08822286    12
STARLINK-4044
1 52662C 22053G   25222.12201389  .00007531  00000+0  47247-3 0  2223
2 52662  53.2162  23.8839 0001278  94.9199 353.7869 15.08814858    14
STARLINK-4037
1 52663C 22053H   25222.12479167  .00008070  00000+0  50605-3 0  2226
2 52663  53.2161  23.8744 0001080 101.4696  22.1810 15.08829006    10
STARLINK-4070
1 52664C 22053J   25222.12270833  .00038807  00000+0  24346-2 0  2229
2 52664  53.2166  23.8809 0001206  86.1827 346.2045 15.08782672    10
STARLINK-4064
1 52665C 22053K   25222.11923611  .00006788  00000+0  42575-3 0  2226
2 52665  53.2165  23.8975 0001259  86.9589  66.6373 15.08821796    13
STARLINK-4079
1 52666C 22053L   25222.12131944  .00006834  00000+0  42863-3 0  2220
2 52666  53.2172  23.5066 0001259  90.8540 234.3097 15.08825730    10
STARLINK-4076
1 52667C 22053M   25222.12548611  .00004761  00000+0  29848-3 0  2229
2 52667  53.2168  23.8707 0001469  81.9758 125.5233 15.08839115    11
STARLINK-4067
1 52668C 22053N   25222.10604167  .00018522  00000+0  11622-2 0  2227
2 52668  53.2163  23.9571 0001959 111.4719 310.3331 15.08794083    14
STARLINK-3972
1 52669C 22053P   25222.12548611  .00007572  00000+0  47493-3 0  2220
2 52669  53.2172  23.8701 0001279  82.3072 185.2574 15.08820089    16
STARLINK-4075
1 52670C 22053Q   25222.12131944  .00007914  00000+0  49639-3 0  2223
2 52670  53.2167  23.9577 0001201  82.1397  42.7377 15.08821652    12
STARLINK-4071
1 52671C 22053R   25222.12479167  .00005219  00000+0  32733-3 0  2229
2 52671  53.2175  23.8750 0001343  91.1456 192.6472 15.08828219    14
STARLINK-4073
1 52672C 22053S   25222.12548611  .00005393  00000+0  33826-3 0  2228
2 52672  53.2169  23.8708 0000836  98.4459 129.1196 15.08825720    12
STARLINK-3976
1 52673C 22053T   25222.12062500  .00006637  00000+0  41640-3 0  2222
2 52673  53.2173  23.8953 0001269  90.2144 210.9507 15.08813335    16
STARLINK-3936
1 52674C 22053U   25222.12479167  .00006964  00000+0  43677-3 0  2229
2 52674  53.2171  23.8736 0001174  86.0870 157.6845 15.08825725    16
STARLINK-3934
1 52675C 22053V   25222.12201389  .00005319  00000+0  33351-3 0  2220
2 52675  53.2171  13.8872 0001166  85.6348 238.0058 15.08835081    19
STARLINK-4006
1 52676C 22053W   25222.11923611  .00006273  00000+0  39339-3 0  2221
2 52676  53.2173  23.8988 0001121  84.0728 189.5081 15.08829850    10
STARLINK-4028
1 52677C 22053X   25222.13243056  .07462900  00000+0  15537-2 0  2225
2 52677  53.2071 334.4370 0016704 309.6103 182.3455 16.29714702    19
STARLINK-4074
1 52678C 22053Y   25222.12409722  .00008092  00000+0  50764-3 0  2222
2 52678  53.2168  13.9830 0001249  79.0852 195.8765 15.08813451    14
STARLINK-4031
1 52679C 22053Z   25222.11923611  .00006458  00000+0  40505-3 0  2226
2 52679  53.2176  13.9020 0001343  95.4297 313.1599 15.08825963    16
STARLINK-3774
1 52680C 22053AA  25222.12062500  .00008873  00000+0  55659-3 0  2229
2 52680  53.2179  13.6625 0001284  94.4228   1.8926 15.08816705    15
STARLINK-4068
1 52681C 22053AB  25222.11854167  .00007913  00000+0  49648-3 0  2222
2 52681  53.2174  13.9051 0001306  96.3633 328.4812 15.08810328    10
STARLINK-4017
1 52682C 22053AC  25222.11854167  .00007408  00000+0  46466-3 0  2227
2 52682  53.2177  13.9030 0001221  86.6236 278.1904 15.08823162    11
STARLINK-4014
1 52684C 22053AE  25222.11923611  .00007874  00000+0  49405-3 0  2223
2 52684  53.2178  13.9000 0001255  79.6881 308.9345 15.08810414    13
STARLINK-4029
1 52685C 22053AF  25222.12409722  .00004939  00000+0  30979-3 0  2222
2 52685  53.2175  13.8748 0001239  91.0095  84.0064 15.08828012    19
STARLINK-4005
1 52686C 22053AG  25222.11923611  .00002948  00000+0  18480-3 0  2221
2 52686  53.2171  14.1800 0001164 100.4757 202.6401 15.08849467    16
STARLINK-3981
1 52687C 22053AH  25222.12409722  .00009406  00000+0  59019-3 0  2224
2 52687  53.2168  13.8760 0001311  73.9738 121.0635 15.08807297    19
STARLINK-4032
1 52688C 22053AJ  25222.12062500  .00009149  00000+0  57389-3 0  2226
2 52688  53.2168  13.7741 0001358  84.0739 112.1433 15.08818159    19
STARLINK-4078
1 52689C 22053AK  25222.13104167  .00028734  00000+0  92480-3 0  2226
2 52689  53.2217   1.1532 0001191 340.8448  23.0500 15.31647899    11
STARLINK-4035
1 52690C 22053AL  25222.11993056  .00005257  00000+0  32960-3 0  2221
2 52690  53.2177  13.8939 0001578  82.6691  49.6642 15.08836558    16
STARLINK-3993
1 52692C 22053AN  25222.12131944  .00008624  00000+0  54079-3 0  2220
2 52692  53.2173  13.6204 0001259  86.4220 253.6591 15.08827778    17
STARLINK-3946
1 52693C 22053AP  25222.12062500  .00006487  00000+0  40702-3 0  2225
2 52693  53.2169  13.8934 0001218  80.7899 215.3778 15.08812735    18
STARLINK-4072
1 52694C 22053AQ  25222.12479167  .00007131  00000+0  44730-3 0  2229
2 52694  53.2168  13.8733 0001301  80.9662 157.8280 15.08818688    19
STARLINK-4041
1 52695C 22053AR  25222.12201389  .00009104  00000+0  57110-3 0  2227
2 52695  53.2178  18.6848 0001306  95.5212 280.8240 15.08814679    18
STARLINK-4018
1 52697C 22053AT  25222.11854167  .00006682  00000+0  41906-3 0  2220
2 52697  53.2168  18.9026 0001227  85.3915 126.7134 15.08824979    13
STARLINK-4030
1 52698C 22053AU  25222.12340278  .00007360  00000+0  46163-3 0  2229
2 52698  53.2162  18.8669 0001234  81.5889 102.1557 15.08823149    11
STARLINK-3987
1 52699C 22053AV  25222.12548611  .00006487  00000+0  40694-3 0  2223
2 52699  53.2169   8.8982 0000976  94.5420 215.5103 15.08820314    10
STARLINK-4034
1 52700C 22053AW  25222.12131944  .00006425  00000+0  40293-3 0  2220
2 52700  53.2178  18.5307 0001313  91.3324 301.3029 15.08828538    13
STARLINK-4033
1 52702C 22053AY  25222.12270833  .00006857  00000+0  43018-3 0  2220
2 52702  53.2167  18.9113 0001213  83.2087 156.7566 15.08815482    19
STARLINK-4020
1 52703C 22053AZ  25222.12479167  .00008187  00000+0  51352-3 0  2220
2 52703  53.2171   3.8880 0001273  84.4947  29.2607 15.08822977    10
STARLINK-3999
1 52704C 22053BA  25222.11923611  .00008640  00000+0  54210-3 0  2228
2 52704  53.2169   3.8988 0001221  77.3290 286.2875 15.08810351    17
STARLINK-3844
1 52705C 22053BB  25222.12062500  .00007102  00000+0  44551-3 0  2220
2 52705  53.2171   3.8938 0001205  81.5576 349.5901 15.08818818    11
STARLINK-3970
1 52706C 22053BC  25222.12201389  .00009256  00000+0  58043-3 0  2224
2 52706  53.2169   3.8874 0001336  85.4607 333.2163 15.08828115    12
STARLINK-4007
1 52707C 22053BD  25222.12409722  .00007844  00000+0  49202-3 0  2224
2 52707  53.2173   3.7647 0001194  95.7170  94.3944 15.08818505    10
STARLINK-3962
1 52708C 22053BE  25222.11993056  .00003684  00000+0  23100-3 0  2229
2 52708  53.2179   3.8833 0001320  88.8546 198.4999 15.08832494    15
STARLINK-4091
1 52830C 22062A   25222.12201389  .00000258  00000+0  16190-4 0  2223
2 52830  53.2151 264.0805 0001202  88.4764 140.0827 15.08834325    16
STARLINK-4089
1 52831C 22062B   25222.11923611  .00001470  00000+0  92187-4 0  2229
2 52831  53.2154 263.8996 0001159  80.6531 172.9287 15.08837189    10
STARLINK-4083
1 52832C 22062C   25222.11923611 -.00020801  00000+0 -13038-2 0  2227
2 52832  53.2154 263.8994 0001146  92.2132 181.3529 15.08876108    18
STARLINK-4086
1 52833C 22062D   25222.12479167  .00002293  00000+0  14379-3 0  2224
2 52833  53.2154 263.8743 0001240  84.0778 239.7024 15.08830138    12
STARLINK-4108
1 52834C 22062E   25222.12479167 -.00001072  00000+0 -67232-4 0  2228
2 52834  53.2150 263.8745 0001155  86.8416 276.9244 15.08839843    14
STARLINK-4080
1 52835C 22062F   25222.12479167  .00001494  00000+0  93707-4 0  2221
2 52835  53.2150 263.8752 0001357  84.0219 299.6693 15.08831243    14
STARLINK-4043
1 52836C 22062G   25222.12340278  .00000597  00000+0  37430-4 0  2226
2 52836  53.2150 264.2003 0001130  91.7912 139.0246 15.08831335    16
STARLINK-4036
1 52837C 22062H   25222.12270833  .00001283  00000+0  80446-4 0  2224
2 52837  53.2143 263.8848 0001233  86.5418 345.9043 15.08837471    18
STARLINK-4092
1 52838C 22062J   25222.11993056  .00000073  00000+0  45669-5 0  2228
2 52838  53.2144 263.8866 0001123  85.6553 311.7013 15.08838309    17
STARLINK-4048
1 52839C 22062K   25222.12270833 -.00012950  00000+0 -81197-3 0  2224
2 52839  53.2146 263.8863 0001223  84.5371  27.8929 15.08856942    18
STARLINK-4049
1 52840C 22062L   25222.12201389 -.00020666  00000+0 -12957-2 0  2226
2 52840  53.2148 264.0032 0001219  83.3183 305.2699 15.08864887    10
STARLINK-4065
1 52841C 22062M   25222.11854167 -.00000011  00000+0 -67428-6 0  2223
2 52841  53.2148 263.9046 0001236  92.8046  56.9959 15.08832436    10
STARLINK-4046
1 52842C 22062N   25222.12479167  .00001151  00000+0  72207-4 0  2221
2 52842  53.2143 263.7990 0001111  88.2245  15.5940 15.08831163    11
STARLINK-4188
1 52843C 22062P   25222.12479167 -.00016534  00000+0 -10367-2 0  2222
2 52843  53.2149 263.8760 0001033  79.4760 144.2951 15.08858024    18
STARLINK-4208
1 52844C 22062Q   25222.11993056  .00000387  00000+0  24297-4 0  2226
2 52844  53.2146 263.8987 0001230  92.1380  25.2228 15.08831090    15
STARLINK-4168
1 52845C 22062R   25222.12131944 -.00013311  00000+0 -83467-3 0  2224
2 52845  53.2148 263.9589 0001200  90.2675  94.5917 15.08853449    16
STARLINK-4212
1 52846C 22062S   25222.12062500 -.00004574  00000+0 -28680-3 0  2223
2 52846  53.2148 263.9050 0001095  77.5131  98.3998 15.08845137    13
STARLINK-4206
1 52847C 22062T   25222.12409722  .00000764  00000+0  47899-4 0  2224
2 52847  53.2151 263.8786 0001257  78.9453 181.0462 15.08833985    19
STARLINK-4202
1 52848C 22062U   25222.12131944  .00000030  00000+0  18956-5 0  2222
2 52848  53.2144 263.8925 0001131  91.7271  53.1717 15.08829591    19
STARLINK-4197
1 52849C 22062V   25222.12131944 -.00000833  00000+0 -52228-4 0  2225
2 52849  53.2139 253.8921 0001181  86.6698 193.1967 15.08844365    18
STARLINK-4187
1 52850C 22062W   25222.12131944  .00001933  00000+0  12126-3 0  2229
2 52850  53.2145 264.2479 0001032  82.0610 317.4084 15.08830018    11
STARLINK-3809
1 52851C 22062X   25222.12131944 -.00001425  00000+0 -89389-4 0  2224
2 52851  53.2143 253.8919 0000845  74.6396 225.2247 15.08832439    18
STARLINK-4184
1 52852C 22062Y   25222.11854167 -.00000286  00000+0 -17922-4 0  2221
2 52852  53.2140 253.9045 0001112  86.1306 158.6734 15.08835924    16
STARLINK-4189
1 52853C 22062Z   25222.11854167 -.00006553  00000+0 -41089-3 0  2225
2 52853  53.2146 253.8747 0001178  85.9521 253.6598 15.08847684    19
STARLINK-4204
1 52854C 22062AA  25222.11993056 -.00015491  00000+0 -97135-3 0  2221
2 52854  53.2144 253.8977 0001232  87.5688 224.7854 15.08855464    15
STARLINK-4209
1 52855C 22062AB  25222.12201389 -.00001457  00000+0 -91365-4 0  2221
2 52855  53.2148 253.8876 0000920  80.8926 302.7785 15.08833940    17
STARLINK-4201
1 52856C 22062AC  25222.12340278 -.00006034  00000+0 -37833-3 0  2228
2 52856  53.2145 253.9304 0001167  87.2272 258.7573 15.08846088    13
STARLINK-4199
1 52857C 22062AD  25222.12201389 -.00012539  00000+0 -78602-3 0  2224
2 52857  53.2146 253.8860 0001355  79.7290 343.8820 15.08863924    15
STARLINK-4198
1 52858C 22062AE  25222.12409722 -.00002439  00000+0 -15292-3 0  2220
2 52858  53.2149 253.9074 0000740  93.9241 280.9897 15.08839659    11
STARLINK-4196
1 52859C 22062AF  25222.12409722 -.00001471  00000+0 -92251-4 0  2227
2 52859  53.2149 253.8763 0001105  80.4767  14.5065 15.08839702    13
STARLINK-4191
1 52860C 22062AG  25222.11854167 -.00001245  00000+0 -78042-4 0  2226
2 52860  53.2152 253.9027 0001277  86.2363 298.5741 15.08837449    10
STARLINK-4112
1 52861C 22062AH  25222.10326389 -.00014247  00000+0 -89335-3 0  2228
2 52861  53.2142 253.9819 0001255  80.4995 356.0686 15.08854518    16
STARLINK-4010
1 52862C 22062AJ  25222.11854167 -.00001291  00000+0 -80986-4 0  2229
2 52862  53.2150 253.9025 0001259  82.3343   2.4641 15.08838353    19
STARLINK-4270
1 52863C 22062AK  25222.12409722 -.00008515  00000+0 -53394-3 0  2222
2 52863  53.2144 253.8775 0001287  83.5465  71.4428 15.08849086    17
STARLINK-4267
1 52864C 22062AL  25222.12270833  .00000736  00000+0  46159-4 0  2229
2 52864  53.2148 253.8841 0001245  78.3334  49.1195 15.08834792    18
STARLINK-4274
1 52865C 22062AM  25222.11159722 -.00010638  00000+0 -66705-3 0  2224
2 52865  53.2143 253.9350 0001281  87.3053  59.7603 15.08849752    11
STARLINK-4272
1 52866C 22062AN  25222.12340278 -.00017537  00000+0 -10996-2 0  2229
2 52866  53.2145 253.8819 0001250  80.7956  90.4263 15.08858300    11
STARLINK-4126
1 52867C 22062AP  25222.12479167 -.00000277  00000+0 -17384-4 0  2223
2 52867  53.2141 253.8765 0001196  79.5811 179.0879 15.08852894    12
STARLINK-4261
1 52868C 22062AQ  25222.12409722 -.00008369  00000+0 -52479-3 0  2227
2 52868  53.2143 253.9076 0001203  83.8024 111.1682 15.08848854    14
STARLINK-4266
1 52869C 22062AR  25222.12270833 -.00000010  00000+0 -64143-6 0  2226
2 52869  53.2146 243.8846 0001088  76.7844 205.5544 15.08849841    15
STARLINK-4195
1 52870C 22062AS  25222.12131944  .00000598  00000+0  37498-4 0  2227
2 52870  53.2143 253.8919 0001178  87.2897 132.6123 15.08836057    19
STARLINK-4207
1 52871C 22062AT  25222.11993056 -.00007071  00000+0 -44341-3 0  2226
2 52871  53.2141 243.8981 0001279  83.9096 243.4366 15.08846685    10
STARLINK-4213
1 52872C 22062AU  25222.10465278 -.00011040  00000+0 -69200-3 0  2228
2 52872  53.2143 243.9380 0001215  79.7746 139.2765 15.08866531    19
STARLINK-4211
1 52873C 22062AV  25222.11993056  .00003586  00000+0  22500-3 0  2226
2 52873  53.2137 243.8976 0001461  94.8230 272.4971 15.08815903    18
STARLINK-4210
1 52874C 22062AW  25222.12340278  .00438960  00000+0  91092-2 0  2229
2 52874  53.2168 237.9839 0001467  70.8227  47.1377 15.44679474    19
STARLINK-4193
1 52875C 22062AX  25222.12131944 -.00008778  00000+0 -55048-3 0  2222
2 52875  53.2139 243.8913 0001000  81.6612 313.2426 15.08845951    15
STARLINK-4200
1 52876C 22062AY  25222.12409722 -.00001135  00000+0 -71179-4 0  2229
2 52876  53.2139 243.8793 0001211  81.2411 288.7466 15.08838177    11
STARLINK-4214
1 52877C 22062AZ  25222.12131944 -.00006526  00000+0 -40925-3 0  2221
2 52877  53.2144 243.8971 0001204  86.4716  88.4237 15.08845167    11
STARLINK-4171
1 52878C 22062BA  25222.12201389 -.00012096  00000+0 -75846-3 0  2222
2 52878  53.2138 243.8881 0001157  79.4015 339.2666 15.08851838    11
STARLINK-4139
1 52879C 22062BB  25222.12340278 -.00016896  00000+0 -10594-2 0  2224
2 52879  53.2148 243.8806 0001253  83.6865 162.5348 15.08857514    18
STARLINK-4186
1 52880C 22062BC  25222.11715278 -.00005202  00000+0 -32620-3 0  2225
2 52880  53.2146 243.9073 0001268  82.0505 110.2134 15.08842355    15
STARLINK-4181
1 52882C 22062BE  25222.11923611 -.00015568  00000+0 -97629-3 0  2225
2 52882  53.2142 243.4758 0001196  84.8917  18.9788 15.08852485    19
STARLINK-4260
1 52986C 22076A   25222.12479167  .00005314  00000+0  33324-3 0  2226
2 52986  53.2169 323.8756 0001167  91.2504 182.5300 15.08828156    12
STARLINK-4259
1 52987C 22076B   25222.11923611  .00015211  00000+0  95421-3 0  2227
2 52987  53.2177 333.9005 0001274  93.2113 295.3765 15.08809491    17
STARLINK-4291
1 52988C 22076C   25222.12201389 -.00000317  00000+0 -19858-4 0  2224
2 52988  53.2171 323.8878 0000982  96.2431 182.4722 15.08826758    13
STARLINK-4293
1 52989C 22076D   25222.12062500  .00013898  00000+0  87192-3 0  2226
2 52989  53.2175 333.8946 0001257  90.3729 325.7557 15.08808869    17
STARLINK-4286
1 52990C 22076E   25222.11854167  .00006013  00000+0  37716-3 0  2223
2 52990  53.2175 333.9033 0001232  92.7695 332.0570 15.08821071    14
STARLINK-4285
1 52991C 22076F   25222.12131944  .00014172  00000+0  88907-3 0  2229
2 52991  53.2173 333.8909 0001259  95.9493   3.9528 15.08809746    16
STARLINK-4269
1 52992C 22076G   25222.09979167  .00008401  00000+0  52702-3 0  2225
2 52992  53.2173 333.9973 0001216  96.6522 261.0651 15.08816644    12
STARLINK-4264
1 52993C 22076H   25222.12548611  .00009331  00000+0  58530-3 0  2224
2 52993  53.2169 323.8720 0001162  93.2861 224.2657 15.08818425    11
STARLINK-4256
1 52994C 22076J   25222.12409722  .00012645  00000+0  79329-3 0  2225
2 52994  53.2168 323.8785 0000930  70.4530 259.5613 15.08809746    13
STARLINK-4296
1 52995C 22076K   25222.12270833 -.00002993  00000+0 -18771-3 0  2226
2 52995  53.2177 323.8837 0001183  96.2296 266.2448 15.08837709    19
STARLINK-4295
1 52996C 22076L   25222.12201389  .00008918  00000+0  55933-3 0  2229
2 52996  53.2174 324.1681 0001211  87.4118 105.8876 15.08822818    13
STARLINK-4254
1 52998C 22076N   25222.12201389  .00013914  00000+0  87311-3 0  2228
2 52998  53.2178 323.7979 0001221 101.0411 317.7276 15.08798616    10
STARLINK-4217
1 52999C 22076P   25222.12270833  .00009426  00000+0  59114-3 0  2222
2 52999  53.2182 323.8839 0001040  85.8566  16.5866 15.08825953    15
STARLINK-4194
1 53000C 22076Q   25222.12201389  .00013794  00000+0  86552-3 0  2225
2 53000  53.2178 323.8860 0001100  74.3498 304.3716 15.08802158    16
STARLINK-4190
1 53001C 22076R   25222.11854167  .00012889  00000+0  80870-3 0  2224
2 53001  53.2178 323.9032 0001343  80.7523  19.0845 15.08805948    11
STARLINK-4121
1 53002C 22076S   25222.11923611  .00014714  00000+0  92319-3 0  2226
2 53002  53.2179 323.8979 0001237 100.9705 282.6390 15.08803807    16
STARLINK-4255
1 53003C 22076T   25222.12270833  .00014124  00000+0  88614-3 0  2227
2 53003  53.2178 323.8852 0001435  77.1348  85.3299 15.08804541    16
STARLINK-4253
1 53004C 22076U   25222.11229167 -.00000665  00000+0 -41678-4 0  2228
2 53004  53.2181 323.9301 0001229  92.9139 292.9252 15.08837417    18
STARLINK-4288
1 53005C 22076V   25222.11993056  .00008911  00000+0  55900-3 0  2226
2 53005  53.2177 323.8979 0001328  93.6458  73.7321 15.08817477    12
STARLINK-4290
1 53006C 22076W   25222.11923611  .00009268  00000+0  58137-3 0  2228
2 53006  53.2178 323.9004 0001293  95.4244  28.1760 15.08818051    18
STARLINK-4215
1 53007C 22076X   25222.12409722  .00015836  00000+0  99343-3 0  2224
2 53007  53.2171 323.8796 0001222  93.3139 136.7090 15.08808018    15
STARLINK-4275
1 53008C 22076Y   25222.12479167 -.00001138  00000+0 -71381-4 0  2220
2 53008  53.2175 323.8662 0001333  91.2293 122.5799 15.08830609    13
STARLINK-4277
1 53009C 22076Z   25222.12201389  .00009745  00000+0  61121-3 0  2220
2 53009  53.2176 313.8885 0001325  93.2714 200.4104 15.08820108    11
STARLINK-4263
1 53010C 22076AA  25222.11923611 -.00009160  00000+0 -57422-3 0  2222
2 53010  53.2173 323.6293 0001141 109.8701 213.8447 15.08859246    11
STARLINK-4265
1 53011C 22076AB  25222.12479167  .00012446  00000+0  78059-3 0  2224
2 53011  53.2173 313.8764 0001318  89.6666 239.0989 15.08818650    12
STARLINK-4271
1 53012C 22076AC  25222.12479167  .00004576  00000+0  28701-3 0  2229
2 53012  53.2169 323.8760 0001293  74.9942 178.7989 15.08827243    18
STARLINK-4177
1 53013C 22076AD  25222.11784722 -.00002192  00000+0 -13747-3 0  2223
2 53013  53.2169 313.9078 0001391  79.8973 251.1297 15.08842232    11
STARLINK-4183
1 53014C 22076AE  25222.12131944  .00014062  00000+0  88225-3 0  2227
2 53014  53.2175 313.8917 0001185  88.9391 180.9924 15.08804575    10
STARLINK-4262
1 53015C 22076AF  25222.12340278  .00013543  00000+0  84957-3 0  2221
2 53015  53.2164 313.8825 0001238  91.8842 309.3593 15.08810006    15
STARLINK-4283
1 53016C 22076AG  25222.11020833  .00000309  00000+0  19365-4 0  2221
2 53016  53.2173 313.9420 0001161  93.6873 175.8659 15.08827413    16
STARLINK-4281
1 53017C 22076AH  25222.11993056  .00013887  00000+0  87134-3 0  2221
2 53017  53.2164 313.8977 0001191  99.4641 302.9296 15.08804280    10
STARLINK-4279
1 53018C 22076AJ  25222.12340278  .00000674  00000+0  42281-4 0  2220
2 53018  53.2176 314.1401 0001247  93.1892 127.8769 15.08834449    10
STARLINK-4282
1 53019C 22076AK  25222.11784722 -.00015577  00000+0 -97682-3 0  2220
2 53019  53.2169 313.9063 0001251  87.6822 343.3524 15.08853594    16
STARLINK-4287
1 53020C 22076AL  25222.11923611  .00000029  00000+0  18365-5 0  2221
2 53020  53.2169 313.9009 0001229  99.8438 258.7887 15.08824627    17
STARLINK-4216
1 53022C 22076AN  25222.11854167  .00012042  00000+0  75551-3 0  2228
2 53022  53.2165 313.9037 0001182  98.3838 316.4431 15.08808951    11
STARLINK-4284
1 53023C 22076AP  25222.12409722  .00002989  00000+0  18748-3 0  2227
2 53023  53.2173 313.8669 0001125  99.3277  85.6967 15.08828516    14
STARLINK-4289
1 53024C 22076AQ  25222.12131944  .00012127  00000+0  76073-3 0  2226
2 53024  53.2171 313.8890 0001207  99.3933  50.5227 15.08813271    11
STARLINK-4218
1 53025C 22076AR  25222.11993056 -.00003786  00000+0 -23740-3 0  2222
2 53025  53.2173 313.8951 0001204  93.3901  88.9622 15.08841939    14
STARLINK-4119
1 53026C 22076AS  25222.12479167 -.00010743  00000+0 -67368-3 0  2221
2 53026  53.2173 313.7681 0001149  94.2515  89.4056 15.08849663    12
STARLINK-4158
1 53027C 22076AT  25222.12201389  .00014649  00000+0  91904-3 0  2221
2 53027  53.2176 313.8876 0001065  95.7898 157.9155 15.08806036    18
STARLINK-4143
1 53029C 22076AV  25222.11923611  .00005028  00000+0  31532-3 0  2223
2 53029  53.2168 303.9001 0001190  81.2141 232.3881 15.08827169    15
STARLINK-4160
1 53030C 22076AW  25222.11854167 -.00009350  00000+0 -58643-3 0  2220
2 53030  53.2169 314.0949 0001241  92.8430   1.8623 15.08841546    16
STARLINK-4137
1 53031C 22076AX  25222.12201389  .00011038  00000+0  69239-3 0  2221
2 53031  53.2171 303.8879 0001275  96.2921 292.3964 15.08814598    10
STARLINK-4115
1 53032C 22076AY  25222.11923611  .00010595  00000+0  66456-3 0  2225
2 53032  53.2176 313.8999 0001255  96.5219 122.0722 15.08817788    16
STARLINK-4167
1 53033C 22076AZ  25222.12131944  .00009756  00000+0  61191-3 0  2225
2 53033  53.2171 303.8912 0001313  90.4749 274.4337 15.08820693    15
STARLINK-4151
1 53034C 22076BA  25222.11923611  .00009961  00000+0  62491-3 0  2227
2 53034  53.2168 303.9498 0001122  96.7988 211.5636 15.08811843    15
STARLINK-4157
1 53035C 22076BB  25222.12409722  .00011530  00000+0  72326-3 0  2224
2 53035  53.2172 303.8796 0001031  84.1766 335.8259 15.08816650    17
STARLINK-4155
1 53036C 22076BC  25222.12062500  .00010887  00000+0  68285-3 0  2227
2 53036  53.2171 303.8949 0001037  88.9284 332.2082 15.08819428    11
STARLINK-4153
1 53037C 22076BD  25222.12131944  .00011032  00000+0  69188-3 0  2223
2 53037  53.2170 303.8922 0001186  86.3930 358.5009 15.08821631    16
STARLINK-4156
1 53038C 22076BE  25222.12479167  .00013387  00000+0  83985-3 0  2222
2 53038  53.2167 303.8766 0001296  93.3011  30.5009 15.08808471    13
STARLINK-4362
1 53043C 22077A   25222.12201389 -.00007171  00000+0 -55936-3 0  2229
2 53043  97.6557  42.9543 0001881 148.2584  34.5682 15.01267288    12
STARLINK-4349
1 53044C 22077B   25222.11854167 -.00004935  00000+0 -38497-3 0  2225
2 53044  97.6561  42.9488 0000541 160.3873  23.5810 15.01267745    13
STARLINK-4350
1 53045C 22077C   25222.12409722 -.00023454  00000+0 -18295-2 0  2220
2 53045  97.6551  42.9430 0001423 106.0801  77.9997 15.01285239    15
STARLINK-4331
1 53046C 22077D   25222.10256944 -.00005008  00000+0 -39066-3 0  2220
2 53046  97.6557  42.9221 0001571 112.7040 323.7804 15.01262232    10
STARLINK-4352
1 53047C 22077E   25222.11923611 -.00020448  00000+0 -15950-2 0  2224
2 53047  97.6570  42.9760 0002984 119.7569 156.7759 15.01280902    13
STARLINK-4355
1 53048C 22077F   25222.12270833 -.00009317  00000+0 -72678-3 0  2220
2 53048  97.6563  42.9516 0001852 158.4643  66.7930 15.01269445    11
STARLINK-4345
1 53049C 22077G   25222.12131944 -.00005105  00000+0 -39840-3 0  2225
2 53049  97.6568  42.9533 0002777 153.0376 106.0895 15.01247577    17
STARLINK-4343
1 53050C 22077H   25222.12270833 -.00007337  00000+0 -57231-3 0  2221
2 53050  97.6565  42.9510 0002232 170.3245  66.2583 15.01266543    19
STARLINK-4336
1 53051C 22077J   25222.12062500  .00007497  00000+0  58511-3 0  2229
2 53051  97.6564  42.9324 0001522 146.9207  68.3746 15.01233099    14
STARLINK-4341
1 53052C 22077K   25222.11854167 -.00006966  00000+0 -54342-3 0  2227
2 53052  97.6566  42.9463 0002138 168.7312  55.3479 15.01266025    18
STARLINK-4337
1 53053C 22077L   25222.11784722 -.00011551  00000+0 -90104-3 0  2229
2 53053  97.6569  42.9450 0002807 126.7226 133.6069 15.01271571    16
STARLINK-4339
1 53054C 22077M   25222.09354167  .00002756  00000+0  21511-3 0  2224
2 53054  97.6567  42.9213 0002704 151.9445 307.2086 15.01229452    10
STARLINK-4338
1 53055C 22077N   25222.12062500 -.00004348  00000+0 -33922-3 0  2226
2 53055  97.6570  42.9482 0001926 105.6055 179.7407 15.01257733    13
STARLINK-4314
1 53056C 22077P   25222.12131944 -.00021853  00000+0 -17045-2 0  2223
2 53056  97.6568  42.9483 0003081 133.5414 135.5451 15.01283399    11
STARLINK-4252
1 53057C 22077Q   25222.12409722 -.00008417  00000+0 -65661-3 0  2225
2 53057  97.6585  42.9545 0002144  80.2622 243.8268 15.01268057    11
STARLINK-4317
1 53058C 22077R   25222.09840278 -.00122130  00000+0 -95188-2 0  2222
2 53058  97.6562  42.8942 0002493 140.4852 303.4438 15.01414743    15
STARLINK-4320
1 53059C 22077S   25222.12270833 -.00006418  00000+0 -50069-3 0  2221
2 53059  97.6594  42.9580 0001688  90.2151 245.0558 15.01264650    13
STARLINK-4305
1 53060C 22077T   25222.12479167 -.00021594  00000+0 -16844-2 0  2228
2 53060  97.6570  42.9532 0002201  86.2466 231.6055 15.01282435    16
STARLINK-4308
1 53061C 22077U   25222.12131944 -.00003829  00000+0 -29866-3 0  2227
2 53061  97.6589  42.9592 0002968  53.5370 285.5521 15.01261411    11
STARLINK-4311
1 53062C 22077V   25222.12062500 -.00007570  00000+0 -59054-3 0  2228
2 53062  97.6597  42.9536 0001608  88.7336 226.6040 15.01266591    17
STARLINK-4307
1 53063C 22077W   25222.11784722 -.00007733  00000+0 -60355-3 0  2222
2 53063  97.6563  42.9645 0001908  88.5405 101.9225 15.01247655    10
STARLINK-4313
1 53064C 22077X   25222.12479167 -.00014020  00000+0 -10937-2 0  2225
2 53064  97.6593  42.9604 0000679 101.4258 246.4195 15.01273026    16
STARLINK-4312
1 53065C 22077Y   25222.11784722 -.00007374  00000+0 -57524-3 0  2229
2 53065  97.6581  42.9590 0002563  63.1898 277.1448 15.01266170    10
STARLINK-4309
1 53066C 22077Z   25222.11854167 -.00009980  00000+0 -77858-3 0  2228
2 53066  97.6579  42.9684 0001179  44.4843 308.2871 15.01268689    19
STARLINK-4325
1 53068C 22077AB  25222.11854167 -.00007590  00000+0 -59210-3 0  2227
2 53068  97.6585  42.9502 0002145  57.2596 276.8249 15.01265949    13
STARLINK-4323
1 53069C 22077AC  25222.12409722 -.00004328  00000+0 -33763-3 0  2223
2 53069  97.6572  42.9684 0002620  71.8232 342.2662 15.01261816    14
STARLINK-4342
1 53070C 22077AD  25222.12131944 -.00010572  00000+0 -82473-3 0  2223
2 53070  97.6579  42.9633 0000346  26.3140 342.7792 15.01269167    19
STARLINK-4328
1 53071C 22077AE  25222.12270833 -.00006260  00000+0 -48828-3 0  2220
2 53071  97.6570  42.9673 0002888  66.2526 350.3300 15.01265433    11
STARLINK-4344
1 53072C 22077AF  25222.11854167 -.00012027  00000+0 -93801-3 0  2227
2 53072  97.6565  42.9804 0003392  60.1239 353.9495 15.01274855    19
STARLINK-4346
1 53073C 22077AG  25222.11854167  .00011417  00000+0  71809-3 0  2222
2 53073  97.6469  44.0337 0004649 251.4057 232.5102 15.09286876    17
STARLINK-4310
1 53074C 22077AH  25222.11784722 -.00007321  00000+0 -57107-3 0  2228
2 53074  97.6571  42.9521 0002253  90.3005 280.0248 15.01267894    16
STARLINK-4348
1 53075C 22077AJ  25222.12131944 -.00009698  00000+0 -75650-3 0  2224
2 53075  97.6567  42.9540 0002987  58.9531   0.1231 15.01269370    15
STARLINK-4347
1 53076C 22077AK  25222.12479167 -.00006014  00000+0 -46918-3 0  2221
2 53076  97.6565  42.9732 0003104  57.7594  28.7590 15.01262558    10
STARLINK-4322
1 53078C 22077AM  25222.12340278 -.00011282  00000+0 -87998-3 0  2229
2 53078  97.6562  42.9680 0003263  62.5367  27.7946 15.01271416    16
STARLINK-4327
1 53079C 22077AN  25222.12479167 -.00005832  00000+0 -45490-3 0  2225
2 53079  97.6558  42.9679 0002819  58.0081  69.8320 15.01264653    17
STARLINK-4330
1 53080C 22077AP  25222.12131944 -.00023614  00000+0 -18412-2 0  2226
2 53080  97.6560  42.9656 0004086  32.5764  56.4516 15.01295947    19
STARLINK-4326
1 53081C 22077AQ  25222.11784722 -.00006008  00000+0 -46850-3 0  2220
2 53081  97.6560  42.9451 0003915  53.4169  15.4886 15.01273192    17
STARLINK-4321
1 53082C 22077AR  25222.11784722 -.00008243  00000+0 -64293-3 0  2225
2 53082  97.6558  42.9605 0003189  53.6259  46.6978 15.01268412    18
STARLINK-4251
1 53083C 22077AS  25222.12131944 -.00050020  00000+0 -39005-2 0  2221
2 53083  97.6560  42.9524 0000647 225.2061 323.8392 15.01325565    19
STARLINK-4319
1 53084C 22077AT  25222.12201389 -.00005746  00000+0 -44817-3 0  2226
2 53084  97.6558  42.9639 0002983  61.6624  71.1631 15.01266118    13
STARLINK-4324
1 53085C 22077AU  25222.11923611 -.00015097  00000+0 -11776-2 0  2222
2 53085  97.6552  42.9616 0001352  94.2206  52.2894 15.01276012    15
STARLINK-4318
1 53086C 22077AV  25222.12340278 -.00018368  00000+0 -14328-2 0  2226
2 53086  97.6558  42.9647 0001388  56.3318  93.9991 15.01280339    15
STARLINK-4329
1 53087C 22077AW  25222.12756944  .00293450  00000+0  62312-3 0  2220
2 53087  97.6607  52.2760 0000871 315.2759 267.2712 15.98418463    17
STARLINK-4333
1 53088C 22077AX  25222.12270833 -.00048191  00000+0 -37584-2 0  2223
2 53088  97.6552  42.9612 0000732  58.4461 108.1872 15.01317495    18
STARLINK-4063
1 53132C 22083A   25222.12479167  .00006397  00000+0  40125-3 0  2227
2 53132  53.2161  43.8754 0001347  91.8537  61.9472 15.08821035    16
STARLINK-4150
1 53134C 22083C   25222.12201389  .00007888  00000+0  49487-3 0  2224
2 53134  53.2159  43.8860 0001390  86.1407  12.5622 15.08814365    11
STARLINK-4023
1 53135C 22083D   25222.12062500  .00007790  00000+0  48856-3 0  2226
2 53135  53.2163  43.8924 0001335  89.7471 321.4041 15.08823486    18
STARLINK-4152
1 53136C 22083E   25222.11923611  .00008561  00000+0  53697-3 0  2221
2 53136  53.2163  43.8998 0001353  91.0608 332.5448 15.08822780    18
STARLINK-4145
1 53137C 22083F   25222.11784722  .00009182  00000+0  57581-3 0  2226
2 53137  53.2162  43.9074 0001380  86.2030   9.8152 15.08826965    14
STARLINK-4141
1 53138C 22083G   25222.11645833  .00005495  00000+0  34470-3 0  2221
2 53138  53.2165  39.0933 0001362  90.7091   5.1779 15.08820549    11
STARLINK-4185
1 53139C 22083H   25222.12409722  .00007059  00000+0  44264-3 0  2228
2 53139  53.2158  43.8769 0001348  87.9369 102.0438 15.08832195    13
STARLINK-4170
1 53140C 22083J   25222.11923611  .00006471  00000+0  40580-3 0  2221
2 53140  53.2156  43.8970 0001391  90.0751  53.4999 15.08830020    11
STARLINK-4103
1 53141C 22083K   25222.12131944  .00005818  00000+0  36484-3 0  2225
2 53141  53.2161  43.8884 0001315  89.4887 165.4044 15.08830046    13
STARLINK-4101
1 53142C 22083L   25222.12479167  .00005673  00000+0  35587-3 0  2220
2 53142  53.2158  43.8447 0001256  87.4994 141.1211 15.08816319    10
STARLINK-4102
1 53143C 22083M   25222.12270833  .00005463  00000+0  34257-3 0  2220
2 53143  53.2162  43.8825 0001289  87.2648 195.1813 15.08829875    14
STARLINK-4100
1 53144C 22083N   25222.12479167  .00006602  00000+0  41414-3 0  2221
2 53144  53.2156  43.8794 0001297  84.6778 149.1205 15.08816071    15
STARLINK-4106
1 53145C 22083P   25222.11993056  .00002254  00000+0  14141-3 0  2225
2 53145  53.2163  43.8942 0001334  95.7520 211.6377 15.08820279    19
STARLINK-4094
1 53147C 22083R   25222.12340278  .00006490  00000+0  40695-3 0  2229
2 53147  53.2166  43.8813 0001351  90.5951 255.6312 15.08832161    11
STARLINK-4021
1 53149C 22083T   25222.12062500  .00008002  00000+0  50186-3 0  2227
2 53149  53.2168  34.0978 0001194  93.6433  87.1709 15.08825521    13
STARLINK-4038
1 53150C 22083U   25222.11923611  .00006518  00000+0  40879-3 0  2225
2 53150  53.2167  33.8991 0001302  93.1713 325.4217 15.08827892    18
STARLINK-4040
1 53151C 22083V   25222.11923611  .00002185  00000+0  13692-3 0  2225
2 53151  53.2170  33.8989 0001402  87.3141  31.2023 15.08855462    12
STARLINK-4045
1 53152C 22083W   25222.12409722  .00006161  00000+0  38633-3 0  2229
2 53152  53.2169  33.8769 0001254  92.9305  12.0679 15.08833791    11
STARLINK-4098
1 53153C 22083X   25222.12201389  .00009017  00000+0  56553-3 0  2223
2 53153  53.2171  33.8873 0001331  83.8999  69.7901 15.08822855    11
STARLINK-4077
1 53154C 22083Y   25222.12201389  .00005298  00000+0  33235-3 0  2223
2 53154  53.2171  33.8876 0001238  90.1368  23.5536 15.08820654    19
STARLINK-4088
1 53155C 22083Z   25222.12131944  .00006605  00000+0  41432-3 0  2224
2 53155  53.2169  33.8884 0001347  89.6505 100.2686 15.08821710    16
STARLINK-4087
1 53156C 22083AA  25222.12340278  .00006930  00000+0  43459-3 0  2229
2 53156  53.2165  33.7554 0001314  88.1153 173.1847 15.08826861    13
STARLINK-4054
1 53158C 22083AC  25222.11923611  .00004965  00000+0  31128-3 0  2224
2 53158  53.2169  33.8975 0001406  77.0698  81.4821 15.08842189    14
STARLINK-4111
1 53159C 22083AD  25222.11854167  .00005315  00000+0  33334-3 0  2225
2 53159  53.2165  33.9000 0001271  90.3735 164.4494 15.08827159    19
STARLINK-4096
1 53160C 22083AE  25222.11784722  .00007443  00000+0  46675-3 0  2222
2 53160  53.2168  33.9060 0001324  88.3562 102.6782 15.08826824    16
STARLINK-4055
1 53161C 22083AF  25222.12131944  .00006414  00000+0  40233-3 0  2227
2 53161  53.2160  33.8886 0001238  83.0152 246.9046 15.08823215    11
STARLINK-4114
1 53162C 22083AG  25222.11784722  .00004175  00000+0  26176-3 0  2227
2 53162  53.2164  33.9146 0001101 101.7319 124.0394 15.08843512    12
STARLINK-4104
1 53163C 22083AH  25222.12270833  .00002798  00000+0  17537-3 0  2222
2 53163  53.2160  34.0257 0001211 104.3548 192.9143 15.08849623    14
STARLINK-4116
1 53164C 22083AJ  25222.12340278  .00006884  00000+0  43188-3 0  2225
2 53164  53.2161  33.8796 0001315  81.9481 239.2980 15.08816340    16
STARLINK-4090
1 53165C 22083AK  25222.12131944  .00004488  00000+0  28151-3 0  2225
2 53165  53.2163  33.8894 0001277  88.5311 301.3954 15.08822723    14
STARLINK-4110
1 53166C 22083AL  25222.12270833  .00006424  00000+0  40288-3 0  2224
2 53166  53.2164  33.7830 0001263  88.3815 323.9383 15.08826369    13
STARLINK-3683
1 53167C 22083AM  25222.12409722  .00007434  00000+0  46628-3 0  2222
2 53167  53.2174  18.8689 0001269  82.3859 225.1281 15.08819911    14
STARLINK-4105
1 53168C 22083AN  25222.12548611  .00004554  00000+0  28565-3 0  2224
2 53168  53.2162  33.8703 0001225  88.8966 303.6578 15.08826417    18
STARLINK-4117
1 53169C 22083AP  25222.11993056  .00007182  00000+0  45039-3 0  2226
2 53169  53.2174  19.1548 0001413  87.9214 316.7693 15.08827943    19
STARLINK-4095
1 53170C 22083AQ  25222.12201389  .00008178  00000+0  51290-3 0  2222
2 53170  53.2173  28.8387 0001309  85.2382 135.9918 15.08822475    15
STARLINK-4052
1 53171C 22083AR  25222.12131944  .00008700  00000+0  54574-3 0  2221
2 53171  53.2169   3.6482 0001315  76.3279 278.7583 15.08818731    15
STARLINK-4299
1 53172C 22083AS  25222.11854167  .00006283  00000+0  39416-3 0  2222
2 53172  53.2169  28.8174 0001320  91.3180 151.0772 15.08817068    12
STARLINK-4300
1 53173C 22083AT  25222.12409722  .00009105  00000+0  57124-3 0  2229
2 53173  53.2178   8.8687 0001263  95.1578  67.3696 15.08812250    11
STARLINK-4205
1 53174C 22083AU  25222.10395833  .00009102  00000+0  57095-3 0  2229
2 53174  53.2162  43.8988 0001290  82.7198 212.6970 15.08816024    11
STARLINK-4292
1 53175C 22083AV  25222.11993056  .00007666  00000+0  48082-3 0  2221
2 53175  53.2165  43.8966 0001339  88.6957 278.6749 15.08824925    18
STARLINK-4294
1 53176C 22083AW  25222.11854167  .00007602  00000+0  47681-3 0  2225
2 53176  53.2177  18.8177 0001263  92.7129 244.6735 15.08820047    10
STARLINK-4298
1 53177C 22083AX  25222.11923611  .00009599  00000+0  60208-3 0  2224
2 53177  53.2179   8.8873 0001303  90.3384  85.7492 15.08818263    18
STARLINK-4280
1 53178C 22083AY  25222.11923611  .00005202  00000+0  32615-3 0  2223
2 53178  53.2165  33.8986 0001231  87.0196 311.5772 15.08837201    15
STARLINK-4276
1 53179C 22083AZ  25222.12270833  .00012617  00000+0  79162-3 0  2222
2 53179  53.2179 353.4797 0001279  92.9227   4.8283 15.08805484    11
STARLINK-4258
1 53180C 22083BA  25222.11993056  .00010086  00000+0  63276-3 0  2229
2 53180  53.2177 353.7682 0001191  81.6059 220.8659 15.08811877    18
STARLINK-4278
1 53182C 22083BC  25222.12340278  .00009382  00000+0  58858-3 0  2221
2 53182  53.2181   8.8684 0001280  78.6659 140.0977 15.08812226    11
STARLINK-4268
1 53183C 22083BD  25222.11854167  .00008029  00000+0  50361-3 0  2226
2 53183  53.2174 358.8166 0001203  81.9920  65.3976 15.08820443    18
STARLINK-4257
1 53184C 22083BE  25222.12479167  .00011048  00000+0  69299-3 0  2226
2 53184  53.2175 353.4566 0001261  90.3836  38.6757 15.08817090    13
STARLINK-4391
1 53189C 22084A   25222.12062500 -.00001583  00000+0 -12349-3 0  2220
2 53189  97.6519 282.9543 0002937  64.6027  52.7585 15.01253180    13
STARLINK-4332
1 53190C 22084B   25222.12201389  .00005366  00000+0  41859-3 0  2221
2 53190  97.6575 282.9554 0001786  90.9702 245.2000 15.01253308    15
STARLINK-4369
1 53191C 22084C   25222.11923611  .00006215  00000+0  48471-3 0  2221
2 53191  97.6538 282.9572 0001286  92.8856  78.2294 15.01263495    18
STARLINK-4375
1 53192C 22084D   25222.12270833  .00000135  00000+0  10501-4 0  2223
2 53192  97.6539 282.9597 0001014 160.9108  39.0314 15.01256277    11
STARLINK-4351
1 53193C 22084E   25222.11854167 -.00003071  00000+0 -23959-3 0  2225
2 53193  97.6533 282.9589 0001414  95.0877  52.3495 15.01257593    12
STARLINK-4382
1 53194C 22084F   25222.12409722 -.00002444  00000+0 -19062-3 0  2223
2 53194  97.6535 282.9635 0001535  99.4081  88.0306 15.01260801    19
STARLINK-4404
1 53195C 22084G   25222.11159722  .00423260  00000+0  17785-1 0  2224
2 53195  97.6547 283.6953 0001481  76.5069  15.8558 15.23074918    19
STARLINK-4407
1 53196C 22084H   25222.11923611  .00422950  00000+0  16760-1 0  2228
2 53196  97.6549 283.7155 0001441  75.6304  72.7112 15.25045442    15
STARLINK-4403
1 53197C 22084J   25222.12062500  .00004136  00000+0  32260-3 0  2228
2 53197  97.6542 282.9560 0002892 171.7503  46.9208 15.01253339    19
STARLINK-4385
1 53198C 22084K   25222.12062500 -.00027508  00000+0 -21467-2 0  2225
2 53198  97.6541 282.9568 0001459 157.0791  41.6620 15.01272133    14
STARLINK-4395
1 53199C 22084L   25222.12270833  .00003032  00000+0  23649-3 0  2225
2 53199  97.6542 282.9499 0001291 170.1958  49.6931 15.01263481    13
STARLINK-4417
1 53200C 22084M   25222.12270833  .00002417  00000+0  18859-3 0  2221
2 53200  97.6542 282.9658 0001988 163.4505  75.1575 15.01254501    10
STARLINK-4405
1 53201C 22084N   25222.11923611  .00005152  00000+0  40187-3 0  2228
2 53201  97.6546 282.9660 0002323 137.5838 132.2710 15.01252257    15
STARLINK-4411
1 53202C 22084P   25222.11784722  .00005804  00000+0  45270-3 0  2229
2 53202  97.6544 282.9615 0003650 142.9165  90.7579 15.01252225    17
STARLINK-4409
1 53203C 22084Q   25222.12062500 -.00000469  00000+0 -36626-4 0  2224
2 53203  97.6545 282.9551 0002994 159.2931 109.3969 15.01252979    16
STARLINK-4410
1 53204C 22084R   25222.12340278 -.00011409  00000+0 -89051-3 0  2221
2 53204  97.6544 282.9617 0003538 144.6126 117.8816 15.01244028    19
STARLINK-4397
1 53205C 22084S   25222.12270833  .00004251  00000+0  33167-3 0  2223
2 53205  97.6547 282.9574 0001865 117.9778 181.9513 15.01251912    18
STARLINK-4408
1 53206C 22084T   25222.12131944  .00007802  00000+0  60860-3 0  2228
2 53206  97.6562 283.0031 0001344  90.7197 261.7274 15.01251339    15
STARLINK-4413
1 53207C 22084U   25222.12409722  .00009076  00000+0  70818-3 0  2220
2 53207  97.6546 282.9532 0003187 128.8849 188.5897 15.01239580    17
STARLINK-4425
1 53208C 22084V   25222.11784722  .00004938  00000+0  38519-3 0  2220
2 53208  97.6544 282.9524 0003313 148.2550  95.4124 15.01252465    19
STARLINK-4423
1 53209C 22084W   25222.11784722  .00005746  00000+0  44817-3 0  2227
2 53209  97.6555 282.9541 0001769  91.8894 200.4600 15.01255867    14
STARLINK-4427
1 53210C 22084X   25222.12409722 -.00023023  00000+0 -17969-2 0  2221
2 53210  97.6546 282.9587 0003552 143.6464 153.9001 15.01258827    13
STARLINK-4416
1 53212C 22084Z   25222.11993056  .00004534  00000+0  35367-3 0  2227
2 53212  97.6557 282.9564 0001887  97.0106 207.9089 15.01255563    16
STARLINK-4414
1 53213C 22084AA  25222.12340278  .00002449  00000+0  19105-3 0  2226
2 53213  97.6558 282.9724 0001702  93.7260 279.9459 15.01258936    13
STARLINK-4353
1 53214C 22084AB  25222.11993056  .00001450  00000+0  11312-3 0  2227
2 53214  97.6565 282.9577 0001801  93.3221 221.6191 15.01254299    16
STARLINK-4335
1 53215C 22084AC  25222.12479167 -.00000013  00000+0 -99069-6 0  2225
2 53215  97.6555 282.9749 0001911  83.5310 307.6426 15.01256435    19
STARLINK-4376
1 53216C 22084AD  25222.12131944  .00008560  00000+0  66776-3 0  2223
2 53216  97.6567 282.9660 0000704  94.4432 247.9836 15.01250718    19
STARLINK-4384
1 53218C 22084AF  25222.12409722 -.00016402  00000+0 -12783-2 0  2221
2 53218  97.6543 283.0059 0002689  90.0031 346.0901 15.01310223    12
STARLINK-4373
1 53219C 22084AG  25222.12062500 -.00019713  00000+0 -15375-2 0  2229
2 53219  97.6545 282.9733 0001938  91.3578 317.2907 15.01286719    16
STARLINK-4363
1 53220C 22084AH  25222.12131944  .00009874  00000+0  77015-3 0  2225
2 53220  97.6552 282.9723 0002177  89.6155 292.8072 15.01252523    19
STARLINK-4377
1 53221C 22084AJ  25222.12131944  .00005335  00000+0  41614-3 0  2220
2 53221  97.6543 282.9741 0002454  90.4162 332.0051 15.01252424    10
STARLINK-4356
1 53224C 22084AM  25222.12062500 -.00000353  00000+0 -27531-4 0  2224
2 53224  97.6547 282.9730 0002059  92.1234 306.5715 15.01252275    12
STARLINK-4358
1 53225C 22084AN  25222.11784722  .00005855  00000+0  45673-3 0  2227
2 53225  97.6533 282.9687 0003363  88.5773 345.0933 15.01251172    10
STARLINK-4359
1 53226C 22084AP  25222.11993056  .00007006  00000+0  54656-3 0  2221
2 53226  97.6529 282.9831 0002557  77.4371  17.4889 15.01251053    10
STARLINK-4366
1 53227C 22084AQ  25222.11854167  .00010403  00000+0  81120-3 0  2222
2 53227  97.6530 282.9602 0001592  97.0483  40.2597 15.01263960    19
STARLINK-4365
1 53228C 22084AR  25222.11784722  .00012294  00000+0  95859-3 0  2226
2 53228  97.6538 282.9696 0003454  76.9789 346.5839 15.01260676    17
STARLINK-4367
1 53229C 22084AS  25222.12131944 -.00000093  00000+0 -72382-5 0  2224
2 53229  97.6524 282.9698 0003126  72.8650  39.5455 15.01261442    18
STARLINK-4364
1 53230C 22084AT  25222.11993056 -.00026977  00000+0 -21051-2 0  2228
2 53230  97.6541 282.9598 0002572  86.2952 338.7132 15.01272796    16
STARLINK-4370
1 53231C 22084AU  25222.12131944 -.00009814  00000+0 -76583-3 0  2222
2 53231  97.6522 282.9660 0002785  67.4708  64.9957 15.01254554    17
STARLINK-4371
1 53232C 22084AV  25222.12409722 -.00000955  00000+0 -74517-4 0  2228
2 53232  97.6518 282.9708 0002777  67.5811  69.8678 15.01251685    19
STARLINK-4372
1 53233C 22084AW  25222.11784722  .00010465  00000+0  81642-3 0  2225
2 53233  97.6530 282.9636 0001753  93.8282  38.5285 15.01244985    13
STARLINK-4368
1 53234C 22084AX  25222.12409722 -.00001549  00000+0 -12089-3 0  2225
2 53234  97.6525 282.9634 0001930  76.5898  80.8525 15.01253452    10
STARLINK-4056
1 53242C 22086A   25222.12201389  .00011132  00000+0  69843-3 0  2222
2 53242  53.2162  68.8739 0001314  81.8568 219.3754 15.08806629    10
STARLINK-4047
1 53243C 22086B   25222.12062500  .00011968  00000+0  75056-3 0  2223
2 53243  53.2151  73.5863 0001312  86.2582   0.0756 15.08823559    11
STARLINK-4125
1 53244C 22086C   25222.12409722  .00011899  00000+0  74622-3 0  2226
2 53244  53.2155  73.9531 0001584  88.8183 236.1374 15.08822282    18
STARLINK-4131
1 53246C 22086E   25222.12131944  .00013150  00000+0  82455-3 0  2221
2 53246  53.2156  73.8909 0001356  89.3129 240.5820 15.08827727    16
STARLINK-4061
1 53247C 22086F   25222.11993056  .00009344  00000+0  58594-3 0  2228
2 53247  53.2154  69.0775 0001216  94.4125 115.3152 15.08827242    10
STARLINK-4135
1 53248C 22086G   25222.12270833  .00002234  00000+0  14014-3 0  2221
2 53248  53.2159  68.9873 0001300  83.2592 201.6554 15.08823269    11
STARLINK-4128
1 53249C 22086H   25222.11854167  .00009414  00000+0  59037-3 0  2220
2 53249  53.2152  63.9120 0001293  93.0804 151.5255 15.08826737    15
STARLINK-4059
1 53250C 22086J   25222.12131944  .00008768  00000+0  54982-3 0  2229
2 53250  53.2153  63.8909 0001318  92.4232 152.4913 15.08828492    19
STARLINK-4129
1 53251C 22086K   25222.11923611  .00005739  00000+0  35989-3 0  2220
2 53251  53.2157  63.8985 0001284  89.5451 204.0292 15.08829519    15
STARLINK-4132
1 53252C 22086L   25222.12131944  .00006840  00000+0  42891-3 0  2226
2 53252  53.2154  63.8405 0001331  87.8932 197.0256 15.08830088    12
STARLINK-4133
1 53253C 22086M   25222.12479167  .00008536  00000+0  53546-3 0  2222
2 53253  53.2158  63.8721 0001291  86.2887 257.5007 15.08818909    19
STARLINK-4134
1 53254C 22086N   25222.11784722  .00006649  00000+0  41699-3 0  2227
2 53254  53.2154  63.9153 0001473  91.1057 169.7067 15.08828864    13
STARLINK-4142
1 53255C 22086P   25222.12201389  .00003482  00000+0  21842-3 0  2222
2 53255  53.2159  63.8851 0001311  84.3072 284.3959 15.08823216    15
STARLINK-4147
1 53256C 22086Q   25222.11854167  .00009435  00000+0  59189-3 0  2229
2 53256  53.2162  63.9023 0001311  86.6646 243.1904 15.08812440    14
STARLINK-4144
1 53257C 22086R   25222.12131944  .00009660  00000+0  60574-3 0  2222
2 53257  53.2159  63.8888 0001328  86.4744 338.4230 15.08828100    14
STARLINK-4127
1 53258C 22086S   25222.11854167  .00009855  00000+0  61803-3 0  2223
2 53258  53.2158  63.8992 0001291  87.8116 281.9885 15.08827180    12
STARLINK-4140
1 53259C 22086T   25222.12131944 -.00001136  00000+0 -71211-4 0  2227
2 53259  53.2154  63.5341 0001486  88.4951 176.6366 15.08835249    13
STARLINK-4062
1 53261C 22086V   25222.12548611  .00012186  00000+0  76436-3 0  2221
2 53261  53.2156  63.8710 0001396  80.6421  66.9336 15.08817193    13
STARLINK-4085
1 53262C 22086W   25222.12340278  .00011139  00000+0  69865-3 0  2226
2 53262  53.2157  63.8783 0001361  82.3086  13.9341 15.08820546    17
STARLINK-4130
1 53263C 22086X   25222.11854167  .00012896  00000+0  80880-3 0  2224
2 53263  53.2152  63.9021 0001379  83.3149  46.4973 15.08820042    12
STARLINK-3950
1 53264C 22086Y   25222.11923611  .00011409  00000+0  71556-3 0  2225
2 53264  53.2156  63.8983 0001390  84.2411   9.3572 15.08819274    16
STARLINK-4097
1 53265C 22086Z   25222.12479167  .00001821  00000+0  11419-3 0  2228
2 53265  53.2153  63.8760 0001386  82.7642 121.0274 15.08826742    10
STARLINK-4058
1 53266C 22086AA  25222.11854167  .00012327  00000+0  77306-3 0  2225
2 53266  53.2152  63.9033 0001201  80.7366  69.0775 15.08822288    19
STARLINK-4060
1 53267C 22086AB  25222.11784722  .00006071  00000+0  38075-3 0  2224
2 53267  53.2152  63.9067 0001350  87.2864 118.7431 15.08829765    15
STARLINK-4109
1 53268C 22086AC  25222.12270833 -.00001227  00000+0 -76989-4 0  2226
2 53268  53.2152  63.8851 0001335  80.0595 132.4262 15.08826098    12
STARLINK-4057
1 53269C 22086AD  25222.12201389  .00008515  00000+0  53399-3 0  2221
2 53269  53.2158  53.8864 0001347  84.2767 179.3946 15.08828189    14
STARLINK-4122
1 53272C 22086AG  25222.11923611  .00008838  00000+0  55436-3 0  2225
2 53272  53.2160  53.8984 0001383  90.4342 138.1808 15.08821043    14
STARLINK-4051
1 53273C 22086AH  25222.12270833  .00007289  00000+0  45695-3 0  2223
2 53273  53.2156  53.8855 0001371  94.9485 252.4236 15.08840611    18
STARLINK-4050
1 53274C 22086AJ  25222.12479167  .00005635  00000+0  35344-3 0  2228
2 53274  53.2157  53.8732 0001309  86.9179 211.8730 15.08826198    18
STARLINK-4179
1 53275C 22086AK  25222.12340278  .00004270  00000+0  26779-3 0  2225
2 53275  53.2155  53.8817 0001298  85.1961 286.0357 15.08829459    10
STARLINK-4174
1 53276C 22086AL  25222.11854167  .00008801  00000+0  55177-3 0  2220
2 53276  53.2158  53.9054 0001364  79.0949 225.5831 15.08837012    19
STARLINK-4178
1 53277C 22086AM  25222.12270833  .00006406  00000+0  40152-3 0  2220
2 53277  53.2158  53.9139 0001229 100.6554 306.6761 15.08848384    14
STARLINK-4180
1 53278C 22086AN  25222.10395833  .00008972  00000+0  56276-3 0  2221
2 53278  53.2154  53.9671 0001353  83.7749 201.7850 15.08820426    18
STARLINK-4169
1 53280C 22086AQ  25222.11854167 -.00058045  00000+0 -36428-2 0  2229
2 53280  53.2177   8.5771 0001051  87.3711 345.2422 15.08866992    14
STARLINK-4164
1 53282C 22086AS  25222.12479167  .00007506  00000+0  47079-3 0  2224
2 53282  53.2158  53.8722 0001292  86.8868 351.9091 15.08821394    11
STARLINK-4175
1 53283C 22086AT  25222.11854167  .00008660  00000+0  54307-3 0  2225
2 53283  53.2158  53.8995 0001308  93.2255  11.6006 15.08827254    11
STARLINK-4173
1 53285C 22086AV  25222.11993056  .00041554  00000+0  26075-2 0  2227
2 53285  53.2160  53.8938 0001436  92.4789  79.8553 15.08772094    12
STARLINK-4165
1 53286C 22086AW  25222.11854167  .00008640  00000+0  54190-3 0  2226
2 53286  53.2156  53.5937 0001319  89.9551 195.0752 15.08823752    12
STARLINK-4107
1 53287C 22086AX  25222.12131944  .00002442  00000+0  15318-3 0  2222
2 53287  53.2164  53.8905 0001310  90.9958 128.9294 15.08824073    17
STARLINK-4162
1 53288C 22086AY  25222.11993056  .00002431  00000+0  15250-3 0  2225
2 53288  53.2161  53.8945 0001174  79.7632  72.6707 15.08817074    18
STARLINK-4176
1 53289C 22086AZ  25222.12131944  .00006674  00000+0  41856-3 0  2221
2 53289  53.2159  49.0327 0001346  89.2021 258.1036 15.08829142    11
STARLINK-4149
1 53290C 22086BA  25222.12062500 -.00012261  00000+0 -76973-3 0  2223
2 53290  53.2167  53.8989 0001287  93.9058 102.3881 15.08809503    12
STARLINK-4166
1 53291C 22086BB  25222.12131944  .00008170  00000+0  51241-3 0  2226
2 53291  53.2157  48.6765 0001287  86.9427  80.6115 15.08824238    18
STARLINK-4159
1 53292C 22086BC  25222.12062500  .00008598  00000+0  53911-3 0  2228
2 53292  53.2160  54.0736 0001318  90.8593  45.1340 15.08831152    14
STARLINK-4148
1 53293C 22086BD  25222.12479167  .00004688  00000+0  29405-3 0  2227
2 53293  53.2163  43.8637 0001264  90.8228 322.9769 15.08821321    17
STARLINK-4146
1 53294C 22086BE  25222.12479167  .00004370  00000+0  27415-3 0  2225
2 53294  53.2164  43.7094 0001273  82.6700 231.2460 15.08821203    18
STARLINK-4522
1 53388C 22097A   25222.11923611  .00009927  00000+0  62267-3 0  2225
2 53388  53.2172 353.8996 0001316  91.2032  87.3677 15.08817295    15
STARLINK-4523
1 53389C 22097B   25222.12340278  .00003430  00000+0  21521-3 0  2220
2 53389  53.2173 353.8819 0001163  83.8042 157.4393 15.08817696    18
STARLINK-4517
1 53390C 22097C   25222.12062500  .00012780  00000+0  80191-3 0  2227
2 53390  53.2173 353.8950 0001205  74.9920 131.1780 15.08803910    12
STARLINK-4521
1 53391C 22097D   25222.11715278  .00011077  00000+0  69513-3 0  2227
2 53391  53.2175 353.9083 0001448  75.2293 152.1147 15.08800390    18
STARLINK-4535
1 53392C 22097E   25222.11854167  .00005362  00000+0  33633-3 0  2223
2 53392  53.2179 353.9012 0001189  80.6030 194.2273 15.08825891    16
STARLINK-4530
1 53393C 22097F   25222.12479167  .00010810  00000+0  67812-3 0  2228
2 53393  53.2179 353.8738 0001167  81.3053 207.4824 15.08813483    13
STARLINK-4544
1 53394C 22097G   25222.12340278  .00005517  00000+0  34602-3 0  2228
2 53394  53.2184 343.4902 0001217  93.3806 123.1202 15.08825969    19
STARLINK-4534
1 53395C 22097H   25222.10743056  .00007653  00000+0  48002-3 0  2220
2 53395  53.2177 353.9639 0001155  94.0439 135.1891 15.08820528    19
STARLINK-4524
1 53396C 22097J   25222.12062500  .00011310  00000+0  70955-3 0  2228
2 53396  53.2181 353.8901 0001194  89.8832 296.2836 15.08810222    16
STARLINK-4515
1 53397C 22097K   25222.11923611  .00010820  00000+0  67867-3 0  2220
2 53397  53.2181 353.8977 0001275  81.3570 237.2219 15.08818076    11
STARLINK-4512
1 53398C 22097L   25222.12270833  .00011643  00000+0  73053-3 0  2221
2 53398  53.2180 353.8813 0001236  91.4515 346.0245 15.08806478    19
STARLINK-4528
1 53399C 22097M   25222.11923611  .00010423  00000+0  65370-3 0  2228
2 53399  53.2183 353.8967 0001018  67.3271 291.1740 15.08824110    15
STARLINK-4520
1 53400C 22097N   25222.11854167  .00006455  00000+0  40488-3 0  2223
2 53400  53.2172 353.9023 0001233  92.0980  22.7293 15.08825087    16
STARLINK-4525
1 53401C 22097P   25222.11993056  .00008442  00000+0  52948-3 0  2227
2 53401  53.2180 353.8932 0001244  91.4780 310.8958 15.08821154    17
STARLINK-4499
1 53402C 22097Q   25222.12340278  .00011063  00000+0  69405-3 0  2220
2 53402  53.2172 353.8819 0001154  75.0283  86.2105 15.08810358    11
STARLINK-4507
1 53403C 22097R   25222.11159722  .00008570  00000+0  53768-3 0  2226
2 53403  53.2177 354.2802 0001306  78.7696 132.8968 15.08809542    19
STARLINK-4509
1 53404C 22097S   25222.11993056  .00013947  00000+0  87503-3 0  2221
2 53404  53.2179 343.8285 0001223  90.5873 141.6425 15.08805804    11
STARLINK-4510
1 53405C 22097T   25222.12409722  .00010918  00000+0  68504-3 0  2220
2 53405  53.2171 353.8779 0001251  74.4533 110.5928 15.08805678    10
STARLINK-4533
1 53406C 22097U   25222.12270833 -.00002936  00000+0 -18404-3 0  2227
2 53406  53.2175 343.8839 0001471  75.7879 236.5874 15.08856715    19
STARLINK-4537
1 53407C 22097V   25222.13104167  .00011457  00000+0  66625-3 0  2229
2 53407  53.2169 333.3823 0000949 227.8688  83.0898 15.11562002    15
STARLINK-4491
1 53408C 22097W   25222.11923611  .00014368  00000+0  90152-3 0  2227
2 53408  53.2179 343.9038 0001099  90.7589 142.8512 15.08803448    11
STARLINK-4490
1 53409C 22097X   25222.11784722  .00005981  00000+0  37513-3 0  2229
2 53409  53.2178 334.0972 0001257  95.0221 165.8791 15.08827213    16
STARLINK-4492
1 53410C 22097Y   25222.11923611  .00011992  00000+0  75235-3 0  2225
2 53410  53.2179 343.8996 0001053  91.8966 161.6892 15.08808464    10
STARLINK-4497
1 53411C 22097Z   25222.11854167  .00012765  00000+0  80088-3 0  2226
2 53411  53.2179 343.9016 0001045  66.9178 142.9154 15.08807965    12
STARLINK-4496
1 53412C 22097AA  25222.11993056  .00003093  00000+0  19391-3 0  2221
2 53412  53.2174 343.8965 0001429  77.4185 239.9053 15.08838057    12
STARLINK-4500
1 53413C 22097AB  25222.12340278  .00008204  00000+0  51456-3 0  2222
2 53413  53.2174 343.8799 0001122  81.8568 214.3859 15.08821350    11
STARLINK-4304
1 53414C 22097AC  25222.11993056  .00012493  00000+0  78371-3 0  2220
2 53414  53.2172 343.8974 0001245  77.6661 259.7018 15.08811783    17
STARLINK-4479
1 53415C 22097AD  25222.12270833 -.00004708  00000+0 -29524-3 0  2221
2 53415  53.2171 343.8854 0001165  92.1572 280.2998 15.08840023    13
STARLINK-4480
1 53416C 22097AE  25222.12479167  .00010963  00000+0  68776-3 0  2223
2 53416  53.2180 343.8255 0001249  79.4559  24.3749 15.08811562    12
STARLINK-4484
1 53417C 22097AF  25222.11993056  .00011457  00000+0  71868-3 0  2226
2 53417  53.2173 343.8975 0001279  96.2052 281.1450 15.08814189    12
STARLINK-4481
1 53418C 22097AG  25222.12340278  .00015874  00000+0  99689-3 0  2228
2 53418  53.2179 333.4451 0001158 110.8960 140.7589 15.08768377    10
STARLINK-4476
1 53419C 22097AH  25222.12201389  .00011319  00000+0  71011-3 0  2227
2 53419  53.2175 343.8879 0001175  80.4305 328.2629 15.08809917    14
STARLINK-4552
1 53420C 22097AJ  25222.11923611  .00011413  00000+0  71607-3 0  2223
2 53420  53.2182 343.8982 0001262  76.8518  16.7648 15.08807438    17
STARLINK-4545
1 53421C 22097AK  25222.12062500  .00007976  00000+0  50025-3 0  2226
2 53421  53.2180 343.8925 0001165  95.4790 325.6625 15.08822037    13
STARLINK-4546
1 53422C 22097AL  25222.12131944  .00006085  00000+0  38168-3 0  2220
2 53422  53.2187 343.8876 0001262  98.3684  46.5576 15.08823392    17
STARLINK-4539
1 53423C 22097AM  25222.10673611  .00011440  00000+0  71759-3 0  2225
2 53423  53.2179 343.9652 0001239  81.4390 279.0016 15.08815781    18
STARLINK-4532
1 53424C 22097AN  25222.11923611  .00012140  00000+0  76156-3 0  2229
2 53424  53.2184 343.8975 0001366  90.2133  83.3788 15.08813298    19
STARLINK-4531
1 53425C 22097AP  25222.12409722  .00003828  00000+0  24005-3 0  2222
2 53425  53.2185 343.8757 0001315  95.0946  44.9104 15.08830377    10
STARLINK-4558
1 53426C 22097AQ  25222.11993056  .00011535  00000+0  72351-3 0  2221
2 53426  53.2180 334.0507 0001252  93.4295 198.8343 15.08819281    15
STARLINK-4543
1 53429C 22097AT  25222.12131944  .00012462  00000+0  78147-3 0  2224
2 53429  53.2181 334.0045 0001233  75.9055 243.8884 15.08825950    15
STARLINK-4538
1 53430C 22097AU  25222.12201389 -.00004399  00000+0 -27570-3 0  2223
2 53430  53.2181 333.9243 0001185  93.9390 269.7483 15.08866285    11
STARLINK-4548
1 53431C 22097AV  25222.12270833 -.00000387  00000+0 -24271-4 0  2223
2 53431  53.2179 333.4980 0001244  99.9406 127.8026 15.08831908    13
STARLINK-4557
1 53432C 22097AW  25222.12479167 -.00002845  00000+0 -17847-3 0  2226
2 53432  53.2174 333.6377 0001133  98.6768  60.2887 15.08831554    17
STARLINK-4549
1 53433C 22097AX  25222.11923611  .00015932  00000+0  99951-3 0  2229
2 53433  53.2179 333.8978 0001302  94.1967 274.4083 15.08805576    14
STARLINK-4498
1 53434C 22097AY  25222.11923611  .00011648  00000+0  73121-3 0  2221
2 53434  53.2171 333.6232 0001321  93.6627  55.1913 15.08787628    19
STARLINK-4542
1 53435C 22097AZ  25222.12270833  .00014991  00000+0  94048-3 0  2229
2 53435  53.2173 333.6851 0001184  94.9542  32.6489 15.08805909    17
STARLINK-4527
1 53436C 22097BA  25222.12270833  .00013178  00000+0  82676-3 0  2220
2 53436  53.2175 333.5680 0001241  76.8660 110.8177 15.08808668    11
STARLINK-4526
1 53438C 22097BC  25222.12131944 -.00007767  00000+0 -48684-3 0  2221
2 53438  53.2177 333.5349 0001061  68.6583 131.3938 15.08863883    13
STARLINK-4519
1 53439C 22097BD  25222.12062500  .00013263  00000+0  83196-3 0  2226
2 53439  53.2172 333.6625 0001226  78.7021  52.3881 15.08813422    12
STARLINK-4415
1 53465C 22099A   25222.12062500 -.00008744  00000+0 -68211-3 0  2228
2 53465  97.6559 342.9531 0004071 148.7301 288.2842 15.01262534    13
STARLINK-4398
1 53466C 22099B   25222.08173611 -.00005717  00000+0 -44593-3 0  2224
2 53466  97.6559 342.9101 0003809 162.4313  63.2034 15.01261552    14
STARLINK-4394
1 53467C 22099C   25222.11993056  .00059219  00000+0  46247-2 0  2223
2 53467  97.6568 343.0043 0002554 142.4743 310.8249 15.01155600    18
STARLINK-4400
1 53468C 22099D   25222.08381944  .00030720  00000+0  23970-2 0  2221
2 53468  97.6567 342.9116 0001998 148.9033 107.9021 15.01219134    17
STARLINK-4399
1 53469C 22099E   25222.11715278 -.00010455  00000+0 -81572-3 0  2225
2 53469  97.6577 342.9498 0001685  96.4794   1.7851 15.01264448    16
STARLINK-4393
1 53470C 22099F   25222.10604167  .00008440  00000+0  65840-3 0  2229
2 53470  97.6573 342.9346 0002790 130.3824 257.8307 15.01246054    19
STARLINK-4316
1 53471C 22099G   25222.12131944 -.00004304  00000+0 -33576-3 0  2228
2 53471  97.6591 342.9582 0000967  91.7672  48.9914 15.01260176    11
STARLINK-4447
1 53472C 22099H   25222.12340278 -.00008294  00000+0 -64714-3 0  2221
2 53472  97.6591 342.9582 0000866  91.4425  50.5765 15.01262258    19
STARLINK-4383
1 53473C 22099J   25222.11854167 -.00009439  00000+0 -73643-3 0  2221
2 53473  97.6579 342.9610 0001192  93.9163  51.8474 15.01263164    15
STARLINK-4445
1 53474C 22099K   25222.11923611 -.00055377  00000+0 -43205-2 0  2225
2 53474  97.6568 342.9666 0001786  92.6238  95.5850 15.01309625    19
STARLINK-4389
1 53475C 22099L   25222.11854167 -.00009051  00000+0 -70617-3 0  2221
2 53475  97.6576 342.9624 0001336  93.8024  61.9631 15.01262569    19
STARLINK-4378
1 53476C 22099M   25222.11854167 -.00013829  00000+0 -10789-2 0  2223
2 53476  97.6585 342.9584 0001008  95.3549  40.4121 15.01268202    16
STARLINK-4412
1 53477C 22099N   25222.12409722 -.00000412  00000+0 -32130-4 0  2228
2 53477  97.6563 342.9138 0003351 151.6078 314.1327 15.01254785    14
STARLINK-4433
1 53478C 22099P   25222.12270833 -.00011830  00000+0 -92289-3 0  2224
2 53478  97.6569 342.9827 0001878  92.0471 106.2223 15.01267676    11
STARLINK-4436
1 53479C 22099Q   25222.12131944 -.00006858  00000+0 -53504-3 0  2225
2 53479  97.6567 342.9687 0001651  90.0316 110.7311 15.01261432    11
STARLINK-4442
1 53480C 22099R   25222.12270833 -.00002755  00000+0 -21493-3 0  2222
2 53480  97.6572 342.9681 0001236  93.7031  94.5620 15.01256968    16
STARLINK-4302
1 53481C 22099S   25222.11784722 -.00002524  00000+0 -19690-3 0  2229
2 53481  97.6565 342.9659 0001862  90.5825 101.4242 15.01257949    13
STARLINK-4360
1 53482C 22099T   25222.12409722 -.00017222  00000+0 -13437-2 0  2228
2 53482  97.6562 342.9983 0003202  84.4184 201.3727 15.01268491    13
STARLINK-4401
1 53483C 22099U   25222.08868056  .00418890  00000+0  58576-2 0  2220
2 53483  97.6563 346.7227 0001203  77.8899   1.1579 15.56425797    11
STARLINK-4426
1 53484C 22099V   25222.11923611 -.00001849  00000+0 -14427-3 0  2226
2 53484  97.6564 342.9678 0001880  91.1779 118.3292 15.01256022    14
STARLINK-4430
1 53485C 22099W   25222.10812500 -.00015838  00000+0 -12357-2 0  2222
2 53485  97.6561 342.9570 0002463  87.5593  91.9476 15.01267718    18
STARLINK-4431
1 53486C 22099X   25222.12131944 -.00008155  00000+0 -63627-3 0  2222
2 53486  97.6562 342.9701 0002133  88.6738 142.0906 15.01262404    16
STARLINK-4432
1 53487C 22099Y   25222.12409722 -.00024525  00000+0 -19128-2 0  2220
2 53487  97.6563 342.9552 0002315  91.4998 152.8895 15.01290135    12
STARLINK-4421
1 53488C 22099Z   25222.10395833 -.00007365  00000+0 -57462-3 0  2223
2 53488  97.6562 342.9531 0002028  89.4889  57.5049 15.01260961    12
STARLINK-4392
1 53489C 22099AA  25222.12340278 -.00010388  00000+0 -81045-3 0  2222
2 53489  97.6561 342.9548 0002369  85.7475 164.9420 15.01263104    16
STARLINK-4387
1 53490C 22099AB  25222.12340278 -.00014334  00000+0 -11183-2 0  2224
2 53490  97.6562 342.9737 0003282  80.7721 199.9313 15.01266957    11
STARLINK-4450
1 53491C 22099AC  25222.12409722 -.00004945  00000+0 -38582-3 0  2225
2 53491  97.6565 342.9774 0002094  73.0280 261.4092 15.01259532    11
STARLINK-4451
1 53492C 22099AD  25222.12062500 -.00017036  00000+0 -13291-2 0  2229
2 53492  97.6563 342.9725 0003240  81.1879 205.8330 15.01269411    18
STARLINK-4361
1 53493C 22099AE  25222.07340278  .00187970  00000+0  14494-1 0  2223
2 53493  97.6564 342.9103 0002469  80.1462 282.1007 15.01511805    15
STARLINK-4340
1 53494C 22099AF  25222.11715278 -.00004916  00000+0 -38348-3 0  2221
2 53494  97.6562 342.9601 0002909  89.2464 167.6787 15.01259850    19
STARLINK-4429
1 53495C 22099AG  25222.11993056 -.00007938  00000+0 -61927-3 0  2220
2 53495  97.6563 342.9648 0001804  96.0011 227.2544 15.01262153    13
STARLINK-4465
1 53496C 22099AH  25222.11437500  .00418740  00000+0  15485-1 0  2229
2 53496  97.6562 343.6616 0001455  75.9316  48.8658 15.27343486    12
STARLINK-4453
1 53497C 22099AJ  25222.12409722 -.00012907  00000+0 -10070-2 0  2229
2 53497  97.6558 342.9675 0001390  95.0496 270.7179 15.01266468    15
STARLINK-4439
1 53498C 22099AK  25222.12409722 -.00012324  00000+0 -96157-3 0  2224
2 53498  97.6558 342.9797 0001471  94.9097 269.5488 15.01264533    16
STARLINK-4454
1 53499C 22099AL  25222.12201389 -.00012001  00000+0 -93634-3 0  2223
2 53499  97.6564 342.9509 0002237  85.3592 239.1437 15.01264679    18
STARLINK-4455
1 53500C 22099AM  25222.12062500  .00006480  00000+0  50534-3 0  2220
2 53500  97.6562 342.9649 0001286  98.6665 238.2323 15.01265928    17
STARLINK-4434
1 53501C 22099AN  25222.12201389 -.00010797  00000+0 -84236-3 0  2225
2 53501  97.6548 342.9635 0002104 182.4383 212.0748 15.01264737    14
STARLINK-4435
1 53502C 22099AP  25222.12340278 -.00007144  00000+0 -55683-3 0  2223
2 53502  97.6551 342.9653 0000964 106.3800 265.6415 15.01296292    16
STARLINK-4461
1 53503C 22099AQ  25222.09006944  .00422330  00000+0  13929-1 0  2220
2 53503  97.6562 343.7739 0001487  75.8571 300.4854 15.31068875    11
STARLINK-4448
1 53504C 22099AR  25222.12131944 -.00009811  00000+0 -76543-3 0  2224
2 53504  97.6545 342.9615 0000635 143.2622 227.4966 15.01264375    10
STARLINK-4446
1 53505C 22099AS  25222.12201389  .00007530  00000+0  58774-3 0  2226
2 53505  97.6552 342.9569 0002925 181.5283 233.0633 15.01229820    19
STARLINK-4437
1 53506C 22099AT  25222.12131944 -.00014346  00000+0 -11193-2 0  2224
2 53506  97.6547 342.9519 0001138 190.0514 190.7041 15.01268977    14
STARLINK-4443
1 53508C 22099AV  25222.12409722 -.00002934  00000+0 -22893-3 0  2228
2 53508  97.6550 342.9599 0002547 191.5699 224.1856 15.01258084    17
STARLINK-4402
1 53509C 22099AW  25222.11993056 -.00006668  00000+0 -52014-3 0  2222
2 53509  97.6557 342.9493 0003380 172.4545 250.7998 15.01261625    19
STARLINK-4511
1 53527C 22101A   25222.10743056  .00079898  00000+0  16371-2 0  2226
2 53527  53.2070 274.4459 0007037  18.7578 158.0948 15.45380766    10
STARLINK-4503
1 53528C 22101B   25222.12062500 -.00006895  00000+0 -43239-3 0  2220
2 53528  53.2164 303.8933 0001275  91.2140 149.9150 15.08841613    14
STARLINK-4478
1 53529C 22101C   25222.12409722  .00009734  00000+0  61061-3 0  2228
2 53529  53.2164 303.8880 0001259  81.9388 218.0613 15.08816635    16
STARLINK-4482
1 53530C 22101D   25222.11923611 -.00001983  00000+0 -12434-3 0  2227
2 53530  53.2164 304.1218 0001310  82.5439 110.8990 15.08838634    19
STARLINK-4487
1 53531C 22101E   25222.12270833  .00009117  00000+0  57178-3 0  2229
2 53531  53.2166 303.8832 0001220  81.5486 230.9115 15.08823480    17
STARLINK-4483
1 53532C 22101F   25222.11993056  .00005622  00000+0  35260-3 0  2223
2 53532  53.2168 303.8981 0001121  85.5744  31.7891 15.08828222    13
STARLINK-4493
1 53533C 22101G   25222.12131944  .00013489  00000+0  84616-3 0  2224
2 53533  53.2165 303.8820 0001087  72.2974  72.5193 15.08812684    15
STARLINK-4138
1 53535C 22101J   25222.12201389  .00011707  00000+0  73444-3 0  2225
2 53535  53.2164 303.8885 0001238  73.2539  95.4339 15.08810240    15
STARLINK-4053
1 53536C 22101K   25222.11993056  .00008935  00000+0  56033-3 0  2228
2 53536  53.2160 293.8204 0001263  87.9096 204.4797 15.08826206    12
STARLINK-4120
1 53537C 22101L   25222.12062500  .00012153  00000+0  76229-3 0  2227
2 53537  53.2164 303.8666 0001138  91.5069  64.4477 15.08816000    13
STARLINK-4118
1 53538C 22101M   25222.12270833  .00010775  00000+0  67582-3 0  2228
2 53538  53.2161 293.8854 0001164  88.7356 198.7232 15.08819962    14
STARLINK-4123
1 53539C 22101N   25222.12201389  .00010302  00000+0  64632-3 0  2228
2 53539  53.2162 303.8885 0001097  88.8667  99.8299 15.08810282    13
STARLINK-4486
1 53540C 22101P   25222.12340278 -.00011202  00000+0 -70249-3 0  2224
2 53540  53.2166 294.2400 0001158  90.2338  35.5731 15.08849607    16
STARLINK-4485
1 53541C 22101Q   25222.12131944 -.00001881  00000+0 -11797-3 0  2228
2 53541  53.2162 303.8911 0001265  92.7581 132.1517 15.08834141    16
STARLINK-4489
1 53542C 22101R   25222.12340278  .00000172  00000+0  10812-4 0  2229
2 53542  53.2160 293.8814 0001185  90.1832 261.0589 15.08830484    14
STARLINK-4297
1 53543C 22101S   25222.11854167  .00010279  00000+0  64466-3 0  2228
2 53543  53.2163 293.9711 0001076  87.6208 157.1479 15.08823037    11
STARLINK-4303
1 53544C 22101T   25222.12062500  .00034355  00000+0  21558-2 0  2227
2 53544  53.2158 293.8933 0001241 101.0120 275.0712 15.08779063    18
STARLINK-4475
1 53545C 22101U   25222.11993056  .00003790  00000+0  23767-3 0  2220
2 53545  53.2160 293.8973 0001170  90.3143 222.0522 15.08830432    11
STARLINK-4477
1 53546C 22101V   25222.12409722  .00005903  00000+0  37033-3 0  2223
2 53546  53.2160 283.4098 0001164  84.9243 225.3994 15.08818022    18
STARLINK-4474
1 53547C 22101W   25222.11923611  .00008603  00000+0  53958-3 0  2225
2 53547  53.2158 293.8999 0001205  83.3766 265.2081 15.08823081    11
STARLINK-4513
1 53548C 22101X   25222.11993056  .00004414  00000+0  27681-3 0  2226
2 53548  53.2161 293.8972 0001152  84.5097 347.8367 15.08832143    11
STARLINK-4518
1 53550C 22101Z   25222.12131944  .00007899  00000+0  49548-3 0  2226
2 53550  53.2163 293.8909 0001249  81.6777  18.2339 15.08819453    13
STARLINK-4514
1 53551C 22101AA  25222.11784722  .00007408  00000+0  46461-3 0  2221
2 53551  53.2160 293.9069 0001198  93.9373 307.0842 15.08827276    10
STARLINK-4495
1 53552C 22101AB  25222.12062500  .00004382  00000+0  27480-3 0  2224
2 53552  53.2166 293.8939 0001129  93.5986  42.5264 15.08830739    19
STARLINK-4501
1 53553C 22101AC  25222.12270833  .00009993  00000+0  62689-3 0  2228
2 53553  53.2166 293.7588 0001114  90.1744  97.3766 15.08814112    10
STARLINK-4506
1 53554C 22101AD  25222.12131944  .00009217  00000+0  57824-3 0  2222
2 53554  53.2167 293.9010 0001109  96.2340  78.4815 15.08812476    13
STARLINK-4504
1 53555C 22101AE  25222.11854167  .00008778  00000+0  55071-3 0  2224
2 53555  53.2164 293.9040 0001094  97.2887   7.5325 15.08814162    17
STARLINK-4505
1 53556C 22101AF  25222.11784722  .00003356  00000+0  21043-3 0  2223
2 53556  53.2168 293.9076 0001191  86.5634 114.4724 15.08833022    17
STARLINK-4502
1 53557C 22101AG  25222.12409722  .00008484  00000+0  53210-3 0  2227
2 53557  53.2166 293.8784 0001176  90.7743  84.2231 15.08822321    19
STARLINK-4494
1 53558C 22101AH  25222.12479167 -.00017205  00000+0 -10784-2 0  2229
2 53558  53.2162 288.5975 0001350  87.6898 138.7060 15.08870123    17
STARLINK-4508
1 53559C 22101AJ  25222.11437500 -.00009754  00000+0 -61156-3 0  2224
2 53559  53.2166 293.9243 0001134  88.3889  73.7679 15.08852385    12
STARLINK-4564
1 53560C 22101AK  25222.12062500  .00006269  00000+0  39326-3 0  2221
2 53560  53.2159 284.0802 0001020  81.3011 249.7188 15.08817709    13
STARLINK-4563
1 53561C 22101AL  25222.12409722 -.00022077  00000+0 -13850-2 0  2223
2 53561  53.2165 293.8795 0001347  87.4821 167.5806 15.08844352    16
STARLINK-4565
1 53562C 22101AM  25222.11854167  .00000016  00000+0  10276-5 0  2229
2 53562  53.2163 284.0479 0001297  84.6802 255.0086 15.08842359    16
STARLINK-4561
1 53563C 22101AN  25222.12131944  .00006887  00000+0  43199-3 0  2222
2 53563  53.2158 284.1164 0001143  93.2209 221.5534 15.08820987    19
STARLINK-4577
1 53564C 22101AP  25222.12340278 -.00008176  00000+0 -51271-3 0  2220
2 53564  53.2163 283.9486 0001011  78.1360 328.0511 15.08847302    12
STARLINK-4575
1 53565C 22101AQ  25222.11715278  .00007386  00000+0  46327-3 0  2222
2 53565  53.2162 284.0648 0001233  88.1130 238.8547 15.08823419    16
STARLINK-4576
1 53566C 22101AR  25222.11993056 -.00001708  00000+0 -10707-3 0  2222
2 53566  53.2156 283.8848 0001088  74.9690 352.3478 15.08849159    15
STARLINK-4585
1 53567C 22101AS  25222.12062500  .00006969  00000+0  43711-3 0  2228
2 53567  53.2163 283.9996 0001251  87.6007 283.4694 15.08824146    17
STARLINK-4583
1 53568C 22101AT  25222.11923611  .00024139  00000+0  15150-2 0  2221
2 53568  53.2150 283.7687 0000998  95.4851  28.1747 15.08782904    18
STARLINK-4582
1 53569C 22101AU  25222.12409722 -.00000229  00000+0 -14390-4 0  2228
2 53569  53.2161 283.9052 0001354  86.3853 343.5967 15.08838105    10
STARLINK-4550
1 53570C 22101AV  25222.12131944  .00031688  00000+0  19890-2 0  2227
2 53570  53.2153 283.7989 0001245  68.2149  46.7601 15.08772575    11
STARLINK-4584
1 53571C 22101AW  25222.12340278 -.00006040  00000+0 -37871-3 0  2226
2 53571  53.2154 283.8286 0001292  82.2474  23.9974 15.08848179    17
STARLINK-4555
1 53572C 22101AX  25222.12409722  .00005055  00000+0  31702-3 0  2227
2 53572  53.2155 283.5545 0001084  76.9472 173.2633 15.08830193    19
STARLINK-4547
1 53573C 22101AY  25222.12062500 -.00014081  00000+0 -88289-3 0  2220
2 53573  53.2152 283.7238 0001235  88.2518  62.9886 15.08855751    14
STARLINK-4559
1 53574C 22101AZ  25222.12409722  .00003915  00000+0  24554-3 0  2229
2 53574  53.2154 283.5912 0001267  83.0770 147.1214 15.08829242    19
STARLINK-4551
1 53575C 22101BA  25222.12062500  .00006024  00000+0  37789-3 0  2227
2 53575  53.2152 283.6843 0001249  77.6284  93.6981 15.08817649    15
STARLINK-4581
1 53576C 22101BB  25222.11854167  .00005900  00000+0  37009-3 0  2222
2 53576  53.2151 283.7018 0001442  86.1619  68.5853 15.08823299    19
STARLINK-4553
1 53577C 22101BC  25222.12062500  .00001644  00000+0  10303-3 0  2225
2 53577  53.2154 283.6458 0001073  85.3659 105.8307 15.08852459    14
STARLINK-4556
1 53578C 22101BD  25222.11993056 -.00007031  00000+0 -44093-3 0  2225
2 53578  53.2156 283.5306 0001155  90.8691 156.7364 15.08843133    13
STARLINK-4580
1 53579C 22101BE  25222.11854167  .00005300  00000+0  33241-3 0  2223
2 53579  53.2159 283.4971 0001143  81.4939 178.5859 15.08827297    16
STARLINK-4691
1 53588C 22104A   25222.12409722 -.00007942  00000+0 -49821-3 0  2227
2 53588  53.2157 114.1278 0001351  83.9674 220.8911 15.08832599    19
STARLINK-4673
1 53589C 22104B   25222.11715278 -.00012018  00000+0 -75372-3 0  2223
2 53589  53.2162 113.9608 0001400  90.7331 276.4737 15.08845810    14
STARLINK-4689
1 53590C 22104C   25222.11923611 -.00000073  00000+0 -45870-5 0  2227
2 53590  53.2159 114.1094 0001290  89.9328 208.5080 15.08833468    10
STARLINK-4674
1 53591C 22104D   25222.12131944  .00010822  00000+0  67877-3 0  2229
2 53591  53.2160 114.0612 0001240  86.7135 243.0792 15.08818137    14
STARLINK-4672
1 53592C 22104E   25222.12270833 -.00002621  00000+0 -16439-3 0  2229
2 53592  53.2163 114.0266 0001219  85.9953 266.1754 15.08828203    17
STARLINK-4681
1 53594C 22104G   25222.12131944  .00013730  00000+0  86121-3 0  2226
2 53594  53.2161 113.8631 0001270  88.9779 340.9523 15.08813965    10
STARLINK-4684
1 53595C 22104H   25222.12201389  .00010710  00000+0  67174-3 0  2220
2 53595  53.2163 113.9003 0001374  95.6743 317.9998 15.08821300    10
STARLINK-4676
1 53598C 22104L   25222.12201389  .00010949  00000+0  68706-3 0  2229
2 53598  53.2149 113.6247 0001409  78.0979 115.8055 15.08803524    16
STARLINK-4677
1 53600C 22104N   25222.12201389  .00011145  00000+0  69905-3 0  2224
2 53600  53.2151 114.2875 0001674  83.8126 124.4206 15.08816392    10
STARLINK-4675
1 53601C 22104P   25222.12201389 -.00002554  00000+0 -16023-3 0  2224
2 53601  53.2157 113.7411 0001441  87.7071  46.0889 15.08830459    17
STARLINK-4648
1 53602C 22104Q   25222.12340278  .00004074  00000+0  25552-3 0  2220
2 53602  53.2162 108.8223 0001292  85.1747  23.6098 15.08825918    13
STARLINK-4692
1 53603C 22104R   25222.11993056  .00009438  00000+0  59189-3 0  2220
2 53603  53.2157 109.0723 0001332  91.1915 238.5260 15.08825894    16
STARLINK-4690
1 53604C 22104S   25222.11854167  .00006181  00000+0  38767-3 0  2221
2 53604  53.2162 108.7601 0001309  85.8141  36.5933 15.08823634    12
STARLINK-4693
1 53605C 22104T   25222.11784722 -.00010416  00000+0 -65324-3 0  2228
2 53605  53.2151 113.6815 0001368  92.4125  58.7522 15.08844058    17
STARLINK-4590
1 53606C 22104U   25222.11993056 -.00000522  00000+0 -32768-4 0  2225
2 53606  53.2152 104.0100 0001345  87.6732 269.6151 15.08829877    18
STARLINK-4591
1 53607C 22104V   25222.12062500  .00011333  00000+0  71075-3 0  2221
2 53607  53.2161 108.9476 0001258  88.6668 304.9278 15.08821948    14
STARLINK-4647
1 53608C 22104W   25222.12062500  .00000366  00000+0  22987-4 0  2225
2 53608  53.2150 104.0855 0001314  91.8780 229.1358 15.08827716    11
STARLINK-4660
1 53609C 22104X   25222.12062500  .00007492  00000+0  46985-3 0  2226
2 53609  53.2153 108.5929 0001299  90.6656 123.1527 15.08827597    15
STARLINK-4610
1 53610C 22104Y   25222.11784722  .00007406  00000+0  46455-3 0  2221
2 53610  53.2152 104.0301 0001377  85.3658 255.4125 15.08818091    13
STARLINK-4650
1 53611C 22104Z   25222.12895833  .01495600  00000+0  20322-2 0  2221
2 53611  53.1671   6.7821 0015094 307.9662 173.7671 16.03884973    19
STARLINK-4658
1 53612C 22104AA  25222.12131944  .00010932  00000+0  68565-3 0  2220
2 53612  53.2150 103.9647 0001332  92.9003 291.9564 15.08820935    15
STARLINK-4655
1 53613C 22104AB  25222.12131944  .00001657  00000+0  10393-3 0  2221
2 53613  53.2149 104.0429 0001514  87.6424 257.1737 15.08832176    10
STARLINK-4605
1 53616C 22104AE  25222.12270833 -.00003292  00000+0 -20650-3 0  2221
2 53616  53.2154  93.7582 0001418  91.5512 316.0231 15.08830708    11
STARLINK-4609
1 53619C 22104AH  25222.11854167  .00011154  00000+0  69960-3 0  2222
2 53619  53.2156 103.8988 0001327  87.6591 322.1593 15.08817482    14
STARLINK-4615
1 53620C 22104AJ  25222.11784722  .00015889  00000+0  99642-3 0  2222
2 53620  53.2160 103.7429 0001324  89.7257  36.4167 15.08820292    14
STARLINK-4608
1 53621C 22104AK  25222.11784722  .00012107  00000+0  75939-3 0  2226
2 53621  53.2159 103.8629 0001331  85.0019 341.0728 15.08816906    14
STARLINK-4568
1 53622C 22104AL  25222.12201389  .00015827  00000+0  99251-3 0  2226
2 53622  53.2157 103.4926 0001536  84.1106 184.8101 15.08820093    13
STARLINK-4573
1 53623C 22104AM  25222.12062500  .00008115  00000+0  50886-3 0  2220
2 53623  53.2161 103.7714 0001205  86.6727  34.5335 15.08829247    16
STARLINK-4596
1 53624C 22104AN  25222.11715278  .00016156  00000+0  10132-2 0  2220
2 53624  53.2160 103.6675 0001330  85.0435  77.3730 15.08821243    11
STARLINK-4554
1 53626C 22104AQ  25222.11923611 -.00031189  00000+0 -19568-2 0  2221
2 53626  53.2159 103.5410 0001603  90.1656 143.6953 15.08851277    16
STARLINK-4595
1 53627C 22104AR  25222.11993056 -.00001847  00000+0 -11584-3 0  2221
2 53627  53.2160 103.6150 0001280  90.6642 106.8887 15.08831651    13
STARLINK-4600
1 53628C 22104AS  25222.11854167  .00007194  00000+0  45137-3 0  2221
2 53628  53.2154 103.4653 0001423  92.0082 178.1639 15.08811321    15
STARLINK-4602
1 53629C 22104AT  25222.12409722  .00010737  00000+0  67351-3 0  2225
2 53629  53.2163 103.5561 0001394  88.5494 151.7012 15.08814737    15
STARLINK-4598
1 53630C 22104AU  25222.11506944  .00002115  00000+0  13266-3 0  2227
2 53630  53.2154  93.9900 0001390  89.0331 271.6577 15.08828686    14
STARLINK-4599
1 53631C 22104AV  25222.12201389  .00012734  00000+0  79899-3 0  2226
2 53631  53.2148 103.4095 0001374  81.7022 227.3319 15.08804680    18
STARLINK-4606
1 53632C 22104AW  25222.12479167  .00002596  00000+0  16282-3 0  2220
2 53632  53.2150  93.8592 0001387  89.9274   8.8681 15.08826696    14
STARLINK-4593
1 53633C 22104AX  25222.11784722  .00011519  00000+0  72261-3 0  2220
2 53633  53.2151  93.9287 0001431  94.7348 306.3253 15.08812326    10
STARLINK-4592
1 53634C 22104AY  25222.11993056  .00013640  00000+0  85649-3 0  2224
2 53634  53.2150  93.8030 0001244  74.7768  37.8066 15.08774786    16
STARLINK-4587
1 53635C 22104AZ  25222.12201389  .00015135  00000+0  94959-3 0  2222
2 53635  53.2152  93.8341 0001371  79.8627  23.9014 15.08803296    13
STARLINK-4586
1 53636C 22104BA  25222.11923611  .00007371  00000+0  46223-3 0  2225
2 53636  53.2150  93.7278 0001339  88.6240  60.0599 15.08829365    18
STARLINK-4396
1 53637C 22104BB  25222.12201389  .00010124  00000+0  63513-3 0  2229
2 53637  53.2161  94.0697 0001390  96.7438 241.6581 15.08811572    15
STARLINK-4594
1 53638C 22104BC  25222.11854167  .00008123  00000+0  50939-3 0  2221
2 53638  53.2160  93.5375 0001244  90.8653 154.1887 15.08827323    12
STARLINK-4422
1 53639C 22104BD  25222.12479167  .00010904  00000+0  68407-3 0  2225
2 53639  53.2151  93.6625 0001376  83.7372 115.2272 15.08810625    10
STARLINK-4597
1 53640C 22104BE  25222.11715278  .00006803  00000+0  42666-3 0  2224
2 53640  53.2154  93.6589 0001329  88.3241  89.1006 15.08826400    10
STARLINK-4588
1 53641C 22104BF  25222.11576389  .00016802  00000+0  10538-2 0  2225
2 53641  53.2147  93.7771 0001423  84.2103  25.5946 15.08816345    18
STARLINK-4622
1 53648C 22105A   25222.12409722 -.00006976  00000+0 -54397-3 0  2225
2 53648  97.6578 102.9632 0002038  80.7582 101.6202 15.01280589    18
STARLINK-4386
1 53649C 22105B   25222.11923611 -.00004388  00000+0 -34222-3 0  2223
2 53649  97.6573 102.9604 0002054  82.8372  83.2928 15.01275346    16
STARLINK-4380
1 53650C 22105C   25222.12270833  .00004600  00000+0  35876-3 0  2228
2 53650  97.6568 102.9659 0002348  62.4514 132.3316 15.01260468    16
STARLINK-4388
1 53651C 22105D   25222.12062500 -.00005899  00000+0 -46009-3 0  2222
2 53651  97.6565 102.9650 0002911  84.3028 109.3773 15.01269692    13
STARLINK-4374
1 53652C 22105E   25222.12131944  .00005272  00000+0  41125-3 0  2229
2 53652  97.6561 102.9667 0003069  71.8455 135.5688 15.01254809    18
STARLINK-4390
1 53653C 22105F   25222.12479167 -.00002149  00000+0 -16763-3 0  2224
2 53653  97.6558 102.9074 0003136 119.5843   6.5688 15.01264150    10
STARLINK-4420
1 53654C 22105G   25222.11923611  .00002969  00000+0  23160-3 0  2229
2 53654  97.6553 102.9655 0003096  68.7521 157.4183 15.01256426    17
STARLINK-4470
1 53655C 22105H   25222.11715278 -.00011840  00000+0 -92301-3 0  2221
2 53655  97.6558 102.9632 0004294  65.4383 129.4189 15.01290511    17
STARLINK-4466
1 53656C 22105J   25222.11993056  .00005396  00000+0  42094-3 0  2225
2 53656  97.6538 102.9685 0003607  48.3858 211.5323 15.01250718    16
STARLINK-4469
1 53657C 22105K   25222.10534722  .00420750  00000+0  18254-1 0  2220
2 53657  97.6546 103.6284 0001727  78.0387 226.3180 15.21992422    19
STARLINK-4452
1 53658C 22105L   25222.11993056 -.00096812  00000+0 -75479-2 0  2224
2 53658  97.6544 102.9648 0003354  46.3620 203.5525 15.01375342    14
STARLINK-4463
1 53659C 22105M   25222.12479167  .00004710  00000+0  36747-3 0  2228
2 53659  97.6552 102.9701 0002723  64.4162 200.4394 15.01249449    13
STARLINK-4473
1 53660C 22105N   25222.12270833 -.00003919  00000+0 -30566-3 0  2224
2 53660  97.6533 102.9624 0002498  27.5354 267.3876 15.01267751    13
STARLINK-4472
1 53661C 22105P   25222.10187500  .00002212  00000+0  17256-3 0  2225
2 53661  97.6533 102.9482 0003374  48.9546 122.1197 15.01259437    16
STARLINK-4357
1 53662C 22105Q   25222.11854167 -.00004881  00000+0 -38056-3 0  2224
2 53662  97.6540 102.9544 0002075  57.2702 233.7372 15.01284025    13
STARLINK-4457
1 53663C 22105R   25222.12409722  .00005311  00000+0  41426-3 0  2221
2 53663  97.6532 102.9660 0003575  50.0899 242.3379 15.01250627    12
STARLINK-4471
1 53664C 22105S   25222.11923611  .00001163  00000+0  90718-4 0  2229
2 53664  97.6545 102.9567 0001760  68.3442 246.5059 15.01259976    10
STARLINK-4334
1 53665C 22105T   25222.11993056  .00003034  00000+0  23666-3 0  2226
2 53665  97.6543 102.9639 0003345  72.1663 237.7598 15.01256825    18
STARLINK-4406
1 53667C 22105V   25222.12270833  .00003333  00000+0  25995-3 0  2229
2 53667  97.6537 102.9605 0002271  24.3278 280.5950 15.01256426    19
STARLINK-4458
1 53668C 22105W   25222.11993056  .00000143  00000+0  11171-4 0  2226
2 53668  97.6549 102.9254 0001432 103.5671 226.3473 15.01260677    19
STARLINK-4464
1 53669C 22105X   25222.12340278 -.00002073  00000+0 -16171-3 0  2220
2 53669  97.6540 102.9511 0002209  49.5706 269.1108 15.01262915    15
STARLINK-4459
1 53670C 22105Y   25222.12131944  .00005955  00000+0  46454-3 0  2227
2 53670  97.6552 102.9526 0001848  93.1729 264.2476 15.01251554    15
STARLINK-4440
1 53671C 22105Z   25222.11506944  .00000813  00000+0  63364-4 0  2221
2 53671  97.6552 102.9501 0001801 132.8222 189.4701 15.01269482    15
STARLINK-4428
1 53672C 22105AA  25222.12062500  .00004668  00000+0  36414-3 0  2225
2 53672  97.6555 102.9714 0001983 140.6928 282.9886 15.01253993    19
STARLINK-4456
1 53673C 22105AB  25222.10326389  .00006398  00000+0  49910-3 0  2229
2 53673  97.6556 102.9498 0002305  56.3477  72.2381 15.01250314    15
STARLINK-4620
1 53674C 22105AC  25222.12409722  .00020835  00000+0  16262-2 0  2220
2 53674  97.6554 102.9542 0000733 109.4276 292.9356 15.01219240    10
STARLINK-4617
1 53675C 22105AD  25222.12201389  .00005281  00000+0  41201-3 0  2220
2 53675  97.6551 102.9624 0001236 172.9949 248.2086 15.01247754    15
STARLINK-4621
1 53676C 22105AE  25222.11993056  .00005835  00000+0  45527-3 0  2229
2 53676  97.6554 102.9494 0001396 110.1474 289.7918 15.01247584    13
STARLINK-4579
1 53677C 22105AF  25222.12409722 -.00000797  00000+0 -62204-4 0  2229
2 53677  97.6553 102.9545 0001413 101.4201 291.0106 15.01262024    12
STARLINK-4632
1 53679C 22105AH  25222.12409722 -.00002737  00000+0 -21352-3 0  2225
2 53679  97.6553 102.9538 0000992 125.5363 286.8889 15.01265824    14
STARLINK-4630
1 53680C 22105AJ  25222.11784722  .00005555  00000+0  43338-3 0  2229
2 53680  97.6556 102.9467 0002358 152.8653 265.8046 15.01248447    17
STARLINK-4424
1 53681C 22105AK  25222.11854167  .00004837  00000+0  37733-3 0  2225
2 53681  97.6557 102.9607 0002811 139.1809 293.2444 15.01253635    12
STARLINK-4438
1 53682C 22105AL  25222.11993056 -.00000778  00000+0 -60691-4 0  2229
2 53682  97.6568 102.9688 0001276  94.9027  35.0297 15.01261763    17
STARLINK-4625
1 53683C 22105AM  25222.11923611  .00004046  00000+0  31565-3 0  2227
2 53683  97.6554 102.9437 0002115 147.6083 257.2392 15.01254650    17
STARLINK-4624
1 53684C 22105AN  25222.12340278 -.00010538  00000+0 -82167-3 0  2220
2 53684  97.6546 103.0211 0001961  79.1194 259.5232 15.01288481    18
STARLINK-4626
1 53685C 22105AP  25222.12201389 -.00019384  00000+0 -15113-2 0  2224
2 53685  97.6557 102.9544 0002136 122.8365 336.9636 15.01300397    18
STARLINK-4467
1 53686C 22105AQ  25222.12409722  .00005322  00000+0  41518-3 0  2220
2 53686  97.6550 103.0293 0003894  52.6709 209.7883 15.01248888    16
STARLINK-4569
1 53687C 22105AR  25222.12270833  .00004993  00000+0  38951-3 0  2220
2 53687  97.6557 102.9515 0001995 143.0468 321.8802 15.01248519    14
STARLINK-4571
1 53688C 22105AS  25222.12201389 -.00002676  00000+0 -20872-3 0  2222
2 53688  97.6560 102.9522 0001495 101.1463  30.0292 15.01264761    11
STARLINK-4570
1 53690C 22105AU  25222.11923611  .00001630  00000+0  12717-3 0  2229
2 53690  97.6552 102.8950 0002175 105.0579 251.0771 15.01260285    10
STARLINK-4560
1 53691C 22105AV  25222.11923611  .00000543  00000+0  42369-4 0  2229
2 53691  97.6558 102.9407 0001765  92.5226  13.6551 15.01258323    16
STARLINK-4572
1 53692C 22105AW  25222.12965278  .00024544  00000+0  16022-2 0  2228
2 53692  97.6456 103.5380 0002274  60.4801 166.8395 15.07914681    19
STARLINK-4566
1 53693C 22105AX  25222.12340278  .00005670  00000+0  44232-3 0  2220
2 53693  97.6585 102.9594 0001835  90.8494  77.8264 15.01251374    13
STARLINK-4725
1 53700C 22107A   25222.12409722  .00013809  00000+0  86633-3 0  2225
2 53700  53.2151 113.5039 0001417  87.7973 137.4697 15.08808682    14
STARLINK-4711
1 53701C 22107B   25222.12131944  .00015637  00000+0  98055-3 0  2226
2 53701  53.2154 113.4786 0001392  90.8867 139.2869 15.08823710    15
STARLINK-4724
1 53702C 22107C   25222.12270833  .00011118  00000+0  69736-3 0  2222
2 53702  53.2154  98.7872 0001388  86.5592  13.4812 15.08817368    12
STARLINK-4731
1 53703C 22107D   25222.11715278  .00001723  00000+0  10810-3 0  2229
2 53703  53.2154 113.6528 0001413  85.3876  42.0453 15.08828675    11
STARLINK-4714
1 53704C 22107E   25222.10465278 -.00002711  00000+0 -17005-3 0  2224
2 53704  53.2153 114.2204 0001354  83.8372  75.3245 15.08831905    15
STARLINK-4717
1 53705C 22107F   25222.11923611 -.00003363  00000+0 -21095-3 0  2224
2 53705  53.2154 114.1173 0001595  85.6731 172.7651 15.08832908    14
STARLINK-4716
1 53706C 22107G   25222.12131944  .00010026  00000+0  62901-3 0  2229
2 53706  53.2164 113.9519 0001391  98.8081 251.1201 15.08810171    16
STARLINK-4667
1 53707C 22107H   25222.12340278  .00000540  00000+0  33896-4 0  2224
2 53707  53.2149  98.8945 0001366  92.2042 311.5336 15.08827404    18
STARLINK-4694
1 53708C 22107J   25222.12201389  .00010066  00000+0  63156-3 0  2229
2 53708  53.2151  98.7532 0001330  85.9519  30.3579 15.08810255    13
STARLINK-4685
1 53709C 22107K   25222.12062500  .00007055  00000+0  44256-3 0  2224
2 53709  53.2154 118.5872 0001348  90.9546  87.8947 15.08818593    19
STARLINK-4627
1 53711C 22107M   25222.12062500 -.00013592  00000+0 -85221-3 0  2229
2 53711  53.2152 118.6957 0001357  90.8606  27.8694 15.08856056    10
STARLINK-4683
1 53712C 22107N   25222.11993056  .00003980  00000+0  24959-3 0  2227
2 53712  53.2161 118.4427 0001232  89.3017 165.8505 15.08829703    15
STARLINK-4698
1 53713C 22107P   25222.12618056  .00410170  00000+0  17406-2 0  2224
2 53713  53.1896  46.5799 0006477 277.3620  88.9272 15.84158668    13
STARLINK-4686
1 53715C 22107R   25222.12201389 -.00001088  00000+0 -68280-4 0  2227
2 53715  53.2160 123.6053 0001328  93.9575  64.9597 15.08817380    14
STARLINK-4699
1 53716C 22107S   25222.12201389  .00010356  00000+0  64933-3 0  2224
2 53716  53.2162 123.5658 0001308  89.6299  89.2657 15.08832277    19
STARLINK-4695
1 53718C 22107U   25222.11090278  .00004282  00000+0  26859-3 0  2224
2 53718  53.2164 124.2021 0001932  94.5026  78.4082 15.08826060    16
STARLINK-4644
1 53719C 22107V   25222.12131944  .00008762  00000+0  54951-3 0  2223
2 53719  53.2156  93.5156 0001368  89.2885 130.8512 15.08826130    11
STARLINK-4642
1 53720C 22107W   25222.11854167 -.00014041  00000+0 -88079-3 0  2220
2 53720  53.2158 123.6602 0001353  82.7059  37.2884 15.08839810    12
STARLINK-4707
1 53721C 22107X   25222.11784722  .00010369  00000+0  65032-3 0  2221
2 53721  53.2154 123.7427 0001338  92.8759 343.2641 15.08822348    16
STARLINK-4700
1 53722C 22107Y   25222.12340278  .00013074  00000+0  82002-3 0  2229
2 53722  53.2154 123.7896 0001355  90.7565 335.5198 15.08816935    14
STARLINK-4705
1 53723C 22107Z   25222.11715278  .00002554  00000+0  16012-3 0  2224
2 53723  53.2162 123.5535 0001457  86.7218  85.7359 15.08837702    13
STARLINK-4663
1 53724C 22107AA  25222.11923611  .00004884  00000+0  30631-3 0  2228
2 53724  53.2157 123.6960 0001445  92.2238  11.5020 15.08828356    19
STARLINK-4697
1 53726C 22107AC  25222.12201389  .00004472  00000+0  28045-3 0  2221
2 53726  53.2152 123.7604 0001404  89.5531 349.2007 15.08832364    12
STARLINK-4701
1 53727C 22107AD  25222.11923611  .00005679  00000+0  35633-3 0  2221
2 53727  53.2154 123.8916 0001303  79.8484 283.7849 15.08808963    13
STARLINK-4640
1 53728C 22107AE  25222.12131944  .00000574  00000+0  35981-4 0  2229
2 53728  53.2154 123.8425 0001397  88.1776 306.7560 15.08835135    16
STARLINK-4651
1 53729C 22107AF  25222.12201389  .00009312  00000+0  58417-3 0  2228
2 53729  53.2157 123.9986 0001313  84.8003 233.8168 15.08813950    12
STARLINK-4641
1 53730C 22107AG  25222.11923611  .00011781  00000+0  73888-3 0  2220
2 53730  53.2154 123.9317 0001442  85.4791 258.0676 15.08819176    12
STARLINK-4636
1 53731C 22107AH  25222.12340278 -.00004706  00000+0 -29519-3 0  2227
2 53731  53.2161 124.0335 0001294  87.7813 218.3623 15.08830118    18
STARLINK-4661
1 53732C 22107AJ  25222.12062500  .00006226  00000+0  39065-3 0  2221
2 53732  53.2157 123.9750 0001479  82.3440 243.5713 15.08810782    10
STARLINK-4574
1 53733C 22107AK  25222.12062500  .00010537  00000+0  66092-3 0  2222
2 53733  53.2166 124.1253 0001399  84.1502 166.8359 15.08819501    13
STARLINK-4616
1 53734C 22107AL  25222.11923611 -.00011442  00000+0 -71768-3 0  2225
2 53734  53.2157 123.9723 0001253  82.6139 240.9388 15.08839391    16
STARLINK-4618
1 53735C 22107AM  25222.12201389 -.00003773  00000+0 -23667-3 0  2221
2 53735  53.2163 133.6999 0001273  82.0881  21.7247 15.08832583    12
STARLINK-4652
1 53736C 22107AN  25222.12340278 -.00001216  00000+0 -76294-4 0  2228
2 53736  53.2164 124.0733 0001268  83.7656 202.3442 15.08826468    15
STARLINK-4646
1 53737C 22107AP  25222.12548611  .00046596  00000+0  11885-2 0  2221
2 53737  53.2027 123.0881 0001870 107.9278  36.4589 15.38901213    18
STARLINK-4662
1 53738C 22107AQ  25222.12201389 -.00002379  00000+0 -14924-3 0  2221
2 53738  53.2165 133.6627 0001355  95.4615  28.4093 15.08823985    18
STARLINK-4607
1 53740C 22107AS  25222.11854167 -.00010993  00000+0 -68955-3 0  2225
2 53740  53.2163 133.7963 0001277  86.5728 318.3153 15.08838386    11
STARLINK-4637
1 53742C 22107AU  25222.12340278 -.00004547  00000+0 -28519-3 0  2221
2 53742  53.2163 133.8132 0001136  94.1705 317.1185 15.08835080    16
STARLINK-4645
1 53743C 22107AV  25222.12062500 -.00005540  00000+0 -34759-3 0  2228
2 53743  53.2158 133.9817 0001329  82.9249 233.1784 15.08824661    19
STARLINK-4670
1 53744C 22107AW  25222.10743056 -.00013210  00000+0 -82860-3 0  2228
2 53744  53.2159 133.5779 0001213  91.9349  32.7566 15.08840866    13
STARLINK-4656
1 53745C 22107AX  25222.12201389  .00020329  00000+0  12739-2 0  2223
2 53745  53.2157 134.0136 0001374  90.6501 212.9257 15.08842970    16
STARLINK-4589
1 53746C 22107AY  25222.12062500 -.00001133  00000+0 -71063-4 0  2225
2 53746  53.2159 133.9419 0001361  92.8490 243.2708 15.08822172    18
STARLINK-4612
1 53750C 22107BC  25222.11715278  .00005682  00000+0  35644-3 0  2221
2 53750  53.2153 134.1157 0001386  83.3132 153.8214 15.08816041    10
STARLINK-4718
1 53773C 22111A   25222.12270833 -.00017353  00000+0 -10883-2 0  2222
2 53773  53.2163 153.8041 0000791  82.9524  54.5344 15.08852962    18
STARLINK-4719
1 53774C 22111B   25222.11715278 -.00003315  00000+0 -20796-3 0  2227
2 53774  53.2161 153.7892 0001381  84.5671  42.7737 15.08829635    13
STARLINK-4722
1 53775C 22111C   25222.12270833 -.00000311  00000+0 -19527-4 0  2226
2 53775  53.2162 144.1189 0001217  83.2247 269.0740 15.08831983    18
STARLINK-4664
1 53777C 22111E   25222.12062500 -.00003933  00000+0 -24678-3 0  2223
2 53777  53.2161 144.0508 0001410  81.0482 300.0058 15.08823709    10
STARLINK-4709
1 53778C 22111F   25222.12340278 -.00007605  00000+0 -47699-3 0  2223
2 53778  53.2162 148.6058 0001397  84.9164 164.0004 15.08836616    15
STARLINK-4706
1 53779C 22111G   25222.12340278 -.00004610  00000+0 -28912-3 0  2224
2 53779  53.2159 143.9990 0001336  85.9498 330.2049 15.08835173    12
STARLINK-4678
1 53780C 22111H   25222.11715278 -.00003939  00000+0 -24710-3 0  2226
2 53780  53.2159 144.1041 0001705  87.8629 254.3017 15.08827985    14
STARLINK-4462
1 53781C 22111J   25222.12270833  .00003112  00000+0  19523-3 0  2228
2 53781  53.2157 143.8837 0001392  83.5606  28.8979 15.08820066    16
STARLINK-4679
1 53782C 22111K   25222.11923611 -.00004173  00000+0 -26176-3 0  2229
2 53782  53.2157 143.9779 0001458  87.3633 326.1730 15.08834556    16
STARLINK-4536
1 53783C 22111L   25222.12062500  .00014277  00000+0  89515-3 0  2222
2 53783  53.2160 143.8143 0001184  88.8844  52.1878 15.08829150    14
STARLINK-4687
1 53784C 22111M   25222.12340278  .00015861  00000+0  99453-3 0  2226
2 53784  53.2158 143.9201 0001277  90.7964   5.3095 15.08824929    16
STARLINK-4631
1 53786C 22111P   25222.11645833  .00803970  00000+0  14179-2 0  2229
2 53786  53.2130 101.2767 0002099 258.7933 242.0149 16.00451606    18
STARLINK-4743
1 53787C 22111Q   25222.12409722 -.00010195  00000+0 -63948-3 0  2226
2 53787  53.2159 143.7163 0001374  84.1038 116.0172 15.08838919    12
STARLINK-4666
1 53789C 22111S   25222.12340278 -.00003865  00000+0 -24243-3 0  2229
2 53789  53.2163 143.6015 0001314  87.9169 168.4881 15.08836288    19
STARLINK-4734
1 53790C 22111T   25222.12131944 -.00007602  00000+0 -47682-3 0  2224
2 53790  53.2161 143.7705 0001349  86.3332  78.6600 15.08837167    17
STARLINK-4739
1 53792C 22111V   25222.12409722 -.00007150  00000+0 -44847-3 0  2226
2 53792  53.2163 144.2258 0001274  86.3419 208.2361 15.08836831    15
STARLINK-4728
1 53793C 22111W   25222.11993056 -.00012730  00000+0 -79849-3 0  2224
2 53793  53.2162 143.6929 0001214  90.6885 106.8124 15.08841344    17
STARLINK-4730
1 53794C 22111X   25222.11715278 -.00004728  00000+0 -29660-3 0  2227
2 53794  53.2159 143.7548 0001436  87.5988  69.5868 15.08826550    19
STARLINK-4742
1 53795C 22111Y   25222.11715278 -.00000297  00000+0 -18602-4 0  2220
2 53795  53.2164 143.5890 0001295  86.6974 155.7843 15.08829245    17
STARLINK-4721
1 53796C 22111Z   25222.13034722  .00399080  00000+0  17130-2 0  2223
2 53796  53.1695  43.5856 0007284 282.6892 300.6666 15.83921071    15
STARLINK-4723
1 53797C 22111AA  25222.12270833 -.00000551  00000+0 -34596-4 0  2229
2 53797  53.2163 143.4477 0001343  85.0766 247.6728 15.08822459    17
STARLINK-4712
1 53798C 22111AB  25222.11715278  .00002168  00000+0  13598-3 0  2228
2 53798  53.2163 143.5098 0001359  86.2386 196.2824 15.08829987    15
STARLINK-4710
1 53799C 22111AC  25222.12340278 -.00005887  00000+0 -36927-3 0  2228
2 53799  53.2164 133.9508 0001206  90.5973 355.3880 15.08836299    11
STARLINK-4720
1 53800C 22111AD  25222.12201389 -.00001862  00000+0 -11679-3 0  2226
2 53800  53.2162 133.8333 0001405  83.0327  60.6829 15.08832147    15
STARLINK-4715
1 53801C 22111AE  25222.11993056 -.00014405  00000+0 -90353-3 0  2228
2 53801  53.2157 133.6475 0001383  80.6014 151.9286 15.08844686    18
STARLINK-4726
1 53802C 22111AF  25222.11854167 -.00008483  00000+0 -53206-3 0  2223
2 53802  53.2160 133.7709 0001355  89.7358  75.1665 15.08837638    11
STARLINK-4727
1 53803C 22111AG  25222.11993056  .00012403  00000+0  77803-3 0  2229
2 53803  53.2155 118.9396 0001363  81.7055  13.1312 15.08813616    19
STARLINK-4729
1 53804C 22111AH  25222.12409722  .00011699  00000+0  73387-3 0  2222
2 53804  53.2161 128.6620 0001271  86.1124 151.3279 15.08815704    16
STARLINK-4763
1 53805C 22111AJ  25222.12062500  .00007087  00000+0  44470-3 0  2229
2 53805  53.2157 119.0207 0001450  81.9725 331.4360 15.08806252    16
STARLINK-4768
1 53806C 22111AK  25222.11923611  .00003848  00000+0  24135-3 0  2225
2 53806  53.2157 118.7451 0001339  88.9077 102.2707 15.08827061    17
STARLINK-4738
1 53819C 22114B   25222.11715278 -.00003168  00000+0 -19860-3 0  2226
2 53819  53.2153 173.7821 0001307  90.2419 247.0401 15.08848504    14
STARLINK-4758
1 53820C 22114C   25222.11923611 -.00000920  00000+0 -57704-4 0  2223
2 53820  53.2161 174.1192 0001323  88.0857  80.3421 15.08834939    17
STARLINK-4752
1 53821C 22114D   25222.13034722  .00557780  00000+0  66656-3 0  2226
2 53821  53.2087  84.2909 0001632 264.9685 349.8088 16.07091070    12
STARLINK-4748
1 53823C 22114F   25222.11784722  .00003626  00000+0  22741-3 0  2220
2 53823  53.2156 128.8911 0001319  84.9096 223.6217 15.08831031    19
STARLINK-4757
1 53824C 22114G   25222.12131944 -.00002307  00000+0 -14470-3 0  2221
2 53824  53.2159 173.2944 0001392  88.8121 151.4848 15.08835271    14
STARLINK-4751
1 53825C 22114H   25222.11923611 -.00027193  00000+0 -17054-2 0  2221
2 53825  53.2161 174.0378 0001418  88.8978 119.5950 15.08862506    17
STARLINK-4756
1 53826C 22114J   25222.12270833 -.00015293  00000+0 -95911-3 0  2221
2 53826  53.2151 173.8292 0001354  89.3588 238.1360 15.08848445    10
STARLINK-4764
1 53827C 22114K   25222.11993056 -.00010803  00000+0 -67751-3 0  2223
2 53827  53.2158 173.9584 0001438  90.9324 161.3961 15.08843115    15
STARLINK-4760
1 53828C 22114L   25222.12131944 -.00003269  00000+0 -20500-3 0  2224
2 53828  53.2150 173.7967 0001341  76.2125 263.7478 15.08837465    11
STARLINK-4759
1 53829C 22114M   25222.11645833 -.00012791  00000+0 -80216-3 0  2221
2 53829  53.2154 173.9348 0001387  88.5629 164.9039 15.08847958    19
STARLINK-4761
1 53830C 22114N   25222.11715278 -.00003641  00000+0 -22833-3 0  2229
2 53830  53.2152 173.7370 0001383  87.9065 269.4698 15.08835928    11
STARLINK-4649
1 53831C 22114P   25222.12340278 -.00007616  00000+0 -47765-3 0  2222
2 53831  53.2152 173.8646 0001398  88.6551 222.5853 15.08841259    10
STARLINK-4747
1 53832C 22114Q   25222.12131944 -.00004347  00000+0 -27263-3 0  2220
2 53832  53.2155 173.6392 0001371  91.9622 328.1187 15.08834960    11
STARLINK-4771
1 53833C 22114R   25222.11993056 -.00003050  00000+0 -19118-3 0  2220
2 53833  53.2152 173.7738 0001451  87.2943 259.8496 15.08851290    15
STARLINK-4737
1 53834C 22114S   25222.12270833 -.00006517  00000+0 -40874-3 0  2227
2 53834  53.2155 173.5535 0001090  88.7703  18.8922 15.08840978    19
STARLINK-4783
1 53835C 22114T   25222.12062500 -.00007427  00000+0 -46589-3 0  2228
2 53835  53.2153 173.6818 0001417  86.7337 309.5468 15.08831598    10
STARLINK-4778
1 53836C 22114U   25222.11923611 -.00003247  00000+0 -20361-3 0  2223
2 53836  53.2155 164.1030 0001383  88.1115  95.3312 15.08835822    18
STARLINK-4776
1 53837C 22114V   25222.11715278  .00007339  00000+0  46011-3 0  2226
2 53837  53.2155 173.6180 0001132  86.1005 331.2880 15.08837087    15
STARLINK-4773
1 53838C 22114W   25222.12201389  .00001723  00000+0  10806-3 0  2225
2 53838  53.2156 164.0557 0001374  89.3145 129.2405 15.08833781    12
STARLINK-4784
1 53839C 22114X   25222.12270833  .00000016  00000+0  10092-5 0  2229
2 53839  53.2156 164.1319 0001397  90.4001  91.9021 15.08831670    13
STARLINK-4766
1 53840C 22114Y   25222.11993056 -.00012084  00000+0 -75805-3 0  2220
2 53840  53.2158 163.9555 0001383  88.6322 173.5086 15.08836121    10
STARLINK-4750
1 53841C 22114Z   25222.12201389 -.00009298  00000+0 -58328-3 0  2227
2 53841  53.2159 164.0156 0001296  88.5591 150.0603 15.08834932    14
STARLINK-4754
1 53842C 22114AA  25222.12270833 -.00016457  00000+0 -10322-2 0  2224
2 53842  53.2163 163.8530 0001314  88.9176 233.5642 15.08847285    12
STARLINK-4769
1 53843C 22114AB  25222.11645833  .00001281  00000+0  80352-4 0  2229
2 53843  53.2160 164.0011 0001298  89.8086 138.6129 15.08832587    12
STARLINK-4745
1 53844C 22114AC  25222.11715278 -.00010607  00000+0 -66495-3 0  2226
2 53844  53.2164 163.8010 0000928 100.2232 232.0194 15.08860634    18
STARLINK-4753
1 53845C 22114AD  25222.12270833 -.00000304  00000+0 -19086-4 0  2229
2 53845  53.2163 163.9127 0001337  94.1185 208.3224 15.08830204    11
STARLINK-4746
1 53846C 22114AE  25222.11923611 -.00034282  00000+0 -21502-2 0  2224
2 53846  53.2161 163.7126 0001624  65.3097 318.3988 15.08865063    18
STARLINK-4777
1 53847C 22114AF  25222.12131944 -.00013902  00000+0 -87192-3 0  2220
2 53847  53.2162 163.8192 0001296  88.8401 246.1184 15.08845195    18
STARLINK-4780
1 53848C 22114AG  25222.12131944 -.00005363  00000+0 -33630-3 0  2221
2 53848  53.2158 163.6260 0001397  90.3131 344.7677 15.08839858    19
STARLINK-4770
1 53849C 22114AH  25222.10465278  .00009845  00000+0  61727-3 0  2225
2 53849  53.2161 163.8159 0001524  80.7637 203.5376 15.08833452    11
STARLINK-4767
1 53850C 22114AJ  25222.12131944 -.00008564  00000+0 -53725-3 0  2227
2 53850  53.2152 163.5081 0001351  82.3857  52.7866 15.08831725    13
STARLINK-4755
1 53851C 22114AK  25222.11715278 -.00009197  00000+0 -57678-3 0  2229
2 53851  53.2160 163.6828 0001360  89.7713 302.6418 15.08841619    18
STARLINK-4797
1 53852C 22114AL  25222.11645833 -.00002869  00000+0 -17994-3 0  2225
2 53852  53.2161 158.8416 0001244  90.8015 225.2391 15.08833557    10
STARLINK-4794
1 53853C 22114AM  25222.11715278 -.00011858  00000+0 -74368-3 0  2223
2 53853  53.2156 163.6057 0001382  91.9661 340.5010 15.08845473    11
STARLINK-4800
1 53854C 22114AN  25222.11715278 -.00000806  00000+0 -50550-4 0  2223
2 53854  53.2161 154.1427 0001327  85.1880  81.9296 15.08823397    14
STARLINK-4703
1 53855C 22114AP  25222.12340278 -.00005185  00000+0 -32517-3 0  2226
2 53855  53.2158 163.6246 0001430  86.1995 354.9926 15.08839517    12
STARLINK-4795
1 53856C 22114AQ  25222.12270833 -.00008661  00000+0 -54320-3 0  2224
2 53856  53.2156 153.9614 0001443  87.1267 190.2786 15.08839983    11
STARLINK-4809
1 53857C 22114AR  25222.11784722 -.00010561  00000+0 -66233-3 0  2229
2 53857  53.2153 163.4843 0001390  90.0441  46.2658 15.08843777    11
STARLINK-4798
1 53858C 22114AS  25222.12340278 -.00008815  00000+0 -55289-3 0  2223
2 53858  53.2163 154.0774 0001597  89.3497 131.7647 15.08838517    17
STARLINK-4790
1 53859C 22114AT  25222.12131944 -.00014268  00000+0 -89488-3 0  2229
2 53859  53.2160 158.5445 0001365  91.0231  31.6151 15.08846978    16
STARLINK-4799
1 53860C 22114AU  25222.12270833 -.00008152  00000+0 -51139-3 0  2229
2 53860  53.2155 153.9998 0001435  86.1095 171.3026 15.08832858    10
STARLINK-4781
1 53861C 22114AV  25222.11784722 -.00014609  00000+0 -91613-3 0  2221
2 53861  53.2160 154.0676 0001639  87.7317 123.1802 15.08850713    19
STARLINK-4788
1 53863C 22114AX  25222.12131944 -.00004885  00000+0 -30643-3 0  2227
2 53863  53.2156 153.9303 0001444  84.9300 204.9717 15.08828888    17
STARLINK-4779
1 53864C 22114AY  25222.11993056 -.00001636  00000+0 -10261-3 0  2222
2 53864  53.2163 153.4612 0001414  91.1091  71.5398 15.08832630    11
STARLINK-4762
1 53866C 22114BA  25222.12409722 -.00003701  00000+0 -23212-3 0  2222
2 53866  53.2157 134.0874 0001469  86.2572 148.6126 15.08832655    12
STARLINK-4793
1 53867C 22114BB  25222.11993056 -.00016287  00000+0 -10216-2 0  2222
2 53867  53.2164 143.9566 0001289  93.3233 184.0117 15.08844434    13
STARLINK-4789
1 53868C 22114BC  25222.11923611 -.00008512  00000+0 -53386-3 0  2221
2 53868  53.2163 133.8106 0001485  90.1452 278.5058 15.08840704    16
STARLINK-4810
1 53869C 22114BD  25222.12409722 -.00005396  00000+0 -33840-3 0  2225
2 53869  53.2157 143.5480 0001410  87.1895  53.0272 15.08838039    10
STARLINK-4732
1 53870C 22114BE  25222.12340278  .00004827  00000+0  30282-3 0  2220
2 53870  53.2160 133.8136 0001253  87.2472 284.0320 15.08820850    15
STARLINK-4740
1 53871C 22114BF  25222.11923611 -.00004142  00000+0 -25983-3 0  2222
2 53871  53.2162 133.5216 0001414  89.9704  58.9012 15.08825962    15
STARLINK-5028
1 53886C 22119A   25222.11854167  .00000996  00000+0  62482-4 0  2229
2 53886  53.2154 194.1314 0001371  86.2505 188.2842 15.08839004    15
STARLINK-5029
1 53887C 22119B   25222.11993056 -.00016014  00000+0 -10042-2 0  2224
2 53887  53.2149 194.0054 0001375  83.7727 258.4871 15.08856234    18
STARLINK-5034
1 53888C 22119C   25222.11993056 -.00026426  00000+0 -16568-2 0  2222
2 53888  53.2152 194.0861 0001153  85.6222 216.5719 15.08870473    11
STARLINK-5031
1 53889C 22119D   25222.12131944  .00002066  00000+0  12964-3 0  2223
2 53889  53.2152 194.0391 0001450  78.8231 251.0517 15.08812631    16
STARLINK-5050
1 53890C 22119E   25222.11784722 -.00009711  00000+0 -60904-3 0  2225
2 53890  53.2158 158.6901 0001418  90.2533  73.4211 15.08842569    14
STARLINK-5041
1 53891C 22119F   25222.11854167 -.00005133  00000+0 -32188-3 0  2224
2 53891  53.2147 193.9725 0001379  84.3262 270.4342 15.08839562    11
STARLINK-5046
1 53892C 22119G   25222.12340278 -.00006365  00000+0 -39915-3 0  2222
2 53892  53.2146 193.7564 0001343  84.8259  36.4888 15.08841047    18
STARLINK-5052
1 53893C 22119H   25222.12270833 -.00004108  00000+0 -25762-3 0  2220
2 53893  53.2145 193.8853 0001383  85.2996 326.9499 15.08839446    12
STARLINK-5043
1 53894C 22119J   25222.12131944 -.00006306  00000+0 -39567-3 0  2220
2 53894  53.2146 193.9232 0001107  91.4776 298.4669 15.08822422    13
STARLINK-5032
1 53895C 22119K   25222.11923611 -.00006741  00000+0 -42272-3 0  2220
2 53895  53.2147 193.8154 0001328  87.1684 351.4779 15.08841841    10
STARLINK-5037
1 53896C 22119L   25222.11715278  .00000063  00000+0  39501-5 0  2221
2 53896  53.2148 193.7467 0001158  69.7372  37.6301 15.08833498    12
STARLINK-5035
1 53897C 22119M   25222.12340278 -.00005258  00000+0 -32976-3 0  2227
2 53897  53.2143 193.8745 0001387  86.9251 334.2929 15.08841294    14
STARLINK-5044
1 53898C 22119N   25222.11715278 -.00010265  00000+0 -64379-3 0  2229
2 53898  53.2153 193.6283 0001345  89.9131  77.5307 15.08844704    11
STARLINK-5042
1 53899C 22119P   25222.12340278 -.00004237  00000+0 -26572-3 0  2220
2 53899  53.2149 193.6394 0001271  85.4452  95.9433 15.08837613    10
STARLINK-5045
1 53900C 22119Q   25222.12062500  .00005152  00000+0  32321-3 0  2226
2 53900  53.2154 193.5335 0000987  81.0418 145.2562 15.08816318    11
STARLINK-5024
1 53901C 22119R   25222.11506944  .00418750  00000+0  16089-1 0  2224
2 53901  53.2167 192.3517 0001361  73.4140  28.8824 15.25484830    15
STARLINK-5021
1 53902C 22119S   25222.11784722 -.00000686  00000+0 -43033-4 0  2226
2 53902  53.2163 143.6580 0001459  89.7443 116.4457 15.08832616    11
STARLINK-5022
1 53903C 22119T   25222.11506944 -.00002660  00000+0 -16684-3 0  2220
2 53903  53.2148 193.7243 0001218  62.9453  47.9138 15.08839280    12
STARLINK-4787
1 53904C 22119U   25222.12340278 -.00010045  00000+0 -62999-3 0  2224
2 53904  53.2153 193.4814 0001472  73.7821 187.7085 15.08844517    14
STARLINK-5003
1 53905C 22119V   25222.12340278 -.00005220  00000+0 -32737-3 0  2221
2 53905  53.2155 184.1017 0001364  89.4032 226.6907 15.08837327    14
STARLINK-5054
1 53906C 22119W   25222.11715278  .00003898  00000+0  24447-3 0  2223
2 53906  53.2150 183.6257 0001448  88.8697  93.5740 15.08830482    14
STARLINK-5057
1 53908C 22119Y   25222.11784722  .00002186  00000+0  13707-3 0  2221
2 53908  53.2156 184.0477 0001407  90.2326 235.6370 15.08836703    12
STARLINK-4796
1 53909C 22119Z   25222.11993056 -.00011490  00000+0 -72064-3 0  2225
2 53909  53.2151 184.1565 0001377  90.1941 187.0118 15.08842329    16
STARLINK-5056
1 53910C 22119AA  25222.11715278  .00020661  00000+0  48713-3 0  2227
2 53910  53.2015 127.5760 0003319  89.7848 274.8576 15.41304637    18
STARLINK-5048
1 53911C 22119AB  25222.12409722 -.00006250  00000+0 -39196-3 0  2228
2 53911  53.2154 184.0586 0001381  89.1664 250.7238 15.08840691    10
STARLINK-5059
1 53912C 22119AC  25222.12340278 -.00003062  00000+0 -19203-3 0  2224
2 53912  53.2149 183.5211 0001388  87.4549 169.0017 15.08839159    18
STARLINK-5053
1 53913C 22119AD  25222.11784722  .00001341  00000+0  84142-4 0  2221
2 53913  53.2158 183.8880 0001550  90.0525 316.0909 15.08813283    13
STARLINK-5040
1 53914C 22119AE  25222.11854167 -.00018061  00000+0 -11321-2 0  2229
2 53914  53.2158 183.8489 0001565  78.7022 351.0576 15.08870754    15
STARLINK-5017
1 53915C 22119AF  25222.12270833 -.00011838  00000+0 -74244-3 0  2222
2 53915  53.2158 183.9857 0001287  88.3279 284.0596 15.08846275    16
STARLINK-5051
1 53916C 22119AG  25222.11784722 -.00008245  00000+0 -51710-3 0  2220
2 53916  53.2161 163.5598 0001324  88.4860 167.7897 15.08839734    19
STARLINK-5036
1 53917C 22119AH  25222.12409722 -.00010267  00000+0 -64359-3 0  2226
2 53917  53.2157 183.9003 0001581  85.6050 334.3054 15.08860390    16
STARLINK-5012
1 53918C 22119AJ  25222.12062500 -.00021117  00000+0 -13244-2 0  2228
2 53918  53.2157 183.7957 0001453  82.1329  19.0648 15.08854556    15
STARLINK-5023
1 53919C 22119AK  25222.11854167 -.00007236  00000+0 -45361-3 0  2228
2 53919  53.2152 183.7663 0001441  83.0040  26.8095 15.08859199    12
STARLINK-5025
1 53920C 22119AL  25222.11784722 -.00015613  00000+0 -97914-3 0  2228
2 53920  53.2157 183.9722 0001144  72.6857 288.1073 15.08850000    18
STARLINK-5002
1 53922C 22119AN  25222.12062500  .00000469  00000+0  29398-4 0  2227
2 53922  53.2146 183.6389 0001324  88.4229  92.8734 15.08833995    10
STARLINK-5004
1 53923C 22119AP  25222.11923611 -.00009004  00000+0 -56465-3 0  2226
2 53923  53.2151 183.7250 0001339  79.8722  53.8213 15.08844577    10
STARLINK-5001
1 53924C 22119AQ  25222.11923611 -.00011827  00000+0 -74147-3 0  2220
2 53924  53.2161 178.8035 0001672  76.4546  24.6385 15.08858090    16
STARLINK-5011
1 53925C 22119AR  25222.12201389 -.00002357  00000+0 -14782-3 0  2220
2 53925  53.2151 183.4875 0001397  90.6385 178.3056 15.08836078    17
STARLINK-5014
1 53926C 22119AS  25222.12062500 -.00007831  00000+0 -49113-3 0  2229
2 53926  53.2158 178.6761 0001434  86.0471  82.7314 15.08840940    10
STARLINK-5008
1 53927C 22119AT  25222.12618056  .00083747  00000+0  98795-3 0  2221
2 53927  53.1888 117.4630 0006540  81.9875 203.2965 15.60604399    17
STARLINK-5009
1 53928C 22119AU  25222.11993056 -.00002740  00000+0 -17183-3 0  2225
2 53928  53.2160 173.7954 0001356  89.7229  22.6945 15.08834303    18
STARLINK-5018
1 53929C 22119AV  25222.11090278 -.00004393  00000+0 -27550-3 0  2225
2 53929  53.2148 184.3108 0001405  87.7757  75.0677 15.08838927    13
STARLINK-5010
1 53930C 22119AW  25222.12340278 -.00001679  00000+0 -10530-3 0  2220
2 53930  53.2162 173.6207 0001328  90.0985 121.3040 15.08834104    18
STARLINK-5015
1 53931C 22119AX  25222.12340278 -.00000862  00000+0 -54036-4 0  2224
2 53931  53.2161 168.5440 0001346  93.6294 165.3287 15.08831396    13
STARLINK-4772
1 53932C 22119AY  25222.12062500  .00007278  00000+0  45665-3 0  2227
2 53932  53.2153 168.9849 0001410  84.9553 298.7026 15.08809964    13
STARLINK-4782
1 53933C 22119AZ  25222.12270833  .00005618  00000+0  35242-3 0  2224
2 53933  53.2162 173.7430 0001386  82.7652  64.7723 15.08816711    15
STARLINK-4775
1 53934C 22119BA  25222.12409722 -.00007442  00000+0 -46671-3 0  2223
2 53934  53.2153 168.9273 0001385  85.7788 336.6965 15.08842251    16
STARLINK-5000
1 53935C 22119BB  25222.11923611 -.00014073  00000+0 -88273-3 0  2223
2 53935  53.2161 158.7794 0001389  92.2860  38.9012 15.08841748    14
STARLINK-4791
1 53936C 22119BC  25222.11229167  .00002543  00000+0  15928-3 0  2223
2 53936  53.2160 168.6661 0001367  95.0260  63.4729 15.08878145    17
STARLINK-4633
1 53964C 22125A   25222.12409722 -.00017493  00000+0 -10975-2 0  2227
2 53964  53.2158  94.0345 0001428  85.4728 169.4676 15.08839543    13
STARLINK-4578
1 53965C 22125B   25222.11993056  .00013873  00000+0  87004-3 0  2229
2 53965  53.2160  94.0236 0001288  87.1189 159.9457 15.08821798    14
STARLINK-4635
1 53966C 22125C   25222.12340278  .00014199  00000+0  89078-3 0  2228
2 53966  53.2159  93.9575 0001407  95.3207 195.9174 15.08808250    16
STARLINK-4634
1 53967C 22125D   25222.11993056  .00005816  00000+0  36477-3 0  2227
2 53967  53.2159  93.9330 0001308  86.3522 205.9814 15.08825813    13
STARLINK-4629
1 53968C 22125E   25222.11923611  .00012614  00000+0  79144-3 0  2220
2 53968  53.2161  93.8168 0001437  82.2697 266.4117 15.08806389    11
STARLINK-4468
1 53969C 22125F   25222.11854167  .00013391  00000+0  83988-3 0  2224
2 53969  53.2161  93.8987 0001178  87.3852 217.4295 15.08818012    11
STARLINK-4567
1 53970C 22125G   25222.11993056  .00010570  00000+0  66311-3 0  2224
2 53970  53.2159  88.9392 0001308  84.7539 215.1247 15.08810570    16
STARLINK-4639
1 53971C 22125H   25222.12479167  .00039876  00000+0  10122-2 0  2226
2 53971  53.2191  82.2363 0000914 118.9510  99.2598 15.39055278    19
STARLINK-5156
1 53973C 22125K   25222.12131944  .00013076  00000+0  82028-3 0  2225
2 53973  53.2159  93.7674 0002080  84.5657 295.4547 15.08809698    16
STARLINK-5159
1 53974C 22125L   25222.11923611  .00011213  00000+0  70341-3 0  2221
2 53974  53.2157  73.5011 0001284  84.3419  94.5434 15.08812493    15
STARLINK-5137
1 53975C 22125M   25222.11715278  .00008980  00000+0  56297-3 0  2221
2 53975  53.2151  88.4865 0001402  90.0386  74.9563 15.08839747    17
STARLINK-5134
1 53976C 22125N   25222.12201389  .00011844  00000+0  74269-3 0  2228
2 53976  53.2156  74.0028 0001366  90.0427 203.5594 15.08827819    11
STARLINK-5094
1 53977C 22125P   25222.11715278  .00008572  00000+0  53756-3 0  2227
2 53977  53.2154  89.0225 0001313  90.3780 154.3019 15.08828102    13
STARLINK-5148
1 53978C 22125Q   25222.08381944  .00015026  00000+0  94227-3 0  2223
2 53978  53.2159  88.9734 0001346  91.9425  71.7199 15.08823016    11
STARLINK-5123
1 53979C 22125R   25222.09284722  .00015470  00000+0  96999-3 0  2222
2 53979  53.2159  89.0133 0001253  90.0836  82.5746 15.08825477    11
STARLINK-5133
1 53980C 22125S   25222.12340278  .00014662  00000+0  91944-3 0  2224
2 53980  53.2155  88.5990 0001398  90.6385  28.2735 15.08822938    13
STARLINK-5149
1 53981C 22125T   25222.12270833  .00011008  00000+0  69046-3 0  2223
2 53981  53.2151  73.6605 0001422  86.8691  30.7570 15.08817461    13
STARLINK-5120
1 53982C 22125U   25222.11923611  .00012057  00000+0  75605-3 0  2225
2 53982  53.2152  83.9372 0001368  87.9216 215.6237 15.08826177    12
STARLINK-5103
1 53983C 22125V   25222.12270833  .00011925  00000+0  74787-3 0  2221
2 53983  53.2151  73.7210 0001325  84.4048 353.1536 15.08822085    12
STARLINK-5142
1 53984C 22125W   25222.12409722 -.00000058  00000+0 -36153-5 0  2227
2 53984  53.2150  84.0340 0001387  82.6050 187.3117 15.08829180    17
STARLINK-5147
1 53985C 22125X   25222.11715278  .00013277  00000+0  83274-3 0  2222
2 53985  53.2149  84.1419 0001392  88.8128 103.3276 15.08816943    11
STARLINK-5119
1 53986C 22125Y   25222.11993056  .00011365  00000+0  71291-3 0  2227
2 53986  53.2157  73.5787 0001292  84.8399  57.7549 15.08816470    16
STARLINK-5113
1 53988C 22125AA  25222.12340278  .00013922  00000+0  87334-3 0  2228
2 53988  53.2147  83.9964 0001420  83.4893 202.6901 15.08810346    15
STARLINK-5118
1 53991C 22125AD  25222.11993056  .00012171  00000+0  76321-3 0  2228
2 53991  53.2155  73.8305 0001382  86.2854 256.1159 15.08825811    12
STARLINK-5108
1 53992C 22125AE  25222.11854167  .00009433  00000+0  59183-3 0  2222
2 53992  53.2154  83.9010 0001366  86.4567 233.3971 15.08810443    16
STARLINK-5121
1 53993C 22125AF  25222.12062500  .00001758  00000+0  11027-3 0  2223
2 53993  53.2160  78.6483 0001309  87.6114  11.2016 15.08827054    16
STARLINK-5125
1 53994C 22125AG  25222.12409722  .00005601  00000+0  35129-3 0  2225
2 53994  53.2160  83.7587 0001277  89.4775 320.6027 15.08826427    18
STARLINK-5097
1 53995C 22125AH  25222.12340278  .00012545  00000+0  78674-3 0  2223
2 53995  53.2156  83.8444 0001342  88.7857 277.4572 15.08823345    13
STARLINK-5131
1 53996C 22125AJ  25222.11854167  .00012102  00000+0  75921-3 0  2221
2 53996  53.2157  83.7411 0001298  84.2657 315.6794 15.08811853    19
STARLINK-5130
1 53997C 22125AK  25222.11854167 -.00001551  00000+0 -97290-4 0  2224
2 53997  53.2161  74.1271 0001325  92.9715 121.7085 15.08827530    13
STARLINK-5128
1 53998C 22125AL  25222.11923611  .00014113  00000+0  88497-3 0  2220
2 53998  53.2158  83.6588 0001341  94.5349 349.2056 15.08826344    12
STARLINK-5079
1 53999C 22125AM  25222.11854167  .00011467  00000+0  71919-3 0  2220
2 53999  53.2160  83.8234 0001313  89.6709 270.1965 15.08820347    18
STARLINK-5088
1 54000C 22125AN  25222.12131944  .00012313  00000+0  77233-3 0  2222
2 54000  53.2158  74.0750 0001322  94.2766 155.5463 15.08817396    18
STARLINK-5109
1 54002C 22125AQ  25222.12131944  .00018072  00000+0  11338-2 0  2225
2 54002  53.2153  73.6285 0001540  92.0634  37.9362 15.08803094    16
STARLINK-5114
1 54003C 22125AR  25222.12270833  .00014215  00000+0  89084-3 0  2226
2 54003  53.2159  83.6826 0001405  78.4671   4.0454 15.08845942    19
STARLINK-5129
1 54004C 22125AS  25222.11715278  .00014781  00000+0  92692-3 0  2220
2 54004  53.2158  83.5883 0001353  85.5687  26.8857 15.08821079    13
STARLINK-5135
1 54005C 22125AT  25222.11854167  .00014705  00000+0  92232-3 0  2228
2 54005  53.2160  83.6213 0001397  94.6035   5.4215 15.08816292    13
STARLINK-5096
1 54006C 22125AU  25222.11993056  .00016132  00000+0  10117-2 0  2227
2 54006  53.2154  83.4687 0001382  85.4570 102.1748 15.08819881    19
STARLINK-5132
1 54007C 22125AV  25222.12409722  .00012531  00000+0  78601-3 0  2223
2 54007  53.2156  83.5196 0001393  94.5121  75.7609 15.08816112    18
STARLINK-5145
1 54008C 22125AW  25222.11784722  .00012871  00000+0  80714-3 0  2224
2 54008  53.2156  73.5484 0000928  93.7060  57.5815 15.08824818    13
STARLINK-5099
1 54009C 22125AX  25222.12062500  .00008436  00000+0  52910-3 0  2228
2 54009  53.2154  83.4969 0001305  83.6091  87.7916 15.08822544    13
STARLINK-5127
1 54010C 22125AY  25222.12131944  .00011574  00000+0  72530-3 0  2226
2 54010  53.2158  73.4621 0001467  80.5062 129.5999 15.08849838    17
STARLINK-5124
1 54011C 22125AZ  25222.11993056  .00023379  00000+0  14662-2 0  2223
2 54011  53.2157  74.0437 0001309  79.4233 182.7341 15.08811721    13
STARLINK-5126
1 54012C 22125BA  25222.11993056  .00012061  00000+0  75667-3 0  2223
2 54012  53.2148  73.7716 0001342  80.1659 322.3140 15.08807963    10
STARLINK-5098
1 54013C 22125BB  25222.12409722  .00012141  00000+0  76130-3 0  2222
2 54013  53.2151  73.8322 0001379  88.8750 296.1528 15.08828622    19
STARLINK-5055
1 54015C 22125BD  25222.11715278  .00004140  00000+0  25967-3 0  2221
2 54015  53.2148  73.8203 0001385  83.3961 283.9228 15.08828728    14
STARLINK-5195
1 54051C 22136A   25222.11993056 -.00005474  00000+0 -34330-3 0  2222
2 54051  53.2150 214.1424 0001324  87.1341 165.0639 15.08838917    16
STARLINK-5189
1 54052C 22136B   25222.12340278 -.00014665  00000+0 -91971-3 0  2222
2 54052  53.2162 173.6932 0001375  63.8819 107.4651 15.08849707    13
STARLINK-5176
1 54053C 22136C   25222.11715278 -.00012395  00000+0 -77740-3 0  2224
2 54053  53.2149 214.1143 0001261  77.0937 180.0386 15.08845725    14
STARLINK-5163
1 54054C 22136D   25222.10881944 -.00009873  00000+0 -61912-3 0  2229
2 54054  53.2147 214.0720 0001949  76.1511 175.7365 15.08845284    12
STARLINK-5158
1 54055C 22136E   25222.12270833 -.00013989  00000+0 -87724-3 0  2223
2 54055  53.2148 214.0496 0001280  80.9230 226.4187 15.08850328    14
STARLINK-5226
1 54056C 22136F   25222.11854167 -.00002837  00000+0 -17791-3 0  2228
2 54056  53.2144 213.4877 0001272  85.1837 139.8974 15.08834558    16
STARLINK-5167
1 54058C 22136H   25222.12131944 -.00002570  00000+0 -16114-3 0  2224
2 54058  53.2145 213.8983 0001231  69.0716 310.7751 15.08845900    19
STARLINK-5173
1 54059C 22136J   25222.12270833 -.00011045  00000+0 -69263-3 0  2226
2 54059  53.2146 213.9323 0001310  80.9861 286.4345 15.08846842    15
STARLINK-5169
1 54060C 22136K   25222.11993056 -.00017357  00000+0 -10885-2 0  2223
2 54060  53.2146 183.5534 0001269  84.9595 132.6188 15.08852975    15
STARLINK-5209
1 54061C 22136L   25222.12062500 -.00008468  00000+0 -53108-3 0  2225
2 54061  53.2154 178.5043 0001469  87.9593 140.9308 15.08843346    15
STARLINK-5170
1 54062C 22136M   25222.11784722 -.00009876  00000+0 -61935-3 0  2223
2 54062  53.2143 213.8747 0001268  80.9004 300.1537 15.08845508    11
STARLINK-5225
1 54063C 22136N   25222.12062500 -.00008304  00000+0 -52077-3 0  2220
2 54063  53.2142 213.8236 0001287  82.3744 333.8042 15.08842890    17
STARLINK-5172
1 54064C 22136P   25222.12131944 -.00012607  00000+0 -79066-3 0  2228
2 54064  53.2156 169.0679 0001425  89.7327 237.5588 15.08845763    15
STARLINK-5187
1 54065C 22136Q   25222.12270833 -.00000350  00000+0 -21933-4 0  2223
2 54065  53.2138 213.7354 0001343 116.0879 351.3477 15.08844586    12
STARLINK-5151
1 54066C 22136R   25222.11854167  .00000276  00000+0  17279-4 0  2224
2 54066  53.2155 213.7960 0001388  87.7290 337.1399 15.08832810    17
STARLINK-5174
1 54067C 22136S   25222.11993056 -.00001554  00000+0 -97441-4 0  2227
2 54067  53.2142 213.6692 0001264  80.9240  51.5738 15.08838650    10
STARLINK-5222
1 54068C 22136T   25222.11715278  .00007819  00000+0  49036-3 0  2220
2 54068  53.2141 213.7207 0001397  76.4043  20.8719 15.08824832    16
STARLINK-5181
1 54070C 22136V   25222.12131944 -.00006384  00000+0 -40035-3 0  2224
2 54070  53.2142 213.5847 0001351  87.2068  92.8871 15.08842868    12
STARLINK-5168
1 54071C 22136W   25222.12062500 -.00002185  00000+0 -13703-3 0  2223
2 54071  53.2144 213.5491 0001258  81.2598 115.0946 15.08837607    14
STARLINK-5146
1 54073C 22136Y   25222.12270833 -.00000639  00000+0 -40100-4 0  2229
2 54073  53.2140 208.5413 0001312  80.9892 134.1908 15.08833580    10
STARLINK-5192
1 54074C 22136Z   25222.11715278 -.00003063  00000+0 -19211-3 0  2228
2 54074  53.2145 213.5243 0001172  81.7237 115.7871 15.08836570    15
STARLINK-5212
1 54075C 22136AA  25222.10187500 -.00010187  00000+0 -63886-3 0  2221
2 54075  53.2140 208.5924 0001260  77.3434  44.6380 15.08846604    13
STARLINK-5201
1 54076C 22136AB  25222.12131944 -.00017618  00000+0 -11050-2 0  2226
2 54076  53.2149 214.0921 0001237  80.3076 194.2767 15.08849831    18
STARLINK-5171
1 54077C 22136AC  25222.11715278 -.00001678  00000+0 -10523-3 0  2228
2 54077  53.2148 189.5428 0001286  80.6887  48.4496 15.08837576    15
STARLINK-5138
1 54078C 22136AD  25222.11993056 -.00002435  00000+0 -15269-3 0  2225
2 54078  53.2145 193.8495 0001349  81.6297 340.7594 15.08836511    16
STARLINK-5175
1 54079C 22136AE  25222.12270833 -.00000521  00000+0 -32664-4 0  2221
2 54079  53.2139 204.1053 0001251  80.3936 201.8992 15.08836049    19
STARLINK-5160
1 54080C 22136AF  25222.12062500 -.00010330  00000+0 -64790-3 0  2226
2 54080  53.2149 209.0579 0001413  87.1001 216.4367 15.08842123    15
STARLINK-5165
1 54081C 22136AG  25222.12895833  .00000104  00000+0  64172-5 0  2222
2 54081  53.2162 203.7851 0000958  57.4422  50.4960 15.09567295    15
STARLINK-5210
1 54082C 22136AH  25222.11993056 -.00005820  00000+0 -36499-3 0  2229
2 54082  53.2141 204.0788 0001404  88.7773 198.4564 15.08839184    10
STARLINK-5178
1 54083C 22136AJ  25222.11715278 -.00004488  00000+0 -28144-3 0  2225
2 54083  53.2145 203.9748 0001219  80.7823 251.4298 15.08838820    11
STARLINK-5183
1 54084C 22136AK  25222.11923611 -.00001685  00000+0 -10568-3 0  2225
2 54084  53.2144 204.0429 0001261  92.1897 211.2468 15.08839540    17
STARLINK-5166
1 54085C 22136AL  25222.11993056 -.00004626  00000+0 -29010-3 0  2226
2 54085  53.2149 203.9333 0001248  78.9729 283.1619 15.08838556    18
STARLINK-5211
1 54086C 22136AM  25222.11923611 -.00012381  00000+0 -77652-3 0  2229
2 54086  53.2156 189.0005 0001287  78.5875 267.4362 15.08845462    12
STARLINK-5184
1 54087C 22136AN  25222.12201389 -.00011864  00000+0 -74403-3 0  2228
2 54087  53.2148 203.5268 0001272  69.2761 149.6436 15.08846331    11
STARLINK-5153
1 54088C 22136AP  25222.12131944 -.00004661  00000+0 -29230-3 0  2223
2 54088  53.2143 203.9948 0001079  91.1823 243.6479 15.08840422    11
STARLINK-5143
1 54089C 22136AQ  25222.12340278 -.00005472  00000+0 -34320-3 0  2223
2 54089  53.2153 203.7498 0001302  80.6218  25.7004 15.08839279    12
STARLINK-5177
1 54090C 22136AR  25222.12201389 -.00000978  00000+0 -61317-4 0  2227
2 54090  53.2152 203.7952 0001335  76.3496   2.3143 15.08831043    10
STARLINK-5221
1 54091C 22136AS  25222.12340278 -.00004449  00000+0 -27900-3 0  2225
2 54091  53.2144 203.4765 0001382  82.2952 164.1913 15.08839394    15
STARLINK-5190
1 54092C 22136AT  25222.13034722  .00027199  00000+0  53928-3 0  2225
2 54092  53.1862 113.8754 0004446  49.4096 298.3877 15.46406693    15
STARLINK-5213
1 54093C 22136AU  25222.12201389 -.00023728  00000+0 -14881-2 0  2220
2 54093  53.2149 203.6369 0001265  77.0650  81.7828 15.08858225    14
STARLINK-5219
1 54094C 22136AV  25222.11923611 -.00005901  00000+0 -37010-3 0  2222
2 54094  53.2153 203.7283 0001392  84.7091  18.9920 15.08840011    10
STARLINK-5193
1 54095C 22136AW  25222.12201389 -.00008928  00000+0 -55993-3 0  2227
2 54095  53.2150 203.5578 0001361  79.5139 119.3816 15.08843095    19
STARLINK-5188
1 54096C 22136AX  25222.12340278 -.00000048  00000+0 -30108-5 0  2227
2 54096  53.2151 203.6702 0001363  87.4613  58.7937 15.08853175    18
STARLINK-5197
1 54097C 22136AY  25222.12270833 -.00002824  00000+0 -17713-3 0  2226
2 54097  53.2158 178.8130 0001303  85.6962  14.3078 15.08836496    16
STARLINK-5217
1 54098C 22136AZ  25222.12340278 -.00012502  00000+0 -78401-3 0  2223
2 54098  53.2146 204.2156 0001318  76.9499 143.8487 15.08849539    14
STARLINK-5198
1 54099C 22136BA  25222.11715278 -.00008326  00000+0 -52211-3 0  2229
2 54099  53.2143 203.4620 0001315  78.4255 154.1239 15.08844122    16
STARLINK-5185
1 54100C 22136BB  25222.12270833 -.00004407  00000+0 -27639-3 0  2228
2 54100  53.2150 203.5940 0001396  77.8639 104.7789 15.08838558    18
STARLINK-5204
1 54101C 22136BC  25222.11854167 -.00074939  00000+0 -47003-2 0  2229
2 54101  53.2149 188.6635 0000948  94.5559  62.7765 15.08905520    11
STARLINK-5179
1 54102C 22136BD  25222.11854167 -.00002136  00000+0 -13398-3 0  2221
2 54102  53.2150 203.9198 0001251  78.1696 281.6196 15.08835338    16
STARLINK-5200
1 54103C 22136BE  25222.11784722 -.00068578  00000+0 -43007-2 0  2222
2 54103  53.2148 183.6894 0000635  90.3569  55.8875 15.08904368    16
STARLINK-5203
1 54104C 22136BF  25222.12201389  .00001383  00000+0  86769-4 0  2220
2 54104  53.2161 168.4404 0001372  92.0344 199.4405 15.08830166    17
STARLINK-5290
1 54157C 22141A   25222.12340278 -.00008839  00000+0 -55427-3 0  2226
2 54157  53.2146 243.8290 0001261  79.8513 101.2104 15.08846693    16
STARLINK-5297
1 54158C 22141B   25222.11854167 -.00018059  00000+0 -11324-2 0  2225
2 54158  53.2141 244.0380 0001143  84.0893 335.6291 15.08857264    19
STARLINK-5294
1 54159C 22141C   25222.12131944 -.00002782  00000+0 -17446-3 0  2226
2 54159  53.2140 243.9928 0000930  89.3223   5.5084 15.08836118    11
STARLINK-5233
1 54160C 22141D   25222.11993056 -.00020528  00000+0 -12871-2 0  2221
2 54160  53.2152 198.8640 0001337  82.7895 112.0564 15.08863067    19
STARLINK-5269
1 54161C 22141E   25222.11784722 -.00002714  00000+0 -17012-3 0  2220
2 54161  53.2139 244.0113 0001274  88.3907 342.2635 15.08852683    18
STARLINK-5273
1 54162C 22141F   25222.12131944 -.00014116  00000+0 -88561-3 0  2220
2 54162  53.2146 243.9062 0001237  88.1844  46.8033 15.08834293    11
STARLINK-5161
1 54163C 22141G   25222.12270833 -.00026531  00000+0 -16634-2 0  2227
2 54163  53.2147 234.0544 0001302  78.5599 358.7551 15.08870483    13
STARLINK-5278
1 54164C 22141H   25222.11645833 -.00021826  00000+0 -13686-2 0  2229
2 54164  53.2148 234.1214 0001290  79.1984 304.1416 15.08861156    13
STARLINK-5279
1 54165C 22141J   25222.11923611 -.00013539  00000+0 -84902-3 0  2225
2 54165  53.2147 243.8758 0001183  82.0036  61.6061 15.08849993    11
STARLINK-5280
1 54166C 22141K   25222.11715278 -.00025559  00000+0 -16021-2 0  2225
2 54166  53.2143 234.0401 0001430  52.4888  14.6172 15.08878975    19
STARLINK-5243
1 54167C 22141L   25222.11854167 -.00000239  00000+0 -15016-4 0  2220
2 54167  53.2147 243.6822 0001077  84.3141 155.6543 15.08825308    10
STARLINK-5245
1 54168C 22141M   25222.11715278 -.00011002  00000+0 -68988-3 0  2225
2 54168  53.2141 234.0005 0001285  79.7966   7.3883 15.08851412    11
STARLINK-5282
1 54169C 22141N   25222.11784722 -.00022758  00000+0 -14269-2 0  2228
2 54169  53.2146 233.4531 0001433  70.1114 301.1964 15.08865395    19
STARLINK-5155
1 54170C 22141P   25222.11784722 -.00011618  00000+0 -72860-3 0  2225
2 54170  53.2139 233.9577 0001279  74.8713  36.1392 15.08846984    15
STARLINK-5117
1 54172C 22141R   25222.12062500 -.00000632  00000+0 -39652-4 0  2228
2 54172  53.2136 233.8662 0001220  79.6066  86.5347 15.08836696    16
STARLINK-5242
1 54173C 22141S   25222.12201389 -.00007721  00000+0 -48420-3 0  2227
2 54173  53.2146 233.4669 0001213  76.6895 297.2759 15.08842473    18
STARLINK-5248
1 54174C 22141T   25222.11854167  .00001005  00000+0  62995-4 0  2226
2 54174  53.2150 178.6438 0001528  95.3953 222.0664 15.08833600    13
STARLINK-5256
1 54175C 22141U   25222.11715278 -.00082029  00000+0 -51427-2 0  2229
2 54175  53.2138 233.9213 0001489  83.4184  43.8901 15.08928340    15
STARLINK-5154
1 54176C 22141V   25222.12062500 -.00076603  00000+0 -47990-2 0  2225
2 54176  53.2138 233.7478 0000787  82.3754 143.8188 15.08950437    18
STARLINK-5186
1 54177C 22141W   25222.12131944 -.00016312  00000+0 -10230-2 0  2223
2 54177  53.2140 233.8241 0001335  83.7560 106.1977 15.08852955    15
STARLINK-5164
1 54178C 22141X   25222.12201389 -.00013244  00000+0 -83017-3 0  2220
2 54178  53.2143 233.5623 0001210  87.8542 225.9609 15.08865030    17
STARLINK-5122
1 54179C 22141Y   25222.12270833 -.00013212  00000+0 -82860-3 0  2221
2 54179  53.2140 233.7781 0001216  86.9544 130.5656 15.08845911    19
STARLINK-5228
1 54180C 22141Z   25222.12131944 -.00014971  00000+0 -93889-3 0  2228
2 54180  53.2142 233.5452 0001160  83.1034 247.0374 15.08850646    19
STARLINK-5227
1 54181C 22141AA  25222.12270833 -.00003114  00000+0 -19527-3 0  2224
2 54181  53.2141 233.6584 0001123  67.4085 210.0935 15.08840715    15
STARLINK-5231
1 54182C 22141AB  25222.12270833 -.00003519  00000+0 -22069-3 0  2229
2 54182  53.2150 203.5184 0001077  86.5309 316.1648 15.08839203    16
STARLINK-5239
1 54183C 22141AC  25222.11923611 -.00010467  00000+0 -65641-3 0  2221
2 54183  53.2145 233.5172 0001237  85.0865 253.7501 15.08846830    18
STARLINK-5162
1 54184C 22141AD  25222.10881944 -.00002232  00000+0 -13999-3 0  2223
2 54184  53.2145 234.3057 0001278  89.8369 166.6916 15.08837618    12
STARLINK-5235
1 54185C 22141AE  25222.11784722 -.00011296  00000+0 -70835-3 0  2223
2 54185  53.2141 233.6417 0001216  88.3448 182.8649 15.08848549    13
STARLINK-5194
1 54186C 22141AF  25222.12062500 -.00003278  00000+0 -20558-3 0  2226
2 54186  53.2140 224.0877 0001178  81.6000 339.4008 15.08834956    10
STARLINK-5240
1 54187C 22141AG  25222.12131944 -.00015975  00000+0 -10018-2 0  2222
2 54187  53.2144 233.7145 0001074  78.6180 171.4090 15.08852199    14
STARLINK-5238
1 54188C 22141AH  25222.12131944 -.00013190  00000+0 -82682-3 0  2227
2 54188  53.2145 224.0482 0001910  62.9933  21.7329 15.08862875    18
STARLINK-5281
1 54190C 22141AK  25222.11993056 -.00006290  00000+0 -39446-3 0  2222
2 54190  53.2144 224.0143 0001242  79.1215  18.1520 15.08843146    18
STARLINK-4619
1 54191C 22141AL  25222.12270833 -.00008264  00000+0 -51817-3 0  2224
2 54191  53.2143 224.1214 0001087  78.2524 334.0125 15.08848794    13
STARLINK-5268
1 54192C 22141AM  25222.11784722 -.00000848  00000+0 -53191-4 0  2229
2 54192  53.2139 223.6329 0001300  90.6637 195.4824 15.08840280    18
STARLINK-5263
1 54193C 22141AN  25222.11993056 -.00005055  00000+0 -31704-3 0  2222
2 54193  53.2147 223.9374 0001154  77.3975  59.9260 15.08840262    13
STARLINK-5271
1 54194C 22141AP  25222.11715278 -.00006108  00000+0 -38303-3 0  2223
2 54194  53.2144 223.8693 0001255  71.3706  90.9241 15.08840663    11
STARLINK-5258
1 54195C 22141AQ  25222.11854167 -.00006240  00000+0 -39134-3 0  2225
2 54195  53.2145 223.9817 0001114  80.7879  28.9611 15.08841929    19
STARLINK-5237
1 54196C 22141AR  25222.11993056 -.00022280  00000+0 -13972-2 0  2220
2 54196  53.2144 223.7795 0001264  76.3084 141.1258 15.08859293    15
STARLINK-5246
1 54198C 22141AT  25222.11923611 -.00008203  00000+0 -51442-3 0  2226
2 54198  53.2141 223.7441 0001326  74.6009 159.0836 15.08844081    18
STARLINK-5244
1 54199C 22141AU  25222.12201389 -.00017019  00000+0 -10673-2 0  2224
2 54199  53.2144 223.8090 0001241  72.2427 136.4857 15.08853331    17
STARLINK-5250
1 54200C 22141AV  25222.12340278 -.00007427  00000+0 -46568-3 0  2223
2 54200  53.2138 223.6459 0001216  78.7914 217.5612 15.08848968    14
STARLINK-5199
1 54201C 22141AW  25222.12201389 -.00020517  00000+0 -12866-2 0  2221
2 54201  53.2146 223.8818 0001201  71.5308  97.1524 15.08858203    14
STARLINK-5205
1 54202C 22141AX  25222.12340278 -.00101010  00000+0 -63301-2 0  2221
2 54202  53.2139 223.5673 0001292  80.4875 255.8505 15.08962354    16
STARLINK-5247
1 54203C 22141AY  25222.12201389 -.00003736  00000+0 -23426-3 0  2222
2 54203  53.2141 223.6919 0001235  83.0281 185.7659 15.08841711    15
STARLINK-5241
1 54204C 22141AZ  25222.11854167  .00010968  00000+0  68801-3 0  2229
2 54204  53.2140 223.4705 0001559 108.9187 261.0778 15.08815935    16
STARLINK-5249
1 54205C 22141BA  25222.11923611 -.00001842  00000+0 -11552-3 0  2225
2 54205  53.2138 223.5462 0001253  84.0913 249.7175 15.08835144    15
STARLINK-5264
1 54206C 22141BB  25222.12340278 -.00011263  00000+0 -70638-3 0  2227
2 54206  53.2155 188.7181 0001453  90.8206 198.0259 15.08843451    16
STARLINK-5262
1 54207C 22141BC  25222.11993056 -.00002525  00000+0 -15827-3 0  2225
2 54207  53.2138 223.5039 0001199  66.8004 290.7030 15.08849411    13
STARLINK-5255
1 54208C 22141BD  25222.12201389 -.00010265  00000+0 -64377-3 0  2222
2 54208  53.2152 198.9333 0001301  82.8772  83.2716 15.08844728    19
STARLINK-5259
1 54209C 22141BE  25222.11784722 -.00010014  00000+0 -62798-3 0  2226
2 54209  53.2148 213.5643 0001449  85.4683 235.7863 15.08846224    16
STARLINK-5464
1 54758C 22175A   25222.10604167  .00001883  00000+0  11813-3 0  2229
2 54758  53.2151 269.1552 0000916  83.9324 310.3135 15.08830155    16
STARLINK-5215
1 54759C 22175B   25222.11923611 -.00009150  00000+0 -57374-3 0  2228
2 54759  53.2150 269.1292 0001216  86.9166 359.0109 15.08849763    14
STARLINK-5220
1 54760C 22175C   25222.11645833  .00000642  00000+0  40283-4 0  2224
2 54760  53.2159 274.1035 0001214  86.0649 357.3109 15.08835041    16
STARLINK-5202
1 54761C 22175D   25222.11715278 -.00003371  00000+0 -21142-3 0  2222
2 54761  53.2157 274.1387 0001266  89.3614 337.7661 15.08839178    10
STARLINK-5214
1 54762C 22175E   25222.11923611 -.00006153  00000+0 -38584-3 0  2224
2 54762  53.2156 273.9731 0001179  82.5160  76.0100 15.08847054    17
STARLINK-5191
1 54763C 22175F   25222.12340278  .00003672  00000+0  23028-3 0  2226
2 54763  53.2157 274.0324 0001256  88.7337  52.3825 15.08831112    18
STARLINK-5458
1 54764C 22175G   25222.10395833 -.00006421  00000+0 -40263-3 0  2229
2 54764  53.2149 273.8961 0001206  84.8293  65.5661 15.08846225    12
STARLINK-5471
1 54766C 22175J   25222.10048611  .00004647  00000+0  29144-3 0  2221
2 54766  53.2154 273.9776 0001350  84.5681  12.1167 15.08830128    17
STARLINK-5472
1 54767C 22175K   25222.09979167  .00006599  00000+0  41391-3 0  2225
2 54767  53.2151 273.9406 0001166  85.5554  27.3854 15.08824041    18
STARLINK-5444
1 54768C 22175L   25222.11784722 -.00013854  00000+0 -86843-3 0  2225
2 54768  53.2149 259.2904 0001267  76.5798 291.4257 15.08867170    19
STARLINK-5448
1 54770C 22175N   25222.11923611 -.00001629  00000+0 -10215-3 0  2227
2 54770  53.2142 259.0827 0001172  86.5958  34.3561 15.08839677    14
STARLINK-5451
1 54771C 22175P   25222.12062500  .00001339  00000+0  83993-4 0  2220
2 54771  53.2148 268.6934 0001173  52.3034 261.4630 15.08833720    16
STARLINK-5452
1 54772C 22175Q   25222.10048611 -.00000060  00000+0 -37418-5 0  2220
2 54772  53.2142 259.1282 0001185  86.1741 312.8975 15.08838447    19
STARLINK-5453
1 54773C 22175R   25222.10187500  .00005482  00000+0  34381-3 0  2227
2 54773  53.2149 273.8538 0001257  91.2936  73.0240 15.08826657    18
STARLINK-5454
1 54774C 22175S   25222.10256944 -.00002930  00000+0 -18375-3 0  2229
2 54774  53.2148 258.6523 0000871  80.3874 210.3302 15.08840687    18
STARLINK-5465
1 54775C 22175T   25222.10118056  .00004978  00000+0  31216-3 0  2222
2 54775  53.2148 273.8178 0001037  86.6402  93.9069 15.08830611    16
STARLINK-5470
1 54776C 22175U   25222.10534722  .00002692  00000+0  16884-3 0  2220
2 54776  53.2155 273.5680 0001143  91.6687 231.6839 15.08829510    11
STARLINK-5468
1 54777C 22175V   25222.10187500  .00004591  00000+0  28787-3 0  2224
2 54777  53.2147 273.7760 0001222  81.6460 122.6208 15.08838136    13
STARLINK-5450
1 54778C 22175W   25222.12131944 -.00002312  00000+0 -14499-3 0  2224
2 54778  53.2141 258.9567 0001078  87.6915 104.6699 15.08838689    15
STARLINK-5447
1 54779C 22175X   25222.11854167 -.00014038  00000+0 -88041-3 0  2225
2 54779  53.2143 259.0080 0001247  87.3942  69.8536 15.08848197    12
STARLINK-5449
1 54780C 22175Y   25222.11854167 -.00001568  00000+0 -98341-4 0  2226
2 54780  53.2147 258.8077 0001156  88.3128 169.0522 15.08838143    15
STARLINK-5443
1 54781C 22175Z   25222.11923611  .00000567  00000+0  35566-4 0  2224
2 54781  53.2142 258.9197 0001032  86.5025 114.5605 15.08836128    12
STARLINK-5439
1 54783C 22175AB  25222.12201389 -.00004121  00000+0 -25843-3 0  2226
2 54783  53.2143 258.8740 0001101  85.5179 150.6636 15.08842022    19
STARLINK-5442
1 54784C 22175AC  25222.12340278  .00001172  00000+0  73480-4 0  2220
2 54784  53.2147 273.6407 0001118  90.5194 250.8690 15.08834089    17
STARLINK-5440
1 54785C 22175AD  25222.11993056  .00005164  00000+0  32385-3 0  2221
2 54785  53.2139 218.7673 0001068  78.9632 245.8533 15.08828211    15
STARLINK-5441
1 54787C 22175AF  25222.12270833  .00001933  00000+0  12116-3 0  2225
2 54787  53.2149 273.6041 0001165  83.6008 273.9476 15.08848198    19
STARLINK-5399
1 54788C 22175AG  25222.11645833  .00000092  00000+0  57397-5 0  2228
2 54788  53.2147 258.7806 0001270  86.9067 179.1634 15.08833326    19
STARLINK-5446
1 54789C 22175AH  25222.11645833 -.00022899  00000+0 -14353-2 0  2222
2 54789  53.2143 243.6794 0001114  84.5636 184.0103 15.08876977    13
STARLINK-5445
1 54790C 22175AJ  25222.12201389 -.00002451  00000+0 -15369-3 0  2220
2 54790  53.2151 258.6764 0001083  81.9847 254.3146 15.08841394    10
STARLINK-5425
1 54791C 22175AK  25222.12270833 -.00000892  00000+0 -55948-4 0  2226
2 54791  53.2146 258.8316 0001021  83.1087 176.8679 15.08835539    15
STARLINK-5431
1 54792C 22175AL  25222.12131944 -.00036143  00000+0 -22645-2 0  2220
2 54792  53.2152 273.5325 0001187  84.1935 305.9083 15.08905124    15
STARLINK-5433
1 54793C 22175AM  25222.11645833  .00000815  00000+0  51137-4 0  2222
2 54793  53.2142 248.9242 0001345  89.4441 131.6369 15.08818550    12
STARLINK-5436
1 54795C 22175AP  25222.12201389 -.00000048  00000+0 -29985-5 0  2226
2 54795  53.2149 258.7155 0001092  91.9925 224.3014 15.08832550    10
STARLINK-5415
1 54796C 22175AQ  25222.11854167  .00000158  00000+0  98864-5 0  2226
2 54796  53.2153 258.6521 0001106  82.1090 255.3542 15.08840443    13
STARLINK-5435
1 54797C 22175AR  25222.12201389  .00000606  00000+0  38026-4 0  2221
2 54797  53.2145 273.7301 0001089  82.4432 206.1270 15.08837609    14
STARLINK-5420
1 54798C 22175AS  25222.12340278 -.00007817  00000+0 -49019-3 0  2229
2 54798  53.2139 248.6472 0001174  88.5350 290.3495 15.08844218    17
STARLINK-5421
1 54799C 22175AT  25222.11645833 -.00001887  00000+0 -11835-3 0  2220
2 54799  53.2141 248.8765 0001147  78.3632 162.6388 15.08838922    15
STARLINK-5428
1 54800C 22175AU  25222.12270833 -.00016788  00000+0 -10526-2 0  2229
2 54800  53.2151 263.6539 0001279  82.3154 250.2804 15.08858353    10
STARLINK-5429
1 54801C 22175AV  25222.11645833  .00002310  00000+0  14485-3 0  2228
2 54801  53.2154 273.4744 0001159  89.3126 314.4508 15.08833429    15
STARLINK-5426
1 54802C 22175AW  25222.11854167 -.00001697  00000+0 -10643-3 0  2222
2 54802  53.2141 218.3583 0001288  83.9616  33.7018 15.08835387    10
STARLINK-5430
1 54803C 22175AX  25222.11923611 -.00002122  00000+0 -13309-3 0  2220
2 54803  53.2153 273.5660 0001231  89.7598 269.0420 15.08840540    12
STARLINK-5422
1 54804C 22175AY  25222.12062500 -.00006638  00000+0 -41623-3 0  2229
2 54804  53.2145 258.4110 0001267  84.7338  24.2171 15.08844532    11
STARLINK-5417
1 54805C 22175AZ  25222.11993056  .00004549  00000+0  28543-3 0  2221
2 54805  53.2152 258.6056 0001103  76.0460 289.0386 15.08810930    14
STARLINK-5412
1 54806C 22175BA  25222.11784722 -.00105900  00000+0 -66372-2 0  2226
2 54806  53.2146 258.4980 0001139  86.2504 327.5204 15.08964995    11
STARLINK-5410
1 54807C 22175BB  25222.11923611  .00001074  00000+0  67328-4 0  2228
2 54807  53.2150 258.5310 0001242  84.3419 316.9718 15.08837874    11
STARLINK-5413
1 54808C 22175BC  25222.11923611 -.00000574  00000+0 -36003-4 0  2221
2 54808  53.2141 244.0665 0000853  66.3928 116.9637 15.08835688    16
STARLINK-5414
1 54809C 22175BD  25222.11923611  .00001478  00000+0  92771-4 0  2228
2 54809  53.2146 258.4527 0001478  69.6027  11.8402 15.08811338    17
STARLINK-5408
1 54810C 22175BE  25222.12340278 -.00008947  00000+0 -56105-3 0  2223
2 54810  53.2145 253.6527 0001160  86.6767 264.6948 15.08848093    14
STARLINK-5424
1 54811C 22175BF  25222.12131944 -.00009216  00000+0 -57790-3 0  2223
2 54811  53.2142 253.9355 0001361  69.5042 125.1599 15.08849873    13
STARLINK-5277
1 55269C 23010A   25222.11645833 -.00007611  00000+0 -63781-3 0  2220
2 55269  69.9993 217.9895 0003440 269.0451  40.7974 14.98338186    16
STARLINK-5306
1 55271C 23010C   25222.11993056 -.00007800  00000+0 -65404-3 0  2220
2 55271  69.9999 218.0035 0003020 270.6321  35.4817 14.98315722    19
STARLINK-5310
1 55272C 23010D   25222.11854167 -.00007852  00000+0 -65802-3 0  2229
2 55272  69.9995 217.9111 0003401 270.1889 118.4193 14.98335422    14
STARLINK-5291
1 55273C 23010E   25222.11923611 -.00015069  00000+0 -12629-2 0  2228
2 55273  70.0003 217.7577 0003741 268.4748 258.9388 14.98343219    12
STARLINK-5236
1 55274C 23010F   25222.11923611 -.00015041  00000+0 -12607-2 0  2225
2 55274  70.0007 198.0608 0003550 262.1310 108.9237 14.98339487    16
STARLINK-5260
1 55275C 23010G   25222.11854167 -.00012454  00000+0 -10438-2 0  2220
2 55275  70.0010 198.0142 0003069 271.4367 140.0071 14.98339907    14
STARLINK-5261
1 55276C 23010H   25222.11715278 -.00011196  00000+0 -93828-3 0  2227
2 55276  70.0010 198.0154 0003612 265.4650 139.3766 14.98339338    10
STARLINK-5299
1 55277C 23010J   25222.11923611 -.00008055  00000+0 -67504-3 0  2222
2 55277  69.9994 217.9311 0003767 267.6655 102.1800 14.98338646    13
STARLINK-5289
1 55278C 23010K   25222.12340278 -.00009841  00000+0 -82479-3 0  2228
2 55278  70.0002 217.8175 0003235 268.3407 214.0117 14.98336728    10
STARLINK-5331
1 55280C 23010M   25222.11993056 -.00019270  00000+0 -16149-2 0  2225
2 55280  70.0001 218.0434 0003319 266.7806 354.2594 14.98348982    12
STARLINK-5298
1 55281C 23010N   25222.12270833 -.00020573  00000+0 -17237-2 0  2225
2 55281  69.9996 217.8709 0004152 263.0361 170.5273 14.98356525    12
STARLINK-5330
1 55282C 23010P   25222.11090278 -.00010634  00000+0 -89117-3 0  2222
2 55282  70.0002 217.7472 0004025 267.6437 236.4494 14.98340136    11
STARLINK-5317
1 55283C 23010Q   25222.12201389 -.00010741  00000+0 -90022-3 0  2227
2 55283  69.9998 217.8474 0003595 269.5735 182.7828 14.98337242    17
STARLINK-5337
1 55284C 23010R   25222.11020833 -.00009883  00000+0 -82822-3 0  2224
2 55284  70.0003 217.7473 0003739 269.5189 231.7228 14.98337595    19
STARLINK-5332
1 55285C 23010S   25222.11645833 -.00011856  00000+0 -99367-3 0  2223
2 55285  70.0020 177.8272 0003977 270.0765  41.4537 14.98335768    12
STARLINK-5338
1 55286C 23010T   25222.12062500 -.00014001  00000+0 -11734-2 0  2225
2 55286  70.0011 197.9563 0003752 265.6161 202.9702 14.98342695    15
STARLINK-5341
1 55287C 23010U   25222.11784722 -.00009528  00000+0 -79858-3 0  2222
2 55287  70.0014 178.0498 0003316 269.6219 140.2033 14.98336580    17
STARLINK-5311
1 55288C 23010V   25222.12131944 -.00014548  00000+0 -12193-2 0  2222
2 55288  70.0005 197.8786 0003515 272.1815 266.7788 14.98342390    16
STARLINK-5320
1 55289C 23010W   25222.12201389 -.00013067  00000+0 -10951-2 0  2229
2 55289  70.0010 197.9771 0003471 266.8097 186.7541 14.98341796    18
STARLINK-5266
1 55290C 23010X   25222.11923611 -.00007115  00000+0 -59620-3 0  2223
2 55290  70.0011 197.9331 0003603 267.4959 216.0972 14.98337737    19
STARLINK-5327
1 55291C 23010Y   25222.11854167 -.00011474  00000+0 -96171-3 0  2228
2 55291  70.0008 198.0342 0003130 270.2877 119.5340 14.98337654    10
STARLINK-5325
1 55292C 23010Z   25222.12270833 -.00051329  00000+0 -43022-2 0  2221
2 55292  70.0007 197.8483 0003720 270.6994 299.1828 14.98375175    18
STARLINK-5287
1 55293C 23010AA  25222.11854167 -.00005519  00000+0 -46249-3 0  2224
2 55293  70.0006 197.8855 0003170 270.4224 254.4156 14.98340873    19
STARLINK-5286
1 55294C 23010AB  25222.12062500 -.00014425  00000+0 -12089-2 0  2228
2 55294  70.0003 217.7709 0003587 270.0559 242.3393 14.98341805    11
STARLINK-5293
1 55295C 23010AC  25222.11854167 -.00014091  00000+0 -11808-2 0  2223
2 55295  69.9997 218.0327 0003709 267.7694   8.2885 14.98345570    18
STARLINK-5285
1 55296C 23010AD  25222.11993056 -.00005240  00000+0 -43914-3 0  2225
2 55296  70.0005 197.7801 0003071 269.8472 352.4876 14.98336959    16
STARLINK-5284
1 55297C 23010AE  25222.11715278 -.00007573  00000+0 -63464-3 0  2227
2 55297  70.0007 197.8371 0003594 267.4655 294.9270 14.98338848    16
STARLINK-5270
1 55299C 23010AG  25222.12340278 -.00011096  00000+0 -92989-3 0  2223
2 55299  70.0005 197.7479 0003065 268.3779  35.2314 14.98343204    11
STARLINK-5308
1 55300C 23010AH  25222.12201389 -.00017256  00000+0 -14463-2 0  2229
2 55300  70.0008 197.7237 0003044 269.5506  49.1003 14.98341119    19
STARLINK-5321
1 55302C 23010AK  25222.12062500 -.00008309  00000+0 -69631-3 0  2228
2 55302  70.0005 197.8007 0003725 266.2917 337.3396 14.98337648    19
STARLINK-5322
1 55303C 23010AL  25222.12340278 -.00007515  00000+0 -63003-3 0  2225
2 55303  70.0003 217.6887 0003854 271.1743 323.7740 14.98323154    19
STARLINK-5318
1 55304C 23010AM  25222.11784722 -.00050477  00000+0 -42336-2 0  2221
2 55304  70.0008 197.7087 0003127 267.1195  51.5566 14.98349766    13
STARLINK-5316
1 55305C 23010AN  25222.11923611 -.00008074  00000+0 -67662-3 0  2220
2 55305  70.0006 198.0858 0003717 266.0445  82.4957 14.98336563    11
STARLINK-5295
1 55306C 23010AP  25222.11854167 -.00000075  00000+0 -63144-5 0  2226
2 55306  70.0016 178.0364 0002986 270.2664 233.2050 14.98343236    15
STARLINK-5288
1 55307C 23010AQ  25222.12062500 -.00004314  00000+0 -36177-3 0  2224
2 55307  70.0019 178.0563 0003103 270.8324 221.5989 14.98311187    12
STARLINK-5315
1 55309C 23010AS  25222.11923611 -.00010209  00000+0 -85577-3 0  2222
2 55309  70.0017 177.7579 0003486 270.4836 124.4591 14.98329173    17
STARLINK-5309
1 55310C 23010AT  25222.11715278 -.00012671  00000+0 -10621-2 0  2224
2 55310  70.0020 177.9876 0003074 270.9455 270.1536 14.98336689    18
STARLINK-5312
1 55311C 23010AU  25222.11784722 -.00013956  00000+0 -11693-2 0  2222
2 55311  70.0019 178.0120 0002997 269.7601 252.5024 14.98352684    12
STARLINK-5296
1 55312C 23010AV  25222.11993056 -.00017191  00000+0 -14410-2 0  2220
2 55312  70.0021 177.7164 0002170 270.1992  60.9756 14.98340364    17
STARLINK-5313
1 55313C 23010AW  25222.11645833 -.00006414  00000+0 -53763-3 0  2229
2 55313  70.0021 177.9385 0002768 269.8799 312.4859 14.98332228    17
STARLINK-5305
1 55314C 23010AX  25222.12062500  .00015832  00000+0  13271-2 0  2226
2 55314  70.0019 177.9516 0002700 269.6752 312.5537 14.98307180    17
STARLINK-4623
1 55315C 23010AY  25222.11784722 -.00014448  00000+0 -12109-2 0  2226
2 55315  70.0006 197.9120 0003479 270.3683 228.2492 14.98341740    16
STARLINK-5257
1 55316C 23010AZ  25222.11784722 -.00009690  00000+0 -81221-3 0  2222
2 55316  70.0018 177.8000 0003210 260.5498 104.3668 14.98334172    12
STARLINK-5265
1 55317C 23010BA  25222.12062500 -.00006571  00000+0 -55069-3 0  2223
2 55317  70.0023 177.9299 0003542 265.4756   1.8600 14.98332985    16
STARLINK-5180
1 55318C 23010BB  25222.11645833 -.00009032  00000+0 -75698-3 0  2224
2 55318  70.0022 177.8877 0003331 265.3805   2.0070 14.98333707    14
STARLINK-5196
1 55319C 23010BC  25222.12131944 -.00006304  00000+0 -52824-3 0  2224
2 55319  70.0022 177.8509 0003006 269.0786  46.9639 14.98342803    10
STARLINK-5085
1 55392C 23014B   25222.12062500 -.00007176  00000+0 -60132-3 0  2229
2 55392  70.0002 217.7846 0004078 265.2404 337.1439 14.98338325    19
STARLINK-4786
1 55393C 23014C   25222.11784722  .00008198  00000+0  68778-3 0  2223
2 55393  69.9990 237.8026 0002880 272.2483 201.4075 14.98282094    10
STARLINK-5274
1 55395C 23014E   25222.11993056 -.00008123  00000+0 -68073-3 0  2225
2 55395  69.9991 237.7267 0002889 271.4644 258.4570 14.98338081    18
STARLINK-5283
1 55396C 23014F   25222.12062500 -.00008321  00000+0 -69730-3 0  2229
2 55396  69.9989 237.7605 0003687 269.4132 241.7345 14.98337094    16
STARLINK-5224
1 55397C 23014G   25222.11715278 -.00012718  00000+0 -10658-2 0  2225
2 55397  69.9994 218.0570 0003702 268.1834  67.8775 14.98344643    11
STARLINK-5275
1 55398C 23014H   25222.11645833 -.00006429  00000+0 -53907-3 0  2222
2 55398  69.9991 237.8691 0003580 272.4029 126.3596 14.98315218    18
STARLINK-5276
1 55399C 23014J   25222.11923611 -.00011554  00000+0 -96826-3 0  2228
2 55399  69.9988 237.8128 0003769 266.9745 191.6653 14.98341113    14
STARLINK-5632
1 55400C 23014K   25222.10395833 -.00017877  00000+0 -14980-2 0  2223
2 55400  69.9993 237.9454 0003913 266.5968  19.6247 14.98349876    12
STARLINK-5076
1 55401C 23014L   25222.12409722 -.00008793  00000+0 -73687-3 0  2226
2 55401  69.9989 237.8255 0003714 269.0032 193.3470 14.98336676    17
STARLINK-5071
1 55402C 23014M   25222.12270833 -.00014582  00000+0 -12220-2 0  2224
2 55402  69.9992 237.9546 0003947 268.5199  73.7900 14.98345688    14
STARLINK-5597
1 55403C 23014N   25222.10673611 -.00006267  00000+0 -52500-3 0  2221
2 55403  69.9990 237.9196 0003953 271.4773  52.1222 14.98345971    15
STARLINK-5607
1 55404C 23014P   25222.10673611 -.00006037  00000+0 -50585-3 0  2228
2 55404  69.9993 238.0457 0004172 268.1023 302.9234 14.98340288    11
STARLINK-5623
1 55405C 23014Q   25222.10604167 -.00021143  00000+0 -17712-2 0  2228
2 55405  69.9994 237.9706 0004056 270.5541   4.3452 14.98362309    14
STARLINK-5630
1 55406C 23014R   25222.10395833 -.00005633  00000+0 -47210-3 0  2229
2 55406  69.9995 238.0776 0003483 274.4518 259.2331 14.98329829    12
STARLINK-5019
1 55407C 23014S   25222.11993056 -.00012168  00000+0 -10196-2 0  2225
2 55407  69.9994 237.9865 0003950 268.6406  36.1764 14.98343867    19
STARLINK-5092
1 55408C 23014T   25222.11784722 -.00010465  00000+0 -87696-3 0  2222
2 55408  69.9994 238.0679 0004126 268.4428 317.6181 14.98341208    10
STARLINK-5633
1 55410C 23014V   25222.10395833 -.00011406  00000+0 -95578-3 0  2229
2 55410  69.9990 257.7733 0003767 269.4653  60.5668 14.98345151    14
STARLINK-5605
1 55411C 23014W   25222.10187500 -.00005728  00000+0 -47992-3 0  2227
2 55411  69.9992 238.1346 0003945 265.6164 211.7646 14.98342878    12
STARLINK-5060
1 55413C 23014Y   25222.12270833 -.00005254  00000+0 -44023-3 0  2229
2 55413  69.9990 257.6994 0003890 269.8616 183.7846 14.98336684    12
STARLINK-5620
1 55414C 23014Z   25222.10326389 -.00007314  00000+0 -61284-3 0  2223
2 55414  69.9991 257.8510 0003553 269.7442 349.0192 14.98340661    13
STARLINK-5624
1 55416C 23014AB  25222.10187500 -.00000964  00000+0 -80809-4 0  2224
2 55416  69.9991 257.9056 0003551 272.1449 294.2130 14.98317039    10
STARLINK-5030
1 55418C 23014AD  25222.11854167 -.00002919  00000+0 -24461-3 0  2220
2 55418  69.9990 257.9144 0003514 268.1596 342.9284 14.98331901    11
STARLINK-5629
1 55419C 23014AE  25222.10465278 -.00008060  00000+0 -67533-3 0  2221
2 55419  69.9990 257.8736 0004379 268.9679 334.7731 14.98341706    18
STARLINK-5604
1 55420C 23014AF  25222.10256944 -.00014649  00000+0 -12276-2 0  2224
2 55420  70.0001 217.9641 0003598 269.6179 122.8612 14.98342751    18
STARLINK-5598
1 55421C 23014AG  25222.10048611 -.00003605  00000+0 -30207-3 0  2220
2 55421  69.9991 257.9341 0003685 271.0977 265.1595 14.98335958    17
STARLINK-5006
1 55422C 23014AH  25222.11854167 -.00003159  00000+0 -26466-3 0  2229
2 55422  69.9991 257.7577 0003927 263.5528 122.5005 14.98337423    15
STARLINK-5068
1 55423C 23014AJ  25222.11923611 -.00007602  00000+0 -63704-3 0  2224
2 55423  69.9990 257.9864 0004069 269.3701 277.9575 14.98338446    14
STARLINK-5615
1 55425C 23014AL  25222.10187500 -.00001578  00000+0 -13224-3 0  2222
2 55425  69.9991 257.9819 0003811 269.5009 229.2200 14.98332695    19
STARLINK-5638
1 55426C 23014AM  25222.10187500 -.00009894  00000+0 -82904-3 0  2223
2 55426  69.9988 258.0802 0003437 266.7505 141.9279 14.98344113    18
STARLINK-5073
1 55427C 23014AN  25222.12131944 -.00003061  00000+0 -25657-3 0  2229
2 55427  69.9990 257.9584 0003076 270.3304 310.7357 14.98330266    11
STARLINK-5064
1 55428C 23014AP  25222.12340278 -.00005448  00000+0 -45657-3 0  2225
2 55428  69.9989 258.0762 0003447 269.6902 210.0668 14.98336316    16
STARLINK-5645
1 55429C 23014AQ  25222.10604167 -.00004566  00000+0 -38262-3 0  2228
2 55429  69.9988 258.0457 0003636 268.4412 185.2191 14.98336437    18
STARLINK-5642
1 55430C 23014AR  25222.10118056 -.00005392  00000+0 -45183-3 0  2225
2 55430  69.9998 277.8690 0003256 268.7788 202.5052 14.98336852    16
STARLINK-5643
1 55431C 23014AS  25222.10118056 -.00005181  00000+0 -43418-3 0  2221
2 55431  69.9988 258.1076 0003886 269.8903 112.5435 14.98336673    12
STARLINK-5637
1 55432C 23014AT  25222.10326389 -.00029534  00000+0 -24742-2 0  2228
2 55432  69.9998 277.9146 0003792 270.1932 166.3949 14.98372510    11
STARLINK-5570
1 55433C 23014AU  25222.10673611  .00002339  00000+0  19598-3 0  2228
2 55433  69.9997 277.8299 0003626 268.9017 254.8478 14.98325980    13
STARLINK-5621
1 55434C 23014AV  25222.10256944 -.00003077  00000+0 -25782-3 0  2229
2 55434  69.9999 277.9657 0003405 270.5571 118.1704 14.98335901    12
STARLINK-5626
1 55435C 23014AW  25222.09909722  .00001773  00000+0  14854-3 0  2224
2 55435  69.9998 277.9250 0003861 269.9742 145.0492 14.98328412    11
STARLINK-5640
1 55436C 23014AX  25222.10534722  .00004556  00000+0  38195-3 0  2227
2 55436  69.9999 277.9835 0004004 272.9739 108.2409 14.98310673    11
STARLINK-5074
1 55438C 23014AZ  25222.12062500 -.00006535  00000+0 -54764-3 0  2222
2 55438  69.9991 237.7235 0003987 269.5093 286.6479 14.98336570    19
STARLINK-5634
1 55439C 23014BA  25222.10604167  .00003318  00000+0  27794-3 0  2229
2 55439  70.0001 278.0085 0004274 265.2305  97.0927 14.98339720    17
STARLINK-5484
1 55628C 23021A   25222.10256944  .00006965  00000+0  58347-3 0  2222
2 55628  70.0025  18.0267 0003144 269.9169  44.9887 14.98335263    15
STARLINK-5497
1 55629C 23021B   25222.10604167  .00007415  00000+0  62153-3 0  2228
2 55629  70.0027  18.0449 0001953 253.3130  57.7448 14.98317254    16
STARLINK-5303
1 55630C 23021C   25222.11923611  .00007208  00000+0  60412-3 0  2225
2 55630  70.0024  17.9589 0003160 270.5028 156.8516 14.98316507    14
STARLINK-5558
1 55631C 23021D   25222.10604167  .00007118  00000+0  59656-3 0  2225
2 55631  70.0023  17.8387 0003138 270.1986 221.0543 14.98320725    15
STARLINK-5546
1 55632C 23021E   25222.10465278  .00008357  00000+0  70050-3 0  2221
2 55632  70.0022  17.9426 0003022 269.4688 124.2529 14.98315085    13
STARLINK-5498
1 55633C 23021F   25222.10118056  .00006477  00000+0  54276-3 0  2224
2 55633  70.0022  17.9263 0003230 268.8742 128.6269 14.98326054    15
STARLINK-5500
1 55634C 23021G   25222.10048611  .00007507  00000+0  62919-3 0  2222
2 55634  70.0023  17.9558 0003166 270.0518 100.3038 14.98319672    17
STARLINK-5495
1 55635C 23021H   25222.09979167  .00007894  00000+0  66156-3 0  2226
2 55635  70.0034 357.9622 0003206 271.2969 209.9708 14.98320972    12
STARLINK-5218
1 55636C 23021J   25222.11993056  .00006928  00000+0  58062-3 0  2227
2 55636  70.0021  17.8292 0003003 265.7689 277.8668 14.98321331    15
STARLINK-5062
1 55637C 23021K   25222.11854167  .00009796  00000+0  82125-3 0  2220
2 55637  70.0033 358.0121 0003143 270.5744 221.7829 14.98307448    11
STARLINK-5507
1 55638C 23021L   25222.10604167  .00007279  00000+0  61016-3 0  2223
2 55638  70.0021  17.8894 0003168 268.7796 177.4635 14.98313199    11
STARLINK-5508
1 55639C 23021M   25222.10604167  .00009008  00000+0  75493-3 0  2220
2 55639  70.0033 357.9187 0003086 270.3116 266.2207 14.98320416    14
STARLINK-5069
1 55640C 23021N   25222.07548611  .00005288  00000+0  44317-3 0  2226
2 55640  70.0033 357.9671 0003395 267.5226 127.7029 14.98325193    17
STARLINK-5065
1 55641C 23021P   25222.11993056  .00009426  00000+0  79014-3 0  2229
2 55641  70.0033 358.0304 0003196 270.0933 207.2464 14.98309065    13
STARLINK-5483
1 55643C 23021R   25222.10604167  .00009376  00000+0  78586-3 0  2229
2 55643  70.0031 358.1118 0003201 270.3326  87.0688 14.98316659    12
STARLINK-5502
1 55644C 23021S   25222.10604167  .00008289  00000+0  69480-3 0  2225
2 55644  70.0033 357.9940 0001779 266.9767 202.9749 14.98317420    16
STARLINK-5510
1 55647C 23021V   25222.10048611  .00009189  00000+0  77019-3 0  2221
2 55647  70.0031 357.8030 0003270 270.3541 349.7173 14.98313686    14
STARLINK-5501
1 55648C 23021W   25222.09979167  .00007856  00000+0  65848-3 0  2225
2 55648  70.0033 357.9845 0003071 268.7818 189.9876 14.98316621    15
STARLINK-5469
1 55649C 23021X   25222.10604167  .00005391  00000+0  45177-3 0  2228
2 55649  70.0033 357.8401 0003208 270.9223 334.0730 14.98327083    16
STARLINK-5494
1 55650C 23021Y   25222.10395833  .00006848  00000+0  57393-3 0  2228
2 55650  70.0033 357.9223 0002622 273.5200 252.7174 14.98324626    12
STARLINK-5506
1 55651C 23021Z   25222.10187500  .00009322  00000+0  78148-3 0  2220
2 55651  70.0033 358.0295 0003014 270.0371 154.9529 14.98309517    10
STARLINK-5487
1 55652C 23021AA  25222.10256944 -.00010652  00000+0 -89216-3 0  2228
2 55652  70.0033 357.8747 0003120 270.3095 293.5153 14.98364233    13
STARLINK-5067
1 55653C 23021AB  25222.11993056  .00007273  00000+0  60956-3 0  2225
2 55653  70.0030 357.7326 0002792 271.0889 116.3297 14.98322180    12
STARLINK-5070
1 55654C 23021AC  25222.11715278  .00009493  00000+0  79570-3 0  2222
2 55654  70.0031 358.0651 0003123 270.5121 169.3269 14.98313636    14
STARLINK-5267
1 55655C 23021AD  25222.12062500  .00012056  00000+0  10105-2 0  2224
2 55655  70.0033 338.0067 0003127 270.9308 346.3916 14.98312448    17
STARLINK-5326
1 55656C 23021AE  25222.11854167  .00009258  00000+0  77598-3 0  2222
2 55656  70.0032 357.7079 0003252 270.8518 131.5850 14.98314986    19
STARLINK-5328
1 55657C 23021AF  25222.12201389  .00004852  00000+0  40660-3 0  2221
2 55657  70.0035 338.0536 0003386 270.8489 308.9364 14.98328637    16
STARLINK-5307
1 55658C 23021AG  25222.12270833  .00008284  00000+0  69426-3 0  2226
2 55658  70.0032 357.7722 0003268 270.8154  86.5594 14.98320698    10
STARLINK-5477
1 55659C 23021AH  25222.10256944  .00006096  00000+0  51081-3 0  2229
2 55659  70.0032 338.0784 0003390 271.2843 226.1598 14.98325956    15
STARLINK-5467
1 55660C 23021AJ  25222.09979167  .00011404  00000+0  95604-3 0  2226
2 55660  70.0032 337.7921 0003211 270.7416 121.8544 14.98303488    16
STARLINK-5475
1 55661C 23021AK  25222.10048611  .00009417  00000+0  78923-3 0  2226
2 55661  70.0030 337.9823 0003306 270.1346 306.1252 14.98316832    10
STARLINK-5479
1 55662C 23021AL  25222.09006944  .00014009  00000+0  11500-2 0  2228
2 55662  70.0030 337.6060 0003159 270.3362 272.3654 14.99111594    16
STARLINK-5473
1 55663C 23021AM  25222.10673611  .00011160  00000+0  93548-3 0  2220
2 55663  70.0031 337.9154 0003211 270.3517  24.6442 14.98309048    11
STARLINK-5480
1 55664C 23021AN  25222.10604167  .00007383  00000+0  61878-3 0  2224
2 55664  70.0035 338.0171 0003374 270.5733 290.6319 14.98320344    19
STARLINK-5474
1 55665C 23021AP  25222.10534722  .00011153  00000+0  93492-3 0  2221
2 55665  70.0032 337.8949 0003242 270.7103  39.3006 14.98309490    14
STARLINK-5456
1 55667C 23021AR  25222.10604167  .00012389  00000+0  10386-2 0  2226
2 55667  70.0031 337.8185 0003021 268.4414 112.8385 14.98306709    18
STARLINK-5455
1 55668C 23021AS  25222.10465278  .00011251  00000+0  94308-3 0  2229
2 55668  70.0033 337.9956 0003254 270.2878 305.9386 14.98311369    15
STARLINK-5459
1 55669C 23021AT  25222.10118056  .00012453  00000+0  10438-2 0  2225
2 55669  70.0032 337.9544 0003194 270.2709 332.2381 14.98309824    15
STARLINK-5423
1 55670C 23021AU  25222.11784722  .00012617  00000+0  10577-2 0  2223
2 55670  70.0032 337.8366 0003269 269.8740 130.0526 14.98303182    16
STARLINK-5460
1 55671C 23021AV  25222.10395833  .00011269  00000+0  94483-3 0  2225
2 55671  70.0033 338.1400 0003171 271.1947 165.3436 14.98302169    13
STARLINK-5463
1 55673C 23021AX  25222.10604167  .00012525  00000+0  10502-2 0  2225
2 55673  70.0032 337.8407 0003127 270.0795  88.6922 14.98300012    19
STARLINK-5462
1 55674C 23021AY  25222.10465278  .00011659  00000+0  97760-3 0  2223
2 55674  70.0031 337.7950 0003039 269.8646 126.4409 14.98299755    16
STARLINK-5232
1 55675C 23021AZ  25222.12201389  .00011359  00000+0  95209-3 0  2220
2 55675  70.0032 337.7034 0003311 276.2880 258.6409 14.98312833    17
STARLINK-5300
1 55676C 23021BA  25222.11993056  .00012653  00000+0  10608-2 0  2226
2 55676  70.0025 317.9371 0003120 270.7491 163.2344 14.98302037    13
STARLINK-5324
1 55677C 23021BB  25222.11923611  .00011474  00000+0  96172-3 0  2228
2 55677  70.0025 317.8596 0003594 262.1369 236.5046 14.98311504    18
STARLINK-5592
1 55741C 23028A   25222.10673611  .00006552  00000+0  54902-3 0  2224
2 55741  70.0008  58.0484 0003070 268.9758 110.9306 14.98329406    10
STARLINK-5594
1 55742C 23028B   25222.10673611  .00005536  00000+0  46404-3 0  2224
2 55742  70.0006  58.0734 0002882 267.0618  90.3634 14.98319125    14
STARLINK-5602
1 55743C 23028C   25222.10118056 -.00105910  00000+0 -88703-2 0  2228
2 55743  70.0007  58.1137 0003012 270.4983  34.4120 14.98460680    15
STARLINK-5601
1 55744C 23028D   25222.10465278  .00006136  00000+0  51427-3 0  2222
2 55744  70.0007  58.0793 0002794 271.0630  74.2393 14.98322998    18
STARLINK-5579
1 55746C 23028F   25222.10256944  .00008179  00000+0  68540-3 0  2225
2 55746  70.0009  57.9087 0003026 267.6654 224.8335 14.98322696    16
STARLINK-5539
1 55747C 23028G   25222.09979167  .00007314  00000+0  61283-3 0  2220
2 55747  70.0010  58.0164 0003097 269.2076 118.2741 14.98327439    18
STARLINK-5580
1 55748C 23028H   25222.10048611  .00007879  00000+0  66052-3 0  2229
2 55748  70.0010  57.9893 0003411 273.4698 140.2119 14.98310097    19
STARLINK-5573
1 55750C 23028K   25222.10534722  .00007815  00000+0  65485-3 0  2224
2 55750  70.0011  57.9520 0003092 268.0263 194.4330 14.98325113    14
STARLINK-5577
1 55751C 23028L   25222.10326389  .00006965  00000+0  58368-3 0  2220
2 55751  70.0009  58.0324 0002825 269.1992 114.4940 14.98325293    18
STARLINK-5613
1 55752C 23028M   25222.10256944  .00007747  00000+0  64940-3 0  2222
2 55752  70.0007  57.8069 0002959 269.4193 313.1333 14.98312060    16
STARLINK-5617
1 55753C 23028N   25222.10604167  .00008299  00000+0  69552-3 0  2224
2 55753  70.0009  57.9018 0002640 271.1937 239.1445 14.98321188    19
STARLINK-5612
1 55754C 23028P   25222.10326389  .00008364  00000+0  70098-3 0  2222
2 55754  70.0007  57.8557 0002926 269.6315 271.6476 14.98318933    13
STARLINK-5619
1 55755C 23028Q   25222.10604167  .00007127  00000+0  59728-3 0  2229
2 55755  70.0007  57.7663 0002805 271.0588 351.8287 14.98322692    14
STARLINK-5614
1 55756C 23028R   25222.10118056  .00007018  00000+0  58840-3 0  2220
2 55756  70.0006  57.7585 0003186 278.1016 342.0168 14.98305949    10
STARLINK-5544
1 55757C 23028S   25222.10118056  .00008802  00000+0  73777-3 0  2229
2 55757  70.0008  57.8863 0003073 271.2003 236.3285 14.98316853    19
STARLINK-5072
1 55758C 23028T   25222.12131944  .00006981  00000+0  58508-3 0  2224
2 55758  70.0007  57.7847 0003031 269.7947  31.3428 14.98318442    11
STARLINK-5532
1 55760C 23028V   25222.10534722  .00006356  00000+0  53265-3 0  2227
2 55760  70.0005  57.7235 0002954 270.2501  34.7887 14.98322676    19
STARLINK-5611
1 55761C 23028W   25222.10673611  .00006954  00000+0  58282-3 0  2227
2 55761  70.0015  38.1171 0003028 269.6270 155.6324 14.98317385    11
STARLINK-5603
1 55762C 23028X   25222.09979167  .00006901  00000+0  57841-3 0  2223
2 55762  70.0014  38.0569 0002975 268.4248 187.7941 14.98318491    13
STARLINK-5593
1 55763C 23028Y   25222.10395833  .00006518  00000+0  54684-3 0  2224
2 55763  70.0007  57.7777 0003160 270.9835 341.6436 14.98280465    11
STARLINK-5499
1 55764C 23028Z   25222.10534722  .00006829  00000+0  57210-3 0  2220
2 55764  70.0014  38.0679 0002717 265.7721 197.8145 14.98339270    13
STARLINK-5595
1 55765C 23028AA  25222.10604167  .00006955  00000+0  58288-3 0  2228
2 55765  70.0013  38.0911 0003145 269.4336 175.4836 14.98321008    10
STARLINK-5599
1 55766C 23028AB  25222.10326389  .00006411  00000+0  53740-3 0  2221
2 55766  70.0014  37.9462 0003080 270.4460 294.5595 14.98317403    18
STARLINK-5606
1 55767C 23028AC  25222.10395833  .00006807  00000+0  57040-3 0  2228
2 55767  70.0014  38.1221 0003201 266.6024 144.5536 14.98326234    14
STARLINK-5584
1 55769C 23028AE  25222.10673611  .00006563  00000+0  55018-3 0  2225
2 55769  70.0012  37.9878 0002492 269.4142 269.2866 14.98314172    11
STARLINK-5557
1 55770C 23028AF  25222.10118056  .00006874  00000+0  57622-3 0  2222
2 55770  70.0012  37.9765 0002958 269.6589 261.5979 14.98312509    14
STARLINK-5591
1 55771C 23028AG  25222.10118056  .00006708  00000+0  56224-3 0  2226
2 55771  70.0014  37.9259 0003164 267.4238 308.8310 14.98320250    18
STARLINK-5835
1 55772C 23028AH  25222.09979167  .00006665  00000+0  55842-3 0  2220
2 55772  70.0014  37.8297 0003694 267.9844  29.8635 14.98328600    13
STARLINK-5833
1 55773C 23028AJ  25222.10465278  .00007791  00000+0  65302-3 0  2229
2 55773  70.0013  38.0164 0003143 270.1889 234.7676 14.98314375    19
STARLINK-5812
1 55774C 23028AK  25222.10048611  .00005428  00000+0  45490-3 0  2229
2 55774  70.0014  37.9022 0003039 270.3958 324.6413 14.98325757    19
STARLINK-5809
1 55775C 23028AL  25222.10118056  .00006661  00000+0  55814-3 0  2222
2 55775  70.0014  37.8754 0003404 276.0925 345.0469 14.98327244    15
STARLINK-5810
1 55776C 23028AM  25222.10118056  .00006651  00000+0  55743-3 0  2223
2 55776  70.0016  37.7507 0003155 270.0282 103.8028 14.98319047    19
STARLINK-5814
1 55777C 23028AN  25222.09909722  .00006145  00000+0  51478-3 0  2229
2 55777  70.0014  37.8300 0002392 253.2664  41.6681 14.98340641    17
STARLINK-5816
1 55778C 23028AP  25222.10534722  .00005610  00000+0  47016-3 0  2225
2 55778  70.0015  37.7895 0002439 270.2001  81.0764 14.98326252    15
STARLINK-5817
1 55779C 23028AQ  25222.10048611  .00007783  00000+0  65270-3 0  2228
2 55779  70.0023  17.7444 0002570 276.6015 207.3553 14.98296868    12
STARLINK-5819
1 55780C 23028AR  25222.10465278  .00006145  00000+0  51508-3 0  2222
2 55780  70.0015  37.7664 0003166 266.6292 103.4190 14.98319119    17
STARLINK-5820
1 55781C 23028AS  25222.09979167  .00005882  00000+0  49275-3 0  2223
2 55781  70.0014  37.8869 0003197 273.4363   2.7759 14.98341169    16
STARLINK-5826
1 55782C 23028AT  25222.10534722  .00005812  00000+0  48708-3 0  2223
2 55782  70.0024  18.1153 0003101 270.4721 261.0545 14.98324769    16
STARLINK-5825
1 55783C 23028AU  25222.09979167  .00006469  00000+0  54216-3 0  2228
2 55783  70.0026  18.1280 0003053 269.9838 232.4874 14.98319384    12
STARLINK-5797
1 55784C 23028AV  25222.09979167  .00003368  00000+0  28219-3 0  2228
2 55784  70.0027  18.0287 0003299 269.4420 322.1356 14.98337533    12
STARLINK-5818
1 55785C 23028AW  25222.10326389  .00008006  00000+0  67096-3 0  2223
2 55785  70.0026  18.0943 0002957 270.6204 273.0632 14.98321655    14
STARLINK-5823
1 55786C 23028AX  25222.10326389  .00005481  00000+0  45931-3 0  2222
2 55786  70.0027  18.0186 0003306 266.7482 344.4561 14.98325452    11
STARLINK-5811
1 55787C 23028AY  25222.10048611  .00005394  00000+0  45207-3 0  2221
2 55787  70.0027  18.0764 0003128 269.8549 281.3705 14.98324833    15
STARLINK-5804
1 55788C 23028AZ  25222.10395833  .00005877  00000+0  49255-3 0  2226
2 55788  70.0027  18.0428 0003134 270.5118 321.9258 14.98325037    12
STARLINK-5815
1 55789C 23028BA  25222.10465278  .00007382  00000+0  61881-3 0  2220
2 55789  70.0023  17.8870 0002259 274.9275  96.3356 14.98316203    13
STARLINK-5813
1 55790C 23028BB  25222.10118056  .00007343  00000+0  61537-3 0  2226
2 55790  70.0024  17.9238 0003239 270.6190  58.4568 14.98321441    17
STARLINK-5807
1 55791C 23028BC  25222.10604167  .00003994  00000+0  33455-3 0  2226
2 55791  70.0027  17.9865 0003102 267.0847  21.5260 14.98344487    10
STARLINK-5856
1 55914C 23037A   25222.10395833  .00010804  00000+0  90493-3 0  2223
2 55914  70.0018 118.0940 0002736 270.9888 315.0887 14.98341190    18
STARLINK-5859
1 55915C 23037B   25222.10534722 -.00001257  00000+0 -10541-3 0  2226
2 55915  70.0018 117.9882 0002949 268.5189  55.2048 14.98317222    16
STARLINK-5796
1 55916C 23037C   25222.10395833 -.00001977  00000+0 -16575-3 0  2227
2 55916  70.0018 118.0680 0003100 270.6323 338.0704 14.98325034    10
STARLINK-5855
1 55917C 23037D   25222.11298611  .00160050  00000+0  18937-2 0  2224
2 55917  69.9757  53.5280 0007506 122.5621 198.4504 15.60883223    12
STARLINK-5867
1 55918C 23037E   25222.10395833  .00005359  00000+0  44912-3 0  2221
2 55918  70.0018 118.0425 0003063 269.3080   1.8797 14.98323174    12
STARLINK-5871
1 55919C 23037F   25222.10604167  .00007502  00000+0  62878-3 0  2228
2 55919  70.0017 117.9867 0003061 271.2418  55.3124 14.98317532    14
STARLINK-5862
1 55920C 23037G   25222.10187500  .00003478  00000+0  29161-3 0  2223
2 55920  70.0011  98.1430 0002853 269.1938  14.5121 14.98310436    17
STARLINK-5861
1 55921C 23037H   25222.10465278  .00000145  00000+0  12122-4 0  2223
2 55921  70.0017 117.8898 0002898 269.7857 140.2420 14.98316050    13
STARLINK-5863
1 55922C 23037J   25222.10256944  .00001927  00000+0  16157-3 0  2222
2 55922  70.0017 117.9199 0003039 268.4176 107.8395 14.98317068    17
STARLINK-5854
1 55923C 23037K   25222.10187500  .00002601  00000+0  21797-3 0  2220
2 55923  70.0017 117.9463 0002634 272.3611  77.5803 14.98335558    11
STARLINK-5849
1 55924C 23037L   25222.10534722  .00010093  00000+0  84562-3 0  2226
2 55924  70.0010  98.1078 0002791 275.8470  48.9964 14.98330252    18
STARLINK-5922
1 55925C 23037M   25222.09909722  .00004591  00000+0  38482-3 0  2227
2 55925  70.0019 117.8784 0002718 271.7510 130.8021 14.98318814    15
STARLINK-5921
1 55926C 23037N   25222.09701389  .00005064  00000+0  42451-3 0  2224
2 55926  70.0012  98.0807 0002960 270.0706  54.9456 14.98314733    17
STARLINK-5919
1 55927C 23037P   25222.10048611  .00003960  00000+0  33188-3 0  2229
2 55927  70.0020 117.8267 0002937 271.7997 182.3660 14.98323137    12
STARLINK-5930
1 55928C 23037Q   25222.10326389 -.00000208  00000+0 -17408-4 0  2223
2 55928  70.0020 117.7922 0003054 272.0239 220.5287 14.98323257    17
STARLINK-5896
1 55930C 23037S   25222.10048611  .00010763  00000+0  90187-3 0  2224
2 55930  70.0011  97.8978 0003165 269.4401 231.7946 14.98326354    10
STARLINK-5897
1 55931C 23037T   25222.09909722  .00010953  00000+0  91817-3 0  2224
2 55931  70.0020 117.7776 0002778 273.9950 218.5455 14.98309366    19
STARLINK-5848
1 55932C 23037U   25222.09979167  .00007395  00000+0  61970-3 0  2228
2 55932  70.0006  77.7608 0002922 270.9988  92.8302 14.98324193    11
STARLINK-5852
1 55933C 23037V   25222.10256944  .00002561  00000+0  21467-3 0  2229
2 55933  70.0012  98.0436 0003013 271.1221 106.3644 14.98319638    17
STARLINK-5927
1 55934C 23037W   25222.10256944  .00011410  00000+0  95631-3 0  2227
2 55934  70.0011  97.8898 0003116 270.7841 240.8388 14.98315333    10
STARLINK-5920
1 55935C 23037X   25222.09909722  .00001288  00000+0  10794-3 0  2224
2 55935  70.0012  98.0249 0003083 270.1983 111.0768 14.98321117    17
STARLINK-5882
1 55936C 23037Y   25222.10326389  .00006101  00000+0  51133-3 0  2220
2 55936  70.0006  77.7776 0002967 270.7457  89.3032 14.98324093    19
STARLINK-5913
1 55937C 23037Z   25222.10118056  .00005207  00000+0  43640-3 0  2221
2 55937  70.0011  97.9942 0002891 271.1466 143.8475 14.98321388    17
STARLINK-5909
1 55938C 23037AA  25222.10256944  .00001502  00000+0  12589-3 0  2223
2 55938  70.0012  97.9652 0003096 271.0114 174.0020 14.98318045    12
STARLINK-5918
1 55939C 23037AB  25222.10187500  .00007271  00000+0  60935-3 0  2222
2 55939  70.0011  97.9161 0003096 269.9834 216.2737 14.98322455    16
STARLINK-5864
1 55940C 23037AC  25222.10187500  .00006298  00000+0  52784-3 0  2225
2 55940  70.0012  97.9415 0003097 271.0705 192.6785 14.98320107    15
STARLINK-5914
1 55941C 23037AD  25222.10187500  .00005791  00000+0  48536-3 0  2223
2 55941  70.0011  98.0931 0002999 270.6748  58.0053 14.98322804    11
STARLINK-5917
1 55942C 23037AE  25222.10118056  .00002531  00000+0  21244-3 0  2220
2 55942  70.0009  97.7898 0002991 268.0199 327.1950 14.98274550    10
STARLINK-5932
1 55943C 23037AF  25222.10118056  .00004662  00000+0  39080-3 0  2225
2 55943  70.0009  97.8314 0003164 271.0593 279.0012 14.98315582    15
STARLINK-5926
1 55944C 23037AG  25222.10395833  .00008368  00000+0  70140-3 0  2225
2 55944  70.0008  97.8077 0003046 270.0053 317.5230 14.98316298    15
STARLINK-5925
1 55945C 23037AH  25222.10326389  .00007944  00000+0  66583-3 0  2221
2 55945  70.0011  97.8625 0003087 270.9322 266.9407 14.98318650    19
STARLINK-5857
1 55946C 23037AJ  25222.09909722  .00005508  00000+0  46168-3 0  2229
2 55946  70.0010  97.8713 0002991 270.7061 245.6089 14.98319350    16
STARLINK-5851
1 55947C 23037AK  25222.10256944  .00008289  00000+0  69475-3 0  2228
2 55947  70.0010  97.7627 0002795 270.0966 354.0685 14.98318188    14
STARLINK-5900
1 55948C 23037AL  25222.10187500  .00008126  00000+0  68098-3 0  2220
2 55948  70.0008  78.0595 0003121 270.2516 194.7173 14.98320379    11
STARLINK-5899
1 55949C 23037AM  25222.10465278  .00009426  00000+0  78989-3 0  2226
2 55949  70.0006  78.1025 0003058 271.0587 163.8386 14.98322975    12
STARLINK-5911
1 55950C 23037AN  25222.10534722  .00009154  00000+0  76715-3 0  2222
2 55950  70.0008  78.0255 0003085 270.3372 235.8491 14.98319091    16
STARLINK-5908
1 55951C 23037AP  25222.10395833  .00006469  00000+0  54222-3 0  2226
2 55951  70.0010  97.7579 0003086 269.2999   3.2528 14.98315198    12
STARLINK-5893
1 55952C 23037AQ  25222.10604167  .00008059  00000+0  67545-3 0  2229
2 55952  70.0008  78.0507 0002864 267.0891 219.4463 14.98320005    15
STARLINK-5892
1 55954C 23037AS  25222.09909722  .00008127  00000+0  68095-3 0  2221
2 55954  70.0007  77.8903 0002811 273.5986 333.8935 14.98331295    10
STARLINK-5878
1 55955C 23037AT  25222.09909722  .00009153  00000+0  76705-3 0  2229
2 55955  70.0009  77.9914 0003072 269.5240 247.9733 14.98320477    15
STARLINK-5883
1 55956C 23037AU  25222.10256944  .00007891  00000+0  66135-3 0  2226
2 55956  70.0006  77.8306 0002876 271.4728  39.8126 14.98320848    17
STARLINK-5884
1 55957C 23037AV  25222.10256944  .00008674  00000+0  72704-3 0  2226
2 55957  70.0008  78.0075 0003101 269.4843 244.2479 14.98315316    10
STARLINK-5928
1 55958C 23037AW  25222.10326389  .00009430  00000+0  79014-3 0  2220
2 55958  70.0009  77.9564 0003005 266.7788 295.5859 14.98328096    14
STARLINK-5929
1 55959C 23037AX  25222.10187500  .00008187  00000+0  68616-3 0  2225
2 55959  70.0008  77.9344 0003076 270.0695 307.4269 14.98318759    16
STARLINK-5938
1 55960C 23037AY  25222.09423611  .00010482  00000+0  87846-3 0  2228
2 55960  70.0009  78.0113 0002982 266.8802 200.9165 14.98319533    16
STARLINK-5933
1 55961C 23037AZ  25222.10604167  .00007167  00000+0  60080-3 0  2225
2 55961  70.0006  77.8472 0002990 270.5521  36.9659 14.98314838    16
STARLINK-5906
1 55962C 23037BA  25222.09909722  .00007754  00000+0  64983-3 0  2227
2 55962  70.0007  78.0856 0003121 270.9512 156.5359 14.98321211    17
STARLINK-5924
1 55963C 23037BB  25222.10534722  .00008341  00000+0  69881-3 0  2229
2 55963  70.0008  77.9006 0002789 269.0259 349.6442 14.98332217    16
STARLINK-5895
1 55964C 23037BC  25222.11229167  .00021699  00000+0  17920-2 0  2222
2 55964  70.0004  78.0073 0002588 236.8685 244.7841 14.98874683    17
STARLINK-5894
1 55965C 23037BD  25222.10187500  .00007654  00000+0  64160-3 0  2220
2 55965  70.0006  77.8068 0002977 269.8172  60.2488 14.98312395    15
STARLINK-6038
1 56317C 23058A   25222.09979167  .00001933  00000+0  15075-3 0  2226
2 56317  97.6523 222.8720 0001740 111.0179 126.6967 15.01268365    16
STARLINK-5954
1 56318C 23058B   25222.10256944  .00001272  00000+0  99212-4 0  2222
2 56318  97.6533 222.8787 0001484 107.1530 165.6425 15.01254674    13
STARLINK-6039
1 56319C 23058C   25222.10604167  .00001768  00000+0  13793-3 0  2226
2 56319  97.6534 222.8857 0001568 139.3327 162.2009 15.01256301    17
STARLINK-5988
1 56320C 23058D   25222.10395833  .00002232  00000+0  17415-3 0  2227
2 56320  97.6522 222.8770 0001780 134.2715 124.6823 15.01256050    18
STARLINK-5876
1 56321C 23058E   25222.09979167  .00001568  00000+0  12231-3 0  2226
2 56321  97.6537 222.8907 0001987 157.2825 140.5021 15.01255997    19
STARLINK-6033
1 56322C 23058F   25222.10118056  .00002562  00000+0  19981-3 0  2225
2 56322  97.6530 222.8743 0002096 131.3470 123.8152 15.01266129    10
STARLINK-6035
1 56323C 23058G   25222.10395833  .00003383  00000+0  26399-3 0  2229
2 56323  97.6536 222.8911 0002499 154.7878 155.4410 15.01238485    14
STARLINK-6034
1 56324C 23058H   25222.10256944  .00000479  00000+0  37344-4 0  2225
2 56324  97.6535 222.8857 0001995 140.2376 152.5002 15.01266380    16
STARLINK-5981
1 56325C 23058J   25222.05951389  .00004256  00000+0  33200-3 0  2228
2 56325  97.6540 222.8633 0002837 131.7657 338.4814 15.01254569    10
STARLINK-5980
1 56326C 23058K   25222.10187500  .00001580  00000+0  12328-3 0  2226
2 56326  97.6535 222.8847 0002538 150.1798 137.5310 15.01255032    16
STARLINK-5997
1 56327C 23058L   25222.10465278  .00002224  00000+0  17351-3 0  2225
2 56327  97.6542 222.9209 0002087 138.0499 244.6845 15.01254996    11
STARLINK-5992
1 56328C 23058M   25222.10118056  .00001587  00000+0  12379-3 0  2221
2 56328  97.6539 222.9001 0002935 141.9844 183.3091 15.01255265    19
STARLINK-5984
1 56329C 23058N   25222.10604167  .00001973  00000+0  15386-3 0  2225
2 56329  97.6541 222.9135 0003049 127.4709 244.0818 15.01259714    12
STARLINK-5991
1 56331C 23058Q   25222.10256944  .00000813  00000+0  63425-4 0  2224
2 56331  97.6552 222.9254 0002975 105.2492 277.5752 15.01254321    16
STARLINK-5093
1 56332C 23058R   25222.12131944  .00002397  00000+0  18700-3 0  2223
2 56332  97.6538 222.9162 0002627 151.4975 272.5635 15.01254876    12
STARLINK-5553
1 56333C 23058S   25222.10465278  .00004411  00000+0  34398-3 0  2222
2 56333  97.6566 222.9338 0002519  79.5756 324.3790 15.01269222    15
STARLINK-5548
1 56334C 23058T   25222.10256944  .00002285  00000+0  17821-3 0  2220
2 56334  97.6542 222.9196 0002878 118.6563 254.1623 15.01255988    10
STARLINK-5559
1 56335C 23058U   25222.10326389  .00002627  00000+0  20494-3 0  2222
2 56335  97.6560 222.9527 0002264  88.9082 336.3613 15.01253667    17
STARLINK-5562
1 56336C 23058V   25222.10118056  .00002043  00000+0  15938-3 0  2222
2 56336  97.6542 222.9135 0002850 120.4358 234.8815 15.01253585    17
STARLINK-5561
1 56337C 23058W   25222.10326389  .00003659  00000+0  28545-3 0  2225
2 56337  97.6565 222.9460 0001294  92.4729 322.7822 15.01255286    10
STARLINK-5554
1 56338C 23058X   25222.10187500  .00003325  00000+0  25940-3 0  2222
2 56338  97.6568 222.9391 0002176  74.9662 324.0991 15.01254796    15
STARLINK-5552
1 56339C 23058Y   25222.10187500  .00004803  00000+0  37466-3 0  2221
2 56339  97.6553 222.9634 0001919  91.5651 347.5028 15.01255491    11
STARLINK-5540
1 56340C 23058Z   25222.10395833  .00003855  00000+0  30073-3 0  2226
2 56340  97.6565 222.9473 0001850  92.5809 327.7314 15.01256170    10
STARLINK-5543
1 56341C 23058AA  25222.09979167  .00004073  00000+0  31769-3 0  2229
2 56341  97.6560 222.9504 0001815  92.1645 315.6536 15.01255630    18
STARLINK-5955
1 56342C 23058AB  25222.10256944  .00004337  00000+0  33835-3 0  2222
2 56342  97.6557 222.9582 0001927  90.0383 342.7855 15.01254938    16
STARLINK-5976
1 56343C 23058AC  25222.10256944  .00004897  00000+0  38180-3 0  2222
2 56343  97.6546 222.9795 0003082  76.8470  35.9087 15.01274343    14
STARLINK-5974
1 56344C 23058AD  25222.10465278  .00002910  00000+0  22692-3 0  2220
2 56344  97.6551 222.9713 0002762  82.8784  21.1892 15.01264362    11
STARLINK-5979
1 56345C 23058AE  25222.10048611  .00005171  00000+0  40320-3 0  2229
2 56345  97.6544 222.9825 0003487  81.6073  29.9428 15.01268204    11
STARLINK-5837
1 56346C 23058AF  25222.10395833 -.00002651  00000+0 -20693-3 0  2224
2 56346  97.6548 222.9761 0002565  86.6564  23.7811 15.01241578    14
STARLINK-5829
1 56347C 23058AG  25222.10465278  .00004590  00000+0  35795-3 0  2227
2 56347  97.6542 222.9914 0003594  77.2592  66.8190 15.01258808    11
STARLINK-5888
1 56348C 23058AH  25222.10326389  .00004534  00000+0  35367-3 0  2220
2 56348  97.6551 222.9696 0003030  69.0194  26.2287 15.01256145    10
STARLINK-5887
1 56349C 23058AJ  25222.10048611  .00003301  00000+0  25754-3 0  2220
2 56349  97.6536 223.0004 0003341  49.2656 102.3391 15.01249546    16
STARLINK-5886
1 56350C 23058AK  25222.10187500  .00004536  00000+0  35380-3 0  2220
2 56350  97.6539 222.9975 0003584  45.3603 103.7229 15.01253892    18
STARLINK-5891
1 56351C 23058AL  25222.10465278  .00004313  00000+0  33642-3 0  2224
2 56351  97.6534 223.0085 0003401  47.0347 137.0541 15.01254283    12
STARLINK-5885
1 56352C 23058AM  25222.10048611  .00003993  00000+0  31146-3 0  2223
2 56352  97.6541 222.9917 0003137  57.8567  73.7287 15.01253279    19
STARLINK-5874
1 56353C 23058AN  25222.10395833  .00002009  00000+0  15675-3 0  2221
2 56353  97.6529 223.0331 0001848  97.2193 153.1459 15.01256358    13
STARLINK-5877
1 56354C 23058AP  25222.10118056  .00005009  00000+0  39072-3 0  2222
2 56354  97.6542 222.9876 0003300  74.7497  49.2568 15.01255533    13
STARLINK-5533
1 56355C 23058AQ  25222.10465278  .00004020  00000+0  31349-3 0  2225
2 56355  97.6533 223.0201 0002069  35.6991 178.3096 15.01268674    14
STARLINK-5535
1 56356C 23058AR  25222.10118056  .00007039  00000+0  54900-3 0  2226
2 56356  97.6533 223.0129 0002208  57.0834 128.1254 15.01257608    17
STARLINK-5538
1 56357C 23058AS  25222.10534722  .00003551  00000+0  27691-3 0  2221
2 56357  97.6533 223.0202 0002621  57.4610 159.0327 15.01262528    16
STARLINK-5482
1 56358C 23058AT  25222.10048611  .00003010  00000+0  23480-3 0  2221
2 56358  97.6533 223.0083 0003428  44.6489 126.9606 15.01249165    17
STARLINK-5551
1 56359C 23058AU  25222.10395833  .00003811  00000+0  29722-3 0  2227
2 56359  97.6533 223.0228 0002031  39.1484 179.8310 15.01264263    17
STARLINK-5549
1 56360C 23058AV  25222.10118056  .00003696  00000+0  28826-3 0  2224
2 56360  97.6533 223.0204 0001807  67.5673 137.7781 15.01259789    10
STARLINK-5550
1 56361C 23058AW  25222.10534722  .00002099  00000+0  16373-3 0  2227
2 56361  97.6533 223.0286 0001783  66.3567 171.4998 15.01259275    18
STARLINK-5972
1 56362C 23058AX  25222.10256944  .00003405  00000+0  26562-3 0  2228
2 56362  97.6533 223.0295 0001242 125.6798 107.1648 15.01259998    14
STARLINK-5990
1 56448C 23064A   25222.10395833  .00012997  00000+0  10895-2 0  2228
2 56448  70.0023 318.0119 0003133 270.3134 347.5197 14.98306167    16
STARLINK-5993
1 56449C 23064B   25222.10187500  .00007897  00000+0  66187-3 0  2228
2 56449  70.0024 318.1408 0003470 270.2491 224.6965 14.98317936    13
STARLINK-5970
1 56450C 23064C   25222.10118056  .00013747  00000+0  11523-2 0  2224
2 56450  70.0024 317.9936 0003266 269.9286 355.4431 14.98305497    18
STARLINK-5985
1 56451C 23064D   25222.10256944  .00012984  00000+0  10885-2 0  2226
2 56451  70.0024 318.1143 0003365 270.6397 250.5633 14.98304901    12
STARLINK-5986
1 56452C 23064E   25222.10604167  .00000544  00000+0  45553-4 0  2222
2 56452  70.0023 318.0806 0003335 269.3714 293.0037 14.98340261    11
STARLINK-5935
1 56453C 23064F   25222.10048611  .00014554  00000+0  12200-2 0  2226
2 56453  70.0024 318.0691 0003309 269.9958 284.9930 14.98303892    12
STARLINK-5959
1 56454C 23064G   25222.10326389 -.00002202  00000+0 -18439-3 0  2228
2 56454  70.0025 317.9360 0003546 272.6680  49.7494 14.98353017    17
STARLINK-5987
1 56455C 23064H   25222.09979167  .00011883  00000+0  99576-3 0  2229
2 56455  70.0026 317.9192 0003410 273.1071  53.1235 14.98322026    10
STARLINK-5995
1 56456C 23064J   25222.10118056  .00013880  00000+0  11636-2 0  2223
2 56456  70.0024 317.9920 0003393 271.4535 354.8134 14.98302044    11
STARLINK-5994
1 56457C 23064K   25222.10256944  .00012914  00000+0  10826-2 0  2220
2 56457  70.0024 317.9627 0003492 270.1782  26.0866 14.98304448    16
STARLINK-6050
1 56458C 23064L   25222.10118056  .00013229  00000+0  11091-2 0  2227
2 56458  70.0023 318.0157 0003353 270.5018 333.2412 14.98301318    11
STARLINK-6048
1 56459C 23064M   25222.10534722  .00011413  00000+0  95665-3 0  2223
2 56459  70.0024 317.8063 0003384 271.2138 174.1733 14.98309362    16
STARLINK-6047
1 56460C 23064N   25222.10534722  .00012612  00000+0  10571-2 0  2229
2 56460  70.0026 317.8802 0003479 270.9738 107.7842 14.98308997    14
STARLINK-6037
1 56461C 23064P   25222.10187500  .00004125  00000+0  34566-3 0  2229
2 56461  70.0024 317.7875 0003495 270.7393 179.3310 14.98325335    15
STARLINK-6045
1 56462C 23064Q   25222.09909722  .00003380  00000+0  28327-3 0  2226
2 56462  70.0002 277.7484 0003494 267.6300  56.5327 14.98321726    19
STARLINK-6051
1 56463C 23064R   25222.09979167  .00012986  00000+0  10886-2 0  2229
2 56463  70.0022 318.0382 0003200 270.0962 303.6545 14.98304917    16
STARLINK-6043
1 56464C 23064S   25222.09979167  .00011917  00000+0  99893-3 0  2229
2 56464  70.0027 317.8686 0003294 270.5120 100.8057 14.98308746    19
STARLINK-6054
1 56465C 23064T   25222.10256944 -.00006811  00000+0 -57036-3 0  2225
2 56465  70.0003 277.7858 0003776 271.7936  26.8835 14.98365286    15
STARLINK-6053
1 56466C 23064U   25222.10187500  .00002924  00000+0  24503-3 0  2229
2 56466  70.0023 317.8137 0003383 270.9856 156.5622 14.98329883    18
STARLINK-6055
1 56467C 23064V   25222.10048611  .00004513  00000+0  37818-3 0  2228
2 56467  70.0015 298.0740 0003534 271.6344  37.0918 14.98324330    11
STARLINK-5998
1 56468C 23064W   25222.10118056  .00010039  00000+0  84140-3 0  2220
2 56468  70.0025 317.7634 0003420 270.7038 198.1293 14.98315294    12
STARLINK-5518
1 56469C 23064X   25222.10118056  .00006634  00000+0  55593-3 0  2227
2 56469  70.0013 298.1477 0003527 270.4779 334.4639 14.98321770    19
STARLINK-5523
1 56470C 23064Y   25222.10256944  .00009314  00000+0  78061-3 0  2221
2 56470  70.0015 298.0943 0003535 271.5321  25.9139 14.98315890    17
STARLINK-5521
1 56471C 23064Z   25222.10256944  .00009002  00000+0  75444-3 0  2228
2 56471  70.0014 298.0429 0003950 270.6280  71.8398 14.98317811    13
STARLINK-5038
1 56472C 23064AA  25222.11784722 -.00011433  00000+0 -95773-3 0  2220
2 56472  70.0016 297.9545 0003624 267.9054 201.8957 14.98357740    10
STARLINK-5524
1 56474C 23064AC  25222.10534722  .00009599  00000+0  80454-3 0  2222
2 56474  70.0014 298.1124 0003197 271.2245  18.6969 14.98314740    11
STARLINK-5541
1 56475C 23064AD  25222.10187500 -.00001287  00000+0 -10784-3 0  2228
2 56475  70.0017 297.9658 0003627 271.0123 135.2360 14.98333310    10
STARLINK-5545
1 56476C 23064AE  25222.10604167  .00008204  00000+0  68759-3 0  2221
2 56476  70.0016 298.0076 0003596 269.9792 113.7136 14.98318638    17
STARLINK-5534
1 56477C 23064AF  25222.10604167  .00009477  00000+0  79432-3 0  2225
2 56477  70.0012 297.8583 0003620 269.7994 248.0582 14.98312798    12
STARLINK-6041
1 56478C 23064AG  25222.10326389  .00005088  00000+0  42636-3 0  2223
2 56478  70.0012 297.9400 0003614 270.4718 165.7716 14.98323459    18
STARLINK-6044
1 56479C 23064AH  25222.09909722  .00006219  00000+0  52115-3 0  2220
2 56479  70.0013 297.7989 0003276 269.8278 278.9845 14.98324131    15
STARLINK-6214
1 56480C 23064AJ  25222.11229167  .00009780  00000+0  53801-3 0  2222
2 56480  69.9960 282.0718 0001801 266.0177 154.3673 15.13956792    19
STARLINK-6222
1 56481C 23064AK  25222.10395833  .00008061  00000+0  67563-3 0  2227
2 56481  70.0011 297.8367 0003438 270.3208 259.7129 14.98317027    15
STARLINK-6220
1 56482C 23064AL  25222.10118056  .00007991  00000+0  66967-3 0  2226
2 56482  70.0012 297.9194 0003696 269.1726 178.3382 14.98320318    17
STARLINK-5868
1 56483C 23064AM  25222.09909722  .00007142  00000+0  59829-3 0  2220
2 56483  70.0012 297.8963 0003897 266.1002 192.5994 14.98335315    18
STARLINK-6221
1 56484C 23064AN  25222.10465278  .00009646  00000+0  80843-3 0  2227
2 56484  70.0012 297.8604 0003367 270.1948 241.0684 14.98315888    16
STARLINK-6210
1 56485C 23064AP  25222.09840278  .00010465  00000+0  87713-3 0  2227
2 56485  70.0017 297.7736 0003176 270.3058 297.2958 14.98312999    16
STARLINK-6201
1 56486C 23064AQ  25222.10465278  .00010661  00000+0  89359-3 0  2229
2 56486  70.0013 297.8101 0003286 269.9468 286.3346 14.98312715    17
STARLINK-6196
1 56487C 23064AR  25222.10395833 -.00002067  00000+0 -17321-3 0  2222
2 56487  70.0003 277.7926 0003709 270.0579  58.7198 14.98335785    13
STARLINK-6204
1 56488C 23064AS  25222.10187500  .00002646  00000+0  22177-3 0  2229
2 56488  69.9994 278.0446 0003328 270.4209 182.0445 14.98325637    13
STARLINK-5923
1 56489C 23064AT  25222.10187500  .00004520  00000+0  37872-3 0  2221
2 56489  69.9998 277.9702 0003558 267.3923 252.4822 14.98335529    16
STARLINK-5873
1 56490C 23064AU  25222.09909722  .00004037  00000+0  33833-3 0  2225
2 56490  69.9998 278.1012 0003579 269.5488 122.9173 14.98321006    13
STARLINK-5842
1 56491C 23064AV  25222.10256944 -.00009628  00000+0 -80652-3 0  2223
2 56491  69.9998 277.9438 0003516 268.2884 277.8903 14.98353639    18
STARLINK-5846
1 56492C 23064AW  25222.10118056 -.00004339  00000+0 -36357-3 0  2222
2 56492  69.9997 277.9221 0003191 270.3009 290.9614 14.98336112    12
STARLINK-5841
1 56493C 23064AX  25222.10465278 -.00002337  00000+0 -19587-3 0  2226
2 56493  69.9991 257.9519 0003876 269.7659  18.9431 14.98333865    15
STARLINK-5530
1 56494C 23064AY  25222.10256944  .00002189  00000+0  18342-3 0  2226
2 56494  70.0000 277.9193 0003654 270.6360 297.2322 14.98327665    16
STARLINK-5529
1 56495C 23064AZ  25222.10673611  .00003256  00000+0  27289-3 0  2227
2 56495  70.0000 277.8582 0003581 273.0536   3.1863 14.98322353    12
STARLINK-5526
1 56496C 23064BA  25222.10534722 -.00048005  00000+0 -40206-2 0  2223
2 56496  69.9999 277.8363 0003756 270.9609  20.3144 14.98401015    11
STARLINK-5527
1 56497C 23064BB  25222.09909722 -.00002807  00000+0 -23520-3 0  2229
2 56497  70.0004 277.8267 0003428 270.5387   8.6358 14.98334927    13
STARLINK-5522
1 56498C 23064BC  25222.10604167  .00003744  00000+0  31376-3 0  2224
2 56498  69.9998 277.8846 0003661 271.3820 338.5961 14.98325383    17
STARLINK-6197
1 56767C 23078A   25222.10881944  .00020365  00000+0  13835-2 0  2225
2 56767  69.9964 174.4519 0001948 117.2875 141.0401 15.06266823    11
STARLINK-6198
1 56768C 23078B   25222.10534722 -.00014818  00000+0 -12417-2 0  2228
2 56768  70.0022 137.8010 0003140 263.6566 103.8167 14.98349451    12
STARLINK-5978
1 56769C 23078C   25222.10534722  .00512580  00000+0  23105-2 0  2222
2 56769  70.0001 159.8959 0003371 257.4336  29.7161 15.83271514    17
STARLINK-6342
1 56770C 23078D   25222.08520833 -.00019685  00000+0 -16499-2 0  2227
2 56770  70.0017 177.9892 0003057 269.2611 346.2149 14.98346336    14
STARLINK-6275
1 56772C 23078F   25222.10118056 -.00010615  00000+0 -88962-3 0  2221
2 56772  70.0019 177.9211 0003095 260.3308 104.6724 14.98337862    19
STARLINK-6296
1 56773C 23078G   25222.10048611  .00004041  00000+0  33866-3 0  2228
2 56773  70.0019 118.1204 0003036 271.3078 251.1373 14.98321671    19
STARLINK-6190
1 56774C 23078H   25222.10465278 -.00013490  00000+0 -11307-2 0  2226
2 56774  70.0018 178.0349 0003262 269.7714   1.4176 14.98337933    18
STARLINK-6292
1 56775C 23078J   25222.10187500  .00001886  00000+0  15807-3 0  2220
2 56775  70.0019 118.0916 0003043 270.7732 281.6688 14.98324992    14
STARLINK-6274
1 56776C 23078K   25222.10326389  .00000609  00000+0  51012-4 0  2222
2 56776  70.0023 138.1247 0002991 262.4889 161.1796 14.98325410    10
STARLINK-5582
1 56777C 23078L   25222.10326389 -.00001997  00000+0 -16734-3 0  2227
2 56777  70.0024 158.1434 0003284 268.2172  19.1955 14.98328711    13
STARLINK-6304
1 56778C 23078M   25222.10534722 -.00005055  00000+0 -42372-3 0  2226
2 56778  70.0024 138.0939 0003085 270.3773 187.0573 14.98324189    17
STARLINK-6231
1 56779C 23078N   25222.09909722 -.00005328  00000+0 -44660-3 0  2226
2 56779  70.0027 137.9578 0003324 267.0616 291.7230 14.98323596    17
STARLINK-5963
1 56780C 23078P   25222.09770833  .00005237  00000+0  43895-3 0  2223
2 56780  70.0025 157.7525 0003221 275.5155   3.7127 14.98317651    18
STARLINK-5989
1 56781C 23078Q   25222.10256944 -.00010325  00000+0 -86551-3 0  2220
2 56781  70.0027 158.0173 0003106 270.3615 125.8580 14.98331527    17
STARLINK-6352
1 56782C 23078R   25222.10256944 -.00001083  00000+0 -90786-4 0  2228
2 56782  70.0022 138.0755 0003104 269.9482 195.0022 14.98323179    15
STARLINK-6357
1 56783C 23078S   25222.09979167 -.00011131  00000+0 -93303-3 0  2228
2 56783  70.0024 138.0318 0003087 271.8239 223.1813 14.98333030    13
STARLINK-6354
1 56784C 23078T   25222.09909722 -.00001367  00000+0 -11456-3 0  2228
2 56784  70.0023 138.0589 0002923 271.4693 197.2675 14.98323325    14
STARLINK-5931
1 56785C 23078U   25222.10326389 -.00005826  00000+0 -48826-3 0  2228
2 56785  70.0024 158.0665 0003128 262.5503  92.3832 14.98332166    15
STARLINK-6341
1 56786C 23078V   25222.09909722 -.00004042  00000+0 -33883-3 0  2221
2 56786  70.0024 138.0089 0003095 272.0798 241.6790 14.98322951    12
STARLINK-6326
1 56787C 23078W   25222.09979167 -.00010186  00000+0 -85387-3 0  2224
2 56787  70.0025 137.8580 0003090 270.9144  21.6465 14.98330137    14
STARLINK-6336
1 56788C 23078X   25222.10326389  .00000217  00000+0  18165-4 0  2222
2 56788  70.0027 137.9734 0003068 272.2177 286.5077 14.98325194    13
STARLINK-6325
1 56789C 23078Y   25222.10048611  .01130100  00000+0  23088-1 0  2225
2 56789  70.0005 115.3197 0003252 269.4424 258.2374 15.44861872    17
STARLINK-6345
1 56790C 23078Z   25222.10256944  .00004297  00000+0  36016-3 0  2220
2 56790  70.0019 117.9895 0002938 268.4040  17.8130 14.98319134    16
STARLINK-5977
1 56791C 23078AA  25222.10256944 -.00004193  00000+0 -35135-3 0  2229
2 56791  70.0024 157.8446 0002994 270.8998 282.8410 14.98335283    17
STARLINK-6046
1 56792C 23078AB  25222.10118056 -.00002072  00000+0 -17368-3 0  2223
2 56792  70.0023 158.0978 0003171 270.0659  51.1285 14.98330900    12
STARLINK-6052
1 56793C 23078AC  25222.10048611 -.00005967  00000+0 -50003-3 0  2222
2 56793  70.0027 157.9476 0003913 260.6291 191.8678 14.98332733    13
STARLINK-6060
1 56794C 23078AD  25222.10118056  .00009259  00000+0  77631-3 0  2226
2 56794  70.0028 137.9272 0003128 272.7424 319.8355 14.98304616    10
STARLINK-6061
1 56795C 23078AE  25222.10118056 -.00017666  00000+0 -14806-2 0  2224
2 56795  70.0021 137.7775 0003165 270.2785  96.3687 14.98344832    13
STARLINK-6049
1 56796C 23078AF  25222.10604167 -.00003192  00000+0 -26752-3 0  2221
2 56796  70.0026 158.0341 0003447 269.7378 122.6826 14.98330428    12
STARLINK-6058
1 56797C 23078AG  25222.10326389  .00006023  00000+0  50504-3 0  2225
2 56797  70.0023 158.1100 0002900 275.0814  34.9118 14.98300453    16
STARLINK-5953
1 56799C 23078AJ  25222.10256944 -.00004014  00000+0 -33643-3 0  2221
2 56799  70.0025 157.9636 0003095 267.6274 173.5962 14.98330794    12
STARLINK-6036
1 56800C 23078AK  25222.09909722  .00010023  00000+0  84062-3 0  2227
2 56800  70.0027 158.0005 0003427 263.3782 136.6078 14.98291327    11
STARLINK-6087
1 56801C 23078AL  25222.10326389  .00014460  00000+0  12123-2 0  2229
2 56801  70.0023 137.8212 0002943 273.4470  60.2304 14.98300913    17
STARLINK-6070
1 56802C 23078AM  25222.09979167  .00001531  00000+0  12833-3 0  2220
2 56802  70.0027 137.9370 0003195 266.1573 317.9731 14.98322273    10
STARLINK-6029
1 56803C 23078AN  25222.09979167 -.00013235  00000+0 -11094-2 0  2224
2 56803  70.0026 157.9237 0003078 269.5281 201.7588 14.98334301    12
STARLINK-6069
1 56804C 23078AP  25222.10187500 -.00001882  00000+0 -15777-3 0  2227
2 56804  70.0027 137.8749 0003110 271.7590   9.5089 14.98325838    19
STARLINK-6064
1 56805C 23078AQ  25222.09909722 -.00000456  00000+0 -38194-4 0  2229
2 56805  70.0027 137.9053 0003025 271.1167 332.6655 14.98326888    13
STARLINK-6072
1 56806C 23078AR  25222.09840278 -.00001091  00000+0 -91466-4 0  2227
2 56806  70.0020 117.8001 0003033 270.6665 173.1988 14.98316159    10
STARLINK-6073
1 56807C 23078AS  25222.09909722 -.00008093  00000+0 -67845-3 0  2220
2 56807  70.0022 137.7810 0003085 270.0459  86.2990 14.98326865    16
STARLINK-6042
1 56808C 23078AT  25222.10534722  .00007778  00000+0  65186-3 0  2220
2 56808  70.0008  88.0191 0003168 269.3374  89.9755 14.98321872    12
STARLINK-6040
1 56809C 23078AU  25222.09909722 -.00000152  00000+0 -12756-4 0  2222
2 56809  70.0023 157.8005 0003043 270.4874 309.6130 14.98319430    15
STARLINK-6031
1 56810C 23078AV  25222.10118056 -.00008826  00000+0 -73983-3 0  2222
2 56810  70.0026 157.8950 0003089 269.8650 231.4105 14.98330194    17
STARLINK-6063
1 56811C 23078AW  25222.10256944  .00006853  00000+0  57436-3 0  2223
2 56811  70.0019 117.8126 0002934 271.5477 172.2504 14.98317761    16
STARLINK-6065
1 56812C 23078AX  25222.10048611 -.00014193  00000+0 -11893-2 0  2228
2 56812  70.0024 137.8344 0002663 264.1332  53.7304 14.98347766    13
STARLINK-6056
1 56813C 23078AY  25222.10048611 -.00005122  00000+0 -42930-3 0  2228
2 56813  70.0023 157.7727 0003268 267.7992 341.3815 14.98329177    11
STARLINK-6059
1 56814C 23078AZ  25222.09979167 -.00014225  00000+0 -11924-2 0  2228
2 56814  70.0023 157.8226 0002902 271.3972 289.9272 14.98333513    13
STARLINK-6067
1 56816C 23078BB  25222.10187500 -.00021225  00000+0 -17790-2 0  2229
2 56816  70.0022 137.7489 0002986 260.6143 133.2086 14.98347125    13
STARLINK-5982
1 56817C 23078BC  25222.09840278 -.00003723  00000+0 -31207-3 0  2229
2 56817  70.0026 157.8762 0003054 269.1762 239.6234 14.98329706    14
STARLINK-6028
1 56818C 23078BD  25222.10604167 -.00003076  00000+0 -25786-3 0  2223
2 56818  70.0023 157.7570 0002932 269.0799  10.9509 14.98327036    10
STARLINK-30267
1 57663C 23124A   25222.09840278  .00031609  00000+0  10652-2 0  2223
2 57663  53.1576 109.8539 0001383  82.9042 109.9484 15.30163117    15
STARLINK-30298
1 57665C 23124C   25222.10326389  .00015392  00000+0  51889-3 0  2228
2 57665  53.1579 109.8700 0001312  71.3470 136.6946 15.30168733    18
STARLINK-30301
1 57666C 23124D   25222.10048611  .00000188  00000+0  63501-5 0  2221
2 57666  53.1584 171.6265 0001245  88.1793 301.2838 15.30182813    12
STARLINK-30275
1 57667C 23124E   25222.09840278  .00034513  00000+0  11636-2 0  2227
2 57667  53.1598 109.8979 0001173  79.5709 357.1617 15.30145712    16
STARLINK-30278
1 57668C 23124F   25222.09979167  .00020437  00000+0  68895-3 0  2228
2 57668  53.1595 109.8607 0001513  91.8404  21.5958 15.30163504    18
STARLINK-30271
1 57669C 23124G   25222.09770833  .00026553  00000+0  89515-3 0  2225
2 57669  53.1593 109.8808 0001311  75.9440 310.5141 15.30156521    15
STARLINK-30322
1 57670C 23124H   25222.10118056  .00026921  00000+0  90780-3 0  2227
2 57670  53.1598 109.8808 0001446  81.3426  16.5300 15.30148263    10
STARLINK-30296
1 57671C 23124J   25222.09631944  .00022881  00000+0  77136-3 0  2223
2 57671  53.1580 109.8503 0001148  93.1889  70.8121 15.30160699    18
STARLINK-30274
1 57672C 23124K   25222.10048611  .00015623  00000+0  52729-3 0  2226
2 57672  53.1565 109.7656 0001130  65.9007 208.3026 15.30131256    19
STARLINK-30316
1 57673C 23124L   25222.10187500  .00025104  00000+0  84629-3 0  2227
2 57673  53.1586 109.8876 0001409 103.4453  62.0887 15.30159358    13
STARLINK-30317
1 57675C 23124N   25222.10673611  .00132300  00000+0  36012-2 0  2221
2 57675  53.1561 108.4626 0004145 219.5065  10.4420 15.36809398    16
STARLINK-30313
1 57676C 23124P   25222.09979167  .00024528  00000+0  82698-3 0  2229
2 57676  53.1565 109.8041 0001079  70.8119 182.0422 15.30155136    14
STARLINK-30303
1 57677C 23124Q   25222.09770833  .00036097  00000+0  12173-2 0  2223
2 57677  53.1592 109.3080 0001205  79.2776  40.5991 15.30138385    12
STARLINK-30320
1 57678C 23124R   25222.09840278  .00028395  00000+0  95727-3 0  2224
2 57678  53.1590  96.8751 0001230  99.2959 224.5662 15.30154339    15
STARLINK-30321
1 57679C 23124S   25222.09701389  .00019637  00000+0  66199-3 0  2224
2 57679  53.1598 109.4293 0001310  85.6378 332.2310 15.30164843    17
STARLINK-30283
1 57680C 23124T   25222.09979167  .00027210  00000+0  91743-3 0  2226
2 57680  53.1571 109.8080 0001182  85.9971 132.0093 15.30152239    17
STARLINK-30273
1 57681C 23124U   25222.10326389  .00028407  00000+0  95771-3 0  2225
2 57681  53.1597 109.8367 0001214  80.9505 353.5725 15.30153481    10
STARLINK-30297
1 57682C 23124V   25222.09631944  .00029437  00000+0  99256-3 0  2226
2 57682  53.1565 109.8546 0001150  76.4318 139.8325 15.30148580    11
STARLINK-30295
1 57683C 23124W   25222.10048611  .00015226  00000+0  51328-3 0  2221
2 57683  53.1584 109.8862 0001477  86.7873  82.7149 15.30168728    12
STARLINK-30285
1 57840C 23141A   25222.09979167 -.00003420  00000+0 -11527-3 0  2224
2 57840  53.1591 186.9599 0001274  88.9906 220.6462 15.30188476    17
STARLINK-30410
1 57841C 23141B   25222.09631944 -.00014801  00000+0 -49901-3 0  2225
2 57841  53.1577 186.9273 0001309  86.8388 134.0196 15.30195936    12
STARLINK-30435
1 57842C 23141C   25222.09979167 -.00011787  00000+0 -39738-3 0  2225
2 57842  53.1573 186.9735 0001324  90.7287 131.7986 15.30193202    16
STARLINK-30423
1 57843C 23141D   25222.09909722 -.00023995  00000+0 -80861-3 0  2223
2 57843  53.1566 186.9792 0001245  89.8078 105.6312 15.30219897    13
STARLINK-30292
1 57844C 23141E   25222.09770833 -.00012898  00000+0 -43484-3 0  2223
2 57844  53.1567 186.5704 0001344  87.7959  59.7414 15.30193763    14
STARLINK-30416
1 57847C 23141H   25222.10187500 -.00016187  00000+0 -54576-3 0  2220
2 57847  53.1583 186.9872 0001323  87.8296 198.4141 15.30195665    18
STARLINK-30426
1 57848C 23141J   25222.09979167 -.00007191  00000+0 -24244-3 0  2221
2 57848  53.1566 186.9751 0001351  85.9146  95.9792 15.30189416    10
STARLINK-30430
1 57849C 23141K   25222.10048611  .00007380  00000+0  24882-3 0  2221
2 57849  53.1588 187.0000 0001339  86.1581 209.8616 15.30174505    10
STARLINK-30425
1 57850C 23141L   25222.10187500 -.00003946  00000+0 -13303-3 0  2226
2 57850  53.1565 187.0068 0001229  92.6809  83.2258 15.30190809    15
STARLINK-30405
1 57851C 23141M   25222.10256944 -.00016139  00000+0 -54412-3 0  2220
2 57851  53.1580 187.0050 0001324  89.0083 183.6284 15.30196628    13
STARLINK-30431
1 57852C 23141N   25222.09840278 -.00008965  00000+0 -30221-3 0  2228
2 57852  53.1570 186.6190 0001514  89.1955  33.0888 15.30195205    11
STARLINK-30404
1 57853C 23141P   25222.09840278 -.00018100  00000+0 -61023-3 0  2225
2 57853  53.1567 186.5722 0001589  93.4449  52.1127 15.30198099    18
STARLINK-30412
1 57854C 23141Q   25222.09840278  .00002527  00000+0  85187-4 0  2228
2 57854  53.1576 186.6871 0001410  87.4120 359.9874 15.30180570    19
STARLINK-30392
1 57855C 23141R   25222.09840278  .00004139  00000+0  13951-3 0  2229
2 57855  53.1573 186.6516 0001419  88.2900  16.5541 15.30181233    11
STARLINK-30291
1 57856C 23141S   25222.09979167  .00001270  00000+0  42814-4 0  2224
2 57856  53.1594 186.8973 0001367  91.6747 252.8551 15.30182488    12
STARLINK-30424
1 57857C 23141T   25222.10187500  .00001792  00000+0  60411-4 0  2221
2 57857  53.1592 160.9319 0001291  89.0799 261.7489 15.30181749    10
STARLINK-30290
1 57858C 23141U   25222.10256944 -.00015686  00000+0 -52872-3 0  2221
2 57858  53.1586 186.7352 0001286  88.5658 346.8733 15.30205460    13
STARLINK-30414
1 57859C 23141V   25222.09631944 -.00082582  00000+0 -27830-2 0  2221
2 57859  53.1582 186.7288 0001349  94.0732 324.3375 15.30277810    14
STARLINK-30272
1 57860C 23141W   25222.10326389  .00003021  00000+0  10185-3 0  2224
2 57860  53.1594 186.9139 0001346  92.0811 254.1507 15.30177735    11
STARLINK-30712
1 57935C 23148A   25222.10187500  .00021780  00000+0  73450-3 0  2220
2 57935  53.1576 287.0072 0001201  76.5142 101.3165 15.30151272    18
STARLINK-30716
1 57936C 23148B   25222.09562500  .00022410  00000+0  75566-3 0  2227
2 57936  53.1587 287.2704 0001281  83.3290 257.2558 15.30154361    12
STARLINK-30400
1 57937C 23148C   25222.09701389  .00010454  00000+0  35313-3 0  2229
2 57937  53.1574 287.0264 0001159  90.4508  43.1912 15.30109799    14
STARLINK-30710
1 57938C 23148D   25222.09701389  .00016029  00000+0  54065-3 0  2229
2 57938  53.1573 277.0527 0001196  83.0817 119.7654 15.30151098    19
STARLINK-30714
1 57939C 23148E   25222.09770833  .00021966  00000+0  74059-3 0  2221
2 57939  53.1588 287.3145 0001415  85.7482 231.4182 15.30158724    18
STARLINK-30711
1 57940C 23148F   25222.09909722  .00023738  00000+0  80039-3 0  2228
2 57940  53.1587 287.2941 0001251  99.9134 242.3581 15.30154652    11
STARLINK-30715
1 57941C 23148G   25222.10118056  .00017608  00000+0  59363-3 0  2228
2 57941  53.1567 276.8020 0001306  81.6912 190.7535 15.30163905    11
STARLINK-30455
1 57942C 23148H   25222.10187500  .00023315  00000+0  78622-3 0  2220
2 57942  53.1589 287.2951 0001245 101.9767 220.7611 15.30151129    15
STARLINK-30456
1 57943C 23148J   25222.09631944  .00010723  00000+0  36164-3 0  2229
2 57943  53.1584 287.3117 0001258 101.0249 260.7695 15.30159361    18
STARLINK-30708
1 57944C 23148K   25222.10256944  .00018765  00000+0  63301-3 0  2222
2 57944  53.1571 287.0652 0001221  73.6627  73.1451 15.30144806    14
STARLINK-30705
1 57945C 23148L   25222.09909722  .00019837  00000+0  66892-3 0  2229
2 57945  53.1574 287.2019 0001106  88.9096 340.5389 15.30155535    10
STARLINK-30704
1 57946C 23148M   25222.09631944 -.00010870  00000+0 -36645-3 0  2221
2 57946  53.1596   4.2844 0001496  97.1554 199.6520 15.30193471    12
STARLINK-30706
1 57947C 23148N   25222.09840278  .00010090  00000+0  34035-3 0  2227
2 57947  53.1580 287.2607 0001146  96.9590 293.7913 15.30155429    18
STARLINK-30709
1 57948C 23148P   25222.10743056  .00201550  00000+0  27350-2 0  2220
2 57948  53.1464 275.0396 0004279 348.2232  12.0668 15.56805271    10
STARLINK-30707
1 57949C 23148Q   25222.10256944  .00011513  00000+0  38830-3 0  2220
2 57949  53.1575 287.2132 0001154 100.4077 330.7487 15.30156416    12
STARLINK-30701
1 57950C 23148R   25222.10256944  .00019624  00000+0  66176-3 0  2227
2 57950  53.1573 287.1269 0000996  79.2523  26.8058 15.30154702    17
STARLINK-30399
1 57951C 23148S   25222.10118056  .00020755  00000+0  70047-3 0  2228
2 57951  53.1574 287.0849 0001017  82.4489  39.2977 15.30127899    19
STARLINK-30713
1 57952C 23148T   25222.09979167  .00022115  00000+0  74555-3 0  2225
2 57952  53.1580 286.9426 0001141  91.3553 109.8718 15.30161930    16
STARLINK-30700
1 57953C 23148U   25222.10118056  .00016610  00000+0  55993-3 0  2228
2 57953  53.1577 277.0236 0001242  84.2894 275.0500 15.30167907    19
STARLINK-30703
1 57954C 23148V   25222.09631944  .00017598  00000+0  59375-3 0  2227
2 57954  53.1581 277.0075 0001235  86.9639  30.8494 15.30139630    15
STARLINK-30702
1 57955C 23148W   25222.10187500  .00018375  00000+0  61941-3 0  2220
2 57955  53.1585 277.0214 0001245  89.9949  35.1004 15.30167164    11
STARLINK-30514
1 58028C 23156A   25222.09840278  .00002091  00000+0  70500-4 0  2227
2 58028  53.1595 340.9973 0001163  82.7008 263.4901 15.30170052    14
STARLINK-30518
1 58029C 23156B   25222.10187500  .00005276  00000+0  17795-3 0  2226
2 58029  53.1598 341.0920 0001032  89.7144 223.2653 15.30161694    15
STARLINK-30549
1 58030C 23156C   25222.10118056  .00014003  00000+0  47239-3 0  2222
2 58030  53.1608 341.1951 0001337 104.4465  59.4828 15.30148087    17
STARLINK-30556
1 58031C 23156D   25222.10118056 -.00006012  00000+0 -20285-3 0  2228
2 58031  53.1607 351.2072 0001055 100.2966 325.3437 15.30163191    14
STARLINK-30561
1 58032C 23156E   25222.09770833  .00002091  00000+0  70508-4 0  2229
2 58032  53.1605 341.2802 0001337  97.9900  11.8754 15.30167842    12
STARLINK-30562
1 58033C 23156F   25222.09979167  .00017439  00000+0  58781-3 0  2221
2 58033  53.1596  70.7175 0001239  91.4995 188.5423 15.30170852    13
STARLINK-30565
1 58034C 23156G   25222.09909722 -.00047808  00000+0 -16134-2 0  2222
2 58034  53.1604 341.3022 0001316 102.6773   3.2628 15.30196810    19
STARLINK-30438
1 58035C 23156H   25222.10326389 -.00001408  00000+0 -47481-4 0  2224
2 58035  53.1592 340.9124 0001069  78.2553 323.8308 15.30165560    17
STARLINK-30437
1 58036C 23156J   25222.09979167  .00006864  00000+0  23154-3 0  2220
2 58036  53.1596 341.0171 0001164  78.0507 258.3731 15.30158827    19
STARLINK-30533
1 58037C 23156K   25222.09840278  .00028287  00000+0  95355-3 0  2226
2 58037  53.1580  71.0270 0001056 101.0756   8.4667 15.30158031    15
STARLINK-30560
1 58038C 23156L   25222.09701389  .00003214  00000+0  10843-3 0  2228
2 58038  53.1605 338.3650 0001279 104.9768 126.6224 15.30150476    14
STARLINK-30559
1 58039C 23156M   25222.10048611  .00018481  00000+0  92116-3 0  2228
2 58039  53.1600  72.9610 0001367  94.5773 117.6822 15.17021215    12
STARLINK-30555
1 58040C 23156N   25222.09979167  .00027480  00000+0  92634-3 0  2221
2 58040  53.1585  70.9610 0001046  83.0602  74.8385 15.30159339    14
STARLINK-30542
1 58041C 23156P   25222.09770833 -.00007191  00000+0 -24243-3 0  2221
2 58041  53.1587 341.0594 0001151  82.5452 312.0168 15.30189053    16
STARLINK-30563
1 58042C 23156Q   25222.09770833 -.00008456  00000+0 -28518-3 0  2226
2 58042  53.1595 338.5870 0001327  93.6517 309.9407 15.30176685    12
STARLINK-30564
1 58043C 23156R   25222.09979167  .00006066  00000+0  20460-3 0  2229
2 58043  53.1600 341.3078 0001381  97.4716   6.4278 15.30162699    10
STARLINK-30547
1 58044C 23156S   25222.10256944  .00011421  00000+0  38495-3 0  2221
2 58044  53.1580  71.0168 0001191  97.2069  17.8654 15.30177151    16
STARLINK-30550
1 58045C 23156T   25222.09770833  .00010304  00000+0  34730-3 0  2225
2 58045  53.1579 264.1800 0001315  85.9353 141.2369 15.30179699    15
STARLINK-30548
1 58046C 23156U   25222.09631944  .00033106  00000+0  11162-2 0  2223
2 58046  53.1594  71.2543 0001338  91.8598 261.4284 15.30148251    17
STARLINK-30529
1 58047C 23156V   25222.09701389  .00015388  00000+0  51870-3 0  2228
2 58047  53.1603  71.3124 0001224  91.4516 230.8262 15.30173281    12
STARLINK-30554
1 58048C 23156W   25222.09701389  .00033119  00000+0  11459-2 0  2229
2 58048  53.1593  70.8651 0001008  73.2099 125.1983 15.29310436    13
STARLINK-30594
1 58097C 23161A   25222.09979167  .00014152  00000+0  47702-3 0  2227
2 58097  53.1575  68.3202 0001160  93.8905  15.0972 15.30174117    15
STARLINK-30614
1 58098C 23161B   25222.10187500  .00014051  00000+0  47362-3 0  2222
2 58098  53.1571  68.2753 0001131  91.4468  46.4730 15.30174602    17
STARLINK-30607
1 58099C 23161C   25222.09562500  .00027832  00000+0  93820-3 0  2229
2 58099  53.1595  58.3433 0001256  91.2746 354.3201 15.30158238    15
STARLINK-30600
1 58100C 23161D   25222.09701389  .00016079  00000+0  54200-3 0  2222
2 58100  53.1586  68.3918 0001149  86.3187 332.4764 15.30170485    11
STARLINK-30605
1 58101C 23161E   25222.09701389  .00003928  00000+0  13239-3 0  2229
2 58101  53.1567  68.2521 0001233  85.5377  48.8473 15.30186307    11
STARLINK-30592
1 58102C 23161F   25222.09840278 -.00000841  00000+0 -28346-4 0  2220
2 58102  53.1566  68.2106 0001152  89.9929  69.4992 15.30189977    12
STARLINK-30589
1 58103C 23161G   25222.09631944  .00028875  00000+0  97343-3 0  2226
2 58103  53.1593  68.4582 0000825  93.0288 194.1513 15.30155438    13
STARLINK-30617
1 58104C 23161H   25222.09770833  .00039779  00000+0  13424-2 0  2220
2 58104  53.1590  68.4889 0001140  98.8107 178.5690 15.30111347    18
STARLINK-30616
1 58105C 23161J   25222.09701389  .00006537  00000+0  22036-3 0  2227
2 58105  53.1594  55.2605 0001258  92.4535  62.5849 15.30180809    15
STARLINK-30612
1 58106C 23161K   25222.09979167 -.00049676  00000+0 -16745-2 0  2221
2 58106  53.1590  55.3420 0001268  94.7852  34.8422 15.30237074    12
STARLINK-30421
1 58107C 23161L   25222.09840278  .00026003  00000+0  87652-3 0  2225
2 58107  53.1584  55.3707 0001202  92.1369   0.7894 15.30161315    16
STARLINK-30611
1 58108C 23161M   25222.09562500  .00014873  00000+0  50130-3 0  2228
2 58108  53.1569  55.5905 0001134  93.0690 228.2239 15.30174797    11
STARLINK-30606
1 58109C 23161N   25222.09840278  .00012657  00000+0  42659-3 0  2225
2 58109  53.1581  68.3572 0001336  90.4097 353.4687 15.30178879    17
STARLINK-30596
1 58110C 23161P   25222.09840278  .00023148  00000+0  78034-3 0  2220
2 58110  53.1576  68.1079 0001141  78.9004 132.9610 15.30161757    19
STARLINK-30595
1 58111C 23161Q   25222.10187500  .00025673  00000+0  86532-3 0  2222
2 58111  53.1597  68.4823 0001202  87.5594 305.6578 15.30164804    19
STARLINK-30593
1 58112C 23161R   25222.09909722  .00006247  00000+0  21056-3 0  2225
2 58112  53.1595  68.4565 0000660  74.4834 320.8796 15.30184498    12
STARLINK-30353
1 58113C 23161S   25222.09979167  .00009125  00000+0  30760-3 0  2226
2 58113  53.1598  68.5597 0001191  88.9249 257.9175 15.30178406    15
STARLINK-30572
1 58114C 23161T   25222.10256944  .00016614  00000+0  55993-3 0  2226
2 58114  53.1589  68.4050 0001274  81.4468 350.4984 15.30176058    10
STARLINK-30580
1 58115C 23161U   25222.09909722  .00018743  00000+0  63177-3 0  2222
2 58115  53.1572  68.1190 0001107  83.3858 114.8589 15.30169281    17
STARLINK-30493
1 58116C 23161V   25222.10256944  .00009481  00000+0  31957-3 0  2226
2 58116  53.1598  68.5116 0001259  87.9746 291.6232 15.30180350    11
STARLINK-30601
1 58117C 23161W   25222.09562500  .00012932  00000+0  43592-3 0  2226
2 58117  53.1596  68.6119 0001408  85.4638 220.9680 15.30174092    11
STARLINK-30802
1 58150C 23166A   25222.10118056  .00029458  00000+0  99329-3 0  2223
2 58150  53.1597 122.7279 0001319  71.7801 144.9153 15.30147897    12
STARLINK-30834
1 58151C 23166B   25222.09562500  .00027019  00000+0  91100-3 0  2229
2 58151  53.1591 122.5940 0001193  80.6411  82.3366 15.30151413    16
STARLINK-30833
1 58152C 23166C   25222.09770833  .00014098  00000+0  47528-3 0  2228
2 58152  53.1597 122.7198 0001472  81.0454 128.1355 15.30167982    17
STARLINK-30831
1 58153C 23166D   25222.10187500  .00026538  00000+0  89496-3 0  2226
2 58153  53.1590 122.5338 0001244  87.9084 237.3045 15.30145426    14
STARLINK-30797
1 58154C 23166E   25222.09770833  .00022713  00000+0  76583-3 0  2226
2 58154  53.1586 122.6125 0001390  87.0919  69.9323 15.30155489    13
STARLINK-30804
1 58155C 23166F   25222.09631944  .00031176  00000+0  10514-2 0  2220
2 58155  53.1595 122.6703 0001352 103.2720 133.1646 15.30140645    15
STARLINK-30784
1 58156C 23166G   25222.09909722  .00032278  00000+0  10882-2 0  2225
2 58156  53.1595 122.7525 0001475  88.0815 111.2960 15.30149499    12
STARLINK-30803
1 58157C 23166H   25222.09770833  .00027874  00000+0  93972-3 0  2223
2 58157  53.1586 122.5007 0001240  76.9405 242.7536 15.30155019    11
STARLINK-30829
1 58158C 23166J   25222.09770833  .00044989  00000+0  15170-2 0  2223
2 58158  53.1599 122.6986 0001306  93.4127 133.0965 15.30131823    16
STARLINK-30788
1 58159C 23166K   25222.09701389  .00032270  00000+0  10882-2 0  2229
2 58159  53.1594 122.6351 0001387  95.6965 162.0086 15.30141936    13
STARLINK-30779
1 58160C 23166L   25222.10118056  .00027574  00000+0  92969-3 0  2224
2 58160  53.1593 122.5695 0001252  78.4389 225.4798 15.30152214    19
STARLINK-30773
1 58161C 23166M   25222.09979167  .00009398  00000+0  31679-3 0  2226
2 58161  53.1573 122.3865 0001338  98.3514 285.1587 15.30178940    14
STARLINK-30816
1 58162C 23166N   25222.10048611  .00023824  00000+0  80324-3 0  2221
2 58162  53.1569 122.3665 0001255  82.1968 322.5996 15.30156050    18
STARLINK-30763
1 58163C 23166P   25222.09979167  .00027497  00000+0  92699-3 0  2227
2 58163  53.1585 109.8616 0001248  85.5752 277.5385 15.30156263    10
STARLINK-30815
1 58164C 23166Q   25222.09979167  .00018249  00000+0  61524-3 0  2226
2 58164  53.1582 122.4756 0001170  83.0066 265.5933 15.30163900    11
STARLINK-30814
1 58165C 23166R   25222.10118056  .00024454  00000+0  82461-3 0  2229
2 58165  53.1581 122.1492 0001372  85.3543  73.7919 15.30150791    11
STARLINK-30789
1 58166C 23166S   25222.09631944  .00028626  00000+0  96514-3 0  2223
2 58166  53.1577 122.4571 0001133  71.9643 274.9606 15.30151966    18
STARLINK-30811
1 58167C 23166T   25222.10256944  .00025691  00000+0  86619-3 0  2223
2 58167  53.1573 122.2111 0001384  91.8938  39.9950 15.30153788    14
STARLINK-30812
1 58168C 23166U   25222.10118056  .00026499  00000+0  89351-3 0  2228
2 58168  53.1577 122.1843 0001172  77.4753  64.2050 15.30151279    15
STARLINK-30771
1 58169C 23166V   25222.09840278  .00030265  00000+0  10205-2 0  2222
2 58169  53.1568 122.3432 0001413  87.1436 323.6179 15.30146774    14
STARLINK-30764
1 58170C 23166W   25222.09979167  .00024680  00000+0  83224-3 0  2220
2 58170  53.1567 122.3030 0001053  84.9839 350.8831 15.30150756    13
STARLINK-30752
1 58171C 23166X   25222.10048611  .00012610  00000+0  42515-3 0  2222
2 58171  53.1568 122.2565 0001101  88.1418   8.9992 15.30168377    17
STARLINK-30911
1 58374C 23178A   25222.09840278  .00020580  00000+0  69301-3 0  2224
2 58374  53.1568 263.7312 0001189  86.4090  75.1469 15.30199036    17
STARLINK-30894
1 58375C 23178B   25222.09631944  .00013825  00000+0  46608-3 0  2222
2 58375  53.1566 263.8609 0001123  85.3852   6.6997 15.30168732    12
STARLINK-30910
1 58376C 23178C   25222.10187500  .00012530  00000+0  42248-3 0  2227
2 58376  53.1566 263.8702 0001266  96.5522   8.7113 15.30165515    12
STARLINK-30914
1 58377C 23178D   25222.09631944  .00012773  00000+0  43065-3 0  2229
2 58377  53.1566 263.7549 0001017  85.0710  53.5603 15.30167297    18
STARLINK-30920
1 58378C 23178E   25222.09979167  .00003085  00000+0  10399-3 0  2222
2 58378  53.1562 251.3260 0001162  82.6462 269.4428 15.30180535    19
STARLINK-30882
1 58379C 23178F   25222.10187500  .00010606  00000+0  35766-3 0  2229
2 58379  53.1567 263.9024 0001142  98.3293 349.4887 15.30163881    19
STARLINK-30915
1 58380C 23178G   25222.09979167  .00004440  00000+0  14969-3 0  2228
2 58380  53.1587 174.1534 0001309  84.6247 175.8367 15.30175420    10
STARLINK-30923
1 58381C 23178H   25222.09631944  .00013023  00000+0  43910-3 0  2222
2 58381  53.1568 263.9857 0001238  81.9910 282.8899 15.30165312    11
STARLINK-30927
1 58382C 23178J   25222.10187500  .00015829  00000+0  53384-3 0  2221
2 58382  53.1577 264.1512 0001544  95.2924 224.5853 15.30153601    17
STARLINK-30921
1 58383C 23178K   25222.10118056  .00012837  00000+0  43286-3 0  2228
2 58383  53.1564 263.9750 0001216  82.7861 326.2980 15.30164360    17
STARLINK-30825
1 58384C 23178L   25222.09701389  .00009868  00000+0  33267-3 0  2222
2 58384  53.1565 263.7941 0001123  85.1236  28.2626 15.30173172    16
STARLINK-30930
1 58385C 23178M   25222.09631944  .00010609  00000+0  35763-3 0  2220
2 58385  53.1571 263.7037 0001152  85.7928  81.8995 15.30175049    15
STARLINK-30929
1 58386C 23178N   25222.09840278  .00010851  00000+0  36579-3 0  2228
2 58386  53.1577 264.1700 0001270  82.9141 113.2638 15.30175448    18
STARLINK-30898
1 58387C 23178P   25222.09909722  .00010016  00000+0  33758-3 0  2228
2 58387  53.1579 264.1399 0001235  86.3074 165.9658 15.30180569    15
STARLINK-30913
1 58388C 23178Q   25222.09840278  .00006706  00000+0  22603-3 0  2227
2 58388  53.1576 264.1221 0001585  72.0455 251.9071 15.30181725    10
STARLINK-30938
1 58389C 23178R   25222.09979167  .00012069  00000+0  40683-3 0  2225
2 58389  53.1578 264.1372 0001198  84.2724 235.7083 15.30174996    19
STARLINK-30868
1 58390C 23178S   25222.09562500  .00010448  00000+0  35226-3 0  2222
2 58390  53.1570 264.0669 0001222  96.8011 246.7630 15.30169552    19
STARLINK-30916
1 58391C 23178T   25222.09979167  .00015204  00000+0  51264-3 0  2229
2 58391  53.1580 264.0933 0001347  88.7069 202.2990 15.30163737    11
STARLINK-30937
1 58392C 23178U   25222.10743056  .00188680  00000+0  39238-2 0  2223
2 58392  53.1522 260.9481 0011920  13.2050  97.2700 15.44785412    18
STARLINK-30939
1 58393C 23178V   25222.10187500  .00013262  00000+0  44717-3 0  2222
2 58393  53.1564 263.9335 0001156  86.6711 343.6910 15.30164404    12
STARLINK-30887
1 58394C 23178W   25222.10048611  .00011900  00000+0  40112-3 0  2224
2 58394  53.1578 264.1559 0001150  92.7518 132.3292 15.30175175    19
STARLINK-30934
1 58395C 23178X   25222.09562500  .00086747  00000+0  29275-2 0  2228
2 58395  53.1574 264.1744 0001306  95.4980 230.5208 15.30063441    18
STARLINK-31012
1 58531C 23192A   25222.08312500  .00012506  00000+0  42196-3 0  2228
2 58531  53.1588 325.5270 0001158  81.2029 111.8423 15.30143819    11
STARLINK-31035
1 58532C 23192B   25222.08451389  .00043073  00000+0  14523-2 0  2223
2 58532  53.1576 312.4826 0001219  66.0284 254.0235 15.30135642    19
STARLINK-31036
1 58533C 23192C   25222.08520833  .00041776  00000+0  14084-2 0  2225
2 58533  53.1600 325.8920 0001295  65.8965 324.0494 15.30140332    15
STARLINK-30936
1 58534C 23192D   25222.09631944  .00017315  00000+0  58396-3 0  2220
2 58534  53.1596 315.6122 0001269  85.9539 150.1776 15.30153326    10
STARLINK-31032
1 58535C 23192E   25222.08312500  .00011107  00000+0  37477-3 0  2224
2 58535  53.1587 325.5605 0001226  79.3449  96.2549 15.30143823    16
STARLINK-31037
1 58536C 23192F   25222.08590278 -.00000525  00000+0 -17698-4 0  2223
2 58536  53.1588 325.6128 0001293  76.3062  91.3513 15.30163440    15
STARLINK-31041
1 58537C 23192G   25222.08243056 -.00001764  00000+0 -59530-4 0  2220
2 58537  53.1589 325.5975 0000960 101.6192  52.7094 15.30149166    16
STARLINK-31014
1 58538C 23192H   25222.08104167 -.00005946  00000+0 -20056-3 0  2226
2 58538  53.1593 325.7187 0000957 101.4546 347.0047 15.30173279    16
STARLINK-31055
1 58539C 23192J   25222.08243056 -.00000458  00000+0 -15454-4 0  2228
2 58539  53.1595 325.7462 0001236  90.4756 348.1859 15.30171267    14
STARLINK-31019
1 58540C 23192K   25222.08243056 -.00002884  00000+0 -97283-4 0  2225
2 58540  53.1587 325.6437 0001166  99.1433  31.8744 15.30170773    18
STARLINK-31045
1 58541C 23192L   25222.08312500  .00005254  00000+0  17709-3 0  2223
2 58541  53.1577  42.4829 0001136  89.8413 345.9416 15.30182542    10
STARLINK-31030
1 58542C 23192M   25222.08312500  .00025084  00000+0  84588-3 0  2226
2 58542  53.1596 325.7772 0001004  93.0482 331.9926 15.30149147    18
STARLINK-31049
1 58543C 23192N   25222.07895833  .00018279  00000+0  61664-3 0  2229
2 58543  53.1597 325.8309 0001140 102.2936 282.3660 15.30144351    11
STARLINK-31048
1 58544C 23192P   25222.08590278  .00012284  00000+0  41442-3 0  2228
2 58544  53.1598 325.3321 0001329  91.4764 186.6975 15.30147102    11
STARLINK-31057
1 58545C 23192Q   25222.08381944 -.00006054  00000+0 -20430-3 0  2221
2 58545  53.1598 325.8427 0001091  90.8935 303.1132 15.30157283    15
STARLINK-31050
1 58546C 23192R   25222.07965278  .00027202  00000+0  91694-3 0  2225
2 58546  53.1599 325.8963 0001299  91.8760 261.6441 15.30159551    10
STARLINK-31063
1 58547C 23192S   25222.08312500  .00021440  00000+0  72293-3 0  2223
2 58547  53.1586 315.2975 0001108  86.8687 233.6395 15.30156364    10
STARLINK-31016
1 58548C 23192T   25222.08520833 -.00018733  00000+0 -63139-3 0  2226
2 58548  53.1592 325.3687 0000802  67.1913 189.6102 15.30209940    19
STARLINK-31053
1 58549C 23192U   25222.08381944  .00013465  00000+0  45412-3 0  2224
2 58549  53.1601 325.9107 0001309  86.9637 272.1187 15.30155539    14
STARLINK-31056
1 58550C 23192V   25222.08104167  .00009296  00000+0  31368-3 0  2228
2 58550  53.1588 325.4689 0001320  84.1408 132.3237 15.30143588    13
STARLINK-30999
1 58551C 23192W   25222.08590278  .00035076  00000+0  11828-2 0  2224
2 58551  53.1600 315.6597 0001350 100.1505   3.0865 15.30140023    10
STARLINK-31046
1 58552C 23192X   25222.08451389  .00039195  00000+0  13214-2 0  2221
2 58552  53.1604 325.9868 0001288  67.5972 254.5764 15.30142416    13
STARLINK-11072 [DTC]
1 58705C 24002A   25222.10395833  .00036269  00000+0  29903-3 0  2228
2 58705  53.1563 237.0622 0001287  93.0822 331.3401 15.69651507    15
STARLINK-11075 [DTC]
1 58706C 24002B   25222.10118056  .00017729  00000+0  14632-3 0  2222
2 58706  53.1565 237.1377 0001128  84.5542 296.4933 15.69645403    13
STARLINK-11077 [DTC]
1 58707C 24002C   25222.10118056  .00035259  00000+0  29082-3 0  2226
2 58707  53.1567 237.1740 0001240  85.1811 268.1024 15.69642994    10
STARLINK-11079 [DTC]
1 58708C 24002D   25222.09840278  .00016872  00000+0  13917-3 0  2223
2 58708  53.1566 237.0284 0001270  76.6657 344.1109 15.69659588    14
STARLINK-11076 [DTC]
1 58709C 24002E   25222.10256944  .00020633  00000+0  17013-3 0  2228
2 58709  53.1568 236.9562 0000943  91.6068  20.4338 15.69664580    19
STARLINK-11078 [DTC]
1 58710C 24002F   25222.10256944  .00026353  00000+0  21730-3 0  2226
2 58710  53.1568 236.9000 0001218 108.3729  31.4097 15.69658225    17
STARLINK-31031
1 58711C 24002G   25222.08243056  .00009294  00000+0  31338-3 0  2224
2 58711  53.1593 132.9583 0001165  84.5718 342.6238 15.30168591    15
STARLINK-31029
1 58712C 24002H   25222.08173611  .00018609  00000+0  62744-3 0  2229
2 58712  53.1572 132.6682 0001293  82.2323 132.3784 15.30159267    19
STARLINK-30973
1 58713C 24002J   25222.10118056  .00020126  00000+0  67876-3 0  2223
2 58713  53.1568 132.6468 0001183  68.5111 218.3708 15.30150812    15
STARLINK-31100
1 58714C 24002K   25222.08173611  .00026004  00000+0  87691-3 0  2227
2 58714  53.1571 132.7691 0001171  73.8961  88.3710 15.30148046    12
STARLINK-31102
1 58715C 24002L   25222.08312500  .00020564  00000+0  69349-3 0  2225
2 58715  53.1598 133.0209 0001333  98.3868 297.7590 15.30152704    17
STARLINK-31098
1 58716C 24002M   25222.08034722  .00021823  00000+0  73588-3 0  2222
2 58716  53.1568 132.7978 0001192  71.8310  71.1494 15.30152985    13
STARLINK-31093
1 58717C 24002N   25222.08312500  .00024482  00000+0  82554-3 0  2223
2 58717  53.1579 132.8780 0001147  72.0693  45.4880 15.30150725    18
STARLINK-31097
1 58718C 24002P   25222.07965278  .00006262  00000+0  21114-3 0  2220
2 58718  53.1573 132.8451 0001119  84.1473  31.7228 15.30170319    12
STARLINK-31051
1 58719C 24002Q   25222.08451389  .00029457  00000+0  99340-3 0  2222
2 58719  53.1583 132.8771 0001228  73.9157  39.6848 15.30143177    12
STARLINK-31027
1 58720C 24002R   25222.08520833  .00019657  00000+0  66296-3 0  2220
2 58720  53.1572 132.6827 0001107  88.4962 127.8040 15.30150783    18
STARLINK-30972
1 58721C 24002S   25222.09840278  .00021507  00000+0  72549-3 0  2225
2 58721  53.1568 132.6659 0001131  77.2498 188.5283 15.30142063    19
STARLINK-31040
1 58722C 24002T   25222.08104167  .00021967  00000+0  74077-3 0  2223
2 58722  53.1587 132.9259 0001063  73.6187   3.3923 15.30152655    12
STARLINK-31033
1 58723C 24002U   25222.08590278  .00030029  00000+0  10126-2 0  2229
2 58723  53.1573 132.8013 0001155  73.0063  83.1411 15.30145997    13
STARLINK-30893
1 58724C 24002V   25222.09979167  .00024328  00000+0  82024-3 0  2221
2 58724  53.1596 132.9864 0001590  91.1062  19.4339 15.30155525    16
STARLINK-30856
1 58725C 24002W   25222.09909722  .00016702  00000+0  56335-3 0  2225
2 58725  53.1597 132.9943 0001334 101.8671 359.0651 15.30149272    19
STARLINK-31127
1 58765C 24011A   25222.08381944  .00014940  00000+0  50367-3 0  2229
2 58765  53.1584 276.6073 0001113  77.3351 221.5891 15.30168511    12
STARLINK-31114
1 58766C 24011B   25222.08034722  .00015549  00000+0  52415-3 0  2221
2 58766  53.1576 274.6104 0001169  88.7336 141.5955 15.30170545    19
STARLINK-31140
1 58767C 24011C   25222.08520833 -.00010997  00000+0 -38040-3 0  2227
2 58767  53.1586 276.4877 0001106  89.0595 274.1076 15.29360329    16
STARLINK-31145
1 58768C 24011D   25222.08868056  .00013945  00000+0  69222-3 0  2220
2 58768  53.1568 278.5840 0001941  59.5283 320.4328 15.17169101    10
STARLINK-31146
1 58769C 24011E   25222.07895833 -.00021954  00000+0 -75933-3 0  2220
2 58769  53.1580 276.4818 0001525  78.5298 268.6443 15.29374081    11
STARLINK-31143
1 58770C 24011F   25222.08034722  .00019264  00000+0  64950-3 0  2221
2 58770  53.1590 276.4839 0001293  91.5683 258.0274 15.30159916    17
STARLINK-31135
1 58771C 24011G   25222.08451389  .00018458  00000+0  62228-3 0  2224
2 58771  53.1580 274.4751 0001128  95.3398 216.1361 15.30163519    16
STARLINK-31136
1 58772C 24011H   25222.08312500  .00016668  00000+0  56193-3 0  2221
2 58772  53.1584 276.5702 0001067  98.5322 214.0256 15.30165751    14
STARLINK-31073
1 58773C 24011J   25222.08173611  .00012759  00000+0  43012-3 0  2223
2 58773  53.1583 276.6471 0001088  82.5074 187.4844 15.30170720    16
STARLINK-31122
1 58774C 24011K   25222.08104167  .00011917  00000+0  40147-3 0  2225
2 58774  53.1586 276.7139 0001607  91.7989 139.3925 15.30193160    15
STARLINK-31123
1 58775C 24011L   25222.08520833  .00018631  00000+0  62823-3 0  2223
2 58775  53.1591 276.4015 0001278  93.5277 311.9522 15.30157552    12
STARLINK-31117
1 58776C 24011M   25222.07895833  .00016016  00000+0  54000-3 0  2221
2 58776  53.1570 276.7994 0001150  81.4915  97.5991 15.30163352    15
STARLINK-31132
1 58777C 24011N   25222.08243056  .00008350  00000+0  28151-3 0  2227
2 58777  53.1596 186.4279 0001444  83.2819 183.4740 15.30175254    17
STARLINK-31120
1 58778C 24011P   25222.08104167  .00010406  00000+0  35090-3 0  2222
2 58778  53.1572 276.9221 0001139  96.0094  24.7597 15.30166016    15
STARLINK-31142
1 58779C 24011Q   25222.07965278  .00018425  00000+0  62125-3 0  2228
2 58779  53.1571 276.7744 0001130  82.8135 111.7383 15.30160658    19
STARLINK-31099
1 58781C 24011S   25222.08173611  .00058176  00000+0  20111-2 0  2229
2 58781  53.1569 276.7264 0001098  77.5163 148.9831 15.29311447    13
STARLINK-31060
1 58782C 24011T   25222.07895833  .00003650  00000+0  91100-4 0  2221
2 58782  53.1581 149.1879 0001001  93.1262 216.1423 15.39603076    19
STARLINK-31047
1 58783C 24011U   25222.08590278  .00014042  00000+0  47346-3 0  2227
2 58783  53.1564 261.0117 0001136  79.7476 335.9254 15.30164419    12
STARLINK-31039
1 58784C 24011V   25222.08451389  .00012354  00000+0  41660-3 0  2224
2 58784  53.1579 276.6479 0001288  79.2919 194.4071 15.30161681    10
STARLINK-31034
1 58785C 24011W   25222.08590278 -.00012724  00000+0 -42898-3 0  2223
2 58785  53.1574 174.1927 0001278  88.0804 258.4123 15.30193652    18
STARLINK-31024
1 58786C 24011X   25222.08173611  .00017822  00000+0  60085-3 0  2222
2 58786  53.1575 274.6037 0001181  81.6155 150.5747 15.30164069    13
STARLINK-31233
1 58826C 24017A   25222.08381944  .00021968  00000+0  74067-3 0  2224
2 58826  53.1563 107.1655 0001166  96.7229 100.5460 15.30158457    14
STARLINK-31271
1 58827C 24017B   25222.06923611  .00026874  00000+0  90614-3 0  2223
2 58827  53.1596 107.5180 0001294 100.6882 230.7952 15.30151539    16
STARLINK-31222
1 58828C 24017C   25222.08451389  .00024821  00000+0  83684-3 0  2223
2 58828  53.1591 106.8708 0001501  79.5205 266.9970 15.30155408    14
STARLINK-31258
1 58829C 24017D   25222.08243056  .00022902  00000+0  77215-3 0  2225
2 58829  53.1572 107.2352 0001134  78.0146  76.6990 15.30157971    19
STARLINK-31253
1 58830C 24017E   25222.08034722  .00020420  00000+0  68844-3 0  2226
2 58830  53.1570 107.0389 0001374  94.2006 153.7304 15.30161940    15
STARLINK-31232
1 58831C 24017F   25222.08243056  .00024816  00000+0  83673-3 0  2229
2 58831  53.1577 106.9831 0001207  79.0064 203.6800 15.30154310    12
STARLINK-31263
1 58832C 24017G   25222.08451389 -.00026802  00000+0 -66894-3 0  2225
2 58832  53.1568 101.9336 0000959  79.8030 249.5471 15.39635354    16
STARLINK-31171
1 58834C 24017J   25222.08243056  .00016967  00000+0  57196-3 0  2221
2 58834  53.1596  83.6645 0001310  95.4598 277.3911 15.30168138    13
STARLINK-31246
1 58835C 24017K   25222.08451389  .00026391  00000+0  88985-3 0  2224
2 58835  53.1564 107.1217 0001418  79.0500 139.5137 15.30151232    12
STARLINK-31251
1 58836C 24017L   25222.08173611  .00028508  00000+0  96156-3 0  2225
2 58836  53.1568 107.2139 0001106  95.0218  67.5547 15.30138133    19
STARLINK-31249
1 58838C 24017N   25222.08034722  .00017062  00000+0  57580-3 0  2227
2 58838  53.1576 107.2890 0001112 116.1226   3.9473 15.30133332    13
STARLINK-31250
1 58839C 24017P   25222.08243056  .00025613  00000+0  63928-3 0  2224
2 58839  53.1569 101.8406 0001104  99.2035 270.0759 15.39582651    14
STARLINK-31248
1 58840C 24017Q   25222.08381944  .00024831  00000+0  83708-3 0  2224
2 58840  53.1591 119.7754 0001212  97.7622 172.0815 15.30159991    12
STARLINK-31236
1 58841C 24017R   25222.07965278  .00021954  00000+0  74014-3 0  2225
2 58841  53.1585 107.3614 0001142  79.4027   1.8422 15.30160137    19
STARLINK-31228
1 58842C 24017S   25222.08312500 -.00000927  00000+0 -31255-4 0  2221
2 58842  53.1581 107.3104 0001052  94.6687  23.1539 15.30188043    13
STARLINK-31280
1 58843C 24017T   25222.07895833  .00026364  00000+0  88886-3 0  2228
2 58843  53.1588 107.3986 0001413  81.4082 338.5634 15.30153930    19
STARLINK-31269
1 58844C 24017U   25222.08381944 -.00010488  00000+0 -35360-3 0  2224
2 58844  53.1566 197.3384 0001317  86.0106 188.0282 15.30192111    19
STARLINK-31264
1 58845C 24017V   25222.08034722 -.00002614  00000+0 -88115-4 0  2223
2 58845  53.1578 196.8104 0001333  88.9460  85.1258 15.30190650    15
STARLINK-31273
1 58846C 24017W   25222.07826389 -.00071605  00000+0 -24124-2 0  2225
2 58846  53.1592 107.4363 0001244  92.4079 306.2491 15.30276352    14
STARLINK-31262
1 58847C 24017X   25222.08243056 -.00001780  00000+0 -60050-4 0  2228
2 58847  53.1589 196.8786 0001645  81.9006  63.0366 15.30166505    17
STARLINK-31306
1 58876C 24020A   25222.08312500 -.00000603  00000+0 -20317-4 0  2220
2 58876  53.1574 225.0768 0001297  93.5653  10.8228 15.30189112    14
STARLINK-31326
1 58877C 24020B   25222.08381944  .00001919  00000+0  64685-4 0  2224
2 58877  53.1564 225.6767 0001457  89.4999  70.4469 15.30186464    10
STARLINK-31300
1 58878C 24020C   25222.07826389  .00003475  00000+0  11713-3 0  2223
2 58878  53.1574 225.1329 0001278  93.0963 327.0615 15.30181151    16
STARLINK-31296
1 58879C 24020D   25222.08104167 -.00002706  00000+0 -67537-4 0  2222
2 58879  53.1574 201.1294 0001298  97.6412 256.0909 15.39611264    12
STARLINK-31328
1 58880C 24020E   25222.08173611 -.00009858  00000+0 -33228-3 0  2228
2 58880  53.1562 210.1138 0001305  84.4264 355.0872 15.30198922    17
STARLINK-31260
1 58881C 24020F   25222.07965278 -.00002128  00000+0 -71730-4 0  2220
2 58881  53.1576 225.2062 0001291  89.4720 297.6079 15.30191664    18
STARLINK-31323
1 58882C 24020G   25222.08451389 -.00008125  00000+0 -27393-3 0  2223
2 58882  53.1578 225.2179 0001255  86.6927 309.7356 15.30190590    18
STARLINK-31209
1 58883C 24020H   25222.08173611 -.00007065  00000+0 -23816-3 0  2221
2 58883  53.1577 225.2651 0001262  90.4860 273.1775 15.30193854    15
STARLINK-31315
1 58884C 24020J   25222.08312500 -.00004429  00000+0 -14930-3 0  2222
2 58884  53.1573 199.9535 0001362  90.0898  78.0645 15.30190403    13
STARLINK-31318
1 58885C 24020K   25222.07687500 -.00001355  00000+0 -45671-4 0  2229
2 58885  53.1560 225.6670 0001286  88.9141  50.2247 15.30183662    18
STARLINK-31320
1 58886C 24020L   25222.08520833 -.00000285  00000+0 -96199-5 0  2229
2 58886  53.1575 225.2830 0001309  91.4307 273.9358 15.30190203    14
STARLINK-31321
1 58887C 24020M   25222.07965278 -.00000045  00000+0 -15299-5 0  2221
2 58887  53.1574 225.3432 0001229  90.9263 226.3548 15.30191292    11
STARLINK-31007
1 58889C 24020P   25222.08034722  .00012521  00000+0  42212-3 0  2228
2 58889  53.1571 225.3743 0001272  81.8269 221.8638 15.30170321    18
STARLINK-31230
1 58890C 24020Q   25222.07965278  .00003604  00000+0  12149-3 0  2226
2 58890  53.1574 223.1781 0001291  87.1720 262.1039 15.30179935    16
STARLINK-31245
1 58891C 24020R   25222.08520833 -.00005079  00000+0 -17127-3 0  2223
2 58891  53.1571 184.1556 0001264  83.3451   4.3273 15.30182605    13
STARLINK-31254
1 58892C 24020S   25222.08520833  .00011988  00000+0  40419-3 0  2228
2 58892  53.1561 225.5853 0001194  87.1887 132.7752 15.30167188    17
STARLINK-31255
1 58893C 24020T   25222.08520833 -.00004505  00000+0 -15183-3 0  2228
2 58893  53.1569 225.3857 0001193  91.3227 221.6883 15.30195070    16
STARLINK-31243
1 58894C 24020U   25222.07965278 -.00001411  00000+0 -47554-4 0  2225
2 58894  53.1567 225.4457 0001173  94.2191 170.7193 15.30192001    11
STARLINK-31218
1 58895C 24020V   25222.08520833 -.00003989  00000+0 -13449-3 0  2228
2 58895  53.1566 225.4540 0001160  86.4606 191.6682 15.30188035    11
STARLINK-31221
1 58896C 24020W   25222.09145833  .00055900  00000+0  79493-3 0  2222
2 58896  53.1451 213.9535 0003506  21.6991 286.3121 15.55693172    15
STARLINK-31190
1 58897C 24020X   25222.08381944  .00011537  00000+0  38890-3 0  2221
2 58897  53.1562 225.5406 0001310  85.6734 144.0865 15.30174240    19
STARLINK-31317
1 58931C 24027A   25222.07965278 -.00005089  00000+0 -17155-3 0  2222
2 58931  53.1576 212.4228 0001599  89.5391 190.2760 15.30188863    14
STARLINK-31378
1 58932C 24027B   25222.07965278  .00004222  00000+0  14230-3 0  2220
2 58932  53.1579 212.4565 0001330  83.1154 179.2473 15.30183623    19
STARLINK-31350
1 58933C 24027C   25222.08173611  .00003100  00000+0  10450-3 0  2228
2 58933  53.1569 212.3442 0001334  97.2740 228.9318 15.30180123    15
STARLINK-31337
1 58934C 24027D   25222.08173611  .00009400  00000+0  31675-3 0  2220
2 58934  53.1566 212.3105 0001461  86.6570 256.9048 15.30188120    19
STARLINK-31362
1 58935C 24027E   25222.07826389 -.00016684  00000+0 -56240-3 0  2226
2 58935  53.1565 212.8432 0001271  82.8474 339.9125 15.30202822    11
STARLINK-31383
1 58936C 24027F   25222.08451389  .00004851  00000+0  16357-3 0  2228
2 58936  53.1567 212.8022 0001417  95.4184   7.6313 15.30173868    14
STARLINK-31390
1 58937C 24027G   25222.08520833  .00005256  00000+0  17718-3 0  2222
2 58937  53.1570 212.7528 0001185  90.4463  39.6885 15.30179641    10
STARLINK-31377
1 58938C 24027H   25222.08104167 -.00006299  00000+0 -21238-3 0  2223
2 58938  53.1566 212.8064 0001289  83.7372   5.9806 15.30187089    15
STARLINK-31372
1 58939C 24027J   25222.08520833 -.00005957  00000+0 -20081-3 0  2221
2 58939  53.1573 212.7177 0001214  85.8671  61.7165 15.30190464    10
STARLINK-31371
1 58940C 24027K   25222.08243056  .00002326  00000+0  78385-4 0  2228
2 58940  53.1572 212.7190 0001174  90.0976  47.9791 15.30186261    18
STARLINK-31345
1 58941C 24027L   25222.07965278 -.00003145  00000+0 -10601-3 0  2223
2 58941  53.1578 212.6740 0001264  92.8339  59.0087 15.30191240    13
STARLINK-31354
1 58942C 24027M   25222.07826389  .00003989  00000+0  13447-3 0  2228
2 58942  53.1576 212.7146 0001153  86.9795  39.7758 15.30180616    15
STARLINK-31346
1 58943C 24027N   25222.08104167  .00001452  00000+0  48934-4 0  2226
2 58943  53.1582 210.3009 0001308  85.9499 198.6153 15.30184937    11
STARLINK-31336
1 58944C 24027P   25222.07826389 -.00005135  00000+0 -17307-3 0  2226
2 58944  53.1568 212.8058 0001202  92.2751 347.9335 15.30194510    11
STARLINK-31359
1 58945C 24027Q   25222.08520833  .00007226  00000+0  18040-3 0  2229
2 58945  53.1576 174.8702 0001224  85.5971  97.7607 15.39595046    17
STARLINK-31331
1 58946C 24027R   25222.08173611 -.00010207  00000+0 -34404-3 0  2225
2 58946  53.1583 212.5594 0001188  81.5340 134.1377 15.30199503    19
STARLINK-31116
1 58947C 24027S   25222.08104167  .00009185  00000+0  30965-3 0  2225
2 58947  53.1582 212.5967 0001358  83.8984 110.5208 15.30174994    19
STARLINK-31311
1 58948C 24027T   25222.08451389  .00002799  00000+0  94349-4 0  2228
2 58948  53.1597 210.2872 0001321  83.4730 214.4162 15.30184140    18
STARLINK-31294
1 58949C 24027U   25222.08173611 -.00030037  00000+0 -10121-2 0  2220
2 58949  53.1565 212.8452 0001313  88.7982 341.4188 15.30228375    12
STARLINK-31330
1 58951C 24027W   25222.08243056 -.00009417  00000+0 -31748-3 0  2221
2 58951  53.1582 209.7395 0001336  89.4390 127.7826 15.30192689    13
STARLINK-31293
1 58952C 24027X   25222.07965278  .00000279  00000+0  94157-5 0  2228
2 58952  53.1581 212.4991 0001318  86.5433 152.5510 15.30188985    12
STARLINK-31373
1 58965C 24031A   25222.06715278 -.00017337  00000+0 -58435-3 0  2221
2 58965  53.1566 199.3658 0001455  84.9512  36.3828 15.30207374    19
STARLINK-31449
1 58966C 24031B   25222.08104167 -.00000603  00000+0 -20315-4 0  2228
2 58966  53.1565 199.2781 0001348  86.4163 123.1284 15.30185320    12
STARLINK-31314
1 58967C 24031C   25222.07201389 -.00004242  00000+0 -14297-3 0  2226
2 58967  53.1571 199.3879 0001291  89.1419  35.7280 15.30192913    10
STARLINK-31356
1 58968C 24031D   25222.07965278  .00009988  00000+0  33679-3 0  2226
2 58968  53.1582 171.7534 0001300  84.8891 300.0758 15.30166072    17
STARLINK-31335
1 58969C 24031E   25222.08451389 -.00003294  00000+0 -11103-3 0  2225
2 58969  53.1574 196.8650 0001225  92.9312 272.4300 15.30194031    11
STARLINK-31368
1 58970C 24031F   25222.08243056  .00002181  00000+0  73509-4 0  2228
2 58970  53.1571 199.3348 0001324  88.2066  99.9077 15.30182632    13
STARLINK-31333
1 58971C 24031G   25222.08243056 -.00007008  00000+0 -23627-3 0  2229
2 58971  53.1599 187.0593 0001321  88.9298 200.4839 15.30188406    11
STARLINK-31351
1 58972C 24031H   25222.08173611 -.00002802  00000+0 -94445-4 0  2223
2 58972  53.1589 199.5240 0001328  96.5255 348.8809 15.30187350    14
STARLINK-31365
1 58973C 24031J   25222.07826389 -.00014847  00000+0 -50051-3 0  2226
2 58973  53.1590 199.6084 0001279  90.1463 301.2220 15.30199183    17
STARLINK-31361
1 58974C 24031K   25222.08034722  .00010964  00000+0  36958-3 0  2224
2 58974  53.1590 199.5645 0001421  86.8224 333.4823 15.30176104    10
STARLINK-31369
1 58975C 24031L   25222.08520833 -.00058169  00000+0 -19614-2 0  2228
2 58975  53.1589 199.6104 0001320  83.6454 328.6031 15.30235771    11
STARLINK-31324
1 58976C 24031M   25222.08520833 -.00003119  00000+0 -10511-3 0  2222
2 58976  53.1587 199.6445 0001309  93.4323 301.2994 15.30194172    13
STARLINK-31358
1 58977C 24031N   25222.08520833  .00000245  00000+0  82672-5 0  2227
2 58977  53.1567 199.2789 0001527  94.1241 120.9512 15.30178926    19
STARLINK-31355
1 58978C 24031P   25222.08243056 -.00007314  00000+0 -24652-3 0  2225
2 58978  53.1582 199.6921 0001294  91.5722 270.4051 15.30196574    13
STARLINK-31380
1 58979C 24031Q   25222.08381944 -.00010145  00000+0 -34205-3 0  2226
2 58979  53.1579 199.7196 0001229  94.9724 257.2252 15.30190330    12
STARLINK-31353
1 58980C 24031R   25222.08451389 -.00006731  00000+0 -22689-3 0  2228
2 58980  53.1581 199.6961 0001283  89.5179 278.1238 15.30194801    13
STARLINK-31339
1 58981C 24031S   25222.08451389  .00014671  00000+0  49466-3 0  2221
2 58981  53.1576 199.7510 0001235  85.5139 252.9940 15.30164728    13
STARLINK-31384
1 58983C 24031U   25222.08104167 -.00007536  00000+0 -25404-3 0  2222
2 58983  53.1570 199.8352 0001242  89.6385 194.8906 15.30195219    15
STARLINK-31379
1 58984C 24031V   25222.08173611 -.00009488  00000+0 -31990-3 0  2228
2 58984  53.1567 199.8775 0001287  89.8351 175.2698 15.30190704    10
STARLINK-31385
1 58985C 24031W   25222.08173611 -.00016428  00000+0 -55384-3 0  2224
2 58985  53.1584 197.4398 0001284  91.3167 310.4953 15.30199908    17
STARLINK-31229
1 58986C 24031X   25222.07895833 -.00004807  00000+0 -16203-3 0  2226
2 58986  53.1566 199.9584 0001228  91.3158 123.5656 15.30192340    16
STARLINK-31468
1 58998C 24036A   25222.08034722  .00007738  00000+0  26093-3 0  2229
2 58998  53.1600 340.7629 0001453  77.8864 110.9965 15.30166268    10
STARLINK-31440
1 58999C 24036B   25222.08034722 -.00004951  00000+0 -16689-3 0  2226
2 58999  53.1601 340.7771 0001298  86.0050  91.2313 15.30193329    12
STARLINK-31529
1 59000C 24036C   25222.08243056  .00000784  00000+0  26456-4 0  2224
2 59000  53.1606 338.8350 0001129  95.4104 357.4019 15.30160078    14
STARLINK-31431
1 59002C 24036E   25222.07965278 -.00019600  00000+0 -66115-3 0  2226
2 59002  53.1590 341.2641 0001328  97.2186 191.9269 15.30184237    11
STARLINK-31435
1 59004C 24036G   25222.08381944  .00045276  00000+0  15274-2 0  2226
2 59004  53.1602 340.7711 0001731  76.2872 114.2605 15.30114215    17
STARLINK-31484
1 59005C 24036H   25222.08312500  .00006707  00000+0  22627-3 0  2226
2 59005  53.1603 340.8084 0001412 108.8674  60.4702 15.30153339    11
STARLINK-31450
1 59006C 24036J   25222.08104167  .00007859  00000+0  26501-3 0  2229
2 59006  53.1603 340.8985 0001433  91.2685  25.8316 15.30169165    12
STARLINK-31456
1 59007C 24036K   25222.07965278  .00011620  00000+0  39188-3 0  2223
2 59007  53.1603 340.8592 0001146  92.8167  39.9232 15.30159471    12
STARLINK-31460
1 59008C 24036L   25222.08312500  .00008980  00000+0  30290-3 0  2229
2 59008  53.1595 341.1669 0001224  77.2862 271.7214 15.30156184    12
STARLINK-31488
1 59009C 24036M   25222.07895833  .00010847  00000+0  36581-3 0  2228
2 59009  53.1604 340.8153 0001313  90.2212  61.9278 15.30162218    15
STARLINK-31528
1 59010C 24036N   25222.08034722  .00004970  00000+0  16754-3 0  2223
2 59010  53.1597 341.4036 0001138  86.1317 131.2100 15.30181231    11
STARLINK-31491
1 59011C 24036P   25222.07895833  .00016459  00000+0  55490-3 0  2226
2 59011  53.1597 341.4220 0000935  92.1739 111.7023 15.30165487    18
STARLINK-31465
1 59012C 24036Q   25222.08243056 -.00009597  00000+0 -32365-3 0  2225
2 59012  53.1594 341.3483 0001222  95.7929 156.3138 15.30180458    13
STARLINK-31389
1 59013C 24036R   25222.08381944 -.00008417  00000+0 -28388-3 0  2225
2 59013  53.1596 341.3753 0001313  88.1389 154.1826 15.30176111    14
STARLINK-31454
1 59014C 24036S   25222.08312500 -.00007851  00000+0 -26477-3 0  2226
2 59014  53.1594 341.3090 0001258  94.8166 178.5691 15.30178143    19
STARLINK-31521
1 59015C 24036T   25222.08381944 -.00012739  00000+0 -42981-3 0  2224
2 59015  53.1593 341.2940 0001213  91.6587 191.4045 15.30169114    10
STARLINK-31526
1 59016C 24036U   25222.07895833 -.00027938  00000+0 -94308-3 0  2228
2 59016  53.1585 315.7034 0001065 109.3004 147.3459 15.30168816    15
STARLINK-31406
1 59017C 24036V   25222.08381944  .00000034  00000+0  85377-6 0  2228
2 59017  53.1600 331.3880 0001376  81.9916 188.3655 15.39567488    19
STARLINK-31527
1 59018C 24036W   25222.08451389 -.00008962  00000+0 -30225-3 0  2229
2 59018  53.1593 341.1937 0001303  96.2235 242.9758 15.30180343    19
STARLINK-31436
1 59019C 24036X   25222.07826389  .00011163  00000+0  37661-3 0  2221
2 59019  53.1598 341.4335 0001145  74.7071 119.5736 15.30149012    16
STARLINK-31603
1 59201C 24046A   25222.07826389  .00005806  00000+0  19569-3 0  2229
2 59201  53.1583  58.5408 0001164  88.9914  28.5351 15.30183072    10
STARLINK-31602
1 59202C 24046B   25222.08312500  .00027701  00000+0  93385-3 0  2222
2 59202  53.1589  58.1131 0001264  94.8834 253.0420 15.30156019    17
STARLINK-31577
1 59203C 24046C   25222.08381944  .00013326  00000+0  44922-3 0  2222
2 59203  53.1596  57.8588 0001338  89.3660  30.3368 15.30172255    13
STARLINK-31522
1 59204C 24046D   25222.08173611  .00015411  00000+0  51948-3 0  2226
2 59204  53.1580  58.5002 0001202  79.4026  68.9047 15.30171424    10
STARLINK-31586
1 59205C 24046E   25222.08243056  .00023446  00000+0  79032-3 0  2229
2 59205  53.1579  58.2188 0001182  79.6521 212.0826 15.30163754    14
STARLINK-31247
1 59206C 24046F   25222.08520833  .00027727  00000+0  93475-3 0  2224
2 59206  53.1568  58.3520 0001160  78.9989 152.4459 15.30154940    16
STARLINK-31591
1 59207C 24046G   25222.08381944  .00004835  00000+0  15881-3 0  2223
2 59207  53.1584  58.1720 0000962  82.2227 237.2906 15.31016839    11
STARLINK-31576
1 59208C 24046H   25222.07826389  .00013851  00000+0  46693-3 0  2223
2 59208  53.1598  58.0669 0001236  87.7010 268.3189 15.30172081    12
STARLINK-31601
1 59209C 24046J   25222.08312500  .00019361  00000+0  65320-3 0  2220
2 59209  53.1598  57.9283 0001212  88.7765 352.2907 15.30139715    13
STARLINK-31520
1 59210C 24046K   25222.07895833  .00011178  00000+0  37683-3 0  2225
2 59210  53.1571  58.3478 0001140  89.5875 124.8534 15.30172578    11
STARLINK-31496
1 59211C 24046L   25222.08451389  .00025982  00000+0  64833-3 0  2226
2 59211  53.1579  48.3306 0001070  88.1380 185.6043 15.39589850    11
STARLINK-31492
1 59212C 24046M   25222.08173611  .00010456  00000+0  35244-3 0  2220
2 59212  53.1589  58.5373 0001626  79.0445  46.0069 15.30177428    11
STARLINK-31517
1 59213C 24046N   25222.08381944  .00030959  00000+0  10436-2 0  2226
2 59213  53.1591  58.1708 0001170  78.1179 256.1484 15.30155537    13
STARLINK-31604
1 59214C 24046P   25222.08173611  .00015111  00000+0  50940-3 0  2225
2 59214  53.1583  58.1851 0001286  93.0519 212.3129 15.30170971    15
STARLINK-31434
1 59215C 24046Q   25222.08243056  .00031627  00000+0  10669-2 0  2220
2 59215  53.1596  57.8970 0001201  94.4371   0.1512 15.30130348    19
STARLINK-31417
1 59216C 24046R   25222.08451389  .00015573  00000+0  52496-3 0  2228
2 59216  53.1586  58.5190 0001230  92.8462  53.3302 15.30170406    12
STARLINK-31499
1 59217C 24046S   25222.08451389  .00030809  00000+0  10386-2 0  2229
2 59217  53.1599  57.9998 0001223  90.0230 317.9035 15.30154761    19
STARLINK-31421
1 59218C 24046T   25222.07965278  .00006811  00000+0  22957-3 0  2220
2 59218  53.1599  57.9917 0001369  90.4650 319.7024 15.30182192    19
STARLINK-31518
1 59219C 24046U   25222.07826389  .00019866  00000+0  66969-3 0  2225
2 59219  53.1594  58.0990 0001181  93.5900 244.9872 15.30164468    18
STARLINK-31523
1 59220C 24046V   25222.08173611  .00030071  00000+0  10136-2 0  2226
2 59220  53.1575  58.2525 0001139  79.7678 190.6918 15.30158454    12
STARLINK-31516
1 59221C 24046W   25222.08104167  .00007737  00000+0  26084-3 0  2220
2 59221  53.1598  57.9817 0001232  96.3362 309.8944 15.30176792    15
STARLINK-31490
1 59222C 24046X   25222.08381944  .00010853  00000+0  36586-3 0  2222
2 59222  53.1582  58.4920 0001296  92.7239  61.2576 15.30175342    13
STARLINK-31420
1 59223C 24046Y   25222.07895833  .00009923  00000+0  33449-3 0  2220
2 59223  53.1577  58.4807 0001362  91.3991  53.2433 15.30175360    19
STARLINK-31659
1 59254C 24050A   25222.08312500 -.00052461  00000+0 -17674-2 0  2223
2 59254  53.1571  81.7170 0000781  80.3785 194.4633 15.30257223    11
STARLINK-31629
1 59255C 24050B   25222.08034722  .00025939  00000+0  87450-3 0  2229
2 59255  53.1569  83.9429 0001193  76.5342 139.4467 15.30156332    17
STARLINK-31652
1 59256C 24050C   25222.08451389  .00019457  00000+0  65595-3 0  2226
2 59256  53.1578  83.7875 0001077  91.9494 216.7905 15.30163975    18
STARLINK-31655
1 59257C 24050D   25222.07756944  .00013122  00000+0  44224-3 0  2220
2 59257  53.1595  45.7062 0001364  82.5289 185.2225 15.30180553    17
STARLINK-31637
1 59258C 24050E   25222.07826389  .00017414  00000+0  58706-3 0  2220
2 59258  53.1588  83.7481 0001294  96.3817 212.8084 15.30166045    19
STARLINK-31506
1 59259C 24050F   25222.08104167  .00032880  00000+0  11092-2 0  2225
2 59259  53.1571  83.9055 0001160  73.5986 163.6571 15.30130163    13
STARLINK-31288
1 59260C 24050G   25222.09076389  .00058965  00000+0  90596-3 0  2221
2 59260  53.1439  73.0167 0001564 110.0564 211.8694 15.53586119    12
STARLINK-31639
1 59261C 24050H   25222.07965278  .00034910  00000+0  11770-2 0  2224
2 59261  53.1584  83.7755 0001201  78.8636 220.5279 15.30147185    11
STARLINK-31598
1 59263C 24050K   25222.07895833 -.00008390  00000+0 -28279-3 0  2223
2 59263  53.1598  84.2847 0001247  90.7516 297.2602 15.30197342    17
STARLINK-31645
1 59264C 24050L   25222.08034722  .00020401  00000+0  68772-3 0  2224
2 59264  53.1566  84.0200 0001127  75.3110  99.9417 15.30165489    18
STARLINK-31646
1 59265C 24050M   25222.07895833  .00013579  00000+0  45774-3 0  2227
2 59265  53.1569  84.0942 0001154  89.6342  43.0713 15.30171840    17
STARLINK-31648
1 59266C 24050N   25222.07826389  .00025659  00000+0  86502-3 0  2224
2 59266  53.1576  83.8489 0001189  79.3241 177.5165 15.30158241    15
STARLINK-31579
1 59267C 24050P   25222.08243056  .00037176  00000+0  12542-2 0  2229
2 59267  53.1568  83.9758 0001149  91.9959 112.2903 15.30122170    17
STARLINK-31627
1 59268C 24050Q   25222.08104167  .00007118  00000+0  23993-3 0  2225
2 59268  53.1589  84.2215 0001471  89.7709 344.6106 15.30180735    16
STARLINK-31609
1 59269C 24050R   25222.08520833  .00026422  00000+0  89071-3 0  2226
2 59269  53.1566  84.0299 0001133  80.4618 104.1416 15.30158138    19
STARLINK-31616
1 59270C 24050S   25222.08312500  .00022876  00000+0  77117-3 0  2225
2 59270  53.1573  84.1082 0001184  96.1960  42.0279 15.30162097    16
STARLINK-31630
1 59271C 24050T   25222.08173611  .00008640  00000+0  29138-3 0  2227
2 59271  53.1584  71.4062 0001123  91.1613 356.0012 15.30163218    18
STARLINK-31623
1 59272C 24050U   25222.09215278  .00040514  00000+0  13514-2 0  2221
2 59272  53.1591  83.6425 0001486  80.2426 325.6327 15.30485122    10
STARLINK-31595
1 59273C 24050V   25222.07895833  .00023143  00000+0  78016-3 0  2229
2 59273  53.1574  83.8928 0001319  89.5258 153.6763 15.30162076    15
STARLINK-31641
1 59374C 24062A   25222.07826389 -.00021899  00000+0 -73819-3 0  2228
2 59374  53.1593 161.4314 0001332  89.0942 235.7592 15.30207763    15
STARLINK-31430
1 59375C 24062B   25222.08520833  .00033204  00000+0  11201-2 0  2222
2 59375  53.1581 161.3156 0001567  87.5117 316.3279 15.30128777    18
STARLINK-31695
1 59376C 24062C   25222.07895833  .00002485  00000+0  83769-4 0  2224
2 59376  53.1601 158.5877 0001269  86.1493 240.2834 15.30178425    18
STARLINK-31716
1 59377C 24062D   25222.08381944  .00027622  00000+0  93122-3 0  2222
2 59377  53.1564 109.9104 0001252  94.0424  82.3492 15.30154846    10
STARLINK-31710
1 59378C 24062E   25222.08312500  .00014690  00000+0  49530-3 0  2220
2 59378  53.1594 158.6812 0001314  86.2505 204.9997 15.30163914    11
STARLINK-31698
1 59379C 24062F   25222.08173611 -.00000078  00000+0 -26350-5 0  2223
2 59379  53.1599 158.5540 0001286  85.5851 273.5956 15.30182214    19
STARLINK-31680
1 59380C 24062G   25222.07826389  .00013282  00000+0  44788-3 0  2223
2 59380  53.1591 161.4156 0001365  83.0690 247.6497 15.30161723    15
STARLINK-31713
1 59381C 24062H   25222.08034722 -.00007636  00000+0 -25745-3 0  2227
2 59381  53.1575 161.2696 0001249  93.6956 318.2811 15.30188692    17
STARLINK-31705
1 59382C 24062J   25222.07756944  .00008827  00000+0  29767-3 0  2223
2 59382  53.1598 158.6724 0001456  87.4295 190.6501 15.30164067    10
STARLINK-31715
1 59384C 24062L   25222.08381944  .00002199  00000+0  74126-4 0  2226
2 59384  53.1591 158.4632 0001283  88.2494 317.3173 15.30182877    11
STARLINK-31717
1 59385C 24062M   25222.07826389 -.00010937  00000+0 -36885-3 0  2223
2 59385  53.1586 158.7715 0001325  93.3531 136.1906 15.30182959    19
STARLINK-31688
1 59386C 24062N   25222.08243056  .00000282  00000+0  95220-5 0  2229
2 59386  53.1572 161.2260 0001274  95.6666 345.2679 15.30168207    16
STARLINK-31714
1 59387C 24062P   25222.07965278  .00005890  00000+0  19859-3 0  2228
2 59387  53.1581 158.8012 0001187  95.3836 124.3605 15.30171237    15
STARLINK-31643
1 59388C 24062Q   25222.07965278  .00012887  00000+0  43447-3 0  2223
2 59388  53.1589 158.7308 0001213  87.3998 167.2643 15.30168193    16
STARLINK-31647
1 59389C 24062R   25222.07895833 -.00006957  00000+0 -21964-3 0  2226
2 59389  53.1585 158.9808 0001180  94.2390  48.1084 15.32297390    16
STARLINK-31649
1 59390C 24062S   25222.07895833  .00010073  00000+0  33961-3 0  2220
2 59390  53.1600 158.6195 0001160  91.2004 217.7947 15.30170243    16
STARLINK-31644
1 59391C 24062T   25222.08243056 -.00001079  00000+0 -36374-4 0  2226
2 59391  53.1571 161.1919 0001332  76.9128  21.4695 15.30175416    12
STARLINK-31626
1 59392C 24062U   25222.08173611  .00005146  00000+0  17349-3 0  2223
2 59392  53.1585 158.4348 0001188  91.3200 320.2316 15.30174656    19
STARLINK-31443
1 59393C 24062V   25222.08381944  .00001671  00000+0  56344-4 0  2222
2 59393  53.1596 146.0031 0001246  93.2963  53.7580 15.30169531    13
STARLINK-31607
1 59394C 24062W   25222.07826389  .00008364  00000+0  28198-3 0  2220
2 59394  53.1597 158.5189 0001252  85.3489 272.1685 15.30172310    11
STARLINK-31608
1 59397C 24062X   25222.08381944  .00013533  00000+0  45634-3 0  2225
2 59397  53.1577 158.8142 0001286  86.4964 138.7864 15.30162448    18
STARLINK-11087 [DTC]
1 59421C 24065A   25222.10465278  .00022629  00000+0  18679-3 0  2227
2 59421  53.1565  57.0615 0001132  86.9189 120.0182 15.69636136    11
STARLINK-11090 [DTC]
1 59422C 24065B   25222.09979167  .00042945  00000+0  35406-3 0  2223
2 59422  53.1560  56.9170 0000847 101.8530 160.6801 15.69645967    10
STARLINK-11093 [DTC]
1 59423C 24065C   25222.10118056  .00047919  00000+0  39504-3 0  2227
2 59423  53.1562  56.9667 0000837 103.9517 138.6940 15.69642909    13
STARLINK-11083 [DTC]
1 59424C 24065D   25222.10326389  .00043247  00000+0  35657-3 0  2223
2 59424  53.1564  57.0123 0000851 103.8623 122.8331 15.69644589    13
STARLINK-11085 [DTC]
1 59425C 24065E   25222.09909722  .00043789  00000+0  36106-3 0  2221
2 59425  53.1561  56.8637 0000790  94.9147 191.4368 15.69642146    10
STARLINK-11089 [DTC]
1 59426C 24065F   25222.10187500  .00041782  00000+0  34452-3 0  2229
2 59426  53.1567  57.1485 0000874 104.4068  58.9509 15.69644049    12
STARLINK-31757
1 59427C 24065G   25222.07826389 -.00007093  00000+0 -23911-3 0  2228
2 59427  53.1593 184.5622 0001268  89.0862 186.4140 15.30193007    17
STARLINK-31773
1 59429C 24065J   25222.07895833 -.00009634  00000+0 -32475-3 0  2228
2 59429  53.1568 186.4803 0001369  94.8829 286.2348 15.30195182    17
STARLINK-31772
1 59430C 24065K   25222.07826389 -.00006258  00000+0 -21093-3 0  2223
2 59430  53.1579 184.3772 0001378  91.0829 271.6763 15.30193159    13
STARLINK-31613
1 59431C 24065L   25222.08104167  .00019176  00000+0  64685-3 0  2223
2 59431  53.1595 184.5039 0001550  98.0582 210.2099 15.30144767    17
STARLINK-31780
1 59432C 24065M   25222.07965278 -.00000476  00000+0 -16048-4 0  2227
2 59432  53.1595 184.5875 0001358  86.7690 173.1481 15.30183285    16
STARLINK-31740
1 59433C 24065N   25222.08451389  .00032294  00000+0  10899-2 0  2229
2 59433  53.1569 186.4320 0001379  92.5205 330.8646 15.30114312    14
STARLINK-31580
1 59434C 24065P   25222.08312500  .00002314  00000+0  78009-4 0  2220
2 59434  53.1577 186.5291 0001374  88.1597 281.0359 15.30180063    16
STARLINK-31696
1 59435C 24065Q   25222.08034722 -.00008633  00000+0 -29102-3 0  2229
2 59435  53.1591 184.4717 0001427  88.5607 233.3352 15.30193386    13
STARLINK-31700
1 59436C 24065R   25222.07965278 -.00008604  00000+0 -29007-3 0  2220
2 59436  53.1585 184.4049 0001335  94.3284 258.6357 15.30190273    16
STARLINK-31706
1 59437C 24065S   25222.08381944  .00015987  00000+0  53871-3 0  2220
2 59437  53.1572 186.4518 0001252  87.9942 325.6117 15.30181728    17
STARLINK-31711
1 59438C 24065T   25222.07826389 -.00026915  00000+0 -90714-3 0  2229
2 59438  53.1590 184.4456 0001395  86.9127 240.9269 15.30217568    18
STARLINK-31708
1 59439C 24065U   25222.08451389 -.00033933  00000+0 -11442-2 0  2223
2 59439  53.1574 184.3128 0002145  89.1835 325.5044 15.30207740    13
STARLINK-31693
1 59441C 24065W   25222.08451389 -.00029397  00000+0 -99117-3 0  2221
2 59441  53.1593 184.5870 0001497  82.5427 192.5432 15.30208082    19
STARLINK-11107 [DTC]
1 59708C 24088A   25222.10534722  .00031963  00000+0  26363-3 0  2221
2 59708  53.1564 289.0037 0001100  85.0681 316.5176 15.69646757    10
STARLINK-11088 [DTC]
1 59709C 24088B   25222.10187500  .00028875  00000+0  23819-3 0  2221
2 59709  53.1567 289.6338 0000849  79.5541 357.3024 15.69647297    11
STARLINK-11092 [DTC]
1 59710C 24088C   25222.10048611  .00030269  00000+0  24968-3 0  2228
2 59710  53.1566 289.5840 0000880  76.6769  20.0627 15.69645977    10
STARLINK-11082 [DTC]
1 59711C 24088D   25222.10118056  .00031222  00000+0  25755-3 0  2225
2 59711  53.1566 289.5236 0000862  70.6814  57.7237 15.69644365    19
STARLINK-11108 [DTC]
1 59712C 24088E   25222.10465278  .00042311  00000+0  34883-3 0  2220
2 59712  53.1566 289.4497 0001062  99.0061  76.7325 15.69646705    19
STARLINK-11100 [DTC]
1 59713C 24088F   25222.10187500  .00026618  00000+0  21958-3 0  2221
2 59713  53.1567 289.4055 0000876  88.6520  99.1531 15.69648154    15
STARLINK-11094 [DTC]
1 59714C 24088G   25222.09979167  .00026821  00000+0  22127-3 0  2223
2 59714  53.1568 289.3657 0001078  97.5029 106.2618 15.69645218    16
STARLINK-11101 [DTC]
1 59715C 24088H   25222.09979167  .00031328  00000+0  25843-3 0  2220
2 59715  53.1567 289.2440 0001297  96.2547 162.9744 15.69643221    10
STARLINK-11099 [DTC]
1 59716C 24088J   25222.09909722  .00043521  00000+0  35889-3 0  2220
2 59716  53.1568 289.3045 0001275  89.2791 138.2779 15.69638760    19
STARLINK-11084 [DTC]
1 59717C 24088K   25222.10118056  .00029902  00000+0  24670-3 0  2228
2 59717  53.1564 289.1802 0001159 106.6802 188.1441 15.69641951    19
STARLINK-11103 [DTC]
1 59718C 24088L   25222.10118056  .00037790  00000+0  31167-3 0  2222
2 59718  53.1563 289.1234 0001006  94.8798 227.6814 15.69642078    15
STARLINK-11096 [DTC]
1 59719C 24088M   25222.09909722  .00034142  00000+0  28159-3 0  2224
2 59719  53.1566 289.6983 0001116  92.4887 300.9279 15.69644928    16
STARLINK-11095 [DTC]
1 59720C 24088N   25222.09979167  .00023420  00000+0  19320-3 0  2223
2 59720  53.1562 289.0725 0001126 102.7281 239.7121 15.69649927    15
STARLINK-31834
1 59721C 24088P   25222.08104167  .00006213  00000+0  20944-3 0  2228
2 59721  53.1603  43.0042 0001255  91.2487 181.6353 15.30177932    17
STARLINK-31843
1 59722C 24088Q   25222.07965278  .00011360  00000+0  38296-3 0  2224
2 59722  53.1598  43.1243 0001177  91.8788 115.1907 15.30172676    15
STARLINK-31766
1 59723C 24088R   25222.08173611  .00018467  00000+0  62240-3 0  2229
2 59723  53.1597  42.8860 0001381  64.0537 270.8137 15.30172881    19
STARLINK-31836
1 59724C 24088S   25222.07756944  .00006998  00000+0  23589-3 0  2224
2 59724  53.1599  42.9507 0001389  82.9320 205.6989 15.30181596    12
STARLINK-31820
1 59725C 24088T   25222.07826389 -.00095471  00000+0 -32178-2 0  2225
2 59725  53.1608  43.0505 0001145  89.2089 150.9288 15.30286724    19
STARLINK-31642
1 59726C 24088U   25222.07965278  .00015037  00000+0  50691-3 0  2226
2 59726  53.1599  43.0893 0001083  91.0545 133.4654 15.30170519    15
STARLINK-31827
1 59727C 24088V   25222.07826389  .00012623  00000+0  42549-3 0  2227
2 59727  53.1594  43.1638 0001177  90.0118  91.9500 15.30176004    11
STARLINK-11118 [DTC]
1 59754C 24091B   25222.10395833  .00041969  00000+0  34616-3 0  2221
2 59754  53.1573 169.6401 0000952  91.1983  25.1045 15.69636391    17
STARLINK-11132 [DTC]
1 59755C 24091C   25222.09909722  .00035418  00000+0  29212-3 0  2226
2 59755  53.1571 169.5502 0000996  76.5531  67.7417 15.69643659    11
STARLINK-11131 [DTC]
1 59756C 24091D   25222.09909722  .00040058  00000+0  33035-3 0  2221
2 59756  53.1573 169.4960 0000875  64.0416 107.9764 15.69641851    15
STARLINK-11114 [DTC]
1 59757C 24091E   25222.09909722  .00042482  00000+0  35037-3 0  2229
2 59757  53.1577 169.4596 0001295  80.2053 119.5471 15.69637000    14
STARLINK-11105 [DTC]
1 59758C 24091F   25222.10048611  .00052371  00000+0  43195-3 0  2225
2 59758  53.1578 169.3919 0001112 109.0706 126.2696 15.69626058    12
STARLINK-11097 [DTC]
1 59759C 24091G   25222.10534722  .00052337  00000+0  43173-3 0  2227
2 59759  53.1578 169.2923 0001365  80.2838 210.3025 15.69622659    17
STARLINK-11098 [DTC]
1 59760C 24091H   25222.10395833 -.00036826  00000+0 -30396-3 0  2227
2 59760  53.1573 169.2421 0001350  92.8294 217.6984 15.69697042    18
STARLINK-11117 [DTC]
1 59761C 24091J   25222.09979167 -.00091078  00000+0 -75074-3 0  2226
2 59761  53.1571 169.2058 0001018  96.4615 218.1518 15.69784442    11
STARLINK-11110 [DTC]
1 59762C 24091K   25222.10048611  .00040439  00000+0  33346-3 0  2229
2 59762  53.1569 169.1453 0001273  93.4298 252.8668 15.69642854    15
STARLINK-11104 [DTC]
1 59763C 24091L   25222.09979167  .00047848  00000+0  39456-3 0  2226
2 59763  53.1572 169.0917 0001149 100.3622 269.7422 15.69635776    15
STARLINK-11111 [DTC]
1 59764C 24091M   25222.10256944  .00039259  00000+0  32375-3 0  2220
2 59764  53.1577 168.9647 0000988  85.4717 355.8131 15.69644072    10
STARLINK-11106 [DTC]
1 59765C 24091N   25222.10534722  .00051498  00000+0  42470-3 0  2220
2 59765  53.1576 169.0076 0001106 101.3893 327.8719 15.69630271    11
STARLINK-31739
1 59766C 24091P   25222.07965278  .00018934  00000+0  63847-3 0  2220
2 59766  53.1583 286.8712 0001227  84.2165  46.8213 15.30156327    10
STARLINK-31828
1 59767C 24091Q   25222.08243056  .00013326  00000+0  44950-3 0  2229
2 59767  53.1581 289.8548 0001315 101.6907 319.7075 15.30150737    12
STARLINK-31826
1 59768C 24091R   25222.08173611  .00019518  00000+0  65809-3 0  2224
2 59768  53.1580 289.8963 0001304  78.6691 321.4395 15.30159733    14
STARLINK-31830
1 59769C 24091S   25222.08381944  .00017752  00000+0  59896-3 0  2222
2 59769  53.1576 289.9202 0001036  88.0825 306.0905 15.30139556    10
STARLINK-31829
1 59770C 24091T   25222.08034722  .00019619  00000+0  66156-3 0  2224
2 59770  53.1583 289.8348 0001111  85.7873 341.5530 15.30155391    14
STARLINK-31786
1 59771C 24091U   25222.08451389  .00016245  00000+0  54787-3 0  2226
2 59771  53.1574 289.9620 0001342  92.7645 281.9412 15.30153665    18
STARLINK-31835
1 59772C 24091V   25222.08381944  .00013627  00000+0  45967-3 0  2227
2 59772  53.1584 289.7782 0001170  90.4730  13.4854 15.30151195    10
STARLINK-11145 [DTC]
1 59945C 24107A   25222.10395833  .00026069  00000+0  21502-3 0  2225
2 59945  53.1571 214.6211 0001162  66.3532 153.8074 15.69651994    12
STARLINK-11113 [DTC]
1 59947C 24107C   25222.10187500  .00029231  00000+0  24110-3 0  2229
2 59947  53.1570 213.9406 0001119  65.6191 115.6140 15.69649016    18
STARLINK-11123 [DTC]
1 59948C 24107D   25222.10118056  .00142680  00000+0  11786-2 0  2228
2 59948  53.1572 214.5201 0001636  98.2363 161.7353 15.69498810    10
STARLINK-11138 [DTC]
1 59949C 24107E   25222.09979167  .00034632  00000+0  28561-3 0  2222
2 59949  53.1566 214.2968 0001431  88.8878 274.1415 15.69645410    18
STARLINK-11130 [DTC]
1 59950C 24107F   25222.10118056  .00021341  00000+0  17607-3 0  2220
2 59950  53.1573 214.4631 0001582  83.3990 204.2800 15.69648647    16
STARLINK-11124 [DTC]
1 59952C 24107H   25222.09979167  .00033563  00000+0  27685-3 0  2224
2 59952  53.1569 214.3569 0001367  91.6891 243.6137 15.69642098    19
STARLINK-11143 [DTC]
1 59953C 24107J   25222.10326389  .00041768  00000+0  34439-3 0  2220
2 59953  53.1565 214.2263 0001243  97.6936 312.6898 15.69643891    18
STARLINK-11133 [DTC]
1 59954C 24107K   25222.10256944  .00029656  00000+0  24479-3 0  2225
2 59954  53.1566 214.1725 0001084  91.0935 343.1838 15.69629929    11
STARLINK-11144 [DTC]
1 59955C 24107L   25222.09770833  .00026674  00000+0  21995-3 0  2229
2 59955  53.1570 214.1453 0000951  93.2167 341.2181 15.69657528    14
STARLINK-11134 [DTC]
1 59956C 24107M   25222.08937500  .00025407  00000+0  20950-3 0  2228
2 59956  53.1570 214.1244 0001207  94.2628 320.7980 15.69659138    19
STARLINK-11142 [DTC]
1 59957C 24107N   25222.10187500  .00029586  00000+0  24398-3 0  2221
2 59957  53.1571 214.0062 0001120  67.6993  85.7771 15.69653501    15
STARLINK-31995
1 59958C 24107P   25222.08034722 -.00007542  00000+0 -25445-3 0  2220
2 59958  53.1594 328.3914 0001426  99.2826  86.5001 15.30165904    19
STARLINK-31989
1 59959C 24107Q   25222.08381944  .00020466  00000+0  69040-3 0  2229
2 59959  53.1603 328.3076 0001434  98.8124 141.0225 15.30141692    18
STARLINK-31856
1 59960C 24107R   25222.08243056  .00016480  00000+0  55606-3 0  2226
2 59960  53.1596 328.3475 0001259 106.9260 107.8190 15.30139626    16
STARLINK-31993
1 59961C 24107S   25222.08104167  .00006488  00000+0  21902-3 0  2225
2 59961  53.1587 328.4551 0001243  98.2554  56.5229 15.30131703    16
STARLINK-31980
1 59962C 24107T   25222.08104167 -.00014825  00000+0 -50019-3 0  2223
2 59962  53.1590 328.5330 0001447  99.5192  14.4860 15.30172066    16
STARLINK-31991
1 59963C 24107U   25222.08381944  .00010131  00000+0  34183-3 0  2222
2 59963  53.1589 328.4076 0001213  88.4137  99.0795 15.30145884    12
STARLINK-31979
1 59964C 24107V   25222.07687500 -.00009730  00000+0 -32825-3 0  2225
2 59964  53.1589 328.5181 0001295  98.1726  10.3090 15.30170952    11
STARLINK-31978
1 60016C 24111A   25222.08173611  .00001020  00000+0  34380-4 0  2225
2 60016  53.1596 338.8559 0001188  71.4709 185.7611 15.30198672    13
STARLINK-31987
1 60017C 24111B   25222.08034722 -.00008418  00000+0 -28391-3 0  2229
2 60017  53.1595 338.7907 0001347  95.6620 188.9008 15.30178263    15
STARLINK-31984
1 60018C 24111C   25222.08312500  .00003315  00000+0  11183-3 0  2223
2 60018  53.1589 338.6968 0001461  77.2140 263.3799 15.30160627    15
STARLINK-31986
1 60019C 24111D   25222.07826389  .00025062  00000+0  84495-3 0  2227
2 60019  53.1594 338.6142 0001205  97.9838 268.1562 15.30155721    15
STARLINK-31883
1 60020C 24111E   25222.07895833 -.00019600  00000+0 -66044-3 0  2222
2 60020  53.1595 338.8325 0001163  87.5662 171.8880 15.30218304    16
STARLINK-31967
1 60021C 24111F   25222.07965278  .00006715  00000+0  22648-3 0  2227
2 60021  53.1603 338.2512 0001346 101.4918  92.6229 15.30163735    16
STARLINK-31982
1 60022C 24111G   25222.07826389 -.00010991  00000+0 -37079-3 0  2224
2 60022  53.1599 338.1948 0001216  94.5335 126.8378 15.30171863    10
STARLINK-31992
1 60023C 24111H   25222.08381944  .00010417  00000+0  35140-3 0  2227
2 60023  53.1602 338.2674 0001352  94.4363 105.2178 15.30151980    11
STARLINK-31990
1 60024C 24111J   25222.08381944  .00008587  00000+0  28961-3 0  2226
2 60024  53.1606 338.4874 0001402 102.6794 346.4395 15.30160840    11
STARLINK-31864
1 60025C 24111K   25222.08659722  .00051015  00000+0  16737-2 0  2220
2 60025  53.1608 338.5859 0001203  38.5581 335.3719 15.31007987    18
STARLINK-31939
1 60026C 24111L   25222.08034722  .00043278  00000+0  14593-2 0  2228
2 60026  53.1604 338.3538 0001247  58.8703  86.7107 15.30133023    14
STARLINK-32012
1 60027C 24111M   25222.08312500 -.00008557  00000+0 -28865-3 0  2223
2 60027  53.1603 338.3716 0001046  78.6407  64.8491 15.30174159    18
STARLINK-32008
1 60028C 24111N   25222.07687500  .00033598  00000+0  11332-2 0  2229
2 60028  53.1605 338.4455 0001330  97.0630 348.6885 15.30135551    14
STARLINK-32006
1 60029C 24111P   25222.07826389  .00013824  00000+0  46637-3 0  2227
2 60029  53.1601 338.5475 0001447 102.2399 298.8377 15.30146485    14
STARLINK-32011
1 60030C 24111Q   25222.08451389 -.00014869  00000+0 -50173-3 0  2226
2 60030  53.1600 338.1884 0001319 111.8620 132.3453 15.30168981    18
STARLINK-31878
1 60031C 24111R   25222.07965278  .00015920  00000+0  53688-3 0  2224
2 60031  53.1575 286.7673 0001309  84.6780 232.2531 15.30157264    16
STARLINK-32017
1 60032C 24111S   25222.08104167 -.00026971  00000+0 -90972-3 0  2225
2 60032  53.1598 338.5999 0001374  83.2819 309.8218 15.30192931    12
STARLINK-32005
1 60034C 24111U   25222.08243056  .00021589  00000+0  72790-3 0  2224
2 60034  53.1605 338.4575 0001255  97.9437   0.9661 15.30157748    16
STARLINK-31981
1 60035C 24111V   25222.08104167 -.00013515  00000+0 -45583-3 0  2226
2 60035  53.1590 338.6688 0000979 101.9873 244.5788 15.30181188    10
STARLINK-31985
1 60036C 24111W   25222.08451389 -.00009389  00000+0 -31670-3 0  2224
2 60036  53.1592 338.6170 0001247  95.0837 288.0747 15.30175484    11
STARLINK-31918
1 60037C 24111X   25222.08104167  .00014177  00000+0  47805-3 0  2220
2 60037  53.1602 338.3139 0001582  91.5817  75.2787 15.30160368    12
STARLINK-11129 [DTC]
1 60038C 24112A   25222.09840278  .00021965  00000+0  18116-3 0  2229
2 60038  53.1571 229.6705 0001383  86.8596 274.9521 15.69656786    19
STARLINK-11140 [DTC]
1 60039C 24112B   25222.10395833  .00025395  00000+0  20944-3 0  2227
2 60039  53.1570 229.5863 0000965 101.1312 319.8278 15.69654601    17
STARLINK-11122 [DTC]
1 60040C 24112C   25222.10395833  .00027492  00000+0  22676-3 0  2223
2 60040  53.1569 229.5297 0001256 111.0679 337.6268 15.69649407    13
STARLINK-11149 [DTC]
1 60041C 24112D   25222.09840278  .00037185  00000+0  30671-3 0  2224
2 60041  53.1569 229.5006 0001246  67.8161  17.2172 15.69640782    17
STARLINK-11120 [DTC]
1 60042C 24112E   25222.10048611  .00032551  00000+0  26851-3 0  2225
2 60042  53.1566 229.4337 0001287  79.9373  44.6182 15.69642857    15
STARLINK-11086 [DTC]
1 60043C 24112F   25222.10465278  .00004777  00000+0  39408-4 0  2220
2 60043  53.1563 229.3561 0001093 103.0529  72.8285 15.69667630    11
STARLINK-11148 [DTC]
1 60044C 24112G   25222.09840278  .00034932  00000+0  28807-3 0  2222
2 60044  53.1565 229.3299 0001313  94.6476  73.5815 15.69647211    13
STARLINK-11116 [DTC]
1 60045C 24112H   25222.10326389  .00037622  00000+0  31026-3 0  2223
2 60045  53.1566 229.2491 0001054  84.4828 138.9703 15.69644325    13
STARLINK-11155 [DTC]
1 60046C 24112J   25222.10187500  .00028085  00000+0  23159-3 0  2225
2 60046  53.1569 229.1990 0001152  83.6076 159.7199 15.69655733    10
STARLINK-11163 [DTC]
1 60047C 24112K   25222.10326389  .00019064  00000+0  15721-3 0  2229
2 60047  53.1570 229.1355 0000963  83.0665 195.8480 15.69663619    11
STARLINK-11135 [DTC]
1 60048C 24112L   25222.09840278  .00023505  00000+0  19388-3 0  2224
2 60048  53.1570 229.0063 0001254  89.4902 245.1576 15.69652758    12
STARLINK-11151 [DTC]
1 60049C 24112M   25222.10048611  .00017662  00000+0  14567-3 0  2229
2 60049  53.1570 229.0925 0001315  61.2502 229.7072 15.69661565    17
STARLINK-11137 [DTC]
1 60050C 24112N   25222.10256944  .00015940  00000+0  13149-3 0  2223
2 60050  53.1570 229.0253 0001131  81.8120 248.6655 15.69659633    13
STARLINK-31811
1 60051C 24112P   25222.08104167 -.00011966  00000+0 -40367-3 0  2228
2 60051  53.1596 341.2423 0001243 104.6364 250.2486 15.30175307    16
STARLINK-31775
1 60052C 24112Q   25222.08034722  .00001592  00000+0  53702-4 0  2228
2 60052  53.1605 341.1470 0001295  86.8976 316.5159 15.30160600    19
STARLINK-31793
1 60053C 24112R   25222.08381944  .00000549  00000+0  18509-4 0  2227
2 60053  53.1603 341.1994 0001250 102.3923 285.2420 15.30168496    10
STARLINK-31735
1 60054C 24112S   25222.08243056  .00029494  00000+0  99453-3 0  2225
2 60054  53.1604 341.0668 0001424  99.6604 350.1171 15.30146018    17
STARLINK-31788
1 60055C 24112T   25222.08034722 -.00000283  00000+0 -95383-5 0  2221
2 60055  53.1604 341.0413 0001119  92.1649   3.5832 15.30167280    11
STARLINK-31825
1 60056C 24112U   25222.08381944  .00012992  00000+0  43825-3 0  2223
2 60056  53.1606 341.0979 0001405 102.7129 337.2959 15.30150322    16
STARLINK-31437
1 60057C 24112V   25222.08104167  .00003098  00000+0  10450-3 0  2229
2 60057  53.1605 341.1772 0001237  89.7655 300.0337 15.30159698    12
STARLINK-11181 [DTC]
1 60059C 24113A   25222.10118056  .00054610  00000+0  45030-3 0  2225
2 60059  53.1578 154.4035 0001298  81.3967  40.1576 15.69629945    17
STARLINK-11176 [DTC]
1 60060C 24113B   25222.10187500  .00055644  00000+0  45892-3 0  2221
2 60060  53.1575 154.3430 0001134  86.0193  67.2091 15.69624504    14
STARLINK-11167 [DTC]
1 60061C 24113C   25222.10326389  .00040288  00000+0  33221-3 0  2223
2 60061  53.1571 154.2791 0001088  74.7692 114.0362 15.69644376    17
STARLINK-11166 [DTC]
1 60062C 24113D   25222.10465278  .00040229  00000+0  33172-3 0  2225
2 60062  53.1568 154.2152 0001142  93.4573 130.9380 15.69644801    12
STARLINK-11165 [DTC]
1 60063C 24113E   25222.10118056  .00049290  00000+0  40641-3 0  2221
2 60063  53.1570 154.1754 0001209  92.1726 140.3244 15.69636838    18
STARLINK-11169 [DTC]
1 60064C 24113F   25222.09979167  .00039381  00000+0  32469-3 0  2227
2 60064  53.1574 154.1255 0001142  99.9383 152.4385 15.69648183    15
STARLINK-11102 [DTC]
1 60065C 24113G   25222.09979167  .00046449  00000+0  38298-3 0  2227
2 60065  53.1576 154.0687 0001052  98.4528 181.6653 15.69640238    16
STARLINK-11141 [DTC]
1 60066C 24113H   25222.10118056  .00009379  00000+0  77304-4 0  2225
2 60066  53.1577 154.0051 0000411  85.1712 230.4909 15.69687054    13
STARLINK-11153 [DTC]
1 60067C 24113J   25222.10187500  .00029314  00000+0  24174-3 0  2223
2 60067  53.1573 154.6795 0001220  66.4922 280.3047 15.69653331    13
STARLINK-11170 [DTC]
1 60068C 24113K   25222.10326389  .00051448  00000+0  42426-3 0  2227
2 60068  53.1573 154.6155 0001170  69.4989 312.8929 15.69631368    10
STARLINK-11171 [DTC]
1 60069C 24113L   25222.09909722  .00037465  00000+0  30907-3 0  2228
2 60069  53.1572 154.5790 0001256  57.5373 329.0635 15.69635474    10
STARLINK-11186 [DTC]
1 60070C 24113M   25222.10187500  .00037822  00000+0  31189-3 0  2224
2 60070  53.1577 154.5085 0001173  65.5511   4.4626 15.69645462    17
STARLINK-11184 [DTC]
1 60071C 24113N   25222.10256944  .00055907  00000+0  46107-3 0  2224
2 60071  53.1579 154.4863 0001255  79.5337  22.1192 15.69624905    19
STARLINK-32032
1 60077C 24113U   25222.08173611  .00001011  00000+0  34118-4 0  2223
2 60077  53.1563 261.7315 0001298  91.8223 346.8127 15.30161214    11
STARLINK-31441
1 60091C 24117A   25222.08312500  .00024800  00000+0  83626-3 0  2223
2 60091  53.1579 299.9408 0001113  98.2534 118.2988 15.30150482    13
STARLINK-32044
1 60092C 24117B   25222.08034722  .00000417  00000+0  14037-4 0  2220
2 60092  53.1591 299.7342 0001344  88.6748 222.9336 15.30216887    11
STARLINK-31239
1 60093C 24117C   25222.08381944  .00021480  00000+0  72446-3 0  2222
2 60093  53.1598 300.2968 0001277 100.1179 299.9355 15.30148016    17
STARLINK-32007
1 60094C 24117D   25222.08243056  .00011965  00000+0  40365-3 0  2226
2 60094  53.1583 300.1537 0001182  80.5277  27.5040 15.30149049    11
STARLINK-32028
1 60095C 24117E   25222.07965278  .00018895  00000+0  63734-3 0  2227
2 60095  53.1579 300.0607 0001078  80.5259  64.5425 15.30147188    18
STARLINK-32016
1 60096C 24117F   25222.08381944  .00016110  00000+0  54354-3 0  2227
2 60096  53.1594 300.2506 0001298  92.1591 331.1714 15.30142047    11
STARLINK-32003
1 60097C 24117G   25222.08034722  .00018013  00000+0  60759-3 0  2227
2 60097  53.1582 299.9063 0001302  79.2297 145.2771 15.30148353    19
STARLINK-32026
1 60098C 24117H   25222.07687500  .00014720  00000+0  49577-3 0  2221
2 60098  53.1580 300.0267 0000950  83.0007  69.8730 15.30200455    16
STARLINK-31732
1 60099C 24117J   25222.07826389  .00021393  00000+0  72157-3 0  2226
2 60099  53.1596 299.6619 0001343  94.3808 246.6115 15.30146203    11
STARLINK-31996
1 60100C 24117K   25222.08104167  .00016399  00000+0  55306-3 0  2220
2 60100  53.1587 299.7982 0001291  85.5633 195.1142 15.30154361    10
STARLINK-31999
1 60101C 24117L   25222.08243056  .00009608  00000+0  32417-3 0  2225
2 60101  53.1596 300.2907 0001324  83.4310 314.8059 15.30148027    11
STARLINK-31954
1 60102C 24117M   25222.08381944  .00021842  00000+0  73655-3 0  2228
2 60102  53.1590 300.2150 0001392  89.9689 350.7970 15.30151636    12
STARLINK-32013
1 60103C 24117N   25222.08381944  .00006306  00000+0  21276-3 0  2229
2 60103  53.1585 300.1804 0001098 107.1771 351.0657 15.30154004    18
STARLINK-32009
1 60104C 24117P   25222.07965278  .00020797  00000+0  70144-3 0  2225
2 60104  53.1598 300.3111 0001283  90.1796 275.3125 15.30147368    13
STARLINK-32018
1 60105C 24117Q   25222.08104167  .00010708  00000+0  36109-3 0  2223
2 60105  53.1578 300.0880 0001455  92.8190  42.4334 15.30164424    17
STARLINK-32045
1 60106C 24117R   25222.08034722  .00011532  00000+0  38897-3 0  2225
2 60106  53.1579 300.1268 0001493  81.7813  32.2045 15.30154163    16
STARLINK-32035
1 60107C 24117S   25222.08381944  .00012727  00000+0  42921-3 0  2227
2 60107  53.1579 299.9584 0001195  97.0441 111.6949 15.30158723    10
STARLINK-32042
1 60108C 24117T   25222.07965278  .00016103  00000+0  54308-3 0  2229
2 60108  53.1583 299.8728 0001418  92.0567 146.0569 15.30154748    10
STARLINK-32040
1 60109C 24117U   25222.08937500  .00037931  00000+0  12743-2 0  2226
2 60109  53.1580 299.8969 0001195  82.4112 174.4818 15.30257912    15
STARLINK-32001
1 60110C 24117V   25222.07826389  .00015296  00000+0  51590-3 0  2223
2 60110  53.1588 299.7751 0001386  87.3294 195.4968 15.30152336    13
STARLINK-32015
1 60111C 24117W   25222.08312500  .00004369  00000+0  14721-3 0  2224
2 60111  53.1594 299.6833 0001361  71.1416 273.2822 15.30199929    14
STARLINK-32024
1 60112C 24117X   25222.07895833  .00016199  00000+0  54641-3 0  2228
2 60112  53.1586 299.8402 0001283  98.8845 152.8815 15.30149450    13
STARLINK-11201 [DTC]
1 60113C 24118A   25222.10187500  .00040554  00000+0  33444-3 0  2229
2 60113  53.1568 184.6326 0001345  96.3165  15.1392 15.69640565    13
STARLINK-11198 [DTC]
1 60114C 24118B   25222.09909722  .00045671  00000+0  37662-3 0  2227
2 60114  53.1569 184.5893 0001175 101.2034  22.2814 15.69636942    17
STARLINK-11112 [DTC]
1 60115C 24118C   25222.10395833 -.00091928  00000+0 -75790-3 0  2224
2 60115  53.1572 184.5083 0001175 100.4922  78.1926 15.69780195    14
STARLINK-11210 [DTC]
1 60116C 24118D   25222.09909722  .00048913  00000+0  40332-3 0  2229
2 60116  53.1574 184.4754 0000899  97.2763  81.6789 15.69636648    18
STARLINK-11203 [DTC]
1 60117C 24118E   25222.10256944  .00036447  00000+0  30057-3 0  2225
2 60117  53.1575 184.4017 0000869  80.8892 145.4363 15.69645715    12
STARLINK-11177 [DTC]
1 60118C 24118F   25222.09979167  .00033720  00000+0  27812-3 0  2229
2 60118  53.1574 184.3584 0001038  75.0204 163.3356 15.69645247    13
STARLINK-11127 [DTC]
1 60119C 24118G   25222.09840278 -.00208040  00000+0 -17136-2 0  2228
2 60119  53.1572 184.3079 0000951  79.6002 178.6896 15.69919597    10
STARLINK-11164 [DTC]
1 60120C 24118H   25222.10187500  .00035284  00000+0  29106-3 0  2221
2 60120  53.1571 184.2337 0001275  73.6718 231.9481 15.69639286    12
STARLINK-11119 [DTC]
1 60121C 24118J   25222.10465278  .00042623  00000+0  35167-3 0  2222
2 60121  53.1578 184.0496 0001538  93.2282 311.3221 15.69627131    11
STARLINK-11157 [DTC]
1 60122C 24118K   25222.10118056  .00035150  00000+0  29001-3 0  2229
2 60122  53.1577 184.1234 0001081  66.9329 290.2456 15.69635389    13
STARLINK-11162 [DTC]
1 60123C 24118L   25222.10465278  .00037224  00000+0  30692-3 0  2223
2 60123  53.1575 183.9928 0001379  74.5658 357.6831 15.69648612    17
STARLINK-11161 [DTC]
1 60124C 24118M   25222.09840278  .00043232  00000+0  35656-3 0  2220
2 60124  53.1571 184.7018 0001240  93.6941 330.4030 15.69636167    19
STARLINK-11160 [DTC]
1 60125C 24118N   25222.10048611 -.00026030  00000+0 -21475-3 0  2227
2 60125  53.1573 184.1815 0001240  94.7602 230.7583 15.69697665    12
STARLINK-31846
1 60126C 24118P   25222.08104167  .00020422  00000+0  68864-3 0  2224
2 60126  53.1591 289.5968 0001262  98.2234  77.6651 15.30155475    16
STARLINK-31840
1 60127C 24118Q   25222.07826389  .00023053  00000+0  77716-3 0  2220
2 60127  53.1590 289.6796 0001217  90.6444  35.0260 15.30160868    11
STARLINK-31813
1 60128C 24118R   25222.08104167  .00011770  00000+0  39705-3 0  2224
2 60128  53.1591 289.6313 0001256  79.5995  78.8723 15.30150606    16
STARLINK-31845
1 60129C 24118S   25222.07895833 -.00007674  00000+0 -25850-3 0  2227
2 60129  53.1588 287.4751 0001722  61.4098 100.0092 15.30217633    18
STARLINK-31838
1 60130C 24118T   25222.08034722  .00015978  00000+0  53871-3 0  2220
2 60130  53.1585 289.7346 0001430  90.3495  11.9118 15.30162629    13
STARLINK-31785
1 60131C 24118U   25222.07756944  .00020020  00000+0  67524-3 0  2221
2 60131  53.1590 289.5661 0001258 102.7421  77.2981 15.30147627    17
STARLINK-31792
1 60132C 24118V   25222.07826389  .00005184  00000+0  17476-3 0  2228
2 60132  53.1585 287.2563 0001264  86.3479 164.4298 15.30178830    15
STARLINK-32043
1 60135C 24120A   25222.07965278 -.00000400  00000+0 -13474-4 0  2228
2 60135  53.1565 222.7663 0001254  80.0883 101.1561 15.30189168    17
STARLINK-32112
1 60136C 24120B   25222.08104167 -.00006989  00000+0 -23559-3 0  2224
2 60136  53.1576 223.1063 0001265  87.0803 287.3106 15.30192451    11
STARLINK-32050
1 60137C 24120C   25222.08381944  .00011990  00000+0  40421-3 0  2228
2 60137  53.1572 223.1626 0001167  82.3949 272.4383 15.30170899    17
STARLINK-32025
1 60138C 24120D   25222.07340278  .00015014  00000+0  50641-3 0  2229
2 60138  53.1564 222.6092 0000911 117.5803 122.3455 15.30151670    15
STARLINK-31867
1 60139C 24120E   25222.07965278 -.00007889  00000+0 -26596-3 0  2228
2 60139  53.1591 223.0577 0001256  87.6551 308.1555 15.30192787    18
STARLINK-31694
1 60140C 24120F   25222.08104167  .00008050  00000+0  27136-3 0  2223
2 60140  53.1577 223.0815 0001294  94.0305 292.0119 15.30176126    16
STARLINK-32036
1 60141C 24120G   25222.07965278  .00004640  00000+0  15640-3 0  2229
2 60141  53.1577 223.0769 0001259  96.1309 288.0699 15.30181129    10
STARLINK-32031
1 60142C 24120H   25222.08451389  .00010878  00000+0  36672-3 0  2222
2 60142  53.1577 222.9840 0001256  94.3162 351.5749 15.30173918    12
STARLINK-32027
1 60143C 24120J   25222.07895833  .00002154  00000+0  72595-4 0  2221
2 60143  53.1567 222.4989 0001186  90.2666 203.5044 15.30189027    19
STARLINK-32033
1 60144C 24120K   25222.07826389 -.00002538  00000+0 -85534-4 0  2227
2 60144  53.1578 222.9775 0001212  87.5969 341.2820 15.30191747    19
STARLINK-32029
1 60145C 24120L   25222.07965278 -.00007957  00000+0 -26826-3 0  2227
2 60145  53.1574 222.9017 0001294  94.5691  16.8784 15.30189739    17
STARLINK-32127
1 60146C 24120M   25222.07687500  .00006305  00000+0  21256-3 0  2223
2 60146  53.1568 222.5276 0001207  83.9684 209.9398 15.30176286    11
STARLINK-32019
1 60147C 24120N   25222.07826389 -.00004507  00000+0 -15190-3 0  2228
2 60147  53.1563 222.6202 0001217  85.8145 163.3834 15.30192723    13
STARLINK-32021
1 60148C 24120P   25222.08243056 -.00006572  00000+0 -22155-3 0  2227
2 60148  53.1581 212.7216 0001255  86.9844 149.7968 15.30190326    12
STARLINK-32022
1 60149C 24120Q   25222.08104167  .00007169  00000+0  24162-3 0  2228
2 60149  53.1569 222.7918 0001357  87.0525  84.3956 15.30182302    16
STARLINK-32014
1 60150C 24120R   25222.08312500  .00004610  00000+0  15543-3 0  2223
2 60150  53.1562 222.6784 0001329  83.8105 151.4846 15.30178404    10
STARLINK-32004
1 60151C 24120S   25222.07826389  .00011308  00000+0  38092-3 0  2224
2 60151  53.1560 222.7359 0001440  76.0001 114.9513 15.30196216    17
STARLINK-32147
1 60152C 24120T   25222.07895833 -.00001948  00000+0 -65664-4 0  2222
2 60152  53.1575 223.1246 0001165  88.5969 268.4940 15.30191309    16
STARLINK-32131
1 60153C 24120U   25222.08034722 -.00004875  00000+0 -16432-3 0  2226
2 60153  53.1577 222.9313 0001229  86.1806  11.6327 15.30191601    18
STARLINK-32145
1 60154C 24120V   25222.08173611  .00004755  00000+0  16031-3 0  2228
2 60154  53.1562 222.6382 0001145  87.9984 162.9073 15.30178837    13
STARLINK-32137
1 60155C 24120W   25222.07826389 -.00001488  00000+0 -50158-4 0  2226
2 60155  53.1570 222.8377 0001355  84.0599  54.6258 15.30189121    12
STARLINK-32048
1 60156C 24120X   25222.07965278 -.00004597  00000+0 -15493-3 0  2224
2 60156  53.1572 222.8653 0001408  89.8828  39.0056 15.30194022    18
STARLINK-32129
1 60157C 24120Y   25222.08312500  .00007338  00000+0  24724-3 0  2221
2 60157  53.1571 223.1721 0001140  80.9585 264.1550 15.30194451    19
STARLINK-11168 [DTC]
1 60183C 24124A   25222.10187500  .00046432  00000+0  38292-3 0  2220
2 60183  53.1569 124.2326 0001245  92.0240 241.2815 15.69634841    19
STARLINK-11187 [DTC]
1 60184C 24124B   25222.10534722  .00041200  00000+0  33990-3 0  2221
2 60184  53.1572 124.1589 0001142  92.6495 288.0395 15.69631018    13
STARLINK-11180 [DTC]
1 60185C 24124C   25222.10326389 -.00032323  00000+0 -26642-3 0  2224
2 60185  53.1575 124.1123 0001046  89.2088 307.3648 15.69726462    18
STARLINK-11197 [DTC]
1 60186C 24124D   25222.10465278  .00051610  00000+0  42555-3 0  2225
2 60186  53.1572 124.0481 0001060  90.6683 341.5516 15.69634295    11
STARLINK-11194 [DTC]
1 60187C 24124E   25222.09909722  .00055829  00000+0  46039-3 0  2228
2 60187  53.1572 124.0181 0000914  80.2046 348.3519 15.69627196    14
STARLINK-11189 [DTC]
1 60188C 24124F   25222.10118056  .00056755  00000+0  46818-3 0  2227
2 60188  53.1570 124.6857 0000917  74.8944  32.6242 15.69618623    19
STARLINK-11183 [DTC]
1 60189C 24124G   25222.10118056  .00061986  00000+0  51128-3 0  2220
2 60189  53.1573 124.6290 0001104  62.3560  72.8957 15.69615378    12
STARLINK-11179 [DTC]
1 60190C 24124H   25222.10326389  .00008447  00000+0  69650-4 0  2225
2 60190  53.1574 124.5617 0001060  95.9279  78.8183 15.69675922    15
STARLINK-11175 [DTC]
1 60191C 24124J   25222.09493056  .00049818  00000+0  41081-3 0  2224
2 60191  53.1576 124.5463 0001154  75.6905  79.6732 15.69633875    12
STARLINK-11173 [DTC]
1 60192C 24124K   25222.10187500  .00069398  00000+0  57225-3 0  2223
2 60192  53.1577 124.4548 0001208  70.0068 152.3654 15.69614927    15
STARLINK-11172 [DTC]
1 60193C 24124L   25222.10326389  .00066565  00000+0  54894-3 0  2226
2 60193  53.1573 124.3906 0001136  78.2670 179.7012 15.69615603    11
STARLINK-11152 [DTC]
1 60194C 24124M   25222.09909722  .00046416  00000+0  38274-3 0  2220
2 60194  53.1568 124.3537 0001122  97.9626 164.1693 15.69637952    14
STARLINK-11193 [DTC]
1 60195C 24124N   25222.10395833  .00053278  00000+0  43929-3 0  2222
2 60195  53.1566 124.2730 0001222  89.0350 228.3146 15.69633176    14
STARLINK-31869
1 60196C 24124P   25222.07826389 -.00014397  00000+0 -48540-3 0  2229
2 60196  53.1561 225.3305 0001269  89.2061  75.2957 15.30195543    11
STARLINK-32023
1 60197C 24124Q   25222.07687500 -.00007438  00000+0 -25069-3 0  2229
2 60197  53.1575 225.7134 0001277  87.5140 237.3679 15.30199597    14
STARLINK-32046
1 60198C 24124R   25222.08034722 -.00003122  00000+0 -10525-3 0  2220
2 60198  53.1570 225.4430 0001335  94.2397  17.7609 15.30188498    11
STARLINK-32049
1 60199C 24124S   25222.08104167  .00003279  00000+0  11052-3 0  2229
2 60199  53.1576 225.5891 0001154  93.0661 307.1454 15.30181817    12
STARLINK-32002
1 60200C 24124T   25222.07895833 -.00014187  00000+0 -47822-3 0  2224
2 60200  53.1571 225.4610 0001153  83.2900  15.2291 15.30201343    17
STARLINK-32020
1 60201C 24124U   25222.07965278  .00011388  00000+0  38391-3 0  2225
2 60201  53.1566 225.1566 0001169  88.5992 164.9990 15.30172073    10
STARLINK-32041
1 60202C 24124V   25222.07756944  .00001440  00000+0  48538-4 0  2227
2 60202  53.1568 225.4315 0001293  87.0781  21.2372 15.30188133    19
STARLINK-32138
1 60255C 24131A   25222.08173611  .00016440  00000+0  55466-3 0  2221
2 60255  53.1596 315.4673 0001264 105.8746  73.3239 15.30142390    18
STARLINK-32212
1 60256C 24131B   25222.08312500  .00014872  00000+0  50174-3 0  2222
2 60256  53.1605 315.6095 0001260 105.6607  11.3844 15.30145338    19
STARLINK-32166
1 60257C 24131C   25222.07687500  .00022961  00000+0  77448-3 0  2228
2 60257  53.1600 315.6946 0001322 109.9382 297.7600 15.30143526    13
STARLINK-32200
1 60258C 24131D   25222.07965278  .00020886  00000+0  70463-3 0  2224
2 60258  53.1604 315.5924 0001232 107.1132   2.4350 15.30139412    18
STARLINK-32207
1 60259C 24131E   25222.08034722  .00026396  00000+0  88974-3 0  2225
2 60259  53.1602 315.5782 0001340  67.2998  57.6379 15.30161882    14
STARLINK-32125
1 60260C 24131F   25222.08243056  .00013295  00000+0  44854-3 0  2222
2 60260  53.1595 315.0002 0001259 110.6196 305.0677 15.30145416    15
STARLINK-32160
1 60261C 24131G   25222.07826389  .00029661  00000+0  99980-3 0  2222
2 60261  53.1603 315.6274 0001314  72.8021  11.5901 15.30157857    12
STARLINK-32163
1 60262C 24131H   25222.07965278 -.00004229  00000+0 -14271-3 0  2229
2 60262  53.1585 315.2669 0001330 115.7139 156.7093 15.30153906    16
STARLINK-32148
1 60263C 24131J   25222.08104167  .00010060  00000+0  33943-3 0  2228
2 60263  53.1589 315.3625 0001129  84.1727 143.5467 15.30147510    15
STARLINK-32121
1 60264C 24131K   25222.08381944  .00011395  00000+0  38439-3 0  2226
2 60264  53.1589 315.3893 0001280  82.1782 143.3962 15.30150364    19
STARLINK-32120
1 60265C 24131L   25222.07965278  .00013350  00000+0  45030-3 0  2222
2 60265  53.1597 315.7114 0001455  96.8780 308.6775 15.30151447    14
STARLINK-32205
1 60266C 24131M   25222.08034722  .00031834  00000+0  10733-2 0  2223
2 60266  53.1600 315.5525 0001218  99.8844  36.7123 15.30147983    11
STARLINK-32158
1 60267C 24131N   25222.08312500  .00002907  00000+0  98076-4 0  2224
2 60267  53.1583 315.1680 0001340 105.0783 227.1740 15.30159729    10
STARLINK-32167
1 60268C 24131P   25222.08381944  .00011560  00000+0  38998-3 0  2224
2 60268  53.1589 315.0210 0001305  86.2592 331.2517 15.30149511    11
STARLINK-32144
1 60269C 24131Q   25222.07895833  .00015076  00000+0  50846-3 0  2223
2 60269  53.1589 315.3375 0000982  83.4041 150.2503 15.30155064    19
STARLINK-32211
1 60270C 24131R   25222.08381944  .00016065  00000+0  54201-3 0  2227
2 60270  53.1603 315.6393 0001300 111.1291 352.2984 15.30142340    12
STARLINK-32164
1 60271C 24131S   25222.07965278  .00015411  00000+0  51977-3 0  2226
2 60271  53.1600 315.6903 0001503  99.4224 317.7578 15.30152668    15
STARLINK-32128
1 60272C 24131T   25222.07756944  .00031354  00000+0  10573-2 0  2225
2 60272  53.1584 315.1627 0001173  94.6930 224.3715 15.30144789    10
STARLINK-32206
1 60273C 24131U   25222.07687500  .00021814  00000+0  73574-3 0  2228
2 60273  53.1603 315.6015 0001436  98.0407   1.9980 15.30146679    11
STARLINK-32155
1 60274C 24131V   25222.07756944  .00011851  00000+0  39969-3 0  2228
2 60274  53.1598 315.5194 0001290  81.7314  57.0154 15.30158646    18
STARLINK-32152
1 60275C 24131W   25222.08104167  .00019889  00000+0  67068-3 0  2224
2 60275  53.1583 315.1097 0001276  87.8766 267.7725 15.30154782    14
STARLINK-32154
1 60276C 24131X   25222.08312500  .00001456  00000+0  49124-4 0  2222
2 60276  53.1586 315.0295 0001352 101.1305 300.9300 15.30153548    19
STARLINK-32135
1 60277C 24131Y   25222.08243056  .00002335  00000+0  78759-4 0  2225
2 60277  53.1585 315.2148 0001182  95.1064 210.0512 15.30162743    16
STARLINK-32156
1 60278C 24132A   25222.08104167  .00002114  00000+0  71300-4 0  2226
2 60278  53.1585 315.2506 0001274 100.3634 249.3811 15.30158953    14
STARLINK-32010
1 60279C 24132B   25222.07895833  .00006627  00000+0  22343-3 0  2228
2 60279  53.1596 315.6203 0001244  86.9671  70.9632 15.30172958    12
STARLINK-32118
1 60280C 24132C   25222.08381944  .00002351  00000+0  79343-4 0  2227
2 60280  53.1588 315.1683 0001471 104.6661 295.3114 15.30146825    13
STARLINK-32038
1 60281C 24132D   25222.07687500  .00012504  00000+0  42180-3 0  2223
2 60281  53.1584 315.2242 0001413  81.6536 268.3902 15.30149905    10
STARLINK-32113
1 60282C 24132E   25222.07826389  .00010413  00000+0  35138-3 0  2226
2 60282  53.1582 315.2295 0001179  86.5490 265.3539 15.30143919    11
STARLINK-32037
1 60283C 24132F   25222.07965278  .00011623  00000+0  39221-3 0  2229
2 60283  53.1588 315.4391 0001051  98.8127 150.2380 15.30140527    17
STARLINK-32123
1 60284C 24132G   25222.07895833  .00016496  00000+0  55635-3 0  2229
2 60284  53.1579 302.7163 0001438  89.0206 135.9283 15.30153945    13
STARLINK-32122
1 60285C 24132H   25222.07965278  .00011309  00000+0  38145-3 0  2226
2 60285  53.1585 315.3726 0001190  84.5195 199.3972 15.30154602    18
STARLINK-31656
1 60286C 24132J   25222.08381944  .00010093  00000+0  34055-3 0  2225
2 60286  53.1598 315.1050 0001261  84.7255 350.1227 15.30144740    11
STARLINK-32114
1 60287C 24132K   25222.07895833  .00018817  00000+0  63515-3 0  2227
2 60287  53.1600 315.6598 0001314  96.9741  37.7837 15.30124306    13
STARLINK-31997
1 60288C 24132L   25222.07756944  .00008017  00000+0  27044-3 0  2225
2 60288  53.1605 315.0232 0001525  95.8889 356.8587 15.30154735    19
STARLINK-32000
1 60289C 24132M   25222.08034722  .00004578  00000+0  15437-3 0  2221
2 60289  53.1588 315.4731 0001289  86.7347 148.6450 15.30168894    10
STARLINK-32141
1 60290C 24132N   25222.07895833  .00030578  00000+0  10311-2 0  2224
2 60290  53.1583 315.3053 0001178  92.3370 222.6374 15.30145691    17
STARLINK-32142
1 60291C 24132P   25222.08104167  .00030842  00000+0  10400-2 0  2222
2 60291  53.1600 315.0641 0001323  90.2621 352.5294 15.30144232    10
STARLINK-32149
1 60292C 24132Q   25222.07618056 -.00005088  00000+0 -17153-3 0  2228
2 60292  53.1591 315.5274 0001355  83.7454 111.2104 15.30189051    11
STARLINK-32159
1 60293C 24132R   25222.07826389  .00002666  00000+0  89961-4 0  2223
2 60293  53.1603 315.0538 0001250  87.0195 352.1223 15.30153226    10
STARLINK-32150
1 60294C 24132S   25222.07826389  .00003129  00000+0  10555-3 0  2221
2 60294  53.1591 315.5521 0001346  93.5187  95.5033 15.30158013    19
STARLINK-32126
1 60295C 24132T   25222.07826389  .00017361  00000+0  58566-3 0  2229
2 60295  53.1600 315.6853 0001262 108.3360  10.8923 15.30144189    12
STARLINK-32143
1 60296C 24132U   25222.08243056  .00016905  00000+0  57002-3 0  2222
2 60296  53.1593 315.5671 0001525  95.8904  98.6225 15.30159466    10
STARLINK-32034
1 60297C 24132V   25222.08034722 -.00013535  00000+0 -45696-3 0  2225
2 60297  53.1587 315.4247 0001167  77.4366 181.2900 15.30149815    18
STARLINK-32124
1 60298C 24132W   25222.07895833  .00021336  00000+0  71968-3 0  2220
2 60298  53.1592 315.5712 0001116  94.8024  86.4122 15.30144489    15
STARLINK-32151
1 60299C 24132X   25222.08104167  .00018751  00000+0  63209-3 0  2221
2 60299  53.1585 286.8927 0001257  90.8923  88.3960 15.30167208    11
STARLINK-32134
1 60300C 24132Y   25222.08173611  .00025095  00000+0  84611-3 0  2223
2 60300  53.1583 315.3141 0001315  81.3534 237.2894 15.30154021    16
STARLINK-11147 [DTC]
1 60301C 24133A   25222.10465278  .00040097  00000+0  33059-3 0  2220
2 60301  53.1566 109.4856 0000832  90.8166 112.5880 15.69648178    15
STARLINK-11128 [DTC]
1 60302C 24133B   25222.08520833  .00038933  00000+0  32102-3 0  2221
2 60302  53.1568 109.5248 0001058 108.9776  12.2271 15.69646723    17
STARLINK-11227 [DTC]
1 60303C 24133C   25222.08173611  .00038571  00000+0  31798-3 0  2228
2 60303  53.1570 109.4847 0001105  90.6422  38.6579 15.69651011    12
STARLINK-11224 [DTC]
1 60304C 24133D   25222.09909722  .00041614  00000+0  34304-3 0  2228
2 60304  53.1570 109.3415 0000955  94.3630 160.8342 15.69650001    11
STARLINK-11115 [DTC]
1 60305C 24133E   25222.10187500  .00045318  00000+0  37364-3 0  2227
2 60305  53.1569 109.2702 0001154  91.9976 206.6555 15.69642052    18
STARLINK-11109 [DTC]
1 60306C 24133F   25222.10395833  .00043909  00000+0  36206-3 0  2226
2 60306  53.1567 109.2027 0001132  87.5627 250.6114 15.69641335    10
STARLINK-11223 [DTC]
1 60307C 24133G   25222.10187500  .00049772  00000+0  41034-3 0  2226
2 60307  53.1571 109.0990 0000984  87.3583 294.5028 15.69638978    16
STARLINK-11192 [DTC]
1 60308C 24133H   25222.09979167  .00037275  00000+0  30737-3 0  2226
2 60308  53.1568 109.1661 0001085  84.6862 257.6677 15.69646778    19
STARLINK-11213 [DTC]
1 60309C 24133J   25222.10395833  .00049958  00000+0  41191-3 0  2228
2 60309  53.1573 109.0317 0001027  79.3219 342.0628 15.69636804    10
STARLINK-11200 [DTC]
1 60310C 24133K   25222.09979167  .00063740  00000+0  52426-3 0  2224
2 60310  53.1574 108.9955 0001069 120.0449 305.3339 15.69681998    19
STARLINK-11206 [DTC]
1 60312C 24133M   25222.10395833  .00056978  00000+0  46978-3 0  2220
2 60312  53.1566 109.5940 0000973  85.3259  58.6940 15.69630613    12
STARLINK-11205 [DTC]
1 60313C 24133N   25222.10048611  .00041768  00000+0  34444-3 0  2226
2 60313  53.1565 109.5540 0001066 101.9173  50.2078 15.69641186    19
STARLINK-32191
1 60314C 24133P   25222.08104167 -.00008112  00000+0 -27345-3 0  2223
2 60314  53.1589 199.8157 0001360  86.7005 290.7372 15.30195447    13
STARLINK-32194
1 60315C 24133Q   25222.08034722 -.00035177  00000+0 -11851-2 0  2228
2 60315  53.1573 199.9851 0001120  85.9935 206.1071 15.30241101    12
STARLINK-32192
1 60316C 24133R   25222.07965278  .00003656  00000+0  12324-3 0  2229
2 60316  53.1577 199.5854 0001434  85.3732  46.5767 15.30181371    13
STARLINK-32189
1 60317C 24133S   25222.07965278 -.00009229  00000+0 -31108-3 0  2225
2 60317  53.1572 199.9639 0001289  90.4559 209.5356 15.30197868    19
STARLINK-32190
1 60318C 24133T   25222.08104167  .00002421  00000+0  81627-4 0  2226
2 60318  53.1582 199.8506 0001536  85.7294 274.2923 15.30178344    18
STARLINK-32182
1 60319C 24133U   25222.08173611 -.00014870  00000+0 -50131-3 0  2225
2 60319  53.1573 199.9673 0001299  93.3041 212.3635 15.30197319    12
STARLINK-32199
1 60320C 24133V   25222.07895833  .00006078  00000+0  20489-3 0  2225
2 60320  53.1580 199.8962 0001266  87.6254 243.4533 15.30178551    17
STARLINK-32198
1 60321C 24133W   25222.08381944  .00010862  00000+0  36613-3 0  2222
2 60321  53.1572 199.9778 0001219  90.3290 215.1865 15.30177044    14
STARLINK-31745
1 60329C 24136A   25222.08243056  .00021219  00000+0  71540-3 0  2220
2 60329  53.1594 338.8877 0001343  96.6715 205.0780 15.30159681    10
STARLINK-32153
1 60330C 24136B   25222.07895833 -.00005712  00000+0 -19270-3 0  2221
2 60330  53.1594 338.8921 0001079  99.5374 188.9230 15.30168756    13
STARLINK-32203
1 60331C 24136C   25222.08312500  .00074050  00000+0  24954-2 0  2221
2 60331  53.1589 328.5389 0001102  78.9914  69.5610 15.30121912    19
STARLINK-32171
1 60332C 24136D   25222.07687500  .00022518  00000+0  75919-3 0  2226
2 60332  53.1601 338.3720 0001138  86.6359 103.6811 15.30158324    11
STARLINK-32133
1 60333C 24136E   25222.07965278 -.00007971  00000+0 -26881-3 0  2220
2 60333  53.1587 338.8199 0001280  84.4648 242.7239 15.30180187    16
STARLINK-32132
1 60334C 24136F   25222.08381944 -.00000750  00000+0 -25321-4 0  2221
2 60334  53.1592 338.7308 0001249  86.6519 298.4142 15.30154716    10
STARLINK-32168
1 60335C 24136G   25222.07826389 -.00025893  00000+0 -87368-3 0  2221
2 60335  53.1596 338.7214 0001337  87.7710 284.1181 15.30180237    16
STARLINK-32079
1 60336C 24136H   25222.08243056  .00011738  00000+0  39601-3 0  2225
2 60336  53.1599 338.6674 0001428 105.3880 306.9221 15.30147515    15
STARLINK-32078
1 60338C 24136K   25222.07965278  .00014740  00000+0  49706-3 0  2226
2 60338  53.1606 338.6330 0001470  93.9450 326.2837 15.30158777    17
STARLINK-32175
1 60339C 24136L   25222.08381944  .00031287  00000+0  10550-2 0  2229
2 60339  53.1606 338.5911 0001282  98.2915 356.5507 15.30142967    11
STARLINK-32176
1 60340C 24136M   25222.08104167  .00032067  00000+0  10812-2 0  2229
2 60340  53.1605 338.5694 0001244 101.2518 355.7185 15.30145604    16
STARLINK-32185
1 60341C 24136N   25222.08104167  .00008121  00000+0  27402-3 0  2228
2 60341  53.1604 338.4883 0001279 113.9712  23.7480 15.30147400    15
STARLINK-32221
1 60342C 24136P   25222.07826389 -.00002867  00000+0 -96626-4 0  2223
2 60342  53.1604 338.5363 0001287  94.1160  10.8061 15.30194591    11
STARLINK-32083
1 60343C 24136Q   25222.07687500  .00031399  00000+0  10588-2 0  2225
2 60343  53.1604 338.5199 0001359  98.3440 353.1465 15.30143236    17
STARLINK-32077
1 60344C 24136R   25222.08173611  .00007657  00000+0  25824-3 0  2220
2 60344  53.1603 338.4506 0001242  93.1602  65.8150 15.30160432    17
STARLINK-32075
1 60345C 24136S   25222.07756944  .00074578  00000+0  25131-2 0  2222
2 60345  53.1603 338.4227 0001264  66.2509  92.9031 15.30123374    12
STARLINK-32082
1 60346C 24136T   25222.08173611  .00018575  00000+0  62636-3 0  2225
2 60346  53.1603 338.4153 0001267  84.8747  91.5191 15.30157185    13
STARLINK-32084
1 60347C 24136U   25222.07895833  .00006354  00000+0  21434-3 0  2225
2 60347  53.1603 338.3919 0001110 101.0742  77.5044 15.30156178    19
STARLINK-32081
1 60348C 24136V   25222.07756944  .00024377  00000+0  82201-3 0  2229
2 60348  53.1602 338.3637 0000996  96.0956  92.2504 15.30150852    15
STARLINK-32181
1 60349C 24136W   25222.08243056  .00012712  00000+0  42855-3 0  2227
2 60349  53.1597 338.2368 0001170  94.2159 173.2674 15.30171269    12
STARLINK-32076
1 60350C 24136X   25222.08243056 -.00008213  00000+0 -27697-3 0  2229
2 60350  53.1598 338.2718 0001129  87.6989 162.3365 15.30182195    11
STARLINK-32097
1 60351C 24136Y   25222.07826389  .00018128  00000+0  61129-3 0  2227
2 60351  53.1593 338.2215 0001132  89.4235 172.5514 15.30157557    10
STARLINK-32285
1 60355C 24138A   25222.08104167 -.00002884  00000+0 -97208-4 0  2229
2 60355  53.1562 212.1763 0001294  92.1051 282.6627 15.30193005    10
STARLINK-32278
1 60356C 24138B   25222.07756944 -.00000986  00000+0 -33248-4 0  2220
2 60356  53.1562 212.8600 0001308  90.0738 282.4081 15.30184079    16
STARLINK-32287
1 60358C 24138D   25222.08243056 -.00013029  00000+0 -43918-3 0  2224
2 60358  53.1563 212.8146 0001289  90.1331 326.5675 15.30199275    15
STARLINK-32290
1 60359C 24138E   25222.07687500  .00002757  00000+0  92940-4 0  2224
2 60359  53.1562 212.8629 0001234  90.1687 284.2912 15.30184219    11
STARLINK-32275
1 60360C 24138F   25222.08173611  .00012289  00000+0  41425-3 0  2222
2 60360  53.1582 212.5136 0001287  96.1250 107.9916 15.30173930    18
STARLINK-32227
1 60361C 24138G   25222.07687500 -.00030507  00000+0 -10280-2 0  2228
2 60361  53.1566 212.7812 0001268  84.0647 325.2497 15.30228175    10
STARLINK-32256
1 60362C 24138H   25222.08173611 -.00002285  00000+0 -77006-4 0  2226
2 60362  53.1563 212.8171 0001448  91.0391 316.0306 15.30189400    15
STARLINK-32267
1 60363C 24138J   25222.08243056 -.00017277  00000+0 -58246-3 0  2229
2 60363  53.1567 212.7065 0001308  82.9813  26.0829 15.30199098    16
STARLINK-32270
1 60364C 24138K   25222.08173611 -.00004361  00000+0 -14698-3 0  2222
2 60364  53.1576 212.6198 0001313  91.0072  60.7458 15.30192661    19
STARLINK-32188
1 60365C 24138L   25222.08173611  .00001945  00000+0  65567-4 0  2228
2 60365  53.1581 212.5482 0001168  82.7850 103.8804 15.30186050    19
STARLINK-32230
1 60366C 24138M   25222.08173611 -.00000552  00000+0 -18591-4 0  2229
2 60366  53.1570 212.6886 0001195  94.7396  22.1159 15.30192720    12
STARLINK-32243
1 60367C 24138N   25222.07965278 -.00002192  00000+0 -73877-4 0  2227
2 60367  53.1579 212.5790 0001314  91.3962  72.1430 15.30191481    10
STARLINK-32271
1 60368C 24138P   25222.07826389  .00013149  00000+0  44352-3 0  2224
2 60368  53.1564 212.8085 0001333  89.1660 316.2593 15.30153215    11
STARLINK-32266
1 60369C 24138Q   25222.07895833  .00004508  00000+0  15201-3 0  2225
2 60369  53.1582 199.9896 0001205  82.1636 231.4312 15.30173471    14
STARLINK-32220
1 60370C 24138R   25222.08312500 -.00002140  00000+0 -72127-4 0  2226
2 60370  53.1574 212.6323 0001282  87.5323  60.2521 15.30186235    14
STARLINK-32263
1 60371C 24138S   25222.08173611  .00002291  00000+0  77146-4 0  2226
2 60371  53.1563 212.2049 0001371 100.0810 261.0074 15.30222535    13
STARLINK-32268
1 60372C 24138T   25222.07895833 -.00009507  00000+0 -32072-3 0  2220
2 60372  53.1566 212.8154 0001494  79.6725 323.8214 15.30169846    10
STARLINK-32223
1 60373C 24138U   25222.07895833 -.00002022  00000+0 -68148-4 0  2220
2 60373  53.1578 212.5948 0001296  94.9256  58.9727 15.30190514    12
STARLINK-32180
1 60374C 24138V   25222.07895833 -.00006894  00000+0 -23238-3 0  2222
2 60374  53.1576 212.6154 0001237  89.6068  52.6563 15.30194875    11
STARLINK-32281
1 60375C 24138W   25222.08173611 -.00003433  00000+0 -11574-3 0  2223
2 60375  53.1573 212.3064 0001348  88.1201 220.6859 15.30190103    17
STARLINK-32277
1 60376C 24138X   25222.08034722  .00004966  00000+0  16740-3 0  2223
2 60376  53.1571 212.6785 0001228  85.0735  29.9633 15.30180351    18
STARLINK-32269
1 60377C 24138Y   25222.08034722  .00009744  00000+0  32846-3 0  2228
2 60377  53.1584 212.5041 0001285  86.1097 116.1772 15.30175575    18
STARLINK-11228 [DTC]
1 60398C 24141A   25222.10534722  .00039608  00000+0  32659-3 0  2227
2 60398  53.1566  49.3176 0000607 110.7851 152.0656 15.69646884    13
STARLINK-11182 [DTC]
1 60399C 24141B   25222.08729167  .00046702  00000+0  38497-3 0  2223
2 60399  53.1565  49.2358 0000706  79.8783 164.0786 15.69646911    11
STARLINK-11234 [DTC]
1 60400C 24141C   25222.10048611  .00045433  00000+0  37448-3 0  2222
2 60400  53.1563  49.1141 0000672  85.0044 261.2880 15.69649761    13
STARLINK-11232 [DTC]
1 60401C 24141D   25222.09909722  .00041482  00000+0  34202-3 0  2225
2 60401  53.1561  49.0643 0000651  81.8681 284.3285 15.69645988    18
STARLINK-11139 [DTC]
1 60402C 24141E   25222.10395833  .00041047  00000+0  33838-3 0  2221
2 60402  53.1560  48.9835 0000862 119.3373 302.0692 15.69649993    18
STARLINK-11158 [DTC]
1 60403C 24141F   25222.10395833  .00040834  00000+0  33677-3 0  2226
2 60403  53.1563  49.6612 0000562 106.2896 342.3110 15.69640079    13
STARLINK-11199 [DTC]
1 60404C 24141G   25222.09909722  .00045310  00000+0  37350-3 0  2229
2 60404  53.1565  49.6274 0000782  67.1509  21.6686 15.69647273    18
STARLINK-11081 [DTC]
1 60405C 24141H   25222.10118056  .00043309  00000+0  35710-3 0  2228
2 60405  53.1569  49.5600 0000399 104.8071  23.5438 15.69643200    14
STARLINK-11150 [DTC]
1 60406C 24141J   25222.10465278  .00034207  00000+0  28203-3 0  2226
2 60406  53.1569  49.4865 0000664 110.8175  64.8920 15.69654298    17
STARLINK-11136 [DTC]
1 60407C 24141K   25222.10256944  .00036565  00000+0  30147-3 0  2224
2 60407  53.1568  49.4402 0000657 101.9638  89.7051 15.69651899    16
STARLINK-11196 [DTC]
1 60408C 24141L   25222.10048611  .00028038  00000+0  23123-3 0  2227
2 60408  53.1566  49.3934 0000677  61.0237 146.6180 15.69653640    19
STARLINK-11174 [DTC]
1 60409C 24141M   25222.10256944  .00034303  00000+0  28283-3 0  2222
2 60409  53.1567  49.2688 0000462 103.5823 171.2970 15.69653446    16
STARLINK-11191 [DTC]
1 60410C 24141N   25222.10118056  .00038081  00000+0  31398-3 0  2223
2 60410  53.1565  49.2185 0000782 129.2526 165.5132 15.69649271    15
STARLINK-32244
1 60411C 24141P   25222.07965278  .00017283  00000+0  58275-3 0  2220
2 60411  53.1596 145.7087 0000935  97.4820 102.3723 15.30160923    11
STARLINK-32186
1 60412C 24141Q   25222.08173611  .00016958  00000+0  57177-3 0  2222
2 60412  53.1592 145.6645 0001634  92.1974 136.5988 15.30161147    17
STARLINK-32178
1 60413C 24141R   25222.08173611  .00007237  00000+0  24407-3 0  2223
2 60413  53.1577 145.5604 0001256  69.0254 212.1275 15.30160921    18
STARLINK-32234
1 60414C 24141S   25222.08173611  .00013356  00000+0  45038-3 0  2226
2 60414  53.1587 145.6295 0001246  80.9838 165.2546 15.30161678    15
STARLINK-32265
1 60415C 24141T   25222.08312500  .00011817  00000+0  39851-3 0  2225
2 60415  53.1582 145.5887 0001116 100.5748 170.7773 15.30159835    17
STARLINK-32197
1 60416C 24141U   25222.08243056  .00015930  00000+0  53717-3 0  2222
2 60416  53.1586 135.6994 0001287  78.3427 153.8049 15.30159479    18
STARLINK-32255
1 60417C 24141V   25222.08312500  .00011321  00000+0  38171-3 0  2221
2 60417  53.1570 145.4847 0001200  94.6314 229.0423 15.30168769    13
STARLINK-32236
1 60418C 24141W   25222.08034722  .00003434  00000+0  11580-3 0  2220
2 60418  53.1570 145.4517 0001112  92.1029 239.5347 15.30173503    19
STARLINK-32250
1 60425C 24144A   25222.07687500  .00020529  00000+0  69215-3 0  2220
2 60425  53.1593 120.3268 0001186  82.7100  20.6718 15.30159101    12
STARLINK-32226
1 60426C 24144B   25222.07895833  .00021661  00000+0  73037-3 0  2226
2 60426  53.1593 120.3052 0001422  88.9954  31.6949 15.30156212    10
STARLINK-32254
1 60427C 24144C   25222.07826389  .00032583  00000+0  10987-2 0  2226
2 60427  53.1594 120.1686 0001448  73.6406 113.0282 15.30143497    10
STARLINK-32193
1 60428C 24144D   25222.07756944  .00023617  00000+0  79663-3 0  2221
2 60428  53.1596 120.2883 0001181 107.0413  17.6473 15.30141635    10
STARLINK-32242
1 60429C 24144E   25222.07895833  .00019495  00000+0  65728-3 0  2229
2 60429  53.1596 120.2010 0001319  65.5850 107.4392 15.30160406    14
STARLINK-32196
1 60430C 24144F   25222.07895833  .00037188  00000+0  12542-2 0  2225
2 60430  53.1594 120.1303 0001014  85.5581 122.3960 15.30132358    15
STARLINK-32232
1 60431C 24144G   25222.08173611  .00016133  00000+0  54390-3 0  2225
2 60431  53.1598 120.2340 0001118  91.9122  73.1537 15.30165708    17
STARLINK-32246
1 60432C 24144H   25222.08104167  .00024950  00000+0  84123-3 0  2229
2 60432  53.1593 120.1092 0001225  81.3002 143.9343 15.30154030    12
STARLINK-32183
1 60433C 24144J   25222.08243056  .00038646  00000+0  13032-2 0  2228
2 60433  53.1592 120.0793 0001526  92.8614 151.6760 15.30135739    13
STARLINK-32233
1 60434C 24144K   25222.07965278  .00015506  00000+0  52290-3 0  2225
2 60434  53.1580 119.9881 0001371  97.9931 183.5704 15.30156784    17
STARLINK-32222
1 60435C 24144L   25222.07826389  .00017110  00000+0  57689-3 0  2225
2 60435  53.1585 120.0293 0001183  83.7935 172.6558 15.30163172    16
STARLINK-32229
1 60436C 24144M   25222.08243056 -.00035133  00000+0 -11834-2 0  2229
2 60436  53.1575 119.9407 0001383  93.0882 221.1931 15.30245109    13
STARLINK-32241
1 60437C 24144N   25222.08173611  .00026940  00000+0  90839-3 0  2226
2 60437  53.1572 119.9322 0001149  68.9187 247.4038 15.30150119    11
STARLINK-32240
1 60438C 24144P   25222.07756944  .00029205  00000+0  98468-3 0  2225
2 60438  53.1570 119.9283 0001311 100.8778 204.1010 15.30150067    11
STARLINK-32231
1 60439C 24144Q   25222.07965278  .00021958  00000+0  74030-3 0  2224
2 60439  53.1565 119.8377 0001168  96.6145 260.5518 15.30159612    13
STARLINK-32195
1 60440C 24144R   25222.07965278  .00032658  00000+0  11012-2 0  2225
2 60440  53.1567 119.8840 0001088  73.1512 260.7700 15.30144009    10
STARLINK-32177
1 60441C 24144S   25222.07895833  .00016024  00000+0  54031-3 0  2223
2 60441  53.1565 119.8066 0001293  76.1802 294.6367 15.30160232    13
STARLINK-32252
1 60442C 24144T   25222.08173611  .00022792  00000+0  76852-3 0  2222
2 60442  53.1571 119.7239 0001304  92.2951 328.7250 15.30154418    18
STARLINK-32237
1 60443C 24144U   25222.07895833  .00029364  00000+0  99005-3 0  2226
2 60443  53.1568 119.7718 0001309 101.4719 286.7790 15.30150192    14
STARLINK-32249
1 60444C 24144V   25222.08381944 -.00031737  00000+0 -10695-2 0  2227
2 60444  53.1579 119.6451 0001235  86.3978  20.9744 15.30228295    13
STARLINK-32228
1 60445C 24144W   25222.08104167  .00026839  00000+0  90496-3 0  2221
2 60445  53.1577 119.6924 0001125  77.8624 356.7773 15.30151175    12
STARLINK-32247
1 60446C 24144X   25222.07965278  .00008545  00000+0  28800-3 0  2223
2 60446  53.1583 109.6187 0001378  91.4601 335.1180 15.30182910    11
STARLINK-32101
1 60447C 24144Y   25222.07756944  .00017777  00000+0  59933-3 0  2220
2 60447  53.1571 119.7666 0001232  72.0381 314.3595 15.30163638    17
STARLINK-31844
1 60583C 24150A   25222.07965278 -.00003796  00000+0 -12796-3 0  2224
2 60583  53.1568 209.6387 0001188  91.9891  34.5264 15.30193788    12
STARLINK-32204
1 60584C 24150B   25222.07965278 -.00002413  00000+0 -81343-4 0  2225
2 60584  53.1572 209.9208 0001290  94.7026 246.4083 15.30187943    17
STARLINK-32130
1 60585C 24150C   25222.07895833 -.00001322  00000+0 -44561-4 0  2224
2 60585  53.1583 210.1781 0001301  85.5738 123.7527 15.30185043    10
STARLINK-32173
1 60586C 24150D   25222.07826389 -.00007300  00000+0 -24612-3 0  2221
2 60586  53.1563 209.7895 0001191  89.3671 313.8876 15.30189053    18
STARLINK-31911
1 60587C 24150E   25222.07756944  .00002893  00000+0  97521-4 0  2221
2 60587  53.1581 210.0804 0001312  87.0681 166.9545 15.30182993    11
STARLINK-31994
1 60588C 24150F   25222.08173611 -.00005346  00000+0 -18018-3 0  2228
2 60588  53.1564 209.6921 0001204  89.7739  13.3353 15.30194051    10
STARLINK-32169
1 60589C 24150G   25222.07965278  .00002996  00000+0  10098-3 0  2222
2 60589  53.1572 210.3026 0001234  87.9156  61.2616 15.30183687    18
STARLINK-32209
1 60590C 24150H   25222.08243056 -.00000245  00000+0 -82534-5 0  2221
2 60590  53.1563 209.8274 0001307  86.4952 310.6518 15.30182687    18
STARLINK-32170
1 60591C 24150J   25222.08243056 -.00020969  00000+0 -70680-3 0  2224
2 60591  53.1577 210.2315 0001263  83.1414 110.4089 15.30208687    12
STARLINK-31497
1 60592C 24150K   25222.07965278  .00009979  00000+0  33638-3 0  2229
2 60592  53.1579 209.9887 0001364  95.3890 210.8338 15.30176185    18
STARLINK-32161
1 60593C 24150L   25222.07895833  .00028427  00000+0  95915-3 0  2224
2 60593  53.1564 209.8200 0001012  98.8086 290.8162 15.30127525    13
STARLINK-32210
1 60594C 24150M   25222.07756944 -.00016500  00000+0 -55620-3 0  2224
2 60594  53.1565 209.6760 0001270  89.1247   8.4653 15.30203163    13
STARLINK-32202
1 60595C 24150N   25222.07965278 -.00002877  00000+0 -96989-4 0  2223
2 60595  53.1584 210.1390 0001308  88.2149 142.3851 15.30189118    15
STARLINK-31930
1 60596C 24150P   25222.07756944 -.00019720  00000+0 -66479-3 0  2227
2 60596  53.1562 209.7460 0001302  86.5783 336.1092 15.30204228    13
STARLINK-32162
1 60597C 24150Q   25222.07965278  .00005788  00000+0  19507-3 0  2227
2 60597  53.1574 210.2786 0001273  86.8493  73.9527 15.30185024    14
STARLINK-32208
1 60598C 24150R   25222.08243056  .00000061  00000+0  20452-5 0  2224
2 60598  53.1571 210.3007 0001216  95.2639  63.3884 15.30192942    18
STARLINK-32165
1 60599C 24150S   25222.06645833  .00014326  00000+0  48332-3 0  2226
2 60599  53.1580 210.2698 0000917  87.1994  35.7652 15.30144683    10
STARLINK-31923
1 60600C 24150T   25222.08451389  .00004660  00000+0  15709-3 0  2224
2 60600  53.1582 210.0698 0001320  84.9439 195.7254 15.30180447    14
STARLINK-31988
1 60601C 24150U   25222.08173611 -.00000675  00000+0 -22745-4 0  2227
2 60601  53.1581 210.0131 0001307  87.3819 212.8741 15.30185937    11
STARLINK-31983
1 60602C 24150V   25222.07965278  .00000675  00000+0  22766-4 0  2226
2 60602  53.1569 209.8845 0001325  96.7350 261.8412 15.30181152    14
STARLINK-31874
1 60603C 24150W   25222.07756944 -.00000490  00000+0 -16500-4 0  2221
2 60603  53.1576 209.9627 0001328  87.5276 224.6531 15.30188624    10
STARLINK-32039
1 60604C 24150X   25222.07895833 -.00008308  00000+0 -28004-3 0  2220
2 60604  53.1562 212.6926 0001211  85.8529 288.6001 15.30197241    19
STARLINK-11247 [DTC]
1 60720C 24152A   25222.10326389  .00006024  00000+0  49695-4 0  2221
2 60720  53.1566  79.6247 0000976  80.4607 101.1862 15.69667526    18
STARLINK-11259 [DTC]
1 60721C 24152B   25222.10048611  .00045635  00000+0  37635-3 0  2222
2 60721  53.1563  79.5809 0001180 100.3841  93.2702 15.69635546    10
STARLINK-11188 [DTC]
1 60722C 24152C   25222.10048611  .00047584  00000+0  39235-3 0  2226
2 60722  53.1562  79.5241 0000744 112.3504 109.0238 15.69638865    11
STARLINK-11272 [DTC]
1 60723C 24152D   25222.10326389  .00046234  00000+0  38120-3 0  2221
2 60723  53.1560  79.3973 0001036 103.6090 188.9432 15.69640535    17
STARLINK-11261 [DTC]
1 60724C 24152E   25222.08729167  .00034074  00000+0  28114-3 0  2221
2 60724  53.1561  79.5323 0000966  82.5863  91.9767 15.69636213    16
STARLINK-11263 [DTC]
1 60725C 24152F   25222.10395833  .00022790  00000+0  18802-3 0  2229
2 60725  53.1560  79.3367 0001234  90.0099 234.2884 15.69649093    18
STARLINK-11235 [DTC]
1 60726C 24152G   25222.09909722  .00046875  00000+0  38645-3 0  2223
2 60726  53.1562  79.3039 0000885  93.7818 230.6811 15.69642516    10
STARLINK-11080 [DTC]
1 60727C 24152H   25222.09840278  .00035526  00000+0  29289-3 0  2229
2 60727  53.1562  79.2497 0001093 107.8373 240.4369 15.69653815    14
STARLINK-11249 [DTC]
1 60728C 24152J   25222.09909722  .00047254  00000+0  38963-3 0  2220
2 60728  53.1564  79.1887 0001028  88.3351 291.6136 15.69638688    17
STARLINK-11146 [DTC]
1 60729C 24152K   25222.10395833  .00047210  00000+0  38932-3 0  2223
2 60729  53.1567  79.0965 0001038 115.5753 319.6108 15.69635669    13
STARLINK-11255 [DTC]
1 60730C 24152L   25222.09979167  .00044622  00000+0  36795-3 0  2220
2 60730  53.1566  79.0722 0000925  77.3249   2.0217 15.69640043    10
STARLINK-11254 [DTC]
1 60731C 24152M   25222.10326389  .00041014  00000+0  33814-3 0  2226
2 60731  53.1565  78.9985 0000849  78.2560  48.4523 15.69647684    12
STARLINK-11266 [DTC]
1 60732C 24152N   25222.09909722  .00100440  00000+0  82934-3 0  2229
2 60732  53.1565  78.9509 0001375  68.5458  62.3920 15.69551783    18
STARLINK-32253
1 60733C 24152P   25222.08312500 -.00012881  00000+0 -43432-3 0  2224
2 60733  53.1572 171.2436 0001220  85.3949 284.2828 15.30191230    11
STARLINK-32179
1 60734C 24152Q   25222.08381944 -.00015500  00000+0 -52263-3 0  2226
2 60734  53.1599 171.7101 0001342  87.9052  52.9197 15.30192863    15
STARLINK-32272
1 60735C 24152R   25222.07687500  .00003063  00000+0  10326-3 0  2226
2 60735  53.1595 171.6726 0001260  86.6724  50.7949 15.30174379    18
STARLINK-32280
1 60736C 24152S   25222.08590278  .00170200  00000+0  45961-2 0  2223
2 60736  53.1571 170.1912 0003980 103.7474  94.8513 15.37017183    10
STARLINK-32289
1 60737C 24152T   25222.08243056 -.00004696  00000+0 -15831-3 0  2224
2 60737  53.1589 171.5771 0001346  91.4707 111.4967 15.30187369    10
STARLINK-32304
1 60738C 24152U   25222.08034722  .00001444  00000+0  48682-4 0  2220
2 60738  53.1583 171.5519 0001454  89.2629 119.6902 15.30179007    12
STARLINK-32235
1 60739C 24152V   25222.07687500 -.00016764  00000+0 -56499-3 0  2225
2 60739  53.1580 171.5334 0001226  86.6300 120.6277 15.30209041    18
STARLINK-32315
1 60740C 24152W   25222.08173611 -.00001298  00000+0 -43768-4 0  2223
2 60740  53.1577 171.4759 0001281  81.3629 170.1484 15.30177172    12
STARLINK-11242 [DTC]
1 60903C 24154A   25222.09979167  .00041674  00000+0  34358-3 0  2221
2 60903  53.1563  94.0771 0001094 106.3410 312.2258 15.69647269    19
STARLINK-11256 [DTC]
1 60904C 24154B   25222.10187500  .00044619  00000+0  36789-3 0  2228
2 60904  53.1565  94.0100 0001003 108.4862 349.5963 15.69642444    18
STARLINK-11159 [DTC]
1 60905C 24154C   25222.10395833  .00045946  00000+0  37885-3 0  2221
2 60905  53.1566  94.6206 0000670  62.6064 102.1614 15.69640196    15
STARLINK-11264 [DTC]
1 60906C 24154D   25222.10395833  .00038455  00000+0  31707-3 0  2226
2 60906  53.1565  94.5633 0000797 108.0262  84.4757 15.69648259    11
STARLINK-11226 [DTC]
1 60907C 24154E   25222.10118056  .00041713  00000+0  34390-3 0  2229
2 60907  53.1566  94.5205 0001118  81.0386 123.4899 15.69646787    18
STARLINK-11229 [DTC]
1 60908C 24154F   25222.08729167  .00048313  00000+0  39832-3 0  2227
2 60908  53.1566  94.5323 0000977  78.1381  75.6003 15.69640142    18
STARLINK-11265 [DTC]
1 60909C 24154G   25222.09979167 -.00049197  00000+0 -40591-3 0  2223
2 60909  53.1566  94.6962 0001018  85.6906  27.8440 15.69719816    11
STARLINK-11250 [DTC]
1 60910C 24154H   25222.08381944  .00047122  00000+0  38852-3 0  2225
2 60910  53.1569  94.4921 0000936  82.0319  79.8130 15.69640285    12
STARLINK-11190 [DTC]
1 60911C 24154J   25222.10395833  .00044221  00000+0  36463-3 0  2224
2 60911  53.1570  94.3357 0001100  99.9666 203.4904 15.69641025    10
STARLINK-11225 [DTC]
1 60912C 24154K   25222.09840278  .00041354  00000+0  34095-3 0  2224
2 60912  53.1569  94.3055 0001073  97.1651 202.6041 15.69646522    17
STARLINK-11273 [DTC]
1 60913C 24154L   25222.09979167  .00055686  00000+0  45912-3 0  2228
2 60913  53.1565  94.2413 0001124  90.1845 245.1867 15.69631966    10
STARLINK-11248 [DTC]
1 60914C 24154M   25222.10256944  .00047021  00000+0  38769-3 0  2228
2 60914  53.1563  94.1707 0001278  94.2195 284.5863 15.69639600    13
STARLINK-11271 [DTC]
1 60915C 24154N   25222.10534722  .00045810  00000+0  37770-3 0  2227
2 60915  53.1563  94.1002 0001125 105.4498 316.7990 15.69641224    18
STARLINK-32371
1 60916C 24154P   25222.07756944 -.00005748  00000+0 -19374-3 0  2224
2 60916  53.1569 186.7661 0001235  91.6323 357.0679 15.30195421    12
STARLINK-32369
1 60917C 24154Q   25222.08173611 -.00009869  00000+0 -33268-3 0  2226
2 60917  53.1590 186.5438 0001409  87.9687 128.3895 15.30193916    17
STARLINK-32317
1 60918C 24154R   25222.07826389 -.00006569  00000+0 -22150-3 0  2225
2 60918  53.1582 187.0408 0001328  99.1746 213.7662 15.30184075    10
STARLINK-32367
1 60919C 24154S   25222.07895833  .00002057  00000+0  69330-4 0  2224
2 60919  53.1593 186.4283 0001395  84.8907 180.1561 15.30182408    14
STARLINK-32345
1 60920C 24154T   25222.07826389 -.00005326  00000+0 -17951-3 0  2221
2 60920  53.1582 187.0501 0001364  90.5979 216.5137 15.30192817    11
STARLINK-32356
1 60921C 24154U   25222.07618056 -.00002281  00000+0 -76878-4 0  2223
2 60921  53.1579 186.6674 0001328  93.1063  40.2885 15.30190946    10
STARLINK-32274
1 60922C 24154V   25222.08173611 -.00009883  00000+0 -33321-3 0  2228
2 60922  53.1564 186.8268 0001286  83.3359 347.6324 15.30189968    12
STARLINK-32373
1 60923C 24154W   25222.08104167 -.00002603  00000+0 -87745-4 0  2222
2 60923  53.1570 186.9331 0001264  91.1417 283.6331 15.30192017    16
STARLINK-11239 [DTC]
1 60924C 24155A   25222.10256944  .00028604  00000+0  23601-3 0  2225
2 60924  53.1566 304.6662 0001146 110.4667 309.5331 15.69641576    18
STARLINK-11245 [DTC]
1 60925C 24155B   25222.09979167  .00022393  00000+0  18471-3 0  2221
2 60925  53.1564 304.5102 0001060 106.3821  21.0930 15.69653782    19
STARLINK-11244 [DTC]
1 60926C 24155C   25222.09840278  .00028724  00000+0  23710-3 0  2228
2 60926  53.1567 304.4023 0001299  92.1913  82.9991 15.69631116    12
STARLINK-11243 [DTC]
1 60927C 24155D   25222.10326389  .00037516  00000+0  30944-3 0  2229
2 60927  53.1565 304.4358 0001078  82.8131  92.0497 15.69640313    17
STARLINK-11238 [DTC]
1 60928C 24155E   25222.10465278  .00041507  00000+0  34237-3 0  2225
2 60928  53.1567 304.3144 0000935  79.1424 159.0450 15.69635446    11
STARLINK-11240 [DTC]
1 60929C 24155F   25222.10048611  .00033089  00000+0  27296-3 0  2227
2 60929  53.1567 304.2780 0001189  69.1426 173.2254 15.69641502    10
STARLINK-11251 [DTC]
1 60930C 24155G   25222.10465278  .00030603  00000+0  25239-3 0  2225
2 60930  53.1567 304.2007 0001205  88.5593 205.0890 15.69649101    16
STARLINK-11204 [DTC]
1 60931C 24155H   25222.09840278  .00024315  00000+0  20057-3 0  2227
2 60931  53.1567 304.1747 0001271  91.4666 194.5882 15.69651383    12
STARLINK-11246 [DTC]
1 60932C 24155J   25222.09979167  .00022990  00000+0  18966-3 0  2221
2 60932  53.1567 304.1105 0001255  79.8991 241.7489 15.69650020    19
STARLINK-11207 [DTC]
1 60933C 24155K   25222.09909722  .00030496  00000+0  25155-3 0  2220
2 60933  53.1567 304.0568 0001342  82.4579 263.0056 15.69645625    13
STARLINK-11237 [DTC]
1 60934C 24155L   25222.10118056  .00034231  00000+0  28238-3 0  2221
2 60934  53.1568 303.9887 0001290  97.2867 287.6983 15.69639925    10
STARLINK-11253 [DTC]
1 60935C 24155M   25222.10256944  .00028206  00000+0  23270-3 0  2227
2 60935  53.1565 304.6040 0001051 104.8386 342.8839 15.69644779    10
STARLINK-11241 [DTC]
1 60936C 24155N   25222.09979167  .00022774  00000+0  18753-3 0  2229
2 60936  53.1564 304.5612 0001155  84.1057  15.5172 15.69695891    19
STARLINK-32259
1 60937C 24155P   25222.08312500 -.00000567  00000+0 -19121-4 0  2220
2 60937  53.1578  32.7307 0001207  85.4452 163.8828 15.30183731    15
STARLINK-32262
1 60938C 24155Q   25222.08173611 -.00001286  00000+0 -43348-4 0  2226
2 60938  53.1580  19.9823 0001070  81.9376 354.3692 15.30181389    16
STARLINK-32258
1 60939C 24155R   25222.08381944  .00002632  00000+0  88612-4 0  2224
2 60939  53.1586  32.5769 0000946  87.5365 241.1032 15.30218888    10
STARLINK-32251
1 60940C 24155S   25222.07618056 -.00006201  00000+0 -20905-3 0  2220
2 60940  53.1579  32.6818 0001084  84.6463 167.1189 15.30190618    11
STARLINK-32224
1 60941C 24155T   25222.08312500  .00012538  00000+0  42265-3 0  2228
2 60941  53.1583  32.6138 0001145  79.9794 227.5052 15.30173168    15
STARLINK-32184
1 60942C 24155U   25222.08312500  .00018553  00000+0  62547-3 0  2227
2 60942  53.1578  32.6962 0001191  78.0661 188.7138 15.30164441    16
STARLINK-32288
1 60943C 24155V   25222.08173611  .00018125  00000+0  61105-3 0  2220
2 60943  53.1582  32.8016 0001195  75.5315 131.2487 15.30164817    13
STARLINK-32276
1 60944C 24155W   25222.07895833  .00019070  00000+0  64283-3 0  2227
2 60944  53.1581  32.7790 0000702  96.1299 112.7861 15.30167856    10
STARLINK-11289 [DTC]
1 60991C 24158B   25222.10395833 -.00000932  00000+0 -76819-5 0  2220
2 60991  53.1568 244.0998 0001142  92.1909 335.9810 15.69706678    14
STARLINK-11282 [DTC]
1 60992C 24158C   25222.10395833  .00021673  00000+0  17878-3 0  2222
2 60992  53.1566 244.2714 0001163  83.0358 262.0293 15.69653862    12
STARLINK-11283 [DTC]
1 60993C 24158D   25222.10048611  .00020502  00000+0  16910-3 0  2228
2 60993  53.1568 244.6811 0001370  83.0740  48.1907 15.69657596    15
STARLINK-11267 [DTC]
1 60994C 24158E   25222.10118056  .00023032  00000+0  18995-3 0  2226
2 60994  53.1571 244.6247 0001256  89.1847  73.7444 15.69656406    10
STARLINK-11269 [DTC]
1 60995C 24158F   25222.09979167  .00021812  00000+0  17992-3 0  2223
2 60995  53.1570 244.5704 0001134  98.1521  84.6757 15.69653858    17
STARLINK-11281 [DTC]
1 60996C 24158G   25222.10395833  .00028598  00000+0  23584-3 0  2220
2 60996  53.1567 244.4931 0001412  82.0057 152.0996 15.69652833    17
STARLINK-11260 [DTC]
1 60997C 24158H   25222.10465278  .00036182  00000+0  29841-3 0  2222
2 60997  53.1555 222.1483 0001435  81.0445 174.1809 15.69643427    12
STARLINK-11287 [DTC]
1 60998C 24158J   25222.09840278 -.00035990  00000+0 -29698-3 0  2226
2 60998  53.1564 244.4638 0001073  98.9686 131.5449 15.69703527    19
STARLINK-11270 [DTC]
1 60999C 24158K   25222.10256944  .00032140  00000+0  26505-3 0  2226
2 60999  53.1563 244.3865 0001410  83.0528 198.6775 15.69649440    14
STARLINK-11290 [DTC]
1 61000C 24158L   25222.09979167  .00020245  00000+0  16694-3 0  2228
2 61000  53.1564 244.3431 0001237  91.5072 202.2436 15.69663222    13
STARLINK-11274 [DTC]
1 61001C 24158M   25222.09979167  .00013400  00000+0  11052-3 0  2227
2 61001  53.1568 244.2287 0000994  76.5173 272.7175 15.69665523    18
STARLINK-11288 [DTC]
1 61002C 24158N   25222.10326389  .00022388  00000+0  18461-3 0  2228
2 61002  53.1568 244.1570 0001053  88.8306 307.7568 15.69661811    15
STARLINK-32279
1 61003C 24158P   25222.08034722  .00014959  00000+0  50462-3 0  2225
2 61003  53.1601 328.4918 0001215  95.8538 211.7878 15.30147387    14
STARLINK-32336
1 61004C 24158Q   25222.08034722 -.00006713  00000+0 -22657-3 0  2222
2 61004  53.1599 328.4474 0001207  85.5269 245.3881 15.30154936    11
STARLINK-32284
1 61005C 24158R   25222.07618056  .00038600  00000+0  13014-2 0  2224
2 61005  53.1602 328.5492 0001269  67.0937 200.0844 15.30143100    11
STARLINK-32282
1 61006C 24158S   25222.07965278  .00046294  00000+0  15612-2 0  2220
2 61006  53.1597 328.3439 0001310 111.8137 267.5970 15.30125952    14
STARLINK-32360
1 61007C 24158T   25222.08034722 -.00001401  00000+0 -47215-4 0  2222
2 61007  53.1581 313.1370 0001161  84.2141 252.9572 15.30186156    15
STARLINK-32340
1 61008C 24158U   25222.07687500  .00002618  00000+0  88313-4 0  2223
2 61008  53.1605 328.5825 0001253  87.7261 125.2097 15.30163147    10
STARLINK-32357
1 61009C 24158V   25222.08659722  .00133450  00000+0  37722-2 0  2225
2 61009  53.1576 288.0091 0003012  29.2273  43.7553 15.35639727    10
STARLINK-32347
1 61010C 24158W   25222.07965278 -.00010318  00000+0 -34802-3 0  2228
2 61010  53.1597 328.3765 0001023  86.8767 275.0783 15.30178505    10
STARLINK-11286 [DTC]
1 61050C 24164A   25222.10048611  .00021131  00000+0  17430-3 0  2227
2 61050  53.1568 274.3501 0001337  99.7162 350.2765 15.69654984    18
STARLINK-11252 [DTC]
1 61051C 24164B   25222.09979167  .00032932  00000+0  27162-3 0  2229
2 61051  53.1567 274.2965 0001330  97.3486  16.4568 15.69645213    14
STARLINK-11284 [DTC]
1 61052C 24164C   25222.10187500  .00035384  00000+0  29184-3 0  2224
2 61052  53.1564 274.2298 0001302  76.3927  76.9246 15.69643106    10
STARLINK-11230 [DTC]
1 61053C 24164D   25222.10465278  .00036114  00000+0  29788-3 0  2228
2 61053  53.1563 274.1593 0001166  97.7464  99.0230 15.69641237    10
STARLINK-11294 [DTC]
1 61054C 24164E   25222.10465278  .00033461  00000+0  27601-3 0  2223
2 61054  53.1562 274.1022 0001333 116.2151 108.2826 15.69642191    17
STARLINK-11268 [DTC]
1 61055C 24164F   25222.10048611  .00035408  00000+0  29209-3 0  2221
2 61055  53.1562 274.0656 0001041  92.8594 135.8257 15.69639551    16
STARLINK-11156 [DTC]
1 61056C 24164G   25222.10187500  .00030897  00000+0  25482-3 0  2229
2 61056  53.1565 274.0016 0001002  85.2753 178.9936 15.69648784    10
STARLINK-11231 [DTC]
1 61057C 24164H   25222.09909722  .00151930  00000+0  12552-2 0  2221
2 61057  53.1568 274.6929 0001358  68.5149 207.2612 15.69487805    12
STARLINK-11299 [DTC]
1 61058C 24164J   25222.09909722  .00033204  00000+0  27387-3 0  2228
2 61058  53.1568 274.6364 0001024  63.5826 239.8815 15.69644974    11
STARLINK-11154 [DTC]
1 61059C 24164K   25222.10256944  .00031660  00000+0  26113-3 0  2222
2 61059  53.1567 274.5625 0001189  64.4894 286.3402 15.69646709    14
STARLINK-11297 [DTC]
1 61060C 24164L   25222.09979167  .00087968  00000+0  72560-3 0  2220
2 61060  53.1566 274.5192 0001082  81.0284 281.8101 15.69589280    10
STARLINK-11233 [DTC]
1 61061C 24164M   25222.10187500  .00029281  00000+0  24152-3 0  2223
2 61061  53.1567 274.4515 0001176  96.8539 305.5284 15.69647457    18
STARLINK-11236 [DTC]
1 61062C 24164N   25222.10395833  .00030126  00000+0  24850-3 0  2229
2 61062  53.1568 274.3837 0001129 101.7024 340.2000 15.69645465    18
STARLINK-32350
1 61063C 24164P   25222.08034722  .00026579  00000+0  89627-3 0  2224
2 61063  53.1607 354.0107 0001256  94.5390 114.1259 15.30148473    14
STARLINK-32378
1 61064C 24164Q   25222.08104167  .00005584  00000+0  18833-3 0  2220
2 61064  53.1608 354.0413 0001266  91.0354 104.0218 15.30161926    10
STARLINK-32321
1 61065C 24164R   25222.08173611 -.00012209  00000+0 -41171-3 0  2226
2 61065  53.1596 354.1428 0001335  95.8193  50.6897 15.30186391    16
STARLINK-32381
1 61066C 24164S   25222.08243056 -.00006230  00000+0 -21007-3 0  2221
2 61066  53.1593 354.2512 0000896 101.7913 350.3757 15.30184309    19
STARLINK-32385
1 61068C 24164U   25222.07687500 -.00012816  00000+0 -43213-3 0  2228
2 61068  53.1601 354.1298 0001346  91.1415  46.0234 15.30189461    14
STARLINK-32380
1 61069C 24164V   25222.07965278  .00000957  00000+0  32265-4 0  2227
2 61069  53.1603 354.0826 0001359  86.0674  83.8551 15.30184589    14
STARLINK-32375
1 61070C 24164W   25222.07965278 -.00001797  00000+0 -60610-4 0  2229
2 61070  53.1593 354.1814 0001358  84.8351  32.7770 15.30168685    14
STARLINK-11209 [DTC]
1 61200C 24171A   25222.09840278  .00056369  00000+0  46488-3 0  2225
2 61200  53.1577 139.5318 0001357  87.6141 260.4669 15.69624091    19
STARLINK-11257 [DTC]
1 61201C 24171B   25222.10326389  .00055525  00000+0  45786-3 0  2223
2 61201  53.1573 139.4455 0001220  81.7370 321.5630 15.69628091    16
STARLINK-11309 [DTC]
1 61202C 24171C   25222.09979167  .00039009  00000+0  32166-3 0  2227
2 61202  53.1569 139.4056 0001170  96.7422 314.6498 15.69645991    10
STARLINK-11292 [DTC]
1 61203C 24171D   25222.09909722  .00038303  00000+0  31581-3 0  2224
2 61203  53.1569 139.3518 0001241  90.1052 345.0937 15.69648397    18
STARLINK-11302 [DTC]
1 61204C 24171E   25222.09979167  .00038516  00000+0  31755-3 0  2224
2 61204  53.1572 139.2915 0001116 100.1209   6.7381 15.69649520    13
STARLINK-11277 [DTC]
1 61205C 24171F   25222.09840278  .00043368  00000+0  35755-3 0  2220
2 61205  53.1576 139.1844 0000937  92.7667  61.7148 15.69645380    14
STARLINK-11279 [DTC]
1 61206C 24171G   25222.10256944  .00041628  00000+0  34325-3 0  2223
2 61206  53.1574 139.1068 0001000  82.6063 123.1808 15.69643787    16
STARLINK-11091 [DTC]
1 61207C 24171H   25222.10395833  .00014637  00000+0  12062-3 0  2229
2 61207  53.1574 139.2143 0001046  88.4816  69.6331 15.69684088    16
STARLINK-11291 [DTC]
1 61208C 24171J   25222.10395833  .00036041  00000+0  29720-3 0  2222
2 61208  53.1572 139.0422 0001146  78.5227 162.8548 15.69647151    16
STARLINK-11304 [DTC]
1 61209C 24171K   25222.10395833  .00044776  00000+0  36923-3 0  2220
2 61209  53.1570 138.9852 0001265  63.2929 205.8253 15.69638610    13
STARLINK-11307 [DTC]
1 61210C 24171L   25222.09840278  .00047638  00000+0  39288-3 0  2225
2 61210  53.1574 139.6908 0001210  72.0387 192.8403 15.69632942    19
STARLINK-11298 [DTC]
1 61211C 24171M   25222.10534722  .00039377  00000+0  32474-3 0  2223
2 61211  53.1579 139.5999 0001172  98.1233 233.7496 15.69642486    11
STARLINK-11310 [DTC]
1 61212C 24171N   25222.09840278 -.00057696  00000+0 -47591-3 0  2220
2 61212  53.1578 139.5770 0001220  82.2748 238.0862 15.69733828    13
STARLINK-32386
1 61213C 24171P   25222.07965278  .00002767  00000+0  93271-4 0  2221
2 61213  53.1578 225.0075 0001274  95.6706 309.0167 15.30183710    18
STARLINK-32392
1 61214C 24171Q   25222.07756944 -.00008189  00000+0 -27604-3 0  2222
2 61214  53.1570 225.2137 0000988  81.5964 212.7263 15.30194142    11
STARLINK-32436
1 61215C 24171R   25222.07965278  .00009820  00000+0  33069-3 0  2228
2 61215  53.1577 225.0199 0001741  71.9461 326.8171 15.30208190    12
STARLINK-32425
1 61216C 24171S   25222.08312500  .00003579  00000+0  12066-3 0  2223
2 61216  53.1561 225.4421 0001086  94.5431 102.4497 15.30175805    13
STARLINK-32342
1 61217C 24171T   25222.08173611 -.00010759  00000+0 -36268-3 0  2222
2 61217  53.1565 225.3320 0001271  87.7273 159.7629 15.30195664    16
STARLINK-32423
1 61218C 24171U   25222.06229167 -.00000723  00000+0 -24383-4 0  2225
2 61218  53.1563 225.4463 0001218  87.4583  41.2150 15.30190407    10
STARLINK-32248
1 61219C 24171V   25222.07826389 -.00002749  00000+0 -92647-4 0  2224
2 61219  53.1567 225.5614 0001304  87.7093  30.1255 15.30190320    16
STARLINK-11300 [DTC]
1 61243C 24175A   25222.10118056  .00041911  00000+0  34547-3 0  2220
2 61243  53.1569  19.3499 0000803  94.3262 269.5513 15.69651021    17
STARLINK-11276 [DTC]
1 61244C 24175B   25222.10326389  .00043358  00000+0  35743-3 0  2227
2 61244  53.1568  19.2826 0000584  90.2219 313.1772 15.69648168    14
STARLINK-11280 [DTC]
1 61245C 24175C   25222.10048611  .00042180  00000+0  34775-3 0  2223
2 61245  53.1566  19.1910 0000703 106.2982 336.8714 15.69646567    13
STARLINK-11308 [DTC]
1 61246C 24175D   25222.10395833  .00047843  00000+0  39441-3 0  2221
2 61246  53.1569  19.2225 0000854  87.3074 347.7561 15.69643315    14
STARLINK-11305 [DTC]
1 61247C 24175E   25222.09979167  .00039634  00000+0  32678-3 0  2222
2 61247  53.1564  19.1299 0000562 110.5285 356.4559 15.69648640    19
STARLINK-11317 [DTC]
1 61248C 24175F   25222.10465278  .00044688  00000+0  36846-3 0  2224
2 61248  53.1565  19.0483 0001114  91.5445  70.6674 15.69641851    15
STARLINK-11293 [DTC]
1 61249C 24175G   25222.09979167  .00049176  00000+0  40539-3 0  2221
2 61249  53.1566  19.0148 0000602  92.2449  70.2123 15.69642203    15
STARLINK-11334 [DTC]
1 61250C 24175H   25222.11020833  .00121340  00000+0  82260-3 0  2224
2 61250  53.1549  18.5011 0003601 313.9663 144.4415 15.74177346    19
STARLINK-11319 [DTC]
1 61251C 24175J   25222.10395833  .00051568  00000+0  42514-3 0  2221
2 61251  53.1569  19.6149 0000691  94.6859 146.2337 15.69638468    16
STARLINK-11318 [DTC]
1 61252C 24175K   25222.09840278  .00035017  00000+0  28871-3 0  2229
2 61252  53.1570  19.5854 0000756  95.2090 142.0306 15.69653043    13
STARLINK-11311 [DTC]
1 61253C 24175L   25222.10118056  .00042026  00000+0  34645-3 0  2228
2 61253  53.1570  19.5143 0000927  65.6377 215.0379 15.69649401    18
STARLINK-11306 [DTC]
1 61254C 24175M   25222.08868056  .00037660  00000+0  31050-3 0  2223
2 61254  53.1569  19.5187 0001015  98.7967 138.9488 15.69650035    15
STARLINK-11313 [DTC]
1 61255C 24175N   25222.08659722  .00039487  00000+0  32554-3 0  2221
2 61255  53.1568  19.4714 0000642  88.1588 165.5367 15.69650347    15
STARLINK-32431
1 61256C 24175P   25222.07618056  .00024729  00000+0  83372-3 0  2223
2 61256  53.1571  96.9697 0001096  80.7640 312.2274 15.30157524    16
STARLINK-32432
1 61257C 24175Q   25222.08104167  .00028860  00000+0  97305-3 0  2229
2 61257  53.1569  96.9824 0001223  85.8018 316.5419 15.30151252    13
STARLINK-32382
1 61258C 24175R   25222.08034722  .00023139  00000+0  78001-3 0  2225
2 61258  53.1568  97.0192 0001157  80.9018 300.1434 15.30162376    10
STARLINK-32435
1 61259C 24175S   25222.08104167  .00024385  00000+0  82208-3 0  2225
2 61259  53.1566  97.0987 0001125  79.6033 264.5586 15.30158922    11
STARLINK-32474
1 61260C 24175T   25222.08173611  .00022698  00000+0  76534-3 0  2227
2 61260  53.1583  96.8733 0001180  93.8513   4.6811 15.30155005    13
STARLINK-32447
1 61261C 24175U   25222.07965278  .00033565  00000+0  11316-2 0  2226
2 61261  53.1577  96.9176 0001312  76.1074 353.4806 15.30146727    12
STARLINK-32446
1 61262C 24175V   25222.08104167  .00026636  00000+0  89796-3 0  2229
2 61262  53.1566  97.0630 0001076  79.5477 282.0659 15.30156318    19
STARLINK-32174
1 61509C 24183A   25222.07826389  .00009501  00000+0  23707-3 0  2220
2 61509  53.1587  37.6239 0001158  84.2250 243.6278 15.39609387    12
STARLINK-32139
1 61510C 24183B   25222.08034722 -.00006092  00000+0 -20533-3 0  2223
2 61510  53.1580  45.4165 0000917  92.1757 255.0048 15.30195060    15
STARLINK-32140
1 61511C 24183C   25222.07965278  .00024774  00000+0  83520-3 0  2222
2 61511  53.1573  45.2343 0001054  79.1073 357.3339 15.30158583    11
STARLINK-32201
1 61512C 24183D   25222.08243056  .00007137  00000+0  17813-3 0  2223
2 61512  53.1584  37.8051 0001050  94.5731 155.2806 15.39600338    18
STARLINK-32030
1 61513C 24183E   25222.08173611  .00016607  00000+0  55978-3 0  2229
2 61513  53.1588  45.4792 0001184  88.5092 231.4393 15.30170656    15
STARLINK-31837
1 61514C 24183F   25222.08381944  .00006955  00000+0  23447-3 0  2221
2 61514  53.1575  45.3183 0001252  93.0497 308.1941 15.30177941    16
STARLINK-32136
1 61515C 24183G   25222.07965278  .00027176  00000+0  91660-3 0  2229
2 61515  53.1598  45.5928 0001403  98.2940 157.8832 15.30140777    14
STARLINK-32047
1 61516C 24183H   25222.08104167  .00020832  00000+0  70221-3 0  2225
2 61516  53.1573  45.2960 0000845  97.3073 306.0768 15.30166327    12
STARLINK-31756
1 61517C 24183J   25222.08034722  .00028806  00000+0  97101-3 0  2220
2 61517  53.1596  45.7034 0001265  75.5207  97.2250 15.30158594    11
STARLINK-32172
1 61518C 24183K   25222.08173611  .00020389  00000+0  68727-3 0  2222
2 61518  53.1572  45.2579 0001102  81.7594 342.8961 15.30167321    19
STARLINK-32338
1 61519C 24183L   25222.08381944  .00015820  00000+0  53380-3 0  2226
2 61519  53.1576  45.1677 0001047  64.7398  52.2279 15.30139687    11
STARLINK-32306
1 61520C 24183M   25222.08173611 -.00011440  00000+0 -38536-3 0  2220
2 61520  53.1582  45.1434 0001010  83.6863  39.0468 15.30221142    19
STARLINK-32297
1 61521C 24183N   25222.07965278  .00016980  00000+0  57237-3 0  2229
2 61521  53.1585  45.1182 0001149  79.9330  48.8549 15.30169754    11
STARLINK-32260
1 61522C 24183P   25222.07756944  .00020333  00000+0  68539-3 0  2222
2 61522  53.1589  45.0937 0000782  73.7738  60.9794 15.30167455    12
STARLINK-32305
1 61523C 24183Q   25222.07895833  .00020031  00000+0  67514-3 0  2221
2 61523  53.1586  45.4448 0001271  78.3039 243.7894 15.30169818    17
STARLINK-32296
1 61524C 24183R   25222.08243056  .00018664  00000+0  62909-3 0  2229
2 61524  53.1592  45.0360 0001105  93.3103  85.6898 15.30170637    17
STARLINK-32298
1 61525C 24183S   25222.07756944  .00026323  00000+0  88741-3 0  2227
2 61525  53.1598  45.0242 0001174  95.1012  74.5729 15.30156725    10
STARLINK-32293
1 61526C 24183T   25222.07687500 -.00001510  00000+0 -50915-4 0  2225
2 61526  53.1600  45.7032 0001212  94.8964  87.7637 15.30185363    18
STARLINK-32313
1 61527C 24183U   25222.07826389  .00008220  00000+0  27712-3 0  2227
2 61527  53.1600  45.6261 0001276  95.2777 129.9369 15.30175328    10
STARLINK-32319
1 61528C 24183V   25222.08034722  .00024391  00000+0  82212-3 0  2224
2 61528  53.1599  45.6746 0001192  88.7734 118.8346 15.30164966    11
STARLINK-32351
1 61529C 24183W   25222.08034722  .00029362  00000+0  98972-3 0  2228
2 61529  53.1589  42.4710 0000714  91.4794 311.5793 15.30159019    14
STARLINK-32261
1 61530C 24183X   25222.07965278  .00085234  00000+0  28755-2 0  2229
2 61530  53.1593  45.5216 0001131 106.4788 184.5346 15.30075554    13
STARLINK-32358
1 61531C 24183Y   25222.07687500  .00009361  00000+0  31555-3 0  2229
2 61531  53.1574  45.3491 0001300  90.9996 277.7760 15.30176674    12
STARLINK-11354 [DTC]
1 61532C 24184A   25222.10465278  .00026653  00000+0  21984-3 0  2229
2 61532  53.1571 199.3931 0001015  77.7989 305.6945 15.69651037    16
STARLINK-11323 [DTC]
1 61533C 24184B   25222.10118056  .00027327  00000+0  22542-3 0  2229
2 61533  53.1571 199.2963 0001088  73.2165 346.1200 15.69648420    14
STARLINK-11338 [DTC]
1 61534C 24184C   25222.09979167  .00030520  00000+0  25171-3 0  2226
2 61534  53.1570 199.3602 0000958  74.3162 309.4205 15.69649650    12
STARLINK-11362 [DTC]
1 61535C 24184D   25222.09631944  .00033187  00000+0  27372-3 0  2222
2 61535  53.1572 199.2058 0001190  86.9991   0.3269 15.69645528    14
STARLINK-11295 [DTC]
1 61536C 24184E   25222.10395833  .00028591  00000+0  23582-3 0  2221
2 61536  53.1572 199.2254 0001179  64.5439  38.2347 15.69648850    17
STARLINK-11331 [DTC]
1 61537C 24184F   25222.08659722  .00032201  00000+0  26558-3 0  2228
2 61537  53.1575 199.1967 0001186  83.8372 336.2524 15.69646600    18
STARLINK-11325 [DTC]
1 61538C 24184G   25222.10256944  .00003674  00000+0  30316-4 0  2221
2 61538  53.1574 199.0612 0001134  83.3277  94.8703 15.69666697    10
STARLINK-11332 [DTC]
1 61539C 24184H   25222.09909722  .00032851  00000+0  29110-3 0  2227
2 61539  53.1580 199.0222 0001295  87.3611 107.5635 15.67903462    17
STARLINK-11350 [DTC]
1 61540C 24184J   25222.10187500  .00025020  00000+0  20651-3 0  2224
2 61540  53.1569 198.9512 0001161  89.2790 140.4720 15.69635421    17
STARLINK-11357 [DTC]
1 61541C 24184K   25222.10256944 -.00003982  00000+0 -32747-4 0  2229
2 61541  53.1569 199.6262 0001080  87.5650 172.9798 15.69753705    15
STARLINK-11322 [DTC]
1 61542C 24184L   25222.10395833  .00041568  00000+0  34281-3 0  2225
2 61542  53.1569 199.5623 0001198  97.9512 198.4096 15.69639481    16
STARLINK-11364 [DTC]
1 61543C 24184M   25222.10118056  .00034834  00000+0  28728-3 0  2223
2 61543  53.1572 199.5185 0000958  92.0205 216.3664 15.69646364    11
STARLINK-11349 [DTC]
1 61544C 24184N   25222.10326389  .00035366  00000+0  29165-3 0  2221
2 61544  53.1573 199.4517 0001067  91.7442 256.1538 15.69647545    16
STARLINK-32406
1 61545C 24184P   25222.07756944  .00017058  00000+0  57493-3 0  2225
2 61545  53.1572 276.9519 0001217  91.2893  27.7276 15.30173829    19
STARLINK-32445
1 61546C 24184Q   25222.07965278  .00010115  00000+0  34112-3 0  2228
2 61546  53.1578 277.0819 0001182  94.9032 325.8360 15.30163222    19
STARLINK-32411
1 61547C 24184R   25222.08312500 -.00037321  00000+0 -12567-2 0  2223
2 61547  53.1570 276.8903 0001305  66.0157 100.9707 15.30258004    18
STARLINK-32424
1 61548C 24184S   25222.07756944  .00015533  00000+0  52371-3 0  2224
2 61548  53.1576 277.0559 0001249  77.2288 349.4593 15.30163562    18
STARLINK-32389
1 61549C 24184T   25222.07895833  .00017866  00000+0  60242-3 0  2223
2 61549  53.1568 276.8787 0001102  85.2228  76.3848 15.30158503    19
STARLINK-32476
1 61550C 24184U   25222.07687500  .00015577  00000+0  52532-3 0  2225
2 61550  53.1574 277.0243 0001222  84.6410 355.6902 15.30155776    10
STARLINK-32366
1 61551C 24184V   25222.08173611  .00022167  00000+0  74691-3 0  2223
2 61551  53.1580 277.1070 0001312  68.0007 346.6441 15.30178199    17
STARLINK-11356 [DTC]
1 61574C 24187A   25222.10187500  .00024857  00000+0  20495-3 0  2227
2 61574  53.1568 259.3328 0000992  82.3004  63.9949 15.69661792    15
STARLINK-11376 [DTC]
1 61575C 24187B   25222.10465278  .00029768  00000+0  24550-3 0  2221
2 61575  53.1568 259.2625 0001005  81.4427 108.3112 15.69651081    16
STARLINK-11372 [DTC]
1 61576C 24187C   25222.09979167  .00029802  00000+0  24578-3 0  2226
2 61576  53.1568 259.2296 0001102  82.0610 107.9433 15.69651381    14
STARLINK-11375 [DTC]
1 61577C 24187D   25222.10256944  .00025057  00000+0  20666-3 0  2222
2 61577  53.1567 259.1591 0001055  71.0920 162.3577 15.69654984    16
STARLINK-11285 [DTC]
1 61578C 24187E   25222.09909722 -.00008191  00000+0 -67609-4 0  2221
2 61578  53.1567 259.1189 0001035  69.8474 171.7892 15.69669258    11
STARLINK-11275 [DTC]
1 61579C 24187F   25222.10118056  .00018179  00000+0  14996-3 0  2221
2 61579  53.1568 259.0512 0001196  93.7341 187.3468 15.69656935    19
STARLINK-11342 [DTC]
1 61580C 24187G   25222.09909722  .00017200  00000+0  14190-3 0  2229
2 61580  53.1569 259.0042 0001217  90.5911 206.4579 15.69654138    11
STARLINK-11374 [DTC]
1 61581C 24187H   25222.10465278  .00033546  00000+0  27668-3 0  2220
2 61581  53.1568 259.6551 0001331 103.3941 252.2125 15.69645007    16
STARLINK-11373 [DTC]
1 61582C 24187J   25222.09979167  .00024533  00000+0  20236-3 0  2226
2 61582  53.1566 259.6225 0001272  90.8885 264.9738 15.69652159    10
STARLINK-11368 [DTC]
1 61583C 24187K   25222.10395833  .00033122  00000+0  27317-3 0  2222
2 61583  53.1563 259.5452 0001205  81.0900 326.0624 15.69647181    18
STARLINK-11370 [DTC]
1 61584C 24187L   25222.09770833  .00034674  00000+0  28599-3 0  2224
2 61584  53.1563 259.5190 0001190 109.6218 289.9294 15.69643470    17
STARLINK-11361 [DTC]
1 61585C 24187M   25222.09840278  .00033953  00000+0  28002-3 0  2224
2 61585  53.1565 259.4582 0001053 100.4506 330.7638 15.69646577    19
STARLINK-11360 [DTC]
1 61586C 24187N   25222.10048611  .00026819  00000+0  22113-3 0  2228
2 61586  53.1566 259.3906 0001129 105.0196   5.6910 15.69658827    12
STARLINK-32353
1 61587C 24187P   25222.07618056  .00008931  00000+0  30135-3 0  2229
2 61587  53.1592 327.8858 0001185  89.8708 340.5199 15.30144992    10
STARLINK-32325
1 61588C 24187Q   25222.08312500  .00010592  00000+0  35729-3 0  2226
2 61588  53.1597 328.0708 0001347  94.4047 269.5224 15.30153012    13
STARLINK-32416
1 61589C 24187R   25222.08173611  .00014477  00000+0  36171-3 0  2223
2 61589  53.1605 320.9762 0001270  94.9520 256.0811 15.39562680    18
STARLINK-32413
1 61590C 24187S   25222.07756944  .00004797  00000+0  16188-3 0  2220
2 61590  53.1606 328.2680 0001354 111.2520 129.0388 15.30148593    19
STARLINK-32409
1 61591C 24187T   25222.07826389  .00026485  00000+0  66160-3 0  2225
2 61591  53.1600 320.8950 0001637  85.3150 296.1057 15.39556039    12
STARLINK-32422
1 61592C 24187U   25222.08173611  .00025849  00000+0  64572-3 0  2228
2 61592  53.1587 320.5204 0000753  78.1070 142.8079 15.39557166    18
STARLINK-32397
1 61593C 24187V   25222.07826389 -.00010308  00000+0 -34787-3 0  2226
2 61593  53.1598 326.0077 0001169  83.5987 227.4102 15.30159186    17
STARLINK-32238
1 61661C 24193A   25222.07687500  .00007613  00000+0  25671-3 0  2224
2 61661  53.1594 354.1261 0001222  88.3946 321.6756 15.30167550    10
STARLINK-32310
1 61662C 24193B   25222.07965278  .00010040  00000+0  33850-3 0  2222
2 61662  53.1606 353.8943 0001396  92.2784  83.6152 15.30169541    11
STARLINK-32308
1 61663C 24193C   25222.07965278 -.00002915  00000+0 -98298-4 0  2225
2 61663  53.1606 353.6168 0001291 102.7591 212.7529 15.30171789    16
STARLINK-32301
1 61664C 24193D   25222.07965278 -.00014532  00000+0 -48998-3 0  2225
2 61664  53.1599 354.1943 0001073  88.8960 295.7589 15.30193676    13
STARLINK-32439
1 61665C 24193E   25222.08034722 -.00006601  00000+0 -22255-3 0  2224
2 61665  53.1603 354.2435 0001248  99.9504 259.4627 15.30185453    12
STARLINK-32428
1 61666C 24193F   25222.08034722  .00027726  00000+0  93494-3 0  2227
2 61666  53.1606 353.7643 0001338  95.1280 148.5893 15.30147745    15
STARLINK-32414
1 61667C 24193G   25222.07756944  .00009269  00000+0  31259-3 0  2227
2 61667  53.1595 354.1348 0001023  85.5565 322.5240 15.30164027    12
STARLINK-32441
1 61668C 24193H   25222.07756944 -.00011695  00000+0 -39435-3 0  2220
2 61668  53.1592 354.0413 0001307  94.8360 359.7803 15.30188727    13
STARLINK-32400
1 61669C 24193J   25222.08312500  .00006796  00000+0  22917-3 0  2229
2 61669  53.1606 351.6850 0001279  96.1339 130.9026 15.30168687    16
STARLINK-32449
1 61670C 24193K   25222.08312500 -.00009724  00000+0 -32798-3 0  2225
2 61670  53.1596 353.9456 0001216  77.4113  82.7512 15.30176486    16
STARLINK-32453
1 61671C 24193L   25222.07687500 -.00004848  00000+0 -16350-3 0  2228
2 61671  53.1609 353.8378 0001072  86.9740 108.5197 15.30178645    10
STARLINK-32443
1 61672C 24193M   25222.07965278  .00012744  00000+0  42982-3 0  2222
2 61672  53.1609 353.8017 0001279  77.0371 145.4166 15.30156920    19
STARLINK-32417
1 61673C 24193N   25222.07826389 -.00005817  00000+0 -19621-3 0  2221
2 61673  53.1607 353.7621 0001281 101.1085 136.9547 15.30173520    15
STARLINK-32326
1 61674C 24193P   25222.07895833  .00002366  00000+0  79815-4 0  2228
2 61674  53.1607 353.7353 0001324  91.5668 161.9579 15.30165338    16
STARLINK-32294
1 61675C 24193Q   25222.07756944  .00007992  00000+0  26959-3 0  2228
2 61675  53.1606 353.7066 0001418 102.6703 160.6621 15.30156350    13
STARLINK-32309
1 61676C 24193R   25222.08104167  .00005857  00000+0  19753-3 0  2226
2 61676  53.1604 353.5740 0001267 101.3343 239.2729 15.30165417    13
STARLINK-32323
1 61677C 24193S   25222.07687500  .00009377  00000+0  31618-3 0  2228
2 61677  53.1607 353.6629 0001541  90.6931 192.0358 15.30168439    13
STARLINK-32363
1 61678C 24193T   25222.07895833  .00003453  00000+0  11637-3 0  2227
2 61678  53.1606 353.6068 0001297  85.3560 232.0815 15.30185639    11
STARLINK-32395
1 61679C 24193U   25222.08173611  .00034744  00000+0  11715-2 0  2225
2 61679  53.1603 354.2468 0001333  73.6089 287.6544 15.30144080    17
STARLINK-32412
1 61680C 24193V   25222.08173611 -.00009940  00000+0 -33515-3 0  2222
2 61680  53.1599 354.1649 0001463  99.5443 302.4185 15.30189062    14
STARLINK-32426
1 61681C 24193W   25222.07618056 -.00007017  00000+0 -23658-3 0  2229
2 61681  53.1602 354.2375 0001320  89.6022 258.4788 15.30185880    15
STARLINK-32429
1 61682C 24193X   25222.08034722 -.00005840  00000+0 -19700-3 0  2228
2 61682  53.1607 353.6617 0001253 104.4888 185.7853 15.30169045    14
STARLINK-11335 [DTC]
1 61687C 24195A   25222.09840278  .00032142  00000+0  26521-3 0  2229
2 61687  53.1571 349.6849 0001082  79.2383   5.6747 15.69637105    11
STARLINK-11344 [DTC]
1 61688C 24195B   25222.10256944  .00042658  00000+0  35169-3 0  2224
2 61688  53.1569 349.6082 0000971  89.3917  46.7559 15.69646524    11
STARLINK-11312 [DTC]
1 61689C 24195C   25222.10395833  .00043227  00000+0  35638-3 0  2220
2 61689  53.1569 349.5444 0001079  91.5699  80.1675 15.69645914    18
STARLINK-11340 [DTC]
1 61690C 24195D   25222.10256944  .00048543  00000+0  40030-3 0  2229
2 61690  53.1569 349.4945 0001160  61.4321 130.2027 15.69634440    14
STARLINK-11339 [DTC]
1 61691C 24195E   25222.10326389  .00039651  00000+0  32694-3 0  2228
2 61691  53.1567 349.3766 0000888  75.4365 175.5947 15.69646611    18
STARLINK-11315 [DTC]
1 61692C 24195F   25222.10118056  .00041447  00000+0  34179-3 0  2225
2 61692  53.1568 349.4438 0000976  93.4775 118.0446 15.69641336    15
STARLINK-11366 [DTC]
1 61693C 24195G   25222.10256944  .00094632  00000+0  78045-3 0  2229
2 61693  53.1568 349.3229 0001215  98.2807 176.5166 15.69586060    19
STARLINK-11348 [DTC]
1 61694C 24195H   25222.10118056  .00036560  00000+0  30150-3 0  2222
2 61694  53.1569 349.2727 0000872  95.1139 199.6152 15.69646093    19
STARLINK-11327 [DTC]
1 61695C 24195J   25222.10187500  .00033917  00000+0  27975-3 0  2227
2 61695  53.1572 349.2126 0000965 103.0501 223.3591 15.69643972    17
STARLINK-11341 [DTC]
1 61696C 24195K   25222.10118056  .00041135  00000+0  33924-3 0  2220
2 61696  53.1572 349.1590 0000673 103.6744 246.5390 15.69640752    10
STARLINK-11346 [DTC]
1 61697C 24195L   25222.10256944  .00044064  00000+0  36336-3 0  2224
2 61697  53.1573 349.0956 0001106  87.5361 298.2591 15.69639099    13
STARLINK-11336 [DTC]
1 61698C 24195M   25222.10465278  .00037964  00000+0  31311-3 0  2226
2 61698  53.1571 342.1682 0001056  92.3566 107.4669 15.69642119    11
STARLINK-11296 [DTC]
1 61699C 24195N   25222.10465278  .00042359  00000+0  34931-3 0  2222
2 61699  53.1571 348.9710 0000835 109.8069 343.2429 15.69641264    18
STARLINK-32349
1 61700C 24195P   25222.08243056  .00029567  00000+0  99669-3 0  2225
2 61700  53.1589  58.3299 0001018  77.0258 237.8405 15.30157206    12
STARLINK-32461
1 61701C 24195Q   25222.07826389  .00013826  00000+0  46606-3 0  2225
2 61701  53.1599  58.2458 0001193  89.3195 254.9289 15.30172062    17
STARLINK-32299
1 61702C 24195R   25222.07965278  .00013595  00000+0  45874-3 0  2226
2 61702  53.1597  58.0889 0001527 104.3121 323.3562 15.30138566    16
STARLINK-32335
1 61703C 24195S   25222.07826389  .00009139  00000+0  30804-3 0  2222
2 61703  53.1592  58.0263 0001373  92.2123   2.5488 15.30178849    15
STARLINK-32387
1 61704C 24195T   25222.07826389  .00013483  00000+0  45451-3 0  2224
2 61704  53.1572  57.8644 0001163  85.7899  90.4069 15.30171846    19
STARLINK-32515
1 61705C 24195U   25222.08173611  .00030946  00000+0  10432-2 0  2222
2 61705  53.1569  58.5483 0000878  91.7423 108.7871 15.30155674    12
STARLINK-32533
1 61706C 24195V   25222.07618056  .00021406  00000+0  72155-3 0  2221
2 61706  53.1575  57.8971 0001128  82.9664  70.1112 15.30166096    12
STARLINK-32376
1 61707C 24196A   25222.07965278  .00021227  00000+0  71566-3 0  2220
2 61707  53.1589   3.9248 0001192  93.9735 233.3054 15.30159534    16
STARLINK-32402
1 61708C 24196B   25222.07895833  .00006492  00000+0  21889-3 0  2220
2 61708  53.1607   4.2374 0001349  88.0883  78.2970 15.30172792    19
STARLINK-32314
1 61709C 24196C   25222.08312500 -.00011697  00000+0 -39436-3 0  2229
2 61709  53.1594   4.0546 0001177  90.9282 179.8641 15.30192062    13
STARLINK-32404
1 61710C 24196D   25222.08312500  .00029168  00000+0  98339-3 0  2228
2 61710  53.1611   4.4488 0001385  90.7519 342.2945 15.30151628    12
STARLINK-32312
1 61711C 24196E   25222.07826389 -.00014010  00000+0 -47234-3 0  2223
2 61711  53.1588   3.9950 0001297  93.4856 191.2320 15.30195488    11
STARLINK-32343
1 61712C 24196F   25222.08243056  .00020446  00000+0  68928-3 0  2220
2 61712  53.1607   4.3367 0001330  96.9233  30.4502 15.30163201    10
STARLINK-32467
1 61713C 24196G   25222.08312500 -.00018860  00000+0 -63604-3 0  2227
2 61713  53.1598   4.5739 0001170  87.0437 282.0296 15.30190258    11
STARLINK-32440
1 61714C 24196H   25222.08243056  .00001254  00000+0  42288-4 0  2220
2 61714  53.1607   4.2663 0001286 104.4229  57.8661 15.30171990    13
STARLINK-32459
1 61715C 24196J   25222.08104167 -.00008986  00000+0 -30292-3 0  2222
2 61715  53.1602   4.1340 0001445  87.3327 137.0719 15.30192944    12
STARLINK-32465
1 61716C 24196K   25222.08104167  .00001534  00000+0  51710-4 0  2222
2 61716  53.1603   4.5264 0001353  93.5359 293.1193 15.30177721    11
STARLINK-32457
1 61717C 24196L   25222.07826389 -.00010380  00000+0 -34993-3 0  2223
2 61717  53.1598   4.1111 0001107  89.8678 136.6761 15.30192575    17
STARLINK-32591
1 61718C 24196M   25222.08034722 -.00005599  00000+0 -18875-3 0  2224
2 61718  53.1595 351.5764 0001339  87.8688   2.0199 15.30186015    17
STARLINK-32344
1 61719C 24196N   25222.07687500  .00004027  00000+0  13580-3 0  2223
2 61719  53.1612   4.4409 0001038  86.6523 329.4083 15.30169370    12
STARLINK-32322
1 61720C 24196P   25222.08243056 -.00019033  00000+0 -64184-3 0  2221
2 61720  53.1599   4.5530 0001340  87.0737 289.8035 15.30192652    17
STARLINK-32469
1 61721C 24196Q   25222.08173611  .00011095  00000+0  37397-3 0  2225
2 61721  53.1592   4.0251 0001034  82.5689 198.0177 15.30176959    12
STARLINK-32438
1 61722C 24196R   25222.08312500  .00003769  00000+0  12708-3 0  2226
2 61722  53.1608   4.4808 0001345  91.0743 324.5095 15.30177716    11
STARLINK-32540
1 61723C 24196S   25222.08312500 -.00006764  00000+0 -22814-3 0  2226
2 61723  53.1588 328.4268 0001208  94.0772 321.8008 15.30175576    17
STARLINK-32528
1 61724C 24196T   25222.07965278 -.00015920  00000+0 -53677-3 0  2227
2 61724  53.1596   4.5999 0001263  95.3577 248.7431 15.30193908    14
STARLINK-32573
1 61725C 24196U   25222.07618056  .00032593  00000+0  10988-2 0  2227
2 61725  53.1610   4.4092 0001327  70.6378 359.0158 15.30151672    15
STARLINK-32478
1 61726C 24196V   25222.08034722  .00023370  00000+0  78790-3 0  2220
2 61726  53.1606   4.3093 0001213  97.2793  36.0651 15.30158410    18
STARLINK-32511
1 61727C 24196W   25222.07687500  .00002094  00000+0  70590-4 0  2229
2 61727  53.1607   4.2553 0001405  84.0479  65.0505 15.30179107    14
STARLINK-32475
1 61728C 24196X   25222.07895833 -.00002723  00000+0 -91816-4 0  2225
2 61728  53.1605   4.1757 0001246  82.2659 113.2387 15.30175862    19
STARLINK-32442
1 61729C 24196Y   25222.07826389 -.00004084  00000+0 -13767-3 0  2226
2 61729  53.1606   4.2144 0001434  87.0692  87.1196 15.30187993    16
STARLINK-11402 [DTC]
1 61874C 24204A   25222.10118056  .00033781  00000+0  27862-3 0  2221
2 61874  53.1570 319.6847 0001110 107.1615  34.9518 15.69645119    19
STARLINK-11316 [DTC]
1 61875C 24204B   25222.09840278  .00030550  00000+0  25197-3 0  2228
2 61875  53.1570 318.9997 0001273 102.0111 357.2553 15.69647974    14
STARLINK-11401 [DTC]
1 61876C 24204C   25222.09909722  .00040638  00000+0  33507-3 0  2221
2 61876  53.1568 319.6176 0001163  96.5261  61.5443 15.69645502    18
STARLINK-11321 [DTC]
1 61877C 24204D   25222.10326389  .00039093  00000+0  32238-3 0  2229
2 61877  53.1568 319.5398 0001201  83.4666 125.9085 15.69643625    12
STARLINK-11314 [DTC]
1 61878C 24204E   25222.10118056  .00006521  00000+0  53822-4 0  2223
2 61878  53.1568 319.4935 0001201  77.8751 147.5295 15.69654043    10
STARLINK-11324 [DTC]
1 61879C 24204F   25222.09979167  .00029681  00000+0  24482-3 0  2221
2 61879  53.1568 319.4435 0001084  88.4632 156.7629 15.69647354    11
STARLINK-11328 [DTC]
1 61880C 24204G   25222.09909722  .00032031  00000+0  26412-3 0  2221
2 61880  53.1567 319.3897 0001026  98.4127 170.6081 15.69653189    19
STARLINK-11329 [DTC]
1 61881C 24204H   25222.10326389  .00036935  00000+0  30460-3 0  2221
2 61881  53.1566 319.3117 0001047  86.8643 233.4633 15.69644243    13
STARLINK-11398 [DTC]
1 61882C 24204J   25222.10465278  .00041512  00000+0  34235-3 0  2224
2 61882  53.1567 319.2475 0001055  92.7248 263.1909 15.69639888    12
STARLINK-11383 [DTC]
1 61883C 24204K   25222.10187500  .00031252  00000+0  25775-3 0  2223
2 61883  53.1567 319.1470 0001303  92.7306 302.9584 15.69648680    19
STARLINK-11359 [DTC]
1 61884C 24204L   25222.09979167  .00044081  00000+0  36350-3 0  2225
2 61884  53.1567 319.2142 0001097  88.4961 267.6689 15.69639270    14
STARLINK-11301 [DTC]
1 61885C 24204M   25222.10118056  .00030089  00000+0  24812-3 0  2223
2 61885  53.1570 319.0936 0001156  95.2915 324.1964 15.69653098    18
STARLINK-11351 [DTC]
1 61886C 24204N   25222.09909722  .00024033  00000+0  19823-3 0  2228
2 61886  53.1570 319.0469 0001105  94.0840 341.3759 15.69653768    15
STARLINK-32410
1 61887C 24204P   25222.07965278  .00000977  00000+0  32920-4 0  2220
2 61887  53.1587  29.9393 0001334  90.7612 131.3026 15.30187135    13
STARLINK-32377
1 61888C 24204Q   25222.08173611  .00007814  00000+0  26343-3 0  2222
2 61888  53.1582  29.8458 0000742  77.1445 197.1493 15.30175013    15
STARLINK-32292
1 61889C 24204R   25222.08243056  .00004066  00000+0  13705-3 0  2228
2 61889  53.1597  30.0271 0001312  95.4040  89.6314 15.30182679    10
STARLINK-32501
1 61890C 24204S   25222.08173611  .00001718  00000+0  57914-4 0  2221
2 61890  53.1610  30.2023 0001080  94.7736 359.1906 15.30182914    15
STARLINK-32383
1 61891C 24204T   25222.07965278  .00003272  00000+0  11028-3 0  2221
2 61891  53.1608  30.1417 0001207  94.2101  23.1658 15.30183271    10
STARLINK-32239
1 61892C 24204U   25222.08104167  .00000465  00000+0  15674-4 0  2228
2 61892  53.1604  30.2881 0001174  92.9377 316.4843 15.30182485    16
STARLINK-32489
1 61893C 24204V   25222.07618056 -.00017803  00000+0 -60017-3 0  2221
2 61893  53.1580  29.7697 0000906  96.6035 199.3959 15.30203038    16
STARLINK-11407 [DTC]
1 61939C 24209A   25222.10256944  .00025996  00000+0  21439-3 0  2220
2 61939  53.1569 334.0901 0000573 160.3553  24.6733 15.69655882    18
STARLINK-11337 [DTC]
1 61940C 24209B   25222.10118056  .00025650  00000+0  21156-3 0  2226
2 61940  53.1572 334.0402 0001074  81.7866 123.1331 15.69653792    17
STARLINK-11353 [DTC]
1 61941C 24209C   25222.09979167  .00009674  00000+0  79828-4 0  2221
2 61941  53.1573 333.9901 0001232  89.9015 134.9412 15.69656865    17
STARLINK-11320 [DTC]
1 61942C 24209D   25222.10326389  .00043165  00000+0  35594-3 0  2220
2 61942  53.1572 334.6511 0000602  64.7163 206.8766 15.69641159    18
STARLINK-11425 [DTC]
1 61943C 24209E   25222.10326389  .00042837  00000+0  35322-3 0  2225
2 61943  53.1571 334.5942 0001172  91.4870 207.8423 15.69642243    16
STARLINK-11422 [DTC]
1 61944C 24209F   25222.09979167  .00019937  00000+0  16450-3 0  2228
2 61944  53.1569 334.5542 0001151 119.9161 187.5512 15.69650044    17
STARLINK-11421 [DTC]
1 61945C 24209G   25222.10465278  .00040019  00000+0  33002-3 0  2221
2 61945  53.1570 334.4732 0000730 102.3620 260.2955 15.69642859    13
STARLINK-11410 [DTC]
1 61946C 24209H   25222.10187500  .00033585  00000+0  27695-3 0  2222
2 61946  53.1570 334.4294 0000800  85.7154 288.9696 15.69649930    17
STARLINK-11390 [DTC]
1 61947C 24209J   25222.10326389  .00033945  00000+0  27988-3 0  2228
2 61947  53.1570 334.3673 0001113 106.2007 304.0675 15.69652982    10
STARLINK-11414 [DTC]
1 61948C 24209K   25222.10395833  .00030316  00000+0  24997-3 0  2225
2 61948  53.1568 334.1358 0001168 105.7035  59.4430 15.69654844    10
STARLINK-11424 [DTC]
1 61949C 24209L   25222.10048611  .00033388  00000+0  27533-3 0  2226
2 61949  53.1568 334.2099 0001207  90.7463  27.0379 15.69649771    12
STARLINK-11423 [DTC]
1 61950C 24209M   25222.09909722  .00031580  00000+0  26040-3 0  2229
2 61950  53.1568 334.3335 0001127 105.5836 308.8644 15.69653746    10
STARLINK-11395 [DTC]
1 61951C 24209N   25222.10395833  .00041652  00000+0  34350-3 0  2228
2 61951  53.1567 334.2486 0000993  97.5461  12.1393 15.69639989    19
STARLINK-32572
1 61952C 24209P   25222.07687500  .00002269  00000+0  76470-4 0  2221
2 61952  53.1598  45.1281 0001262  91.6082 167.0298 15.30183298    18
STARLINK-32585
1 61953C 24209Q   25222.07756944  .00029568  00000+0  99682-3 0  2221
2 61953  53.1575  45.5347 0001171  75.6562 337.4380 15.30153701    16
STARLINK-32574
1 61954C 24209R   25222.07687500  .00009480  00000+0  31955-3 0  2223
2 61954  53.1577  45.6505 0001137  90.1173 260.9659 15.30178795    17
STARLINK-32583
1 61955C 24209S   25222.08243056  .00026726  00000+0  90102-3 0  2220
2 61955  53.1582  45.4419 0001215  76.2985  38.4910 15.30155582    16
STARLINK-32273
1 61956C 24209T   25222.08173611  .00015253  00000+0  51417-3 0  2229
2 61956  53.1601  45.1579 0001037  89.2356 167.1204 15.30171330    16
STARLINK-32359
1 61957C 24209U   25222.08173611  .00018661  00000+0  62902-3 0  2227
2 61957  53.1587  45.3770 0001203  81.4269  64.4135 15.30169645    15
STARLINK-32566
1 61958C 24209V   25222.07965278  .00003413  00000+0  11504-3 0  2226
2 61958  53.1598  45.1353 0001363  92.4406 169.8785 15.30181692    12
STARLINK-11433 [DTC]
1 62008C 24213A   25222.06923611  .00034353  00000+0  28324-3 0  2227
2 62008  53.1566   4.3046 0000807  95.2824 136.6087 15.69653118    13
STARLINK-11262 [DTC]
1 62009C 24213B   25222.10465278  .00040163  00000+0  33116-3 0  2224
2 62009  53.1569   4.5883 0000713  90.4053 119.8435 15.69646142    14
STARLINK-11326 [DTC]
1 62010C 24213C   25222.10048611  .00040804  00000+0  33639-3 0  2226
2 62010  53.1568   4.3774 0000671 116.8086 180.8261 15.69649428    19
STARLINK-11330 [DTC]
1 62011C 24213D   25222.10326389 -.00054843  00000+0 -45230-3 0  2228
2 62011  53.1572   4.5356 0000562  88.5922 141.5864 15.69736201    15
STARLINK-11363 [DTC]
1 62012C 24213E   25222.08034722  .00041513  00000+0  34226-3 0  2224
2 62012  53.1566   4.3659 0000803  91.4836 147.7591 15.69647215    19
STARLINK-11377 [DTC]
1 62013C 24213F   25222.09840278  .00037295  00000+0  30753-3 0  2220
2 62013  53.1566   4.2244 0000144 160.5194 208.5465 15.69648034    18
STARLINK-11385 [DTC]
1 62014C 24213G   25222.10118056  .00041770  00000+0  34439-3 0  2223
2 62014  53.1568   4.4902 0000562  87.4262 158.6650 15.69646070    10
STARLINK-11396 [DTC]
1 62015C 24213H   25222.10256944  .00036528  00000+0  30121-3 0  2222
2 62015  53.1569   4.0828 0000789 114.0589 334.0473 15.69648089    10
STARLINK-11393 [DTC]
1 62016C 24213J   25222.09909722  .00027277  00000+0  22496-3 0  2227
2 62016  53.1570   4.0456 0000878  94.4439   1.7655 15.69654213    10
STARLINK-11343 [DTC]
1 62017C 24213K   25222.10395833  .00044213  00000+0  36446-3 0  2221
2 62017  53.1568   4.4206 0001014  96.3659 193.1555 15.69648189    13
STARLINK-11411 [DTC]
1 62018C 24213L   25222.08937500  .00042233  00000+0  34818-3 0  2223
2 62018  53.1566   4.3802 0001060 109.5697 152.9770 15.69646854    12
STARLINK-11404 [DTC]
1 62019C 24213M   25222.10256944  .00035572  00000+0  29334-3 0  2228
2 62019  53.1570   4.6511 0000504  95.7828  74.9562 15.69648038    10
STARLINK-11378 [DTC]
1 62020C 24213N   25222.09979167  .00026778  00000+0  22085-3 0  2221
2 62020  53.1571   3.9850 0000800  95.2084  32.6675 15.69653637    16
STARLINK-32520
1 62021C 24213P   25222.08312500  .00026924  00000+0  90753-3 0  2223
2 62021  53.1577  71.3353 0001188  81.4367 234.0114 15.30160939    13
STARLINK-32539
1 62022C 24213Q   25222.08173611  .00024217  00000+0  81630-3 0  2229
2 62022  53.1574  58.5109 0001070  81.9521 159.2484 15.30163697    16
STARLINK-32334
1 62023C 24213R   25222.08173611  .00012809  00000+0  43174-3 0  2225
2 62023  53.1595  70.7327 0001253  88.1838 167.8776 15.30175915    16
STARLINK-32504
1 62024C 24213S   25222.08312500  .00028329  00000+0  95493-3 0  2223
2 62024  53.1587  70.9157 0001193  78.5452  92.1115 15.30158278    19
STARLINK-32493
1 62025C 24213T   25222.08104167  .00032255  00000+0  10874-2 0  2224
2 62025  53.1571  71.2777 0001203  74.5797 264.2923 15.30149958    19
STARLINK-32561
1 62026C 24213U   25222.07965278  .00023690  00000+0  79863-3 0  2229
2 62026  53.1587  70.9977 0001192  91.9485  24.6851 15.30159691    12
STARLINK-32512
1 62027C 24213V   25222.08173611  .00016313  00000+0  54987-3 0  2227
2 62027  53.1596  70.8150 0001261  90.7290 124.6213 15.30170739    12
STARLINK-11465 [DTC]
1 62057C 24217A   25222.07618056  .00031939  00000+0  26331-3 0  2223
2 62057  53.1569  34.2332 0000543  96.7624 132.8806 15.69658170    11
STARLINK-11426 [DTC]
1 62058C 24217B   25222.10048611  .00039172  00000+0  32293-3 0  2223
2 62058  53.1570  34.0568 0000680  62.9716 331.8329 15.69651659    18
STARLINK-11454 [DTC]
1 62059C 24217C   25222.10465278  .00092812  00000+0  76520-3 0  2227
2 62059  53.1565  34.4319 0001649 104.8110 119.3471 15.69594530    12
STARLINK-11473 [DTC]
1 62060C 24217D   25222.10187500  .00039498  00000+0  32559-3 0  2223
2 62060  53.1567  34.5579 0000510  92.0766  60.9441 15.69653712    12
STARLINK-11429 [DTC]
1 62061C 24217E   25222.10048611  .00045521  00000+0  37530-3 0  2221
2 62061  53.1563  34.3954 0000544 131.6938  96.7050 15.69643099    12
STARLINK-11470 [DTC]
1 62062C 24217F   25222.09979167  .00040489  00000+0  33381-3 0  2227
2 62062  53.1562  34.3398 0000797 112.5322 139.6733 15.69648273    13
STARLINK-11427 [DTC]
1 62063C 24217G   25222.10395833  .00042111  00000+0  34710-3 0  2223
2 62063  53.1567  34.4903 0000658  75.6163 116.9192 15.69652485    17
STARLINK-11456 [DTC]
1 62064C 24217H   25222.09909722 -.00032502  00000+0 -26770-3 0  2222
2 62064  53.1568  34.1742 0000515  58.5255 272.8614 15.69744587    17
STARLINK-11474 [DTC]
1 62065C 24217J   25222.09840278  .00036735  00000+0  30289-3 0  2223
2 62065  53.1569  34.0086 0000677 106.7078 304.0665 15.69649885    16
STARLINK-11463 [DTC]
1 62066C 24217K   25222.10256944  .00050561  00000+0  41685-3 0  2222
2 62066  53.1564  34.2700 0000714  92.9134 202.7409 15.69638335    16
STARLINK-11472 [DTC]
1 62067C 24217L   25222.09770833  .00042136  00000+0  34736-3 0  2227
2 62067  53.1568  34.6896 0000767  61.9620  12.0349 15.69648892    19
STARLINK-11467 [DTC]
1 62068C 24217M   25222.08868056  .00045069  00000+0  37164-3 0  2228
2 62068  53.1565  34.2805 0000603 100.3302 144.5387 15.69639771    16
STARLINK-11460 [DTC]
1 62069C 24217N   25222.10048611  .00035930  00000+0  29625-3 0  2228
2 62069  53.1569  34.6176 0000644 109.9329   7.5187 15.69650579    10
STARLINK-32604
1 62070C 24217P   25222.08104167  .00029721  00000+0  10020-2 0  2225
2 62070  53.1596  97.0684 0001356  92.5549 112.2834 15.30154104    15
STARLINK-32553
1 62071C 24217Q   25222.08312500  .00025633  00000+0  86413-3 0  2226
2 62071  53.1594  97.0488 0001465  91.2052 130.9280 15.30158469    12
STARLINK-32603
1 62072C 24217R   25222.08173611  .00020593  00000+0  69421-3 0  2225
2 62072  53.1578  96.9251 0001235  78.0170 200.4508 15.30163030    16
STARLINK-32444
1 62073C 24217S   25222.08243056  .00026465  00000+0  89221-3 0  2221
2 62073  53.1569  96.8726 0001143  84.0575 233.1177 15.30156783    19
STARLINK-32619
1 62074C 24217T   25222.07965278  .00033192  00000+0  11191-2 0  2223
2 62074  53.1599  97.1197 0001282  85.8286  88.1000 15.30147422    14
STARLINK-32580
1 62075C 24217U   25222.07687500  .00018518  00000+0  46186-3 0  2221
2 62075  53.1568  88.2258 0001204  93.1370 260.9984 15.39610955    16
STARLINK-32617
1 62076C 24217V   25222.07756944  .00021751  00000+0  54281-3 0  2229
2 62076  53.1569  88.2733 0001458  93.5312 238.7115 15.39590044    12
STARLINK-32523
1 62165C 24225C   25222.08173611  .00009946  00000+0  83362-3 0  2226
2 62165  70.0031 338.0704 0003185 270.2772 181.5039 14.98313521    17
STARLINK-32551
1 62166C 24225D   25222.08034722  .00016136  00000+0  13535-2 0  2229
2 62166  70.0032 337.9308 0003394 271.6707 307.7580 14.98278231    13
STARLINK-32506
1 62167C 24225E   25222.07756944  .00006386  00000+0  53505-3 0  2224
2 62167  70.0032 338.1874 0003446 271.3429  67.8939 14.98328922    16
STARLINK-32562
1 62168C 24225F   25222.08312500  .00009208  00000+0  77174-3 0  2226
2 62168  70.0031 337.9902 0003340 269.9582 256.8109 14.98316603    13
STARLINK-32558
1 62169C 24225G   25222.08034722  .00011571  00000+0  96983-3 0  2229
2 62169  70.0030 338.0467 0003250 270.5103 196.2825 14.98311879    10
STARLINK-32538
1 62170C 24225H   25222.07618056  .00007716  00000+0  64659-3 0  2229
2 62170  70.0034 338.1383 0003373 270.5913 106.1889 14.98322222    13
STARLINK-32257
1 62171C 24225J   25222.07687500  .00014242  00000+0  11939-2 0  2224
2 62171  70.0032 337.8621 0003114 270.7312 357.4134 14.98304237    11
STARLINK-32407
1 62172C 24225K   25222.07826389  .00007801  00000+0  65386-3 0  2224
2 62172  70.0031 337.9513 0003350 271.0037 274.5869 14.98316530    15
STARLINK-32575
1 62173C 24225L   25222.07618056  .00008520  00000+0  71408-3 0  2226
2 62173  70.0028 327.8158 0003383 268.7017  30.9643 14.98317864    17
STARLINK-32552
1 62174C 24225M   25222.08104167  .00014136  00000+0  11850-2 0  2225
2 62174  70.0032 337.8773 0003259 270.6386 357.4614 14.98305630    13
STARLINK-32534
1 62175C 24225N   25222.07826389  .00009112  00000+0  76362-3 0  2220
2 62175  70.0034 338.1577 0003412 270.5519  94.9332 14.98321697    11
STARLINK-32516
1 62176C 24225P   25222.07826389  .00010937  00000+0  91669-3 0  2225
2 62176  70.0032 338.1071 0003243 270.5157 140.0207 14.98314480    15
STARLINK-32542
1 62177C 24225Q   25222.07895833  .00008336  00000+0  69865-3 0  2229
2 62177  70.0030 338.0248 0003401 270.1854 211.6062 14.98319615    14
STARLINK-32600
1 62178C 24225R   25222.08312500  .00013599  00000+0  11402-2 0  2226
2 62178  70.0029 328.0974 0003467 270.1505 156.9013 14.98298740    15
STARLINK-32584
1 62179C 24225S   25222.08312500  .00011181  00000+0  93716-3 0  2221
2 62179  70.0033 337.9047 0002898 269.9539 279.3618 14.98312555    13
STARLINK-32587
1 62180C 24225T   25222.07826389  .00009300  00000+0  77946-3 0  2224
2 62180  70.0031 337.8186 0003160 268.8161 321.8298 14.98314911    13
STARLINK-32602
1 62181C 24225U   25222.08034722  .00007028  00000+0  58906-3 0  2228
2 62181  70.0029 328.0057 0003470 270.5411 231.5247 14.98318009    15
STARLINK-32565
1 62182C 24225V   25222.08104167  .00007142  00000+0  59845-3 0  2220
2 62182  70.0032 337.8028 0003380 271.4731  64.1227 14.98326558    17
STARLINK-32589
1 62183C 24225W   25222.07895833  .00011538  00000+0  96711-3 0  2224
2 62183  70.0032 338.2046 0003080 270.9377  54.1894 14.98312269    13
STARLINK-32581
1 62184C 24225X   25222.07618056  .00009502  00000+0  79639-3 0  2223
2 62184  70.0030 327.9162 0003521 269.8748 299.7619 14.98317459    13
STARLINK-11394 [DTC]
1 62218C 24231A   25222.10048611  .00044055  00000+0  36320-3 0  2228
2 62218  53.1560  64.3427 0000853 100.5506  86.3474 15.69645333    18
STARLINK-11490 [DTC]
1 62219C 24231B   25222.10048611 -.00013394  00000+0 -11054-3 0  2220
2 62219  53.1559  64.3985 0000429  82.3194  76.9199 15.69676405    18
STARLINK-11466 [DTC]
1 62220C 24231C   25222.10048611  .00045536  00000+0  37542-3 0  2223
2 62220  53.1562  64.5105 0000867 104.4064 359.2865 15.69643498    11
STARLINK-11468 [DTC]
1 62221C 24231D   25222.10118056  .00041294  00000+0  34050-3 0  2223
2 62221  53.1565  64.6193 0001015 105.4728 306.6790 15.69643432    18
STARLINK-11488 [DTC]
1 62222C 24231E   25222.09979167  .00045738  00000+0  37708-3 0  2220
2 62222  53.1561  64.4566 0000804 105.9286  21.5702 15.69643314    11
STARLINK-11483 [DTC]
1 62223C 24231F   25222.09840278  .00040265  00000+0  33196-3 0  2228
2 62223  53.1565  64.0673 0000708 110.0753 203.7280 15.69649076    16
STARLINK-11492 [DTC]
1 62224C 24231G   25222.09840278  .00051041  00000+0  42090-3 0  2226
2 62224  53.1563  64.5875 0000874  95.7688 328.4032 15.69632823    16
STARLINK-11471 [DTC]
1 62225C 24231H   25222.10256944  .00046189  00000+0  38078-3 0  2228
2 62225  53.1567  64.1139 0000755  68.5132 241.1009 15.69644760    18
STARLINK-11475 [DTC]
1 62226C 24231J   25222.09840278  .00045151  00000+0  37224-3 0  2226
2 62226  53.1566  64.1777 0000721  68.7801 189.5521 15.69644642    17
STARLINK-11469 [DTC]
1 62227C 24231K   25222.10118056  .00045023  00000+0  37113-3 0  2226
2 62227  53.1561  64.2769 0000907  82.7212 135.8368 15.69647552    19
STARLINK-11476 [DTC]
1 62228C 24231L   25222.09909722  .00044823  00000+0  36951-3 0  2229
2 62228  53.1564  64.0045 0000831  65.9154 279.5468 15.69646350    14
STARLINK-11485 [DTC]
1 62229C 24231M   25222.10256944  .00045968  00000+0  37904-3 0  2223
2 62229  53.1565  64.2118 0000913 108.9092 145.2616 15.69638903    18
STARLINK-11481 [DTC]
1 62230C 24231N   25222.10118056  .00048685  00000+0  40136-3 0  2226
2 62230  53.1563  64.6715 0001009  66.7966 317.6132 15.69641662    17
STARLINK-32650
1 62231C 24231P   25222.08034722  .00022606  00000+0  76220-3 0  2229
2 62231  53.1597 122.7219 0001200  81.8536  54.9282 15.30156868    18
STARLINK-32636
1 62232C 24231Q   25222.07687500  .00033296  00000+0  11226-2 0  2228
2 62232  53.1569 122.3052 0001342  83.9485 254.7234 15.30146486    14
STARLINK-32643
1 62233C 24231R   25222.08243056  .00025089  00000+0  62636-3 0  2227
2 62233  53.1568 114.4012 0001027  80.1527 322.0394 15.39575583    17
STARLINK-32652
1 62234C 24231S   25222.08034722  .00018257  00000+0  61553-3 0  2222
2 62234  53.1585 122.5357 0001574  90.5162 139.3392 15.30161970    15
STARLINK-32631
1 62235C 24231T   25222.08104167  .00030351  00000+0  75770-3 0  2229
2 62235  53.1573 114.5055 0001136  75.4428 269.3769 15.39571696    11
STARLINK-32641
1 62236C 24231U   25222.07687500  .00042167  00000+0  10528-2 0  2223
2 62236  53.1570 114.1672 0001373  64.1966  77.7996 15.39554756    16
STARLINK-32632
1 62262C 24231V   25222.07618056  .00011692  00000+0  39416-3 0  2229
2 62262  53.1592 122.6578 0000920  93.6809  60.8414 15.30172885    16
STARLINK-32648
1 62301C 24239A   25222.08104167  .00031571  00000+0  78805-3 0  2228
2 62301  53.1575  88.6186 0001065  90.7599 183.3453 15.39574834    15
STARLINK-32594
1 62302C 24239B   25222.07618056  .00023666  00000+0  79781-3 0  2225
2 62302  53.1568  94.6326 0000944  77.7518 295.1005 15.30161512    13
STARLINK-32621
1 62303C 24239C   25222.07756944  .00028599  00000+0  71380-3 0  2222
2 62303  53.1569  88.4769 0001186 103.3366 230.5963 15.39580386    12
STARLINK-32597
1 62304C 24239D   25222.08173611  .00035012  00000+0  87392-3 0  2226
2 62304  53.1573  88.7691 0001354  72.0505 128.6503 15.39571434    10
STARLINK-32649
1 62305C 24239E   25222.07687500  .00024639  00000+0  83067-3 0  2221
2 62305  53.1581  96.4718 0001340  78.9913 161.4931 15.30156835    14
STARLINK-32633
1 62306C 24239F   25222.08034722  .00027926  00000+0  94147-3 0  2228
2 62306  53.1584  96.7722 0001064  85.2394  11.5189 15.30154743    19
STARLINK-32646
1 62307C 24239G   25222.08104167  .00026953  00000+0  67274-3 0  2220
2 62307  53.1574  88.5624 0001246  92.7830 208.9036 15.39580890    17
STARLINK-32706
1 62308C 24239H   25222.07895833  .00024688  00000+0  83231-3 0  2221
2 62308  53.1569  97.0998 0001092  80.6345 205.6095 15.30158170    19
STARLINK-32678
1 62309C 24239J   25222.07826389  .00040121  00000+0  10014-2 0  2220
2 62309  53.1574  88.5784 0001146  77.2063 207.2419 15.39567889    11
STARLINK-32696
1 62310C 24239K   25222.08173611  .00020180  00000+0  68030-3 0  2221
2 62310  53.1568  97.0543 0001131  85.4115 233.5828 15.30164252    11
STARLINK-32700
1 62311C 24239L   25222.07895833  .00033650  00000+0  83997-3 0  2223
2 62311  53.1575  88.7261 0001383  85.6220 127.2634 15.39571106    15
STARLINK-32698
1 62312C 24239M   25222.08034722  .00032672  00000+0  11015-2 0  2221
2 62312  53.1573  97.1271 0001276  72.2232 204.2333 15.30148005    16
STARLINK-32634
1 62313C 24239N   25222.08034722  .00034609  00000+0  86392-3 0  2225
2 62313  53.1575  88.7223 0001225  89.0297 129.7280 15.39569697    18
STARLINK-32651
1 62314C 24239P   25222.08243056  .00029423  00000+0  99195-3 0  2221
2 62314  53.1587  96.7383 0001158  80.7124  39.1638 15.30153008    17
STARLINK-32627
1 62315C 24239Q   25222.08034722  .00013388  00000+0  45127-3 0  2229
2 62315  53.1573  97.0586 0001001  87.4894 200.6145 15.30174926    17
STARLINK-32596
1 62316C 24239R   25222.07965278  .00022595  00000+0  76176-3 0  2226
2 62316  53.1564  97.0276 0001196  79.8476 245.1251 15.30159925    14
STARLINK-32519
1 62317C 24239S   25222.08104167  .00016724  00000+0  41740-3 0  2226
2 62317  53.1568  88.2062 0001303  85.7921  34.3240 15.39592964    14
STARLINK-32527
1 62319C 24239U   25222.07618056  .00021588  00000+0  53877-3 0  2222
2 62319  53.1568  88.4298 0001056  90.4612 261.5162 15.39589878    11
STARLINK-32481
1 62320C 24239V   25222.07756944  .00028111  00000+0  70167-3 0  2223
2 62320  53.1575  88.6279 0001153  91.0183 165.6660 15.39578493    18
STARLINK-32645
1 62321C 24239W   25222.08312500  .00036062  00000+0  90008-3 0  2221
2 62321  53.1573  88.7552 0001137  74.2069 136.0232 15.39572537    10
STARLINK-32654
1 62322C 24239X   25222.08173611  .00023244  00000+0  78366-3 0  2221
2 62322  53.1592  96.6933 0001426  90.4433  48.8809 15.30157191    15
STARLINK-32702
1 62432C 24251A   25222.08034722 -.00006067  00000+0 -20453-3 0  2226
2 62432  53.1582 235.3551 0001231  86.3220 153.9272 15.30191612    14
STARLINK-32712
1 62433C 24251B   25222.08173611  .00010348  00000+0  34884-3 0  2226
2 62433  53.1569 238.3300 0001233  83.1924  91.3994 15.30173991    19
STARLINK-32674
1 62434C 24251C   25222.08173611  .00011243  00000+0  37906-3 0  2220
2 62434  53.1559 237.9219 0001169  81.3925 302.5935 15.30168488    19
STARLINK-32711
1 62435C 24251D   25222.07618056  .00006613  00000+0  22295-3 0  2227
2 62435  53.1570 238.3224 0001225  86.9586  74.4549 15.30174789    18
STARLINK-32697
1 62436C 24251E   25222.08034722  .00004019  00000+0  13547-3 0  2229
2 62436  53.1570 238.1678 0001283  90.6716 163.4927 15.30184712    17
STARLINK-32693
1 62437C 24251F   25222.07826389 -.00001747  00000+0 -58903-4 0  2220
2 62437  53.1564 235.5209 0001183  85.0156  27.4942 15.30187499    18
STARLINK-32721
1 62438C 24251G   25222.08104167 -.00025264  00000+0 -85050-3 0  2227
2 62438  53.1560 238.0802 0001308  86.9888 211.7072 15.30253932    11
STARLINK-32709
1 62439C 24251H   25222.07687500  .00004017  00000+0  13544-3 0  2224
2 62439  53.1562 238.5398 0001285  80.8358 333.9103 15.30176031    14
STARLINK-32689
1 62440C 24251J   25222.08104167  .00007490  00000+0  25247-3 0  2221
2 62440  53.1559 237.8744 0001215  78.0210 325.3986 15.30177505    19
STARLINK-32724
1 62441C 24251K   25222.07756944  .00010687  00000+0  36029-3 0  2229
2 62441  53.1564 238.1226 0001276  93.1693 174.7859 15.30173600    12
STARLINK-32291
1 62442C 24251L   25222.08381944  .00001519  00000+0  51183-4 0  2228
2 62442  53.1571 238.1824 0001287  89.4622 166.3936 15.30187544    12
STARLINK-32736
1 62443C 24251M   25222.07826389  .00006627  00000+0  22342-3 0  2224
2 62443  53.1571 238.2908 0001423  92.3861  92.1488 15.30176657    18
STARLINK-32737
1 62444C 24251N   25222.08243056  .00004997  00000+0  16844-3 0  2228
2 62444  53.1566 235.9037 0001304  94.3582 232.3768 15.30182451    18
STARLINK-32683
1 62445C 24251P   25222.08104167  .00004170  00000+0  14056-3 0  2224
2 62445  53.1562 238.4683 0001166  99.2478   1.7166 15.30181495    11
STARLINK-32726
1 62446C 24251Q   25222.07548611 -.00002257  00000+0 -76097-4 0  2220
2 62446  53.1561 238.1172 0001310  94.2927 167.9897 15.30185214    15
STARLINK-32730
1 62447C 24251R   25222.08173611  .00001492  00000+0  50282-4 0  2222
2 62447  53.1557 238.0056 0001263  89.9688 247.4683 15.30186815    18
STARLINK-32719
1 62448C 24251S   25222.08173611  .00003747  00000+0  12630-3 0  2222
2 62448  53.1561 238.5381 0001195  91.2790 263.1075 15.30186139    13
STARLINK-32723
1 62449C 24251T   25222.07826389  .00005456  00000+0  18392-3 0  2229
2 62449  53.1564 238.1281 0001264  92.5267 173.4345 15.30180519    11
STARLINK-32722
1 62450C 24251U   25222.08173611  .00004924  00000+0  16596-3 0  2228
2 62450  53.1558 238.0516 0001263  89.0920 225.0798 15.30185409    11
STARLINK-32720
1 62451C 24251V   25222.08243056 -.00001244  00000+0 -41924-4 0  2228
2 62451  53.1567 238.3855 0001223  88.6765  60.6382 15.30191621    14
STARLINK-32656
1 62452C 24251W   25222.08312500  .00003959  00000+0  13342-3 0  2225
2 62452  53.1560 238.5395 0001167  89.7794 341.9354 15.30187323    18
STARLINK-32690
1 62453C 24251X   25222.08104167  .00010393  00000+0  35038-3 0  2220
2 62453  53.1559 238.0219 0001266  96.4769 231.3378 15.30170925    12
STARLINK-33596
1 62758C 25015A   25222.07895833  .00004937  00000+0  16642-3 0  2220
2 62758  53.1564 225.6502 0001064  82.7600  96.8978 15.30179163    14
STARLINK-33589
1 62759C 25015B   25222.07687500 -.00038490  00000+0 -12980-2 0  2224
2 62759  53.1561 225.6398 0001190  90.8127  89.0789 15.30210524    10
STARLINK-33575
1 62760C 25015C   25222.08034722  .00011110  00000+0  37459-3 0  2226
2 62760  53.1571 225.4069 0001211  83.7625 208.2892 15.30169320    11
STARLINK-33584
1 62761C 25015D   25222.08104167  .00000605  00000+0  20385-4 0  2226
2 62761  53.1578 225.2846 0001264  87.7232 283.7122 15.30188905    10
STARLINK-33577
1 62762C 25015E   25222.08034722  .00002230  00000+0  75213-4 0  2222
2 62762  53.1570 225.0676 0001317  96.1227  22.0208 15.30164793    17
STARLINK-33597
1 62763C 25015F   25222.08104167 -.00006299  00000+0 -21230-3 0  2224
2 62763  53.1562 225.6734 0001370  86.2995  87.3738 15.30196749    19
STARLINK-33579
1 62764C 25015G   25222.07895833 -.00002901  00000+0 -97788-4 0  2229
2 62764  53.1563 225.0201 0001212  89.2192  50.3393 15.30187189    16
STARLINK-33592
1 62765C 25015H   25222.07687500 -.00000658  00000+0 -22168-4 0  2227
2 62765  53.1572 225.4830 0001168  92.6398 162.7731 15.30191071    14
STARLINK-33595
1 62766C 25015J   25222.07548611 -.00000035  00000+0 -11820-5 0  2220
2 62766  53.1576 225.2168 0001301  87.1766 300.1733 15.30188862    12
STARLINK-33572
1 62767C 25015K   25222.08034722 -.00008946  00000+0 -30155-3 0  2224
2 62767  53.1576 225.3660 0001225  91.3567 235.5384 15.30194601    13
STARLINK-33601
1 62768C 25015L   25222.08104167  .00003216  00000+0  10839-3 0  2226
2 62768  53.1578 225.2928 0001249  94.5088 271.1247 15.30184961    13
STARLINK-33569
1 62769C 25015M   25222.08173611 -.00000925  00000+0 -31170-4 0  2225
2 62769  53.1571 225.1090 0001270  92.4839  10.0362 15.30187242    14
STARLINK-33594
1 62770C 25015N   25222.07826389  .00001029  00000+0  34701-4 0  2220
2 62770  53.1566 225.0445 0001348 100.7960  23.3115 15.30182934    13
STARLINK-33598
1 62771C 25015P   25222.07756944 -.00006308  00000+0 -21263-3 0  2225
2 62771  53.1574 225.1460 0001308  89.8807 338.0397 15.30192124    14
STARLINK-33600
1 62772C 25015Q   25222.06437500 -.00011316  00000+0 -38140-3 0  2226
2 62772  53.1564 225.6451 0001252  85.5644  48.5957 15.30201937    17
STARLINK-33567
1 62773C 25015R   25222.07965278  .00004625  00000+0  15591-3 0  2224
2 62773  53.1579 225.2619 0001265  94.2887 281.1417 15.30180819    17
STARLINK-33574
1 62774C 25015S   25222.07687500 -.00003724  00000+0 -12551-3 0  2228
2 62774  53.1575 225.1985 0001283  86.6451 314.1778 15.30191379    11
STARLINK-33576
1 62775C 25015T   25222.08034722  .00003128  00000+0  10543-3 0  2227
2 62775  53.1572 225.4585 0001198  92.5049 187.8562 15.30190303    14
STARLINK-33570
1 62776C 25015U   25222.07895833 -.00002039  00000+0 -68714-4 0  2221
2 62776  53.1575 225.1747 0001270  86.0099 332.1117 15.30189542    13
STARLINK-33591
1 62777C 25015V   25222.07756944  .00006999  00000+0  23593-3 0  2223
2 62777  53.1573 225.4350 0001214  90.3765 192.1325 15.30181755    14
STARLINK-33573
1 62778C 25015W   25222.07965278  .00000666  00000+0  22439-4 0  2220
2 62778  53.1570 225.1011 0001307  87.1779   9.6790 15.30187359    19
STARLINK-33568
1 62779C 25015X   25222.07756944  .00010733  00000+0  36176-3 0  2227
2 62779  53.1575 225.3673 0001201  92.5993 224.7985 15.30180594    12
STARLINK-33593
1 62780C 25015Y   25222.08243056  .00011939  00000+0  40264-3 0  2227
2 62780  53.1573 225.1340 0001232  80.2739   8.6749 15.30159767    12
STARLINK-33588
1 62781C 25015Z   25222.07826389  .00000063  00000+0  21126-5 0  2227
2 62781  53.1575 223.1872 0001217  93.7668 218.8004 15.30191659    11
STARLINK-33585
1 62782C 25015AA  25222.07756944  .00000618  00000+0  20817-4 0  2228
2 62782  53.1561 225.0107 0001280  92.4019  45.3134 15.30188269    15
STARLINK-33582
1 62783C 25015AB  25222.07687500  .00042654  00000+0  14392-2 0  2225
2 62783  53.1578 225.2637 0001581  82.2417 283.6908 15.30112565    19
STARLINK-33581
1 62784C 25015AC  25222.08104167 -.00002494  00000+0 -84063-4 0  2224
2 62784  53.1564 225.5773 0001250  91.0294 129.1881 15.30190801    16
STARLINK-32883
1 62806C 25018A   25222.08104167 -.00006451  00000+0 -21745-3 0  2226
2 62806  53.1574 212.4217 0001344  92.3254 183.5200 15.30193148    10
STARLINK-32886
1 62807C 25018B   25222.07687500 -.00006298  00000+0 -21231-3 0  2222
2 62807  53.1573 212.4265 0001305  90.1093 168.5867 15.30192117    14
STARLINK-32848
1 62808C 25018C   25222.07895833  .00002799  00000+0  94358-4 0  2224
2 62808  53.1578 212.4728 0001355  91.9128 149.2009 15.30181876    11
STARLINK-32787
1 62809C 25018D   25222.07687500  .00004443  00000+0  14975-3 0  2229
2 62809  53.1572 212.4037 0001350  84.3573 185.9855 15.30182714    12
STARLINK-32851
1 62810C 25018E   25222.08034722 -.00013080  00000+0 -44082-3 0  2225
2 62810  53.1576 212.4463 0001523  85.4356 174.9334 15.30205365    12
STARLINK-32847
1 62811C 25018F   25222.07826389  .00001189  00000+0  40076-4 0  2228
2 62811  53.1561 212.2575 0001287  87.6073 260.1929 15.30182230    19
STARLINK-32837
1 62812C 25018G   25222.07687500  .00002642  00000+0  89063-4 0  2223
2 62812  53.1572 212.3794 0001352  86.6604 201.1267 15.30179775    18
STARLINK-32855
1 62813C 25018H   25222.07548611 -.00008412  00000+0 -28351-3 0  2228
2 62813  53.1561 212.2371 0001262  87.2912 262.6255 15.30198601    14
STARLINK-32843
1 62814C 25018J   25222.08173611 -.00006611  00000+0 -22291-3 0  2220
2 62814  53.1577 212.6102 0001266  86.9032  93.9106 15.30186321    17
STARLINK-32845
1 62815C 25018K   25222.07687500 -.00002425  00000+0 -81757-4 0  2229
2 62815  53.1562 212.2993 0001290  89.3177 233.3793 15.30184855    12
STARLINK-32854
1 62816C 25018L   25222.07965278  .00009960  00000+0  33543-3 0  2229
2 62816  53.1581 212.5411 0001099  76.2079 133.7198 15.30205081    12
STARLINK-32824
1 62817C 25018M   25222.07965278 -.00004049  00000+0 -13646-3 0  2227
2 62817  53.1564 212.3066 0001305  90.3228 236.0376 15.30193144    12
STARLINK-32853
1 62818C 25018N   25222.08104167 -.00003981  00000+0 -13418-3 0  2222
2 62818  53.1560 212.2324 0001280  87.5876 281.3261 15.30192786    11
STARLINK-32856
1 62819C 25018P   25222.07548611 -.00043505  00000+0 -14664-2 0  2227
2 62819  53.1580 212.5123 0001297  87.3302 123.0692 15.30232489    19
STARLINK-32844
1 62820C 25018Q   25222.08173611 -.00008949  00000+0 -30169-3 0  2226
2 62820  53.1580 212.5140 0001274  87.9711 139.3608 15.30191635    19
STARLINK-32782
1 62821C 25018R   25222.07618056  .00004246  00000+0  14312-3 0  2229
2 62821  53.1571 212.3919 0001396  90.3354 181.9976 15.30181883    13
STARLINK-32842
1 62822C 25018S   25222.08173611  .00002815  00000+0  94899-4 0  2223
2 62822  53.1577 212.4474 0001320  86.8342 175.4068 15.30182706    16
STARLINK-32823
1 62823C 25018T   25222.07756944  .00005999  00000+0  20223-3 0  2224
2 62823  53.1561 212.2820 0001277  83.6106 248.7332 15.30178071    15
STARLINK-32852
1 62824C 25018U   25222.08104167 -.00013016  00000+0 -43871-3 0  2225
2 62824  53.1578 212.5896 0001335  82.5579 106.0345 15.30203240    14
STARLINK-32825
1 62825C 25018V   25222.08104167  .00005818  00000+0  19613-3 0  2222
2 62825  53.1566 209.9105 0001232  85.8954  19.0236 15.30177862    16
STARLINK-32704
1 62826C 25018W   25222.07965278  .00011175  00000+0  37668-3 0  2223
2 62826  53.1591 212.5206 0000963  85.3299 142.1406 15.30177063    14
STARLINK-32838
1 62827C 25018X   25222.08104167 -.00009304  00000+0 -23217-3 0  2225
2 62827  53.1574 175.3475 0001284  95.9132  62.1371 15.39622074    18
STARLINK-32727
1 62828C 25018Y   25222.07618056 -.00018163  00000+0 -61226-3 0  2227
2 62828  53.1582 209.6936 0001287  83.1267 117.1137 15.30204908    16
STARLINK-32868
1 62854C 25022A   25222.07895833 -.00010983  00000+0 -37027-3 0  2225
2 62854  53.1601  32.1859 0001218  94.7079   4.4009 15.30193628    15
STARLINK-32867
1 62855C 25022B   25222.07965278 -.00001385  00000+0 -46703-4 0  2225
2 62855  53.1600  32.2068 0001302  93.3507 352.1486 15.30184198    17
STARLINK-32860
1 62856C 25022C   25222.08104167  .00005497  00000+0  18531-3 0  2222
2 62856  53.1585  32.7949 0001130  87.0118  69.4971 15.30178690    17
STARLINK-32873
1 62857C 25022D   25222.07756944 -.00006333  00000+0 -21344-3 0  2226
2 62857  53.1586  32.8047 0001108  82.7880  60.3727 15.30197236    18
STARLINK-32866
1 62858C 25022E   25222.08173611  .00006103  00000+0  20572-3 0  2227
2 62858  53.1600  32.2519 0001229  94.6547 339.0522 15.30179458    15
STARLINK-32869
1 62859C 25022F   25222.07895833  .00021541  00000+0  72622-3 0  2220
2 62859  53.1599  32.3801 0001281  95.3985 259.0453 15.30160125    15
STARLINK-32831
1 62860C 25022G   25222.07895833  .00012561  00000+0  42339-3 0  2226
2 62860  53.1589  32.4876 0001234  89.5429 218.3364 15.30175272    13
STARLINK-32859
1 62861C 25022H   25222.08104167 -.00004483  00000+0 -15111-3 0  2225
2 62861  53.1592  32.8412 0001160  93.5259  39.7069 15.30192324    16
STARLINK-32864
1 62862C 25022J   25222.08034722  .00012179  00000+0  41059-3 0  2224
2 62862  53.1590  32.4450 0001326  94.0051 233.1844 15.30171593    19
STARLINK-32808
1 62863C 25022K   25222.07895833 -.00001767  00000+0 -59570-4 0  2223
2 62863  53.1577  32.7028 0001125  88.5988 108.7721 15.30185912    14
STARLINK-32862
1 62864C 25022L   25222.07618056  .00022099  00000+0  74492-3 0  2222
2 62864  53.1581  32.7757 0000988  97.5778  55.4026 15.30165550    14
STARLINK-32841
1 62865C 25022M   25222.08104167  .00014802  00000+0  49892-3 0  2226
2 62865  53.1582  32.5362 0001056  87.1716 203.1033 15.30175263    12
STARLINK-32695
1 62866C 25022N   25222.07618056 -.00002433  00000+0 -82022-4 0  2225
2 62866  53.1599  32.2442 0001101  83.7517 336.7709 15.30190478    17
STARLINK-32846
1 62867C 25022P   25222.07826389  .00016617  00000+0  56023-3 0  2224
2 62867  53.1594  32.4289 0000787  96.4053 230.9427 15.30165277    10
STARLINK-32822
1 62868C 25022Q   25222.07756944  .00023154  00000+0  78049-3 0  2220
2 62868  53.1578  32.5838 0000924  96.0121 157.6896 15.30164597    18
STARLINK-32813
1 62869C 25022R   25222.07618056 -.00001624  00000+0 -54731-4 0  2225
2 62869  53.1582  32.7525 0001016  84.7362  79.8543 15.30191600    12
STARLINK-32861
1 62870C 25022S   25222.07826389  .00024959  00000+0  84129-3 0  2224
2 62870  53.1601  32.2590 0001347  93.3777 327.0084 15.30163208    17
STARLINK-32814
1 62871C 25022T   25222.07895833  .00076778  00000+0  25929-2 0  2223
2 62871  53.1576  32.6038 0000758  95.8982 153.9197 15.30050683    13
STARLINK-32849
1 62872C 25022U   25222.08243056 -.00030942  00000+0 -10425-2 0  2229
2 62872  53.1592  32.8273 0001367  97.4815  49.1642 15.30233312    18
STARLINK-32833
1 62873C 25022V   25222.07756944  .00001015  00000+0  34231-4 0  2224
2 62873  53.1594  32.4603 0001095  92.1641 225.5110 15.30182473    12
STARLINK-32793
1 62874C 25022W   25222.07548611 -.00002006  00000+0 -67628-4 0  2224
2 62874  53.1576  32.6790 0001276  91.0512 110.4337 15.30190458    13
STARLINK-32834
1 62875C 25022X   25222.07965278  .00009008  00000+0  30368-3 0  2224
2 62875  53.1591  32.4719 0001124  84.9699 232.5607 15.30173488    19
STARLINK-32728
1 62948C 25029A   25222.07965278  .00032008  00000+0  10794-2 0  2228
2 62948  53.1594 133.0242 0001381  77.2776 230.0610 15.30142806    15
STARLINK-32857
1 62949C 25029B   25222.08034722  .00028333  00000+0  95542-3 0  2222
2 62949  53.1596 132.8559 0001418  88.4364 309.9670 15.30146670    19
STARLINK-32850
1 62950C 25029C   25222.07687500  .00010988  00000+0  37051-3 0  2229
2 62950  53.1577 135.4017 0001107  81.7498  91.0208 15.30166395    19
STARLINK-32875
1 62951C 25029D   25222.07618056  .00023637  00000+0  79718-3 0  2221
2 62951  53.1585 133.1566 0001339  81.4058 148.6373 15.30146976    14
STARLINK-32865
1 62952C 25029E   25222.07548611 -.00028932  00000+0 -97630-3 0  2229
2 62952  53.1586 135.3376 0000998  84.6870 115.4176 15.30181777    17
STARLINK-32884
1 62953C 25029F   25222.08243056 -.00001695  00000+0 -57161-4 0  2229
2 62953  53.1588 133.0921 0001356  77.9985 203.9197 15.30176264    13
STARLINK-32874
1 62954C 25029G   25222.07479167  .00006964  00000+0  23478-3 0  2228
2 62954  53.1595 132.9757 0001121  91.7417 223.6802 15.30176050    16
STARLINK-32880
1 62955C 25029H   25222.07826389  .00022979  00000+0  77506-3 0  2226
2 62955  53.1587 135.3125 0001201 102.8944 118.2702 15.30144125    18
STARLINK-32815
1 62956C 25029J   25222.07687500  .00025679  00000+0  86611-3 0  2224
2 62956  53.1590 133.0944 0001169 103.0833 159.8653 15.30141659    15
STARLINK-32879
1 62957C 25029K   25222.08104167  .00032446  00000+0  10933-2 0  2222
2 62957  53.1568 135.5658 0001265  94.3680   8.2196 15.30165955    13
STARLINK-32885
1 62958C 25029L   25222.07756944  .00010863  00000+0  36624-3 0  2223
2 62958  53.1588 133.1009 0001121  87.4735 173.4644 15.30169519    18
STARLINK-32896
1 62959C 25029M   25222.08104167  .00019315  00000+0  65145-3 0  2220
2 62959  53.1587 135.7008 0001495  76.3399 316.5640 15.30149755    18
STARLINK-32877
1 62960C 25029N   25222.07687500  .00023333  00000+0  78684-3 0  2225
2 62960  53.1577 135.6507 0001032  65.9474 338.8740 15.30150609    15
STARLINK-32889
1 62961C 25029P   25222.07618056  .00025303  00000+0  85311-3 0  2220
2 62961  53.1582 135.6913 0001255  80.0730 303.4599 15.30154970    18
STARLINK-32858
1 62962C 25029Q   25222.07548611  .00012672  00000+0  42733-3 0  2226
2 62962  53.1593 135.0515 0001225  97.1975 248.2299 15.30160208    14
STARLINK-32882
1 62963C 25029R   25222.07895833  .00022470  00000+0  75766-3 0  2227
2 62963  53.1586 133.1164 0001327  80.0712 176.9056 15.30154033    16
STARLINK-32887
1 62964C 25029S   25222.07826389  .00019114  00000+0  64450-3 0  2227
2 62964  53.1591 133.0642 0001537  92.2930 189.9420 15.30156823    11
STARLINK-32836
1 62965C 25029T   25222.07548611  .00028834  00000+0  97231-3 0  2229
2 62965  53.1595 133.0291 0001394  73.7192 216.4698 15.30146446    14
STARLINK-32888
1 62966C 25029U   25222.07965278  .00018959  00000+0  63941-3 0  2220
2 62966  53.1592 135.6121 0000855  75.5651   2.0117 15.30152054    10
STARLINK-32897
1 62967C 25029V   25222.07618056  .00006253  00000+0  21082-3 0  2224
2 62967  53.1590 135.2614 0001312  96.4991 142.2413 15.30173438    15
STARLINK-32863
1 62968C 25029W   25222.07756944  .00011340  00000+0  38239-3 0  2229
2 62968  53.1568 135.5092 0001150  95.0671  23.3718 15.30165382    10
STARLINK-32894
1 62969C 25029X   25222.07618056  .00012432  00000+0  41916-3 0  2220
2 62969  53.1595 135.1930 0001274  85.9079 187.7436 15.30167300    19
STARLINK-32826
1 62970C 25029Y   25222.07895833  .00014150  00000+0  47710-3 0  2229
2 62970  53.1597 135.1102 0001240  81.6876 242.1632 15.30164223    10
STARLINK-32798
1 63029C 25034A   25222.08034722  .00048600  00000+0  16361-2 0  2228
2 63029  53.1571 173.6627 0001144  96.0895 156.3811 15.30179999    12
STARLINK-32779
1 63030C 25034B   25222.08243056  .00009916  00000+0  33425-3 0  2220
2 63030  53.1570 174.2703 0001281  84.5716 225.3220 15.30176098    19
STARLINK-32716
1 63031C 25034C   25222.07826389 -.00013822  00000+0 -34514-3 0  2229
2 63031  53.1570 165.5664 0001288  93.8307 294.9055 15.39608606    17
STARLINK-32776
1 63032C 25034D   25222.08104167  .00008517  00000+0  21268-3 0  2229
2 63032  53.1569 165.4509 0001215  83.4398  12.2417 15.39584997    17
STARLINK-32772
1 63033C 25034E   25222.07756944 -.00004190  00000+0 -10460-3 0  2222
2 63033  53.1582 165.9782 0001231  90.6892  88.1681 15.39606586    12
STARLINK-32830
1 63034C 25034F   25222.07618056  .00015641  00000+0  39047-3 0  2227
2 63034  53.1579 165.7798 0001290  85.3345 188.8651 15.39585972    13
STARLINK-32801
1 63035C 25034G   25222.07548611  .00005798  00000+0  14484-3 0  2227
2 63035  53.1583 165.8851 0001234  91.5230 127.3298 15.39575570    18
STARLINK-32818
1 63036C 25034H   25222.07895833 -.00010129  00000+0 -25291-3 0  2223
2 63036  53.1576 166.0813 0001271  94.9257  36.4389 15.39607297    12
STARLINK-32810
1 63037C 25034J   25222.08173611  .00024938  00000+0  62265-3 0  2221
2 63037  53.1584 165.9062 0001241  84.5390 143.2128 15.39573207    17
STARLINK-32812
1 63038C 25034K   25222.08034722  .00006466  00000+0  16142-3 0  2220
2 63038  53.1576 165.7098 0001277  96.3066 224.8571 15.39595409    12
STARLINK-32811
1 63039C 25034L   25222.07895833 -.00001552  00000+0 -38734-4 0  2223
2 63039  53.1580 165.8169 0001241  90.9687 172.8498 15.39611108    13
STARLINK-32832
1 63040C 25034M   25222.07687500  .00011900  00000+0  29711-3 0  2225
2 63040  53.1577 165.7244 0001185  85.9997 217.7965 15.39587629    17
STARLINK-32820
1 63041C 25034N   25222.07618056 -.00013883  00000+0 -34662-3 0  2221
2 63041  53.1571 165.6256 0001270  74.4523 276.9839 15.39612161    14
STARLINK-32795
1 63042C 25034P   25222.07687500 -.00000108  00000+0 -26891-5 0  2225
2 63042  53.1569 165.5194 0001243 100.5109 306.3074 15.39585072    12
STARLINK-32827
1 63043C 25034Q   25222.08173611 -.00013132  00000+0 -44274-3 0  2224
2 63043  53.1572 174.2489 0001280  89.0719 228.6205 15.30193814    12
STARLINK-32735
1 63044C 25034R   25222.07756944 -.00016041  00000+0 -54081-3 0  2229
2 63044  53.1570 173.6041 0001338  91.6296 180.4561 15.30197805    15
STARLINK-32828
1 63045C 25034S   25222.07618056 -.00005857  00000+0 -19744-3 0  2221
2 63045  53.1589 173.8798 0001315  89.3519  35.4838 15.30191119    12
STARLINK-32738
1 63046C 25034T   25222.08243056 -.00007604  00000+0 -18983-3 0  2223
2 63046  53.1583 165.8534 0001215  81.8526 173.6113 15.39611221    11
STARLINK-32590
1 63047C 25034U   25222.08173611  .00003795  00000+0  94726-4 0  2228
2 63047  53.1581 165.9595 0001189  94.8654 105.2436 15.39603635    13
STARLINK-32790
1 63048C 25034V   25222.07618056  .00018954  00000+0  47315-3 0  2229
2 63048  53.1572 165.6783 0001217  86.5201 237.3123 15.39585350    11
STARLINK-32829
1 63049C 25034W   25222.08104167 -.00011055  00000+0 -37272-3 0  2222
2 63049  53.1577 174.2160 0001270  90.1238 241.1915 15.30192892    10
STARLINK-32816
1 63050C 25034X   25222.08104167 -.00001681  00000+0 -56667-4 0  2228
2 63050  53.1598 173.9835 0001263  87.1106   0.5383 15.30183136    19
STARLINK-32835
1 63051C 25034Y   25222.07756944  .00004083  00000+0  13765-3 0  2222
2 63051  53.1594 174.0868 0001301  86.7812 301.0231 15.30176099    17
STARLINK-32839
1 63077C 25037A   25222.07548611 -.00032985  00000+0 -27650-2 0  2224
2 63077  70.0020 168.0982 0003471 258.8748  46.0402 14.98352467    11
STARLINK-32821
1 63078C 25037B   25222.07756944 -.00021945  00000+0 -18390-2 0  2220
2 63078  70.0020 168.0876 0003277 268.7428  48.2474 14.98354323    19
STARLINK-32817
1 63079C 25037C   25222.08173611 -.00015045  00000+0 -12610-2 0  2229
2 63079  70.0024 167.8993 0003562 261.6732 235.3847 14.98338219    17
STARLINK-32906
1 63080C 25037D   25222.07965278 -.00028220  00000+0 -23649-2 0  2221
2 63080  70.0022 168.1817 0002690 270.1568 327.1231 14.98361186    15
STARLINK-32895
1 63081C 25037E   25222.08104167 -.00017663  00000+0 -14807-2 0  2220
2 63081  70.0021 168.1565 0002710 270.3661 357.8692 14.98336901    12
STARLINK-32933
1 63082C 25037F   25222.08173611 -.00009650  00000+0 -80879-3 0  2221
2 63082  70.0022 167.9985 0003480 266.2328 139.9016 14.98336872    12
STARLINK-32932
1 63083C 25037G   25222.08034722 -.00021467  00000+0 -17994-2 0  2228
2 63083  70.0021 168.0338 0003444 263.2320 113.8075 14.98343491    16
STARLINK-32908
1 63084C 25037H   25222.07756944 -.00020537  00000+0 -17214-2 0  2227
2 63084  70.0023 167.9863 0002547 270.1851 136.8874 14.98346244    10
STARLINK-32505
1 63085C 25037J   25222.08243056 -.00030290  00000+0 -25389-2 0  2223
2 63085  70.0020 168.1521 0003053 264.8440   9.9819 14.98354341    15
STARLINK-32914
1 63086C 25037K   25222.07895833 -.00022072  00000+0 -18502-2 0  2227
2 63086  70.0022 168.0049 0003619 260.5562 131.5042 14.98342642    19
STARLINK-32918
1 63087C 25037L   25222.08034722 -.00019965  00000+0 -16736-2 0  2225
2 63087  70.0020 168.1060 0003218 261.9740  47.5354 14.98341039    11
STARLINK-32912
1 63088C 25037M   25222.07687500  .00001268  00000+0  10623-3 0  2228
2 63088  70.0021 167.8422 0003193 261.2546 276.0906 14.98339453    19
STARLINK-32910
1 63089C 25037N   25222.07618056 -.00020355  00000+0 -17061-2 0  2221
2 63089  70.0021 168.0392 0002989 270.2357  83.4483 14.98345010    17
STARLINK-32903
1 63090C 25037P   25222.07687500 -.00028532  00000+0 -23917-2 0  2225
2 63090  70.0021 167.8188 0002988 268.9051 291.9742 14.98349346    13
STARLINK-32925
1 63091C 25037Q   25222.07965278  .00002439  00000+0  20437-3 0  2228
2 63091  70.0021 167.8322 0002850 261.2758 291.9778 14.98334455    16
STARLINK-32924
1 63092C 25037R   25222.07618056 -.00008021  00000+0 -67262-3 0  2220
2 63092  70.0023 167.8936 0003558 265.2434 224.4766 14.98310958    11
STARLINK-32900
1 63093C 25037S   25222.07965278 -.00015862  00000+0 -13295-2 0  2229
2 63093  70.0024 167.9574 0003166 267.3882 173.4212 14.98340335    18
STARLINK-32927
1 63094C 25037T   25222.07548611 -.00023789  00000+0 -19942-2 0  2220
2 63094  70.0019 168.1456 0002959 270.1964 350.5944 14.98343064    19
STARLINK-32907
1 63095C 25037U   25222.07895833 -.00019594  00000+0 -16425-2 0  2224
2 63095  70.0021 168.0566 0002654 266.9988  80.0328 14.98341948    15
STARLINK-32911
1 63096C 25037V   25222.08034722 -.00025210  00000+0 -21134-2 0  2223
2 63096  70.0020 168.1801 0003082 270.4753 331.5119 14.98342610    13
STARLINK-32923
1 63097C 25037W   25222.07687500 -.00018467  00000+0 -15479-2 0  2222
2 63097  70.0022 167.8658 0003333 268.1230 247.7422 14.98342114    19
STARLINK-32913
1 63098C 25037X   25222.07756944 -.00016351  00000+0 -13704-2 0  2221
2 63098  70.0024 167.9312 0003349 268.3124 183.7827 14.98342848    13
STARLINK-32840
1 63363C 25063A   25222.07618056  .00020456  00000+0  51112-3 0  2221
2 63363  53.1580 319.1165 0000899  76.5032  90.8460 15.39555222    17
STARLINK-32543
1 63364C 25063B   25222.08243056  .00054377  00000+0  13577-2 0  2228
2 63364  53.1598 318.6718 0001232 101.9628 307.8564 15.39543182    19
STARLINK-33741
1 63365C 25063C   25222.08173611  .00022569  00000+0  56330-3 0  2221
2 63365  53.1587 318.8214 0000780  96.3883 230.4749 15.39585817    15
STARLINK-33742
1 63366C 25063D   25222.07895833  .00043169  00000+0  10784-2 0  2229
2 63366  53.1595 318.6812 0001149  80.3508 308.4852 15.39539309    10
STARLINK-33734
1 63367C 25063E   25222.07826389  .00009676  00000+0  32632-3 0  2222
2 63367  53.1592 325.3585 0001769  97.5940 132.6642 15.30159872    16
STARLINK-33578
1 63368C 25063F   25222.08104167  .00021347  00000+0  53339-3 0  2223
2 63368  53.1581 319.0847 0001350  75.7550 116.6919 15.39553375    11
STARLINK-33626
1 63369C 25063G   25222.07895833  .00015268  00000+0  38127-3 0  2223
2 63369  53.1583 318.4258 0001029  92.1438  65.3508 15.39577681    14
STARLINK-33657
1 63370C 25063H   25222.07756944 -.00009619  00000+0 -24020-3 0  2226
2 63370  53.1585 318.8374 0000887  83.2826 222.3710 15.39602121    12
STARLINK-33648
1 63371C 25063J   25222.07826389  .00007238  00000+0  18077-3 0  2226
2 63371  53.1580 318.9873 0001151 106.2062 126.0149 15.39583134    14
STARLINK-33614
1 63372C 25063K   25222.07965278  .00025877  00000+0  64664-3 0  2220
2 63372  53.1590 318.7284 0001526 102.6699 264.2091 15.39546168    19
STARLINK-33617
1 63373C 25063L   25222.07965278  .00030622  00000+0  76437-3 0  2226
2 63373  53.1580 318.2681 0001146  89.2235 149.3757 15.39574775    16
STARLINK-33618
1 63374C 25063M   25222.07826389  .00022408  00000+0  55973-3 0  2221
2 63374  53.1581 318.3255 0000965  91.4852 113.6837 15.39561415    14
STARLINK-33621
1 63375C 25063N   25222.08173611  .00013032  00000+0  32570-3 0  2227
2 63375  53.1593 318.5641 0001104  86.8630   8.8321 15.39555660    15
STARLINK-33539
1 63376C 25063P   25222.07826389  .00011741  00000+0  39543-3 0  2226
2 63376  53.1585 325.4402 0001437  86.6320 102.7749 15.30204290    11
STARLINK-33634
1 63377C 25063Q   25222.07618056  .00025739  00000+0  64281-3 0  2226
2 63377  53.1588 318.4882 0001138  93.9306  22.4088 15.39563814    15
STARLINK-33640
1 63378C 25063R   25222.08173611  .00056635  00000+0  14139-2 0  2226
2 63378  53.1579 318.2058 0001062  50.0489 225.8608 15.39544603    13
STARLINK-33636
1 63379C 25063S   25222.07687500  .00022206  00000+0  55467-3 0  2220
2 63379  53.1591 318.7360 0001409 105.2760 248.0060 15.39562246    11
STARLINK-33653
1 63380C 25063T   25222.07548611  .00026426  00000+0  66023-3 0  2229
2 63380  53.1596 318.6433 0001126 102.3563 292.9165 15.39552337    17
STARLINK-33643
1 63381C 25063U   25222.07062500  .00050729  00000+0  12666-2 0  2224
2 63381  53.1593 318.6116 0000632 113.3017 282.5605 15.39546321    10
STARLINK-33633
1 63382C 25063V   25222.07756944  .00036957  00000+0  92274-3 0  2228
2 63382  53.1580 318.1702 0001174  78.7336 201.6670 15.39560360    16
STARLINK-33748
1 63383C 25063W   25222.08034722 -.00011916  00000+0 -40197-3 0  2220
2 63383  53.1600 326.0375 0001591  95.6281 162.9165 15.30173170    12
STARLINK-33658
1 63384C 25063X   25222.07548611 -.00005244  00000+0 -13113-3 0  2222
2 63384  53.1580 318.2304 0001057  59.0260 184.1461 15.39558215    14
STARLINK-33616
1 63385C 25063Y   25222.07548611  .00001554  00000+0  52427-4 0  2223
2 63385  53.1604 326.0452 0001145  83.7439 159.6644 15.30159053    11
STARLINK-33571
1 63386C 25063Z   25222.08104167  .00005291  00000+0  17853-3 0  2224
2 63386  53.1596 325.8342 0001601 104.2899 251.1970 15.30148313    10
STARLINK-33533
1 63387C 25063AA  25222.08243056  .00011965  00000+0  29905-3 0  2222
2 63387  53.1591 318.7595 0001281  87.4256 270.9393 15.39553256    13
STARLINK-33629
1 63388C 25063AB  25222.07687500  .00024241  00000+0  60586-3 0  2229
2 63388  53.1589 318.5343 0001412 124.9558 329.5394 15.39542259    11
STARLINK-33656
1 63389C 25063AC  25222.07826389  .00051257  00000+0  12797-2 0  2227
2 63389  53.1595 318.6257 0001655 102.6175 309.8564 15.39548098    18
STARLINK-33682
1 63433C 25069A   25222.07895833  .00022841  00000+0  57006-3 0  2223
2 63433  53.1582  47.7815 0001158  83.9066 236.6129 15.39587666    10
STARLINK-33710
1 63434C 25069B   25222.07687500  .00016314  00000+0  40703-3 0  2228
2 63434  53.1584  47.8460 0001006  88.0163 193.3311 15.39602908    15
STARLINK-33733
1 63435C 25069C   25222.07548611  .00014876  00000+0  37115-3 0  2222
2 63435  53.1578  47.7489 0000579  89.8405 235.3124 15.39605265    19
STARLINK-33638
1 63436C 25069D   25222.07687500  .00003875  00000+0  96714-4 0  2222
2 63436  53.1585  47.6415 0001113  94.5399 289.8484 15.39605587    16
STARLINK-33726
1 63437C 25069E   25222.08034722  .00024910  00000+0  62163-3 0  2229
2 63437  53.1580  47.7770 0001202  92.1775 234.2081 15.39587712    14
STARLINK-33681
1 63438C 25069F   25222.07965278  .00029161  00000+0  72717-3 0  2227
2 63438  53.1581  47.6779 0000974  80.5234 293.5197 15.39607066    11
STARLINK-33730
1 63439C 25069G   25222.08104167  .00022210  00000+0  55424-3 0  2225
2 63439  53.1591  47.5191 0000977  92.9008   6.0867 15.39592481    14
STARLINK-33743
1 63440C 25069H   25222.07687500 -.00000441  00000+0 -11013-4 0  2224
2 63440  53.1589  47.5902 0000863  77.5007 332.6275 15.39615128    10
STARLINK-33715
1 63441C 25069J   25222.07687500  .00041254  00000+0  10302-2 0  2228
2 63441  53.1594  46.7715 0001236  80.3862  21.8474 15.39552314    11
STARLINK-33762
1 63442C 25069K   25222.07895833  .00014409  00000+0  35958-3 0  2226
2 63442  53.1583  47.8302 0000936  98.3849 196.3705 15.39599770    16
STARLINK-33753
1 63443C 25069L   25222.07965278  .00018783  00000+0  46878-3 0  2220
2 63443  53.1585  47.6232 0001152  85.9966 315.6335 15.39591427    18
STARLINK-33747
1 63444C 25069M   25222.07479167  .00030315  00000+0  75666-3 0  2220
2 63444  53.1594  47.4444 0001241  93.1512  22.7042 15.39577318    13
STARLINK-33659
1 63445C 25069N   25222.07826389  .00023951  00000+0  59774-3 0  2223
2 63445  53.1591  47.5277 0001078  94.3163 351.1123 15.39587373    10
STARLINK-33746
1 63446C 25069P   25222.07618056  .00016507  00000+0  41203-3 0  2221
2 63446  53.1594  47.3348 0001314  96.9992  78.0582 15.39590248    11
STARLINK-33799
1 63447C 25069Q   25222.07895833  .00040279  00000+0  10054-2 0  2224
2 63447  53.1595  47.3730 0001017  87.5607  77.1557 15.39565272    18
STARLINK-33797
1 63448C 25069R   25222.08173611  .00027095  00000+0  67634-3 0  2227
2 63448  53.1593  47.4584 0001303  94.2375  36.2158 15.39577645    10
STARLINK-33798
1 63449C 25069S   25222.07548611  .00021662  00000+0  54062-3 0  2228
2 63449  53.1595  46.0509 0001182  79.9182  18.7783 15.39589874    12
STARLINK-33736
1 63450C 25069T   25222.07965278  .00025668  00000+0  64048-3 0  2227
2 63450  53.1592  47.2620 0001106  92.7159 129.1635 15.39590255    19
STARLINK-33740
1 63451C 25069U   25222.07479167  .00007400  00000+0  18466-3 0  2222
2 63451  53.1586  47.1821 0000932  93.0988 153.3247 15.39609171    11
STARLINK-33763
1 63452C 25069V   25222.08034722  .00015626  00000+0  38995-3 0  2226
2 63452  53.1593  45.7693 0001150  91.3522 163.0619 15.39597424    17
STARLINK-33784
1 63453C 25069W   25222.07756944  .00016706  00000+0  41689-3 0  2227
2 63453  53.1594  47.3232 0001107  92.5898  91.9886 15.39596427    14
STARLINK-33768
1 63454C 25069X   25222.08104167  .00022424  00000+0  55959-3 0  2222
2 63454  53.1590  45.7143 0000945  90.8982 193.1259 15.39591652    12
STARLINK-33761
1 63455C 25069Y   25222.07826389  .00003592  00000+0  89590-4 0  2223
2 63455  53.1596  45.9849 0000476  88.3000  51.5029 15.39623451    11
STARLINK-33737
1 63456C 25069Z   25222.07548611 -.00249770  00000+0 -62486-2 0  2228
2 63456  53.1588  45.4352 0001153 100.5048 305.2875 15.39786960    12
STARLINK-33795
1 63457C 25069AA  25222.07756944  .00007787  00000+0  19436-3 0  2225
2 63457  53.1611  45.8371 0001194  97.8737 115.3791 15.39601301    15
STARLINK-33756
1 63458C 25069AB  25222.07548611  .00006007  00000+0  20248-3 0  2223
2 63458  53.1590  45.6282 0000813 106.2945 202.3149 15.30184685    10
STARLINK-33780
1 63459C 25069AC  25222.07687500 -.00319890  00000+0 -80089-2 0  2222
2 63459  53.1587  45.4268 0001043  95.3707 319.9605 15.39834683    10
STARLINK-33828
1 63493C 25071A   25222.08104167  .00015036  00000+0  50682-3 0  2227
2 63493  53.1608  44.9950 0001410  84.5969 191.2943 15.30172215    15
STARLINK-33819
1 63494C 25071B   25222.07479167  .00014671  00000+0  49442-3 0  2228
2 63494  53.1602  45.0488 0001102  80.7859 143.1961 15.30180355    12
STARLINK-33845
1 63495C 25071C   25222.07756944 -.00000667  00000+0 -22488-4 0  2224
2 63495  53.1589  42.6939 0001044  91.8407 255.0813 15.30191187    12
STARLINK-33829
1 63496C 25071D   25222.07826389  .00011342  00000+0  38227-3 0  2223
2 63496  53.1603  42.8626 0001352  88.0250 175.4757 15.30179306    12
STARLINK-33815
1 63497C 25071E   25222.07687500  .00024159  00000+0  81446-3 0  2225
2 63497  53.1595  43.0655 0001170  95.2425  61.7544 15.30159607    13
STARLINK-33833
1 63498C 25071F   25222.07895833  .00014446  00000+0  48700-3 0  2220
2 63498  53.1600  42.9623 0001185  93.2224 121.7840 15.30168597    19
STARLINK-33534
1 63499C 25071G   25222.08034722  .00019308  00000+0  65092-3 0  2229
2 63499  53.1600  42.9102 0001282  94.8440 151.0865 15.30163199    13
STARLINK-33838
1 63500C 25071H   25222.07548611  .00008664  00000+0  29202-3 0  2224
2 63500  53.1594  42.7467 0001207  92.5239 219.6662 15.30180665    11
STARLINK-33837
1 63501C 25071J   25222.07548611  .00007361  00000+0  24811-3 0  2229
2 63501  53.1582  43.1409 0001145  90.5261  23.9059 15.30180137    14
STARLINK-33818
1 63502C 25071K   25222.07548611  .00012306  00000+0  41474-3 0  2229
2 63502  53.1589  42.7120 0001251  88.1725 241.4565 15.30179582    14
STARLINK-33583
1 63503C 25071L   25222.07756944  .00001112  00000+0  37486-4 0  2222
2 63503  53.1578  45.5190 0001007  94.8249 254.3869 15.30189575    18
STARLINK-33811
1 63504C 25071M   25222.07826389  .00027431  00000+0  92485-3 0  2225
2 63504  53.1577  43.1824 0001177  79.8256  20.8476 15.30152888    12
STARLINK-33825
1 63505C 25071N   25222.07548611 -.00003294  00000+0 -11104-3 0  2227
2 63505  53.1578  42.6075 0000978  81.7166 300.2649 15.30192896    16
STARLINK-33792
1 63506C 25071P   25222.08173611  .00017533  00000+0  59101-3 0  2221
2 63506  53.1581  42.6258 0001196  88.8840 304.2911 15.30170222    19
STARLINK-33843
1 63507C 25071Q   25222.07895833  .00014959  00000+0  50423-3 0  2225
2 63507  53.1601  42.8082 0001224  91.2180 181.9660 15.30173151    12
STARLINK-33809
1 63508C 25071R   25222.07895833  .00003812  00000+0  12848-3 0  2221
2 63508  53.1594  42.6824 0001207  91.6807 245.4792 15.30187857    17
STARLINK-33678
1 63509C 25071S   25222.08173611  .00012244  00000+0  41276-3 0  2222
2 63509  53.1603  42.8394 0001388  87.3378 177.9060 15.30172235    19
STARLINK-33764
1 63510C 25071T   25222.08173611 -.00004630  00000+0 -15607-3 0  2225
2 63510  53.1576  43.1586 0001131  87.3973  14.9758 15.30192504    19
STARLINK-33804
1 63511C 25071U   25222.07687500  .00014511  00000+0  48912-3 0  2224
2 63511  53.1587  43.0436 0001175  91.3204  54.0617 15.30174011    17
STARLINK-33751
1 63512C 25071V   25222.08034722  .00005212  00000+0  17572-3 0  2224
2 63512  53.1594  42.9585 0001206  90.1200 109.3079 15.30177492    19
STARLINK-33750
1 63513C 25071W   25222.07618056  .00011135  00000+0  37535-3 0  2224
2 63513  53.1591  43.0119 0001210  92.4326  66.5724 15.30174997    19
STARLINK-33786
1 63514C 25071X   25222.07548611  .00018368  00000+0  61912-3 0  2225
2 63514  53.1583  43.1058 0001146  81.1415  27.5011 15.30170386    10
STARLINK-33796
1 63515C 25071Y   25222.07965278  .00009737  00000+0  32821-3 0  2225
2 63515  53.1589  42.6136 0001040  87.9206 282.1645 15.30179092    18
STARLINK-33785
1 63516C 25071Z   25222.07756944  .00021414  00000+0  72180-3 0  2222
2 63516  53.1586  43.0615 0001256  90.3147  47.2619 15.30166494    17
STARLINK-33803
1 63517C 25071AA  25222.07548611  .00010027  00000+0  33796-3 0  2221
2 63517  53.1599  42.7087 0001258  90.0179 216.3884 15.30179096    10
STARLINK-33807
1 63518C 25071AB  25222.07826389  .00022798  00000+0  76836-3 0  2223
2 63518  53.1604  45.0133 0001356  82.8991 148.6337 15.30168979    14
STARLINK-33787
1 63519C 25071AC  25222.08034722  .00015172  00000+0  51148-3 0  2224
2 63519  53.1603  45.0624 0001130  91.7895 122.1699 15.30168830    15
STARLINK-33894
1 63697C 25087A   25222.07618056  .00017732  00000+0  44260-3 0  2226
2 63697  53.1578 123.4471 0001333  77.4178  48.3020 15.39589588    17
STARLINK-33922
1 63698C 25087B   25222.07826389  .00018075  00000+0  45121-3 0  2225
2 63698  53.1578 123.3352 0001062  83.4530 105.3196 15.39585049    19
STARLINK-33919
1 63699C 25087C   25222.07756944  .00027383  00000+0  68358-3 0  2224
2 63699  53.1570 123.2360 0001152  92.9230 143.5007 15.39575229    16
STARLINK-33908
1 63700C 25087D   25222.08034722  .00040631  00000+0  10145-2 0  2222
2 63700  53.1567 123.1204 0001225  64.1882 239.1669 15.39557203    14
STARLINK-33950
1 63701C 25087E   25222.07965278  .00032325  00000+0  80698-3 0  2223
2 63701  53.1577 123.3788 0001326  75.9693  94.7722 15.39569358    16
STARLINK-33939
1 63702C 25087F   25222.07548611  .00042877  00000+0  10703-2 0  2224
2 63702  53.1572 123.2963 0001497  76.8818 122.2462 15.39560752    11
STARLINK-33868
1 63703C 25087G   25222.08034722  .00025122  00000+0  62720-3 0  2220
2 63703  53.1576 122.8111 0000890  83.5386  14.3156 15.39574307    19
STARLINK-33937
1 63704C 25087H   25222.07895833  .00031334  00000+0  78233-3 0  2226
2 63704  53.1570 122.9720 0001095  75.7519 297.1489 15.39566768    12
STARLINK-33848
1 63705C 25087J   25222.07895833  .00045504  00000+0  11361-2 0  2229
2 63705  53.1569 123.0755 0001128  82.1713 239.2316 15.39553668    17
STARLINK-33995
1 63706C 25087K   25222.07409722 -.01223400  00000+0 -33130-1 0  2221
2 63706  53.1591 122.8942 0001304  65.5409 330.5995 15.38335706    19
STARLINK-33982
1 63707C 25087L   25222.08104167  .00018996  00000+0  47414-3 0  2229
2 63707  53.1578 122.7557 0001352  81.2128  46.2473 15.39588371    13
STARLINK-33915
1 63708C 25087M   25222.08173611  .00038025  00000+0  94925-3 0  2224
2 63708  53.1569 123.1676 0001010  58.3143 225.1145 15.39564867    12
STARLINK-33862
1 63709C 25087N   25222.07895833  .00017553  00000+0  43819-3 0  2220
2 63709  53.1568 123.1767 0001071  85.6118 184.2663 15.39584656    13
STARLINK-33920
1 63710C 25087P   25222.08034722  .00040729  00000+0  10169-2 0  2227
2 63710  53.1576 123.3267 0001596  87.5047 110.9803 15.39558091    11
STARLINK-33580
1 63711C 25087Q   25222.07618056  .00035991  00000+0  89855-3 0  2229
2 63711  53.1570 123.2439 0000726  54.2244 172.6473 15.39564338    19
STARLINK-33783
1 63712C 25087R   25222.07548611  .00025803  00000+0  64430-3 0  2222
2 63712  53.1568 123.1451 0001017  81.4800 193.0367 15.39569995    17
STARLINK-33773
1 63713C 25087S   25222.07618056  .00057511  00000+0  14345-2 0  2224
2 63713  53.1569 123.0388 0001202  57.0155 272.7494 15.39570088    16
STARLINK-33745
1 63714C 25087T   25222.07895833  .00047597  00000+0  11883-2 0  2222
2 63714  53.1570 123.0215 0001366  88.3314 258.8192 15.39552365    11
STARLINK-33728
1 63715C 25087U   25222.07618056  .00008968  00000+0  22386-3 0  2223
2 63715  53.1571 122.9852 0001032  86.3163 269.3077 15.39596693    19
STARLINK-33749
1 63716C 25087V   25222.07687500  .00151790  00000+0  37881-2 0  2221
2 63716  53.1573 122.9286 0001676  83.4462 303.6095 15.39459365    13
STARLINK-33725
1 63717C 25087W   25222.07756944  .00022298  00000+0  55667-3 0  2224
2 63717  53.1568 123.0819 0001075  78.0708 233.7515 15.39579267    12
STARLINK-33641
1 63718C 25087X   25222.07895833  .00013234  00000+0  33034-3 0  2220
2 63718  53.1576 122.8704 0000895  93.7796 328.7498 15.39593346    11
STARLINK-33727
1 63719C 25087Y   25222.07756944  .00040938  00000+0  10219-2 0  2220
2 63719  53.1579 123.3891 0001585  77.9928  79.3220 15.39562501    17
STARLINK-33757
1 63720C 25087Z   25222.07965278  .00037719  00000+0  94181-3 0  2228
2 63720  53.1576 122.8147 0000986  79.6787  12.4731 15.39559002    17
STARLINK-33774
1 63721C 25087AA  25222.08104167  .00048230  00000+0  12037-2 0  2221
2 63721  53.1573 123.2709 0001095 118.8312 109.2103 15.39562400    10
STARLINK-33767
1 63722C 25087AB  25222.07687500  .00031720  00000+0  79191-3 0  2229
2 63722  53.1579 122.7270 0000972  76.3823  51.8592 15.39568683    15
STARLINK-33806
1 63723C 25087AC  25222.07479167  .00033832  00000+0  84463-3 0  2222
2 63723  53.1578 122.7869 0001090  77.6213  13.3135 15.39566872    12
STARLINK-33863
1 63864C 25094A   25222.07548611  .00141780  00000+0  32419-2 0  2222
2 63864  69.9997  56.6110 0003421 271.0576 345.7707 15.42526734    18
STARLINK-33897
1 63865C 25094B   25222.07687500  .00001807  00000+0  41268-4 0  2223
2 63865  69.9998  56.4025 0003263 269.7592 174.7138 15.42709824    10
STARLINK-34022
1 63866C 25094C   25222.08034722 -.00000407  00000+0 -93038-5 0  2227
2 63866  69.9997  56.2902 0003342 268.9153 284.8433 15.42712282    17
STARLINK-33979
1 63867C 25094D   25222.08034722  .00026163  00000+0  59741-3 0  2224
2 63867  69.9998  56.4959 0003332 269.1040 104.6504 15.42684429    19
STARLINK-34007
1 63868C 25094E   25222.07548611  .00010362  00000+0  23661-3 0  2227
2 63868  69.9998  56.4565 0003394 269.8167 121.9491 15.42700000    19
STARLINK-34006
1 63869C 25094F   25222.08104167  .00025380  00000+0  57959-3 0  2226
2 63869  69.9998  56.3393 0003247 271.7640 240.8581 15.42682739    12
STARLINK-33986
1 63870C 25094G   25222.07756944 -.00000918  00000+0 -20952-4 0  2229
2 63870  69.9997  56.2458 0003492 267.7767 315.5591 15.42712683    14
STARLINK-34013
1 63871C 25094H   25222.07479167  .00025665  00000+0  58617-3 0  2221
2 63871  69.9999  56.5617 0003392 268.0157  29.9198 15.42678745    12
STARLINK-34059
1 63872C 25094J   25222.07756944  .00022778  00000+0  52010-3 0  2226
2 63872  69.9999  56.5292 0003387 270.4777  64.8487 15.42689742    19
STARLINK-33987
1 63873C 25094K   25222.07548611 -.00051949  00000+0 -11859-2 0  2226
2 63873  69.9998  56.4830 0003500 268.5059 100.2366 15.42772210    18
STARLINK-34052
1 63874C 25094L   25222.07618056  .00028986  00000+0  66217-3 0  2220
2 63874  69.9999  56.4295 0003307 270.2021 147.4482 15.42669243    12
STARLINK-34023
1 63875C 25094M   25222.08104167  .00009236  00000+0  21083-3 0  2224
2 63875  69.9999  56.3659 0003598 269.8902 219.6851 15.42711207    10
STARLINK-34061
1 63876C 25094N   25222.07895833  .00003297  00000+0  75287-4 0  2228
2 63876  69.9997  56.3188 0003386 269.9856 253.0498 15.42709511    14
STARLINK-33778
1 63877C 25094P   25222.08104167  .00017306  00000+0  39514-3 0  2221
2 63877  69.9999  56.2626 0003285 270.0579 309.5457 15.42696403    13
STARLINK-33901
1 63878C 25094Q   25222.07895833  .00009632  00000+0  21994-3 0  2224
2 63878  69.9997  56.2163 0003347 268.8679 344.1847 15.42701383    15
STARLINK-33812
1 63879C 25094R   25222.08034722  .00016834  00000+0  38437-3 0  2220
2 63879  69.9998  56.1607 0003515 270.8080  34.9554 15.42694503    19
STARLINK-33779
1 63880C 25094S   25222.07895833  .00024998  00000+0  57072-3 0  2225
2 63880  69.9999  56.5630 0003362 271.0715  37.9574 15.42691192    16
STARLINK-33905
1 63881C 25094T   25222.07548611  .00029230  00000+0  66756-3 0  2228
2 63881  69.9999  56.5212 0003381 267.6043  67.1846 15.42675768    17
STARLINK-34003
1 63882C 25094U   25222.07687500  .00038558  00000+0  88035-3 0  2227
2 63882  69.9998  56.4656 0003491 265.9583 121.4610 15.42674715    14
STARLINK-33968
1 63883C 25094V   25222.08104167  .00030840  00000+0  70459-3 0  2229
2 63883  69.9998  56.3004 0002566 271.1458 274.4965 15.42666918    11
STARLINK-33943
1 63884C 25094W   25222.08034722 -.00026091  00000+0 -59563-3 0  2227
2 63884  70.0000  56.4055 0003518 271.7199 180.0155 15.42744269    11
STARLINK-33858
1 63885C 25094X   25222.08104167  .00021054  00000+0  48078-3 0  2220
2 63885  69.9998  56.3764 0003359 269.8529 208.7701 15.42688021    17
STARLINK-33885
1 63886C 25094Y   25222.07687500  .00008843  00000+0  20192-3 0  2225
2 63886  69.9999  56.3628 0003301 269.7247 207.7506 15.42702431    15
STARLINK-33904
1 63887C 25094Z   25222.07756944  .00014267  00000+0  32573-3 0  2228
2 63887  69.9998  56.3340 0003390 271.9268 232.3921 15.42701694    17
STARLINK-33981
1 63888C 25094AA  25222.07965278  .00009725  00000+0  22209-3 0  2229
2 63888  69.9998  56.2782 0003385 273.3261 287.5795 15.42699560    19
STARLINK-33738
1 63889C 25094AB  25222.07548611 -.00001094  00000+0 -24986-4 0  2226
2 63889  69.9997  56.2149 0003438 270.2072 312.5524 15.42716127    19
STARLINK-34012
1 63926C 25098A   25222.07548611  .00007070  00000+0  59264-3 0  2226
2 63926  69.9994  88.1338 0002564 269.7843  18.5016 14.98316975    16
STARLINK-33956
1 63927C 25098B   25222.08104167  .00006928  00000+0  58070-3 0  2227
2 63927  69.9997  87.8396 0003016 270.2627 295.5838 14.98317271    19
STARLINK-33997
1 63928C 25098C   25222.07409722  .00011650  00000+0  97634-3 0  2229
2 63928  69.9991  88.2049 0002992 268.4008 304.8356 14.98318208    18
STARLINK-33989
1 63929C 25098D   25222.07548611  .00005017  00000+0  42074-3 0  2229
2 63929  69.9991  88.0581 0002935 274.6590  80.3279 14.98301840    14
STARLINK-33980
1 63930C 25098E   25222.07548611  .00007045  00000+0  59048-3 0  2223
2 63930  69.9994  88.1840 0002528 271.3676 331.9123 14.98316782    19
STARLINK-33994
1 63931C 25098F   25222.07687500  .00006559  00000+0  54979-3 0  2222
2 63931  69.9989  88.0288 0002896 267.1965 117.7362 14.98316186    14
STARLINK-33971
1 63932C 25098G   25222.07687500 -.00066516  00000+0 -55703-2 0  2229
2 63932  69.9994  88.1562 0002942 267.2307   5.1393 14.98425470    11
STARLINK-33877
1 63933C 25098H   25222.07965278  .00006429  00000+0  53888-3 0  2229
2 63933  69.9996  87.8653 0002684 266.5074 268.4512 14.98317775    12
STARLINK-33895
1 63934C 25098J   25222.07756944  .00007575  00000+0  63491-3 0  2222
2 63934  69.9994  87.9268 0003080 269.7446 208.9748 14.98318166    18
STARLINK-34005
1 63935C 25098K   25222.07826389  .00005441  00000+0  45610-3 0  2227
2 63935  69.9991  88.1697 0003045 269.6127 347.7563 14.98314273    13
STARLINK-34027
1 63936C 25098L   25222.07548611  .00009142  00000+0  76624-3 0  2228
2 63936  69.9996  87.8271 0003118 273.4824 284.0208 14.98317859    13
STARLINK-34035
1 63937C 25098M   25222.07687500  .00008848  00000+0  74167-3 0  2222
2 63937  69.9993  88.0038 0002694 266.5800 140.8637 14.98311807    12
STARLINK-33988
1 63938C 25098N   25222.07548611  .00004980  00000+0  41746-3 0  2222
2 63938  69.9994  88.0823 0002873 269.3138  64.0078 14.98314979    19
STARLINK-34020
1 63939C 25098P   25222.07965278  .00005400  00000+0  45263-3 0  2221
2 63939  69.9996  87.8945 0002736 269.0011 243.4470 14.98319295    14
STARLINK-34021
1 63940C 25098Q   25222.07479167 -.00011173  00000+0 -93726-3 0  2223
2 63940  69.9991  88.2027 0002669 267.6098 308.6574 14.98303771    12
STARLINK-34004
1 63941C 25098R   25222.07687500  .00005764  00000+0  48304-3 0  2225
2 63941  69.9994  87.9493 0002907 268.1020 184.3086 14.98327148    16
STARLINK-34014
1 63942C 25098S   25222.07756944  .00000909  00000+0  76188-4 0  2223
2 63942  69.9994  87.9749 0002511 270.1708 164.4347 14.98318897    18
STARLINK-33985
1 63943C 25098T   25222.07965278  .00007684  00000+0  64411-3 0  2228
2 63943  69.9997  87.8616 0003046 270.7679 265.0933 14.98314401    17
STARLINK-33996
1 63944C 25098U   25222.07895833  .00004914  00000+0  41192-3 0  2222
2 63944  69.9992  88.0727 0002566 269.9075  81.2560 14.98312843    17
STARLINK-34036
1 63945C 25098V   25222.07548611  .00001057  00000+0  88607-4 0  2220
2 63945  69.9994  88.1330 0002845 269.8545  17.5916 14.98311936    11
STARLINK-34039
1 63946C 25098W   25222.07479167  .00005622  00000+0  47121-3 0  2227
2 63946  69.9994  88.1090 0002965 269.5683  36.6075 14.98315873    10
STARLINK-34034
1 63947C 25098X   25222.07687500  .00005824  00000+0  48820-3 0  2221
2 63947  69.9994  88.1026 0002149 270.3489  47.9542 14.98314696    14
STARLINK-33983
1 63948C 25098Y   25222.08034722  .00005914  00000+0  49578-3 0  2226
2 63948  69.9994  87.9687 0003037 270.2851 178.4107 14.98310447    11
STARLINK-33993
1 63949C 25098Z   25222.07618056  .00008522  00000+0  71423-3 0  2226
2 63949  69.9996  87.8456 0002727 270.6530 268.0916 14.98320925    16
STARLINK-33962
1 63950C 25098AA  25222.07409722  .00004539  00000+0  38050-3 0  2229
2 63950  69.9997  87.9057 0002896 269.7990 213.5945 14.98318514    11
STARLINK-33998
1 63951C 25098AB  25222.07965278  .00011082  00000+0  92871-3 0  2225
2 63951  69.9995  87.9188 0002458 268.2090 222.5164 14.98321191    12
STARLINK-34051
1 64022C 25102A   25222.07826389  .00000051  00000+0  42746-5 0  2222
2 64022  70.0001 288.0004 0004163 269.1838 133.2321 14.98331236    13
STARLINK-34184
1 64023C 25102B   25222.07548611  .00005268  00000+0  44151-3 0  2227
2 64023  70.0001 288.1038 0004126 270.6723  27.6257 14.98321659    13
STARLINK-34087
1 64024C 25102C   25222.05812500  .00004862  00000+0  40743-3 0  2229
2 64024  70.0000 287.9443 0003694 270.2743 114.4797 14.98322501    18
STARLINK-34088
1 64025C 25102D   25222.07618056  .00003873  00000+0  32456-3 0  2225
2 64025  70.0000 288.1488 0004265 269.9353 346.2018 14.98323125    12
STARLINK-33992
1 64026C 25102E   25222.07618056  .00007960  00000+0  66718-3 0  2225
2 64026  69.9998 288.2035 0003327 270.3931 301.6164 14.98315893    11
STARLINK-33967
1 64027C 25102F   25222.07826389 -.00002641  00000+0 -22129-3 0  2227
2 64027  70.0003 287.9943 0003914 270.1610 133.1461 14.98335007    17
STARLINK-33953
1 64028C 25102G   25222.07826389  .00011084  00000+0  92934-3 0  2228
2 64028  69.9999 287.8164 0004125 266.7998 294.1561 14.98296302    11
STARLINK-33790
1 64029C 25102H   25222.07826389  .00003517  00000+0  29477-3 0  2223
2 64029  70.0002 288.0664 0003763 270.0644  64.8301 14.98324927    10
STARLINK-34030
1 64030C 25102J   25222.07895833 -.00019387  00000+0 -16237-2 0  2228
2 64030  69.9997 288.1462 0003879 266.9555   4.9691 14.98370484    18
STARLINK-34024
1 64031C 25102K   25222.07756944  .00000318  00000+0  26683-4 0  2228
2 64031  70.0002 288.0470 0004066 270.5269  84.0221 14.98329613    15
STARLINK-34019
1 64032C 25102L   25222.07479167  .00002744  00000+0  22993-3 0  2222
2 64032  69.9998 287.8761 0004141 269.7815 227.3465 14.98326908    14
STARLINK-33860
1 64033C 25102M   25222.07826389  .00000917  00000+0  76870-4 0  2229
2 64033  70.0000 287.9437 0003931 270.0540 178.2687 14.98330371    18
STARLINK-33946
1 64034C 25102N   25222.07687500  .00001911  00000+0  16014-3 0  2228
2 64034  70.0001 287.9768 0004085 269.3010 148.1328 14.98328653    19
STARLINK-34046
1 64035C 25102P   25222.08034722  .00003854  00000+0  32296-3 0  2220
2 64035  70.0001 288.0480 0004060 269.1845 346.9515 14.98323243    16
STARLINK-34085
1 64036C 25102Q   25222.08173611  .00002708  00000+0  22690-3 0  2226
2 64036  70.0002 288.0823 0004074 270.7312  60.3846 14.98324699    11
STARLINK-34008
1 64037C 25102R   25222.08104167  .00005322  00000+0  44578-3 0  2221
2 64037  70.0002 288.0074 0003981 269.8679 124.9221 14.98339510    13
STARLINK-34079
1 64038C 25102S   25222.07479167  .00003144  00000+0  26344-3 0  2227
2 64038  69.9999 287.8494 0003550 269.8961 249.7418 14.98326168    14
STARLINK-34089
1 64039C 25102T   25222.07548611  .00010778  00000+0  90337-3 0  2223
2 64039  69.9999 288.1997 0003970 271.3448 295.9719 14.98313129    11
STARLINK-34117
1 64040C 25102U   25222.07479167  .00006790  00000+0  56907-3 0  2228
2 64040  70.0001 288.1246 0003831 271.5083 359.6508 14.98320601    17
STARLINK-34111
1 64041C 25102V   25222.07895833 -.00001341  00000+0 -11234-3 0  2224
2 64041  70.0002 288.0380 0004095 269.3837  91.7658 14.98331963    15
STARLINK-34049
1 64042C 25102W   25222.07687500  .00003210  00000+0  26898-3 0  2222
2 64042  69.9997 288.1755 0003253 270.4664 327.7877 14.98325424    19
STARLINK-34096
1 64043C 25102X   25222.07687500  .00000532  00000+0  44556-4 0  2229
2 64043  70.0001 288.0728 0004510 276.6567  51.6394 14.98330566    15
STARLINK-34081
1 64044C 25102Y   25222.07479167  .00010355  00000+0  86790-3 0  2227
2 64044  69.9999 288.1296 0003341 272.2717 359.7750 14.98314966    14
STARLINK-34033
1 64045C 25102Z   25222.08173611  .00007221  00000+0  60532-3 0  2228
2 64045  70.0001 287.9588 0003467 269.7884 174.7987 14.98312166    15
STARLINK-33952
1 64046C 25102AA  25222.07756944 -.00003255  00000+0 -27273-3 0  2224
2 64046  70.0001 287.9181 0003697 269.5352 197.5521 14.98336923    12
STARLINK-33961
1 64047C 25102AB  25222.07756944  .00002016  00000+0  16894-3 0  2224
2 64047  70.0003 288.0197 0004039 269.8079 107.2478 14.98327938    19
STARLINK-34178
1 64096C 25110A   25222.06229167  .00027141  00000+0  67790-3 0  2225
2 64096  53.1585 295.3894 0001561 101.8688 200.8649 15.39558714    17
STARLINK-34174
1 64097C 25110B   25222.07965278  .00026794  00000+0  66940-3 0  2226
2 64097  53.1584 295.9777 0001369  82.2281 340.1324 15.39551653    13
STARLINK-34146
1 64098C 25110C   25222.07895833  .00028669  00000+0  71558-3 0  2220
2 64098  53.1584 295.9257 0001282  96.3939 349.6915 15.39578133    19
STARLINK-34074
1 64099C 25110D   25222.07756944  .00028406  00000+0  70960-3 0  2225
2 64099  53.1582 295.8808 0001340 112.7126 351.4718 15.39553804    15
STARLINK-34082
1 64100C 25110E   25222.07756944  .00037560  00000+0  93748-3 0  2228
2 64100  53.1584 296.0383 0001423  88.3265 296.6963 15.39569739    11
STARLINK-34072
1 64101C 25110F   25222.07618056  .00023457  00000+0  58609-3 0  2227
2 64101  53.1584 295.9895 0001324 112.3366 292.6479 15.39552381    11
STARLINK-34104
1 64102C 25110G   25222.07687500  .00016272  00000+0  40652-3 0  2224
2 64102  53.1585 295.9383 0001213  81.7180 350.9986 15.39563953    13
STARLINK-34179
1 64103C 25110H   25222.06506944  .00025350  00000+0  63332-3 0  2223
2 64103  53.1582 295.9426 0001346 106.8387 286.1654 15.39553079    14
STARLINK-34176
1 64104C 25110J   25222.07618056  .00011222  00000+0  28033-3 0  2225
2 64104  53.1581 295.8385 0001210  83.7976  36.5644 15.39570595    12
STARLINK-33949
1 64105C 25110K   25222.07618056  .00016689  00000+0  41669-3 0  2228
2 64105  53.1582 295.8348 0001005 102.3048  19.8942 15.39581911    12
STARLINK-33970
1 64106C 25110L   25222.07687500  .00023475  00000+0  58639-3 0  2225
2 64106  53.1579 295.7800 0001043  77.3517  74.4838 15.39560430    19
STARLINK-33912
1 64107C 25110M   25222.08034722 -.00007426  00000+0 -18551-3 0  2228
2 64107  53.1577 295.7160 0001621 106.4567  88.5157 15.39587709    16
STARLINK-34156
1 64108C 25110N   25222.07409722  .00031031  00000+0  77455-3 0  2229
2 64108  53.1575 295.6905 0001164  92.8939  95.0027 15.39575210    17
STARLINK-34124
1 64109C 25110P   25222.08034722  .00027592  00000+0  68870-3 0  2223
2 64109  53.1575 295.6132 0000931  97.6396 148.8000 15.39580059    16
STARLINK-34145
1 64110C 25110Q   25222.08034722  .00026485  00000+0  66134-3 0  2226
2 64110  53.1578 295.7666 0000958  79.9229  89.2780 15.39568006    12
STARLINK-34148
1 64111C 25110R   25222.08034722  .00021070  00000+0  52610-3 0  2226
2 64111  53.1575 295.6093 0001306  94.6454 153.6835 15.39574694    12
STARLINK-34136
1 64112C 25110S   25222.07548611  .00013668  00000+0  34143-3 0  2228
2 64112  53.1576 295.6867 0001040  98.2445  95.5163 15.39569833    15
STARLINK-33839
1 64113C 25110T   25222.08034722  .00021427  00000+0  53508-3 0  2221
2 64113  53.1576 295.5573 0001142 103.0927 170.9954 15.39571075    19
STARLINK-34064
1 64114C 25110U   25222.07895833  .00004939  00000+0  12322-3 0  2227
2 64114  53.1576 295.7176 0001494  85.5483 103.4923 15.39617295    14
STARLINK-34067
1 64115C 25110V   25222.07895833  .00036999  00000+0  92355-3 0  2223
2 64115  53.1575 295.5164 0001191  83.2242 207.0309 15.39568742    12
STARLINK-34080
1 64116C 25110W   25222.08034722  .00029210  00000+0  72965-3 0  2220
2 64116  53.1575 295.5060 0001277  79.9569 219.9053 15.39553962    13
STARLINK-34122
1 64117C 25110X   25222.07479167  .00021884  00000+0  54664-3 0  2221
2 64117  53.1578 295.4844 0001114 101.3810 191.5586 15.39562010    15
STARLINK-33964
1 64118C 25110Y   25222.07479167  .00032183  00000+0  80368-3 0  2226
2 64118  53.1576 295.5862 0001166  75.6051 165.8202 15.39560052    15
STARLINK-34160
1 64119C 25110Z   25222.07618056  .00026063  00000+0  65088-3 0  2221
2 64119  53.1578 295.4739 0001244  99.7366 202.7646 15.39564532    13
STARLINK-34151
1 64120C 25110AA  25222.07826389  .00025979  00000+0  64881-3 0  2228
2 64120  53.1583 295.3649 0001501  90.5864 273.0951 15.39563166    10
STARLINK-34189
1 64121C 25110AB  25222.06437500  .00035372  00000+0  88297-3 0  2226
2 64121  53.1582 295.4268 0001318  89.1800 199.3201 15.39568589    10
STARLINK-33991
1 64122C 25110AC  25222.07965278  .00032811  00000+0  81938-3 0  2226
2 64122  53.1579 295.4097 0001401  99.3798 246.2557 15.39558388    11
STARLINK-34314
1 64146C 25112A   25222.06090278 -.00002219  00000+0 -15075-3 0  2222
2 64146  97.6040 272.8864 0001675  92.3457 227.6605 15.06458378    11
STARLINK-33926
1 64147C 25112B   25222.07895833  .00002161  00000+0  14681-3 0  2220
2 64147  97.6021 272.9508 0001190  96.1141  67.4387 15.06458190    10
STARLINK-34213
1 64148C 25112C   25222.06020833 -.00001594  00000+0 -10831-3 0  2224
2 64148  97.6037 272.8712 0001703  98.0825 182.0018 15.06460804    14
STARLINK-33924
1 64149C 25112D   25222.07895833  .00003983  00000+0  27068-3 0  2228
2 64149  97.6027 272.8705 0000828  90.5919 243.1277 15.06452764    16
STARLINK-34209
1 64150C 25112E   25222.06090278  .00002090  00000+0  14199-3 0  2228
2 64150  97.6022 272.9570 0000971 108.8835  17.1249 15.06459160    18
STARLINK-34338
1 64151C 25112F   25222.06437500  .00010071  00000+0  68431-3 0  2228
2 64151  97.6027 272.9851 0001456  78.7550 121.3345 15.06449079    17
STARLINK-34348
1 64152C 25112G   25222.06368056  .00007805  00000+0  54180-3 0  2225
2 64152  97.6027 272.9174 0000915  32.0834   3.0888 15.05656572    18
STARLINK-34345
1 64153C 25112H   25222.06368056  .00004669  00000+0  31723-3 0  2229
2 64153  97.6032 272.9236 0001247 111.0310 296.1529 15.06458763    10
STARLINK-33945
1 64154C 25112J   25222.08659722  .00023344  00000+0  57877-3 0  2224
2 64154  97.5999 273.6851 0001724 158.5675 290.8513 15.40405097    17
STARLINK-34346
1 64155C 25112K   25222.06020833  .00003407  00000+0  23664-3 0  2223
2 64155  97.6024 272.9704 0000573 211.5760 284.8714 15.05641810    15
STARLINK-34277
1 64156C 25112L   25222.05812500  .00000414  00000+0  28723-4 0  2220
2 64156  97.6036 272.8938 0002053  95.4382 209.7614 15.05635957    11
STARLINK-34343
1 64157C 25112M   25222.06090278  .00009265  00000+0  64345-3 0  2224
2 64157  97.6029 272.9381 0001840  75.3682 334.8442 15.05635206    16
STARLINK-34166
1 64158C 25112N   25222.07756944  .00005478  00000+0  38038-3 0  2227
2 64158  97.6033 272.8725 0001168  99.4717 221.0587 15.05643038    11
STARLINK-34344
1 64159C 25112P   25222.06437500  .00013808  00000+0  95868-3 0  2221
2 64159  97.6033 272.8796 0001576  64.2911 229.6942 15.05640766    13
STARLINK-34339
1 64160C 25112Q   25222.06090278 -.00001806  00000+0 -12269-3 0  2221
2 64160  97.6034 272.9106 0001305 104.7236 246.6795 15.06461900    19
STARLINK-34341
1 64161C 25112R   25222.06020833  .00012589  00000+0  87398-3 0  2225
2 64161  97.6016 272.9560 0000525 164.2568 287.0701 15.05645664    12
STARLINK-34317
1 64162C 25112S   25222.05881944  .00004044  00000+0  27477-3 0  2222
2 64162  97.6026 272.9832 0000558 106.3439  55.2529 15.06456710    12
STARLINK-34340
1 64163C 25112T   25222.05951389 -.00006583  00000+0 -44738-3 0  2225
2 64163  97.6033 272.8766 0001738  98.8703 173.3588 15.06458444    19
STARLINK-34263
1 64164C 25112U   25222.05743056 -.00005621  00000+0 -38194-3 0  2227
2 64164  97.6035 272.8948 0001745  96.9153 207.1645 15.06461499    14
STARLINK-33793
1 64165C 25112V   25222.07826389 -.00000378  00000+0 -26256-4 0  2222
2 64165  97.6023 272.9479 0002221  88.6360  40.6254 15.05649426    13
STARLINK-34313
1 64166C 25112W   25222.06159722 -.00001079  00000+0 -74947-4 0  2221
2 64166  97.6015 272.9515 0001679  71.9251  12.0546 15.05646368    15
STARLINK-34309
1 64167C 25112X   25222.05881944 -.00000684  00000+0 -47538-4 0  2226
2 64167  97.6019 272.9670 0000256 141.1160 332.8176 15.05643918    11
STARLINK-34303
1 64168C 25112Y   25222.06159722  .00013497  00000+0  91701-3 0  2224
2 64168  97.6018 272.9788 0001240 104.0679  41.9774 15.06449569    17
STARLINK-34175
1 64169C 25112Z   25222.07687500 -.00016048  00000+0 -11145-2 0  2226
2 64169  97.6032 272.8860 0001175  89.6563 257.1113 15.05660426    15
STARLINK-34177
1 64170C 25113A   25222.07687500  .00018821  00000+0  63446-3 0  2220
2 64170  53.1597 353.9527 0001176  94.2012  54.7257 15.30166262    10
STARLINK-34228
1 64171C 25113B   25222.05812500  .00026017  00000+0  87615-3 0  2229
2 64171  53.1600 353.8307 0001527  82.3954  67.7868 15.30191240    10
STARLINK-34233
1 64172C 25113C   25222.06090278  .00028584  00000+0  96365-3 0  2224
2 64172  53.1587 354.1746 0001159  72.9150 272.3695 15.30154663    10
STARLINK-34172
1 64173C 25113D   25222.08034722  .00008812  00000+0  29716-3 0  2227
2 64173  53.1601 353.7372 0001356  92.4378 174.5373 15.30163841    10
STARLINK-34202
1 64174C 25113E   25222.05812500 -.00007747  00000+0 -26122-3 0  2229
2 64174  53.1590 354.1057 0001141  97.0822 273.6110 15.30185245    12
STARLINK-34231
1 64175C 25113F   25222.06159722  .00031439  00000+0  10599-2 0  2224
2 64175  53.1592 354.2598 0001344  74.7039 227.8813 15.30151955    15
STARLINK-34191
1 64176C 25113G   25222.05812500 -.00006242  00000+0 -21044-3 0  2228
2 64176  53.1598 353.6899 0001315  87.0184 133.0633 15.30187140    18
STARLINK-34164
1 64177C 25113H   25222.07965278 -.00004551  00000+0 -15345-3 0  2220
2 64177  53.1595 354.2597 0001249  93.3087 268.0712 15.30183381    16
STARLINK-34227
1 64178C 25113J   25222.05951389 -.00003146  00000+0 -10612-3 0  2228
2 64178  53.1588 354.1321 0001293  84.7009 276.2240 15.30172535    16
STARLINK-34194
1 64179C 25113K   25222.06090278 -.00003736  00000+0 -12595-3 0  2228
2 64179  53.1600 353.7368 0001116  90.9639 115.3400 15.30181072    17
STARLINK-34000
1 64180C 25113L   25222.07618056  .00007383  00000+0  24894-3 0  2226
2 64180  53.1603 353.8925 0001346  92.6725  81.5213 15.30171278    15
STARLINK-33917
1 64181C 25113M   25222.07479167 -.00006911  00000+0 -23300-3 0  2224
2 64181  53.1590 354.1850 0001133  90.4596 290.6623 15.30185723    16
STARLINK-34131
1 64182C 25113N   25222.07895833 -.00000513  00000+0 -17306-4 0  2229
2 64182  53.1590 354.0149 0001219  82.7031  37.0295 15.30170642    12
STARLINK-34188
1 64183C 25113P   25222.05881944 -.00009311  00000+0 -31393-3 0  2222
2 64183  53.1591 354.2857 0001222  95.0584 186.3922 15.30188181    18
STARLINK-34197
1 64184C 25113Q   25222.06437500  .00029083  00000+0  98039-3 0  2225
2 64184  53.1593 354.2945 0001437  77.4175 217.2064 15.30156043    10
STARLINK-34063
1 64185C 25113R   25222.07965278  .00003977  00000+0  13410-3 0  2229
2 64185  53.1588 354.0704 0001029  81.4799  12.9919 15.30169250    13
STARLINK-34200
1 64186C 25113S   25222.06090278  .00010011  00000+0  33762-3 0  2227
2 64186  53.1602 353.8937 0001439  98.6940  26.2214 15.30159168    12
STARLINK-33934
1 64187C 25113T   25222.07756944  .00006170  00000+0  20802-3 0  2220
2 64187  53.1589 354.1284 0001298  85.3692 334.3236 15.30173229    17
STARLINK-33929
1 64188C 25113U   25222.08104167 -.00003889  00000+0 -13112-3 0  2228
2 64188  53.1590 354.0847 0001324  90.1189   0.3523 15.30183371    17
STARLINK-33872
1 64189C 25113V   25222.08104167  .00011203  00000+0  37770-3 0  2222
2 64189  53.1598 353.6492 0001339  97.6366 213.8578 15.30170237    10
STARLINK-34214
1 64190C 25113W   25222.06020833 -.00010803  00000+0 -36433-3 0  2221
2 64190  53.1595 354.3198 0001136  91.2619 174.6035 15.30183291    12
STARLINK-34222
1 64191C 25113X   25222.05812500  .00034715  00000+0  11702-2 0  2228
2 64191  53.1597 354.3851 0001436  98.3826 126.8879 15.30151332    18
STARLINK-34265
1 64192C 25113Y   25222.06298611 -.00009845  00000+0 -33206-3 0  2223
2 64192  53.1589 354.2292 0001338  86.2410 235.6519 15.30178846    13
STARLINK-34245
1 64193C 25113Z   25222.06090278 -.00003382  00000+0 -11407-3 0  2222
2 64193  53.1599 353.6989 0001046  96.9239 126.8592 15.30174366    19
STARLINK-34237
1 64194C 25113AA  25222.06090278  .00042623  00000+0  14376-2 0  2229
2 64194  53.1595 354.0275 0001428  86.9195 328.1303 15.30125803    12
STARLINK-33857
1 64195C 25113AB  25222.07479167  .00006112  00000+0  20607-3 0  2227
2 64195  53.1604 353.8854 0001397  95.4021  76.9554 15.30171438    13
STARLINK-34173
1 64196C 25113AC  25222.07548611 -.00010300  00000+0 -34728-3 0  2224
2 64196  53.1587 354.0782 0001268  91.6093 345.6884 15.30189559    16
STARLINK-33966
1 64203C 25117A   25222.07895833  .00034854  00000+0  87047-3 0  2228
2 64203  53.1585 303.6891 0001140  93.1333 163.5428 15.39554265    17
STARLINK-34331
1 64204C 25117B   25222.06159722  .00012999  00000+0  32483-3 0  2228
2 64204  53.1576 303.4117 0001177  88.1486 252.5356 15.39558098    17
STARLINK-34251
1 64205C 25117C   25222.06437500  .00020583  00000+0  51355-3 0  2229
2 64205  53.1577 303.2447 0001042  78.7826 354.4506 15.39598927    11
STARLINK-34311
1 64206C 25117D   25222.06368056  .00033626  00000+0  83945-3 0  2221
2 64206  53.1580 303.5041 0001043  90.5557 210.1201 15.39568371    13
STARLINK-34324
1 64207C 25117E   25222.06437500  .00039392  00000+0  98333-3 0  2226
2 64207  53.1588 303.7053 0000908  96.3748 105.1415 15.39565027    17
STARLINK-34327
1 64208C 25117F   25222.05951389  .00025972  00000+0  64847-3 0  2224
2 64208  53.1584 303.8308 0001435  87.1764  35.8932 15.39570650    11
STARLINK-33944
1 64209C 25117G   25222.07548611  .00034875  00000+0  87154-3 0  2225
2 64209  53.1580 303.8064 0001308  93.4837  92.4852 15.39535173    18
STARLINK-34310
1 64210C 25117H   25222.05812500  .00011448  00000+0  28603-3 0  2221
2 64210  53.1587 303.6828 0001258  79.3049 113.3522 15.39566066    17
STARLINK-34258
1 64211C 25117J   25222.06229167  .00023845  00000+0  59583-3 0  2229
2 64211  53.1583 303.5607 0001130 111.2850 155.9914 15.39550120    14
STARLINK-34284
1 64212C 25117K   25222.06090278  .00045139  00000+0  11266-2 0  2224
2 64212  53.1579 303.4643 0001295  72.1305 238.8863 15.39563181    16
STARLINK-34332
1 64213C 25117L   25222.06159722  .00018295  00000+0  45662-3 0  2226
2 64213  53.1574 303.3074 0001182  89.4457 302.6720 15.39591264    18
STARLINK-34283
1 64214C 25117M   25222.06368056  .00044066  00000+0  10998-2 0  2227
2 64214  53.1587 303.6082 0001313  61.2133 186.0742 15.39565306    16
STARLINK-34349
1 64215C 25117N   25222.06090278  .00026006  00000+0  64951-3 0  2229
2 64215  53.1577 303.2075 0001279  81.7696 358.0443 15.39561775    11
STARLINK-34296
1 64216C 25117P   25222.06020833  .00008850  00000+0  22103-3 0  2220
2 64216  53.1574 303.3645 0000908 105.4890 253.2071 15.39580037    16
STARLINK-34320
1 64217C 25117Q   25222.06090278  .00025568  00000+0  63840-3 0  2229
2 64217  53.1585 303.7746 0001533  89.8148  64.8484 15.39569926    19
STARLINK-34300
1 64218C 25117R   25222.06229167  .00025361  00000+0  63357-3 0  2225
2 64218  53.1583 303.8191 0001431  84.6314  51.9991 15.39555257    10
STARLINK-34323
1 64219C 25117S   25222.06020833  .00019540  00000+0  48819-3 0  2223
2 64219  53.1587 303.6747 0001080  95.7298 106.6259 15.39557649    16
STARLINK-34328
1 64220C 25117T   25222.06229167  .00035992  00000+0  89822-3 0  2224
2 64220  53.1582 303.5112 0001366  68.5250 222.5653 15.39575817    14
STARLINK-34326
1 64221C 25117U   25222.06020833  .00045162  00000+0  11272-2 0  2227
2 64221  53.1588 303.7257 0001301  73.7160 102.8170 15.39563910    15
STARLINK-34318
1 64222C 25117V   25222.05812500  .00023127  00000+0  57756-3 0  2222
2 64222  53.1576 303.4279 0000997  84.4041 235.1118 15.39567373    10
STARLINK-34337
1 64223C 25117W   25222.06229167  .00028296  00000+0  70681-3 0  2229
2 64223  53.1584 303.5620 0001205  97.8815 167.5197 15.39555478    19
STARLINK-34304
1 64224C 25117X   25222.06298611  .00016159  00000+0  40362-3 0  2228
2 64224  53.1580 303.4557 0001299  80.8532 239.8847 15.39568791    12
STARLINK-34289
1 64225C 25117Y   25222.06506944  .00026135  00000+0  65272-3 0  2222
2 64225  53.1577 303.3435 0001392  84.2594 299.5224 15.39562698    15
STARLINK-34347
1 64226C 25117Z   25222.06090278  .00026911  00000+0  67208-3 0  2224
2 64226  53.1578 303.2092 0001181  76.6109   1.3393 15.39563532    12
STARLINK-34330
1 64227C 25117AA  25222.05951389  .00027129  00000+0  67772-3 0  2221
2 64227  53.1581 303.1640 0001282  85.0858  10.9200 15.39554271    15
STARLINK-34167
1 64228C 25117AB  25222.07965278  .00015967  00000+0  39878-3 0  2229
2 64228  53.1575 303.2230 0000881 101.6978  28.7243 15.39573420    18
STARLINK-34241
1 64229C 25117AC  25222.05743056  .00004657  00000+0  11637-3 0  2223
2 64229  53.1574 306.3440 0001097  92.5416 219.1693 15.39565973    19
STARLINK-34329
1 64256C 25120A   25222.05881944  .00029793  00000+0  74373-3 0  2220
2 64256  53.1602  21.8710 0001214  87.6131 285.7361 15.39573482    15
STARLINK-34352
1 64257C 25120B   25222.05881944 -.00013991  00000+0 -34916-3 0  2225
2 64257  53.1599  21.5129 0000968  94.0388  99.5366 15.39625442    13
STARLINK-34308
1 64258C 25120C   25222.05812500  .00035126  00000+0  87663-3 0  2227
2 64258  53.1598  21.6698 0001315  96.8132  15.6732 15.39576315    19
STARLINK-34306
1 64259C 25120D   25222.06437500  .00002884  00000+0  71995-4 0  2229
2 64259  53.1597  21.2812 0001234  83.1852 244.2239 15.39600935    19
STARLINK-34281
1 64260C 25120E   25222.06020833  .00005434  00000+0  13560-3 0  2225
2 64260  53.1597  21.4032 0001080  87.7687 165.0102 15.39609657    11
STARLINK-34297
1 64261C 25120F   25222.06368056  .00004394  00000+0  10970-3 0  2224
2 64261  53.1602  21.7455 0001188  95.7829 356.0242 15.39594177    14
STARLINK-34325
1 64262C 25120G   25222.05881944 -.00005768  00000+0 -14394-3 0  2222
2 64262  53.1597  21.2558 0001175  91.6733 230.6663 15.39620304    18
STARLINK-34276
1 64263C 25120H   25222.05881944  .00013892  00000+0  34668-3 0  2224
2 64263  53.1598  21.6146 0001136  95.5720  46.4958 15.39598319    13
STARLINK-34333
1 64264C 25120J   25222.06437500  .00010554  00000+0  26344-3 0  2225
2 64264  53.1599  21.6909 0001287  84.1275  37.2710 15.39595732    18
STARLINK-34240
1 64265C 25120K   25222.05812500 -.00003633  00000+0 -90677-4 0  2225
2 64265  53.1601  21.5652 0000937  75.0832  88.9044 15.39613196    14
STARLINK-34315
1 64266C 25120L   25222.05951389  .00001455  00000+0  36307-4 0  2223
2 64266  53.1598  21.4565 0001041  86.6851 136.4813 15.39615953    14
STARLINK-34321
1 64267C 25120M   25222.06020833 -.00001370  00000+0 -34174-4 0  2224
2 64267  53.1594  21.3509 0001096  90.2589 188.2768 15.39617136    16
STARLINK-34319
1 64268C 25120N   25222.05812500  .00024303  00000+0  60662-3 0  2223
2 64268  53.1601  21.2064 0001241  76.9179 267.3309 15.39581937    18
STARLINK-34298
1 64269C 25120P   25222.06437500  .00017724  00000+0  44244-3 0  2225
2 64269  53.1603  21.7912 0001278  85.2531 344.6544 15.39585250    15
STARLINK-34219
1 64270C 25120Q   25222.06020833  .00013662  00000+0  34099-3 0  2228
2 64270  53.1600  21.2506 0001150  73.7066 254.4764 15.39593822    18
STARLINK-34342
1 64271C 25120R   25222.05812500  .00043912  00000+0  10961-2 0  2220
2 64271  53.1600  21.7223 0001142 102.2112 342.6720 15.39562575    14
STARLINK-34001
1 64272C 25120S   25222.07826389 -.00002712  00000+0 -67690-4 0  2221
2 64272  53.1602  21.6784 0001445  80.1019  90.6932 15.39604519    14
STARLINK-34334
1 64273C 25120T   25222.06090278  .00014800  00000+0  36930-3 0  2222
2 64273  53.1601  21.5543 0001228  93.7596  83.7535 15.39601942    14
STARLINK-34272
1 64274C 25120U   25222.06229167  .00010111  00000+0  25241-3 0  2228
2 64274  53.1600  21.6507 0001222 100.8663  32.8747 15.39591927    15
STARLINK-34293
1 64275C 25120V   25222.06020833 -.00008853  00000+0 -22094-3 0  2223
2 64275  53.1599  21.5063 0001154  99.5655  99.8549 15.39618868    15
STARLINK-34350
1 64276C 25120W   25222.05881944  .00006172  00000+0  15401-3 0  2225
2 64276  53.1596  21.3591 0001313  89.4545 179.5138 15.39608282    19
STARLINK-34264
1 64277C 25120X   25222.06229167  .00010168  00000+0  25381-3 0  2228
2 64277  53.1597  21.4451 0001266  81.8578 154.8885 15.39595020    16
STARLINK-34353
1 64278C 25120Y   25222.06020833  .00039775  00000+0  99351-3 0  2221
2 64278  53.1602  21.6076 0001348  85.7116  62.3138 15.39545116    16
STARLINK-34377
1 64279C 25120Z   25222.06159722  .00021727  00000+0  54237-3 0  2224
2 64279  53.1603  21.1396 0001341  92.3227 295.0977 15.39581939    17
STARLINK-34359
1 64280C 25120AA  25222.05743056 -.00009153  00000+0 -22844-3 0  2224
2 64280  53.1601  21.2112 0001327  93.5911 244.9373 15.39619176    19
STARLINK-34366
1 64281C 25120AB  25222.06090278 -.00005255  00000+0 -13116-3 0  2228
2 64281  53.1596  21.4000 0001363  87.3867 167.4015 15.39610547    17
STARLINK-34381
1 64282C 25120AC  25222.05812500  .00045358  00000+0  11318-2 0  2225
2 64282  53.1599  21.3094 0001284  77.5498 213.3335 15.39570237    13
STARLINK-34448
1 64291C 25123A   25222.06159722 -.00000398  00000+0 -90810-5 0  2223
2 64291  70.0021  16.3125 0003298 266.9612  44.9276 15.42701077    13
STARLINK-34362
1 64292C 25123B   25222.05881944  .00004148  00000+0  94718-4 0  2226
2 64292  70.0022  16.2170 0003709 271.3074 115.1462 15.42705250    18
STARLINK-34428
1 64293C 25123C   25222.06090278  .00013539  00000+0  30926-3 0  2224
2 64293  70.0024  16.1095 0003435 269.7837 218.2541 15.42688176    10
STARLINK-34388
1 64294C 25123D   25222.06437500  .00022950  00000+0  52401-3 0  2227
2 64294  70.0023  15.9967 0003429 268.7391 328.5538 15.42689854    17
STARLINK-34424
1 64295C 25123E   25222.06368056  .00047424  00000+0  10828-2 0  2226
2 64295  70.0016  16.0291 0003431 276.9524 287.3711 15.42665738    14
STARLINK-34443
1 64296C 25123F   25222.06159722  .00004769  00000+0  10894-3 0  2224
2 64296  70.0021  16.1581 0003635 270.2784 176.6188 15.42696852    14
STARLINK-34369
1 64297C 25123G   25222.06090278  .00013838  00000+0  31597-3 0  2225
2 64297  70.0023  15.9545 0003542 273.1299 349.8831 15.42697823    12
STARLINK-34391
1 64298C 25123H   25222.05951389  .00010314  00000+0  23554-3 0  2224
2 64298  70.0023  16.0605 0003479 269.9460 255.3675 15.42697453    10
STARLINK-34378
1 64299C 25123J   25222.06437500  .00011713  00000+0  26745-3 0  2229
2 64299  70.0020  16.2790 0003537 275.2195  74.0676 15.42699331    19
STARLINK-34376
1 64300C 25123K   25222.06298611  .00034687  00000+0  79163-3 0  2227
2 64300  70.0021  16.2317 0003264 272.5473 114.0383 15.42692677    10
STARLINK-34372
1 64301C 25123L   25222.05951389  .00009117  00000+0  20817-3 0  2227
2 64301  70.0023  16.1894 0003426 274.4769 137.8301 15.42702137    17
STARLINK-34379
1 64302C 25123M   25222.05881944  .00024363  00000+0  55632-3 0  2220
2 64302  70.0024  16.1404 0003594 272.7039 180.7545 15.42685419    13
STARLINK-34356
1 64303C 25123N   25222.06159722 -.00005465  00000+0 -12482-3 0  2224
2 64303  70.0022  16.0816 0003265 271.1678 242.7134 15.42709865    10
STARLINK-34360
1 64304C 25123P   25222.06229167  .00015872  00000+0  36242-3 0  2227
2 64304  70.0023  15.9762 0003467 268.8402 338.8874 15.42696019    16
STARLINK-34383
1 64305C 25123Q   25222.05881944  .00016949  00000+0  38698-3 0  2227
2 64305  70.0023  15.9342 0003439 267.8953   5.5511 15.42697568    16
STARLINK-34355
1 64306C 25123R   25222.06437500  .00036149  00000+0  82559-3 0  2223
2 64306  70.0023  16.0212 0003840 275.1910 299.1279 15.42667096    11
STARLINK-34380
1 64307C 25123S   25222.05812500  .00022814  00000+0  52103-3 0  2226
2 64307  70.0022  16.0255 0003469 270.0790 280.5388 15.42682713    13
STARLINK-34374
1 64308C 25123T   25222.05743056  .00014698  00000+0  33560-3 0  2223
2 64308  70.0023  15.9762 0003613 274.2425 317.4905 15.42695963    14
STARLINK-34370
1 64309C 25123U   25222.06437500 -.00000588  00000+0 -13429-4 0  2227
2 64309  70.0024  15.9064 0003305 270.7886  44.5307 15.42705122    14
STARLINK-34357
1 64310C 25123V   25222.06298611 -.00002914  00000+0 -66548-4 0  2222
2 64310  70.0021  16.2430 0003380 268.1606 107.4261 15.42712150    15
STARLINK-34368
1 64311C 25123W   25222.06437500 -.00013584  00000+0 -31022-3 0  2228
2 64311  70.0018  16.1444 0003381 272.5907 191.7114 15.42721358    13
STARLINK-34384
1 64312C 25123X   25222.05951389 -.00011636  00000+0 -26572-3 0  2224
2 64312  70.0023  16.2008 0003387 268.8339 132.4763 15.42721558    14
STARLINK-34358
1 64313C 25123Y   25222.05812500  .00033016  00000+0  75381-3 0  2222
2 64313  70.0023  16.1783 0003469 269.8645 146.7238 15.42680493    13
STARLINK-34354
1 64314C 25123Z   25222.06298611 -.00003292  00000+0 -75193-4 0  2222
2 64314  70.0023  16.1397 0003437 270.2290 195.3672 15.42706680    11
STARLINK-34387
1 64315C 25123AA  25222.05951389  .00014667  00000+0  33493-3 0  2222
2 64315  70.0024  16.1230 0003423 268.4226 200.8826 15.42694022    11
STARLINK-33590
1 64316C 25123AB  25222.07548611  .00000026  00000+0  58790-6 0  2229
2 64316  70.0023  16.0550 0003680 271.9036 308.0318 15.42723542    15
STARLINK-33977
1 64344C 25126A   25222.07965278 -.00019226  00000+0 -15779-2 0  2225
2 64344  70.0005 207.9740 0003264 275.5195 150.1499 14.99155643    10
STARLINK-34426
1 64345C 25126B   25222.06368056 -.00012521  00000+0 -10277-2 0  2225
2 64345  70.0002 207.9650 0003390 269.0599 110.6488 14.99145576    17
STARLINK-34437
1 64346C 25126C   25222.06368056 -.00027140  00000+0 -22745-2 0  2222
2 64346  70.0005 208.1222 0003088 274.5129 325.1001 14.98357210    16
STARLINK-34407
1 64347C 25126D   25222.06159722 -.00005697  00000+0 -47731-3 0  2227
2 64347  70.0002 208.1497 0002485 274.4375 290.4535 14.98347222    18
STARLINK-34274
1 64348C 25126E   25222.05812500 -.00016211  00000+0 -13584-2 0  2229
2 64348  70.0006 208.2377 0003927 272.6382 206.9805 14.98348220    12
STARLINK-34301
1 64349C 25126F   25222.05743056 -.00127550  00000+0 -10681-1 0  2222
2 64349  70.0003 207.9871 0003407 268.1168  72.7573 14.98489005    18
STARLINK-34425
1 64350C 25126G   25222.06159722 -.00020161  00000+0 -16547-2 0  2224
2 64350  70.0002 208.1070 0003161 288.7422 315.3261 14.99154696    17
STARLINK-34389
1 64351C 25126H   25222.05812500 -.00012365  00000+0 -10369-2 0  2227
2 64351  70.0004 208.0311 0003141 272.1217  26.8270 14.98319365    13
STARLINK-34385
1 64352C 25126J   25222.06229167 -.00014072  00000+0 -11549-2 0  2228
2 64352  70.0003 208.2135 0003126 273.0041 239.2327 14.99151764    18
STARLINK-34431
1 64353C 25126K   25222.06090278 -.00042334  00000+0 -35478-2 0  2227
2 64353  70.0005 207.9571 0003669 282.6329  98.7146 14.98371197    18
STARLINK-34473
1 64354C 25126L   25222.05812500 -.00041584  00000+0 -34864-2 0  2221
2 64354  70.0005 208.0366 0003043 273.6880  26.1148 14.98356730    14
STARLINK-34270
1 64355C 25126M   25222.06298611 -.00012802  00000+0 -10730-2 0  2221
2 64355  70.0003 208.0470 0003548 271.6198  31.7895 14.98339655    17
STARLINK-34397
1 64356C 25126N   25222.06159722 -.00005476  00000+0 -44955-3 0  2227
2 64356  70.0003 208.2033 0003116 275.2289 241.5801 14.99132269    18
STARLINK-34454
1 64357C 25126P   25222.06159722 -.00021494  00000+0 -17639-2 0  2224
2 64357  70.0003 208.2364 0003228 272.4179 213.4850 14.99160426    15
STARLINK-34436
1 64358C 25126Q   25222.06159722 -.00019275  00000+0 -16153-2 0  2229
2 64358  70.0005 207.8966 0003355 283.7202 146.3653 14.98350006    13
STARLINK-34291
1 64359C 25126R   25222.05881944 -.00023472  00000+0 -19671-2 0  2229
2 64359  70.0004 208.0027 0003035 271.1448  53.9286 14.98353589    16
STARLINK-34458
1 64360C 25126S   25222.05743056 -.00010840  00000+0 -88994-3 0  2222
2 64360  70.0002 208.0900 0002965 272.4311 331.1021 14.99135774    13
STARLINK-34243
1 64361C 25126T   25222.06159722 -.00017535  00000+0 -14699-2 0  2223
2 64361  70.0003 208.0751 0003226 269.5028   3.9402 14.98339442    16
STARLINK-34335
1 64362C 25126U   25222.06368056 -.00035159  00000+0 -28846-2 0  2227
2 64362  70.0003 207.9373 0003470 277.7796 127.0923 14.99183060    19
STARLINK-34408
1 64363C 25126V   25222.06020833 -.00030493  00000+0 -25019-2 0  2221
2 64363  70.0003 207.8938 0003666 282.6458 148.7420 14.99176750    13
STARLINK-34476
1 64364C 25126W   25222.06090278 -.00045418  00000+0 -37273-2 0  2220
2 64364  70.0004 208.0060 0003296 275.1362  57.5805 14.99184571    18
STARLINK-34479
1 64365C 25126X   25222.06368056 -.00018379  00000+0 -15403-2 0  2220
2 64365  70.0004 208.2428 0002567 275.3536 211.7216 14.98348232    19
STARLINK-34484
1 64366C 25126Y   25222.06229167 -.00040559  00000+0 -33991-2 0  2227
2 64366  70.0006 207.8944 0002743 273.9275 160.8068 14.98370769    19
STARLINK-34483
1 64367C 25126Z   25222.06368056  .00000724  00000+0  60628-4 0  2226
2 64367  70.0007 207.9156 0003094 277.8712 140.9298 14.98370258    13
STARLINK-34457
1 64368C 25126AA  25222.05881944 -.00026479  00000+0 -22192-2 0  2221
2 64368  70.0003 208.1543 0003142 270.8246 280.0784 14.98354809    12
STARLINK-34444
1 64369C 25126AB  25222.06298611 -.00005521  00000+0 -45290-3 0  2226
2 64369  70.0003 208.1830 0003995 266.3102 270.5160 14.99161124    18
STARLINK-34419
1 64412C 25129A   25222.05673611 -.01609400  00000+0 -12830+0 0  2221
2 64412  69.9994 248.2425 0003165 271.9620  25.2264 15.01883998    18
STARLINK-34275
1 64413C 25129B   25222.06020833 -.01729700  00000+0 -13043+0 0  2228
2 64413  69.9993 248.1166 0003317 278.5907 150.1188 15.04124376    13
STARLINK-34225
1 64414C 25129C   25222.05881944 -.01642300  00000+0 -12696+0 0  2229
2 64414  69.9994 248.2916 0003317 272.9395 349.3007 15.03089088    19
STARLINK-34422
1 64415C 25129D   25222.05673611 -.01729700  00000+0 -12572+0 0  2223
2 64415  69.9993 248.1654 0003419 275.8101  98.4634 15.05514297    12
STARLINK-34514
1 64416C 25129E   25222.05881944 -.01730100  00000+0 -11042+0 0  2221
2 64416  69.9992 248.0163 0003168 275.6798 240.1839 15.10345559    19
STARLINK-34487
1 64417C 25129F   25222.06229167 -.01730200  00000+0 -11813+0 0  2223
2 64417  69.9993 248.0019 0003086 275.4789 262.4179 15.07854305    12
STARLINK-34461
1 64418C 25129G   25222.05673611 -.00471640  00000+0 -38565-1 0  2224
2 64418  69.9995 248.2447 0002984 269.5656  30.3271 14.99755009    11
STARLINK-34512
1 64419C 25129H   25222.06437500 -.00058398  00000+0 -47913-2 0  2220
2 64419  69.9993 248.1600 0003522 269.0551 130.1224 14.99206145    17
STARLINK-34503
1 64420C 25129J   25222.06298611 -.00656420  00000+0 -53561-1 0  2225
2 64420  69.9994 248.1927 0003518 266.6210  99.5217 15.00021595    19
STARLINK-34498
1 64421C 25129K   25222.06020833 -.01730600  00000+0 -12005+0 0  2225
2 64421  69.9993 248.1588 0003565 276.5285 115.0919 15.07261896    16
STARLINK-34434
1 64422C 25129L   25222.05604167 -.01730700  00000+0 -13072+0 0  2229
2 64422  69.9994 248.2564 0003399 272.9716  17.0081 15.04061521    18
STARLINK-34467
1 64423C 25129M   25222.06090278 -.01727800  00000+0 -12235+0 0  2220
2 64423  69.9993 248.0882 0003297 278.4543 178.3704 15.06491693    17
STARLINK-34468
1 64424C 25129N   25222.06229167 -.01382200  00000+0 -11142+0 0  2229
2 64424  69.9995 248.2563 0003164 270.4604  37.0785 15.01225783    11
STARLINK-34452
1 64425C 25129P   25222.06090278 -.01731100  00000+0 -12356+0 0  2224
2 64425  69.9996 247.9972 0003144 275.2632 260.2182 15.06195711    18
STARLINK-34432
1 64426C 25129Q   25222.06298611 -.01705700  00000+0 -13524+0 0  2221
2 64426  69.9993 248.0681 0003251 278.3411 198.7695 15.02188959    19
STARLINK-34480
1 64427C 25129R   25222.05673611 -.01731500  00000+0 -13538+0 0  2220
2 64427  69.9996 248.0072 0003131 277.3687 232.6915 15.02748892    19
STARLINK-34495
1 64428C 25129S   25222.05743056 -.01726900  00000+0 -11558+0 0  2220
2 64428  69.9993 248.0996 0003443 278.3933 157.9892 15.08587520    11
STARLINK-34501
1 64429C 25129T   25222.06159722 -.01729600  00000+0 -12934+0 0  2222
2 64429  69.9993 248.2110 0003459 275.6275  71.4728 15.04441011    16
STARLINK-34441
1 64430C 25129U   25222.05604167 -.01729700  00000+0 -12477+0 0  2224
2 64430  69.9993 248.1417 0003476 277.0684 115.2655 15.05796963    12
STARLINK-34524
1 64431C 25129V   25222.06229167 -.01730700  00000+0 -12136+0 0  2223
2 64431  69.9992 248.0543 0003092 277.5669 212.6482 15.06858629    12
STARLINK-34506
1 64432C 25129W   25222.06229167 -.01730400  00000+0 -11587+0 0  2220
2 64432  69.9995 247.9582 0003123 273.6059 301.2487 15.08575940    16
STARLINK-34451
1 64433C 25129X   25222.05951389 -.00550120  00000+0 -44942-1 0  2229
2 64433  69.9994 248.2184 0002877 266.9286  63.5901 14.99868391    13
STARLINK-34472
1 64434C 25129Y   25222.05881944 -.01729000  00000+0 -13025+0 0  2221
2 64434  69.9993 248.1300 0003377 277.9226 132.5450 15.04160516    11
STARLINK-34478
1 64435C 25129Z   25222.06090278 -.01729000  00000+0 -12717+0 0  2222
2 64435  69.9992 248.0583 0003220 277.5447 203.4619 15.05067360    10
STARLINK-34396
1 64436C 25129AA  25222.06368056 -.01501500  00000+0 -12006+0 0  2229
2 64436  69.9993 248.1713 0003478 273.8454 105.7994 15.01657163    12
STARLINK-34507
1 64437C 25129AB  25222.05812500 -.01729500  00000+0 -12249+0 0  2228
2 64437  69.9995 247.9784 0003212 275.5136 266.6271 15.06486146    13
STARLINK-34465
1 64438C 25130A   25222.05881944 -.00046035  00000+0 -11496-2 0  2229
2 64438  53.1603 356.8850 0001211  81.2604  14.9616 15.39639789    14
STARLINK-34456
1 64439C 25130B   25222.05951389  .00008358  00000+0  20876-3 0  2228
2 64439  53.1604 356.8301 0001220  99.1885  26.6453 15.39577950    16
STARLINK-34410
1 64440C 25130C   25222.05951389 -.00008506  00000+0 -21240-3 0  2223
2 64440  53.1601 356.7790 0001162  79.4443  72.1164 15.39603786    14
STARLINK-34453
1 64441C 25130D   25222.06159722 -.00010480  00000+0 -26172-3 0  2229
2 64441  53.1601 356.7178 0001473  84.9969 103.8812 15.39600537    17
STARLINK-34404
1 64442C 25130E   25222.06020833 -.00001542  00000+0 -38509-4 0  2227
2 64442  53.1602 356.6726 0001177  91.9284 115.0159 15.39585745    18
STARLINK-34403
1 64443C 25130F   25222.06229167  .00002244  00000+0  56037-4 0  2223
2 64443  53.1601 356.4064 0001079  77.1333 270.1187 15.39587987    17
STARLINK-34399
1 64444C 25130G   25222.06229167 -.00015993  00000+0 -39929-3 0  2221
2 64444  53.1604 356.3548 0001504 103.6564 269.3157 15.39615439    12
STARLINK-34398
1 64445C 25130H   25222.05881944 -.00008614  00000+0 -21502-3 0  2228
2 64445  53.1600 356.6280 0001239  89.2843 135.6578 15.39614935    11
STARLINK-34402
1 64446C 25130J   25222.06020833 -.00002807  00000+0 -70089-4 0  2225
2 64446  53.1599 356.5700 0001205  74.9256 183.5118 15.39593264    10
STARLINK-34450
1 64447C 25130K   25222.05881944 -.00080796  00000+0 -20189-2 0  2220
2 64447  53.1599 356.5254 0000979  70.0439 206.4734 15.39654044    15
STARLINK-34433
1 64448C 25130L   25222.05812500 -.00014085  00000+0 -35162-3 0  2229
2 64448  53.1600 356.4771 0000812 105.7466 192.6038 15.39617761    12
STARLINK-34459
1 64449C 25130M   25222.06159722  .00038377  00000+0  95759-3 0  2227
2 64449  53.1606 356.3067 0000735  86.8514 307.9811 15.39578455    19
STARLINK-34361
1 64450C 25130N   25222.06437500 -.00095226  00000+0 -23793-2 0  2228
2 64450  53.1605 356.2419 0001461  89.6294 346.4473 15.39669994    14
STARLINK-34392
1 64451C 25130P   25222.06229167  .00017298  00000+0  43202-3 0  2226
2 64451  53.1604 356.2002 0001524 101.8771 348.3868 15.39570831    19
STARLINK-34367
1 64452C 25130Q   25222.06159722 -.00010389  00000+0 -25947-3 0  2228
2 64452  53.1599 356.6091 0001477  90.3467 151.9041 15.39599373    19
STARLINK-34221
1 64453C 25130R   25222.06437500 -.00022811  00000+0 -56966-3 0  2220
2 64453  53.1603 356.6983 0001292  90.6982 115.4407 15.39614313    19
STARLINK-34282
1 64454C 25130S   25222.01576389 -.00032007  00000+0 -79871-3 0  2223
2 64454  53.1600 356.0597 0001705  81.1224 293.1824 15.39645565    15
STARLINK-34295
1 64455C 25130T   25222.06159722 -.00011760  00000+0 -29365-3 0  2223
2 64455  53.1600 356.4549 0001089  99.7569 219.7481 15.39605454    15
STARLINK-34430
1 64456C 25130U   25222.06090278 -.00017837  00000+0 -44551-3 0  2229
2 64456  53.1601 356.4069 0001053  90.1242 251.2906 15.39604879    11
STARLINK-34445
1 64457C 25130V   25222.06229167  .00094042  00000+0  23497-2 0  2227
2 64457  53.1604 356.2975 0001208  64.6975 335.9063 15.39481695    13
STARLINK-34439
1 64458C 25130W   25222.06229167 -.00071445  00000+0 -17819-2 0  2223
2 64458  53.1604 356.2463 0001401 100.7904 325.5176 15.39701870    15
STARLINK-34421
1 64459C 25130X   25222.06298611 -.00001204  00000+0 -30049-4 0  2222
2 64459  53.1603 356.1913 0001625  88.4902   7.4618 15.39598456    13
STARLINK-34423
1 64460C 25130Y   25222.06090278  .00037265  00000+0  93007-3 0  2229
2 64460  53.1600 356.1501 0001380  90.1792  19.9727 15.39571732    17
STARLINK-34418
1 64461C 25130Z   25222.06368056  .00046552  00000+0  11619-2 0  2229
2 64461  53.1601 356.0855 0001316  67.0898  84.2057 15.39560418    19
STARLINK-34336
1 64462C 25130AA  25222.06368056 -.00005623  00000+0 -18963-3 0  2226
2 64462  53.1594 354.0711 0001247  83.9570 334.8051 15.30174597    15
STARLINK-34400
1 64463C 25130AB  25222.05881944  .00046499  00000+0  11608-2 0  2224
2 64463  53.1612 355.3416 0001423 102.1675  48.4768 15.39555083    14
STARLINK-34429
1 64464C 25130AC  25222.05881944  .00105850  00000+0  26445-2 0  2227
2 64464  53.1599 355.9546 0001209 116.5213  85.0961 15.39473917    15
STARLINK-34449
1 64465C 25130AD  25222.05743056  .00016979  00000+0  42392-3 0  2222
2 64465  53.1602 355.6531 0001430  77.9369 270.4727 15.39581413    11
STARLINK-34493
1 64472C 25133A   25222.06229167  .00003224  00000+0  80433-4 0  2224
2 64472  53.1595  26.9059 0001051  87.8891  40.0771 15.39617899    10
STARLINK-34492
1 64473C 25133B   25222.05951389  .00012469  00000+0  31112-3 0  2222
2 64473  53.1594  26.8713 0001287  90.4928  45.9702 15.39604526    19
STARLINK-34474
1 64474C 25133C   25222.05743056  .00006842  00000+0  17076-3 0  2224
2 64474  53.1594  26.8771 0001314  92.1472  34.6445 15.39601751    14
STARLINK-34523
1 64475C 25133D   25222.05951389  .00023388  00000+0  58362-3 0  2222
2 64475  53.1594  26.8190 0001128  99.6621  62.5663 15.39590984    18
STARLINK-34496
1 64476C 25133E   25222.06229167  .00003424  00000+0  85451-4 0  2225
2 64476  53.1595  26.8018 0000788  80.1604  99.3411 15.39605328    14
STARLINK-34375
1 64477C 25133F   25222.06090278  .00022606  00000+0  56418-3 0  2228
2 64477  53.1592  26.7609 0001137  73.0740 122.6079 15.39588602    13
STARLINK-34490
1 64478C 25133G   25222.06020833  .00015191  00000+0  37915-3 0  2221
2 64478  53.1593  26.7122 0001134  83.1578 134.4412 15.39593109    13
STARLINK-34528
1 64479C 25133H   25222.05881944  .00011741  00000+0  29303-3 0  2228
2 64479  53.1592  26.7669 0001058  80.3099 105.6897 15.39599118    14
STARLINK-34518
1 64480C 25133J   25222.05881944  .00026938  00000+0  67227-3 0  2221
2 64480  53.1594  26.7146 0000965  87.3003 124.4572 15.39585005    15
STARLINK-34526
1 64481C 25133K   25222.05881944  .00022446  00000+0  56029-3 0  2220
2 64481  53.1595  26.6669 0001276  80.5095 155.1408 15.39582660    11
STARLINK-34527
1 64482C 25133L   25222.06229167 -.00001808  00000+0 -45129-4 0  2226
2 64482  53.1595  26.6465 0001115  81.2415 175.5065 15.39614006    17
STARLINK-34420
1 64483C 25133M   25222.06437500 -.00004638  00000+0 -11573-3 0  2228
2 64483  53.1598  26.5887 0001126  79.2750 212.9131 15.39619777    19
STARLINK-34509
1 64484C 25133N   25222.06020833  .00012362  00000+0  30851-3 0  2227
2 64484  53.1599  26.6046 0001113  76.2967 194.6481 15.39599759    13
STARLINK-34409
1 64485C 25133P   25222.06368056  .00041710  00000+0  10411-2 0  2228
2 64485  53.1600  26.5403 0001111  98.9400 215.1834 15.39565773    14
STARLINK-34520
1 64486C 25133Q   25222.06368056  .00042727  00000+0  10664-2 0  2228
2 64486  53.1600  26.5362 0000788 107.1589 208.8205 15.39566419    18
STARLINK-34477
1 64487C 25133R   25222.06229167  .00028811  00000+0  71905-3 0  2222
2 64487  53.1603  26.4948 0001355  91.7827 240.3650 15.39581334    13
STARLINK-34217
1 64488C 25133S   25222.05881944  .00019521  00000+0  48722-3 0  2228
2 64488  53.1603  26.5071 0001372  90.9545 223.8039 15.39589515    15
STARLINK-34307
1 64489C 25133T   25222.05812500  .00022626  00000+0  56486-3 0  2227
2 64489  53.1603  26.4627 0001123  95.0586 239.7651 15.39578355    13
STARLINK-34505
1 64490C 25133U   25222.05951389  .00027691  00000+0  69111-3 0  2224
2 64490  53.1603  26.4525 0001300  93.4048 250.9591 15.39581644    17
STARLINK-34530
1 64491C 25133V   25222.06090278  .00043546  00000+0  10869-2 0  2229
2 64491  53.1602  26.3980 0001278  95.4685 280.5072 15.39563576    11
STARLINK-34522
1 64492C 25133W   25222.06020833  .00041027  00000+0  10222-2 0  2225
2 64492  53.1601  26.3979 0001043  30.9877 342.8174 15.39620185    11
STARLINK-34462
1 64493C 25133X   25222.06020833  .00019215  00000+0  47966-3 0  2226
2 64493  53.1602  26.3496 0001247  93.4426 304.4331 15.39584259    17
STARLINK-34226
1 64494C 25133Y   25222.06368056  .00022104  00000+0  55179-3 0  2225
2 64494  53.1602  26.3295 0001247  96.8293 322.1695 15.39580613    14
STARLINK-34364
1 64495C 25133Z   25222.07131944  .00038840  00000+0  72764-3 0  2224
2 64495  53.1597  25.3558 0001169  20.3619 193.3799 15.48039584    15
STARLINK-34268
1 64496C 25133AA  25222.05951389  .00009366  00000+0  23381-3 0  2228
2 64496  53.1602  26.3010 0001045  81.6465 338.1165 15.39594528    19
STARLINK-34363
1 64497C 25133AB  25222.05812500  .00007538  00000+0  18814-3 0  2224
2 64497  53.1602  26.2561 0001345  80.4704 357.3398 15.39601233    19
STARLINK-34427
1 64498C 25133AC  25222.05881944  .00020956  00000+0  52288-3 0  2225
2 64498  53.1601  26.2489 0001410  88.9557 354.5514 15.39596533    15
STARLINK-34280
1 64594C 25137A   25222.05812500  .00015365  00000+0  38349-3 0  2228
2 64594  53.1568 248.6436 0001101  87.9210  24.4690 15.39592744    16
STARLINK-34517
1 64595C 25137B   25222.06437500  .00009888  00000+0  24679-3 0  2227
2 64595  53.1586 248.2561 0001222  92.7780 234.5343 15.39598322    19
STARLINK-34510
1 64596C 25137C   25222.06368056  .00022148  00000+0  55225-3 0  2222
2 64596  53.1575 248.4649 0001015  69.4773 150.8610 15.39616552    13
STARLINK-34486
1 64597C 25137D   25222.05812500  .00003636  00000+0  90756-4 0  2220
2 64597  53.1581 248.1327 0001238  97.7624 272.1507 15.39600753    16
STARLINK-34463
1 64598C 25137E   25222.06159722  .00018666  00000+0  46593-3 0  2220
2 64598  53.1576 248.0132 0001639  81.6748 359.0022 15.39586367    19
STARLINK-34294
1 64599C 25137F   25222.06229167  .00007220  00000+0  18017-3 0  2226
2 64599  53.1577 248.3671 0001170  85.0015 179.2262 15.39606543    14
STARLINK-34504
1 64600C 25137G   25222.06020833  .00019425  00000+0  48489-3 0  2224
2 64600  53.1572 248.5803 0001062  78.6171  71.0872 15.39584739    10
STARLINK-34508
1 64601C 25137H   25222.06368056  .00016829  00000+0  42046-3 0  2225
2 64601  53.1576 248.4114 0000590 123.8532 122.4867 15.39561101    11
STARLINK-34435
1 64602C 25137J   25222.05881944  .00008451  00000+0  21089-3 0  2227
2 64602  53.1588 248.2298 0001228  91.1129 231.1177 15.39604860    16
STARLINK-34475
1 64603C 25137K   25222.06020833  .00006114  00000+0  15257-3 0  2225
2 64603  53.1585 248.1721 0001270  90.4898 265.1902 15.39608785    19
STARLINK-34488
1 64604C 25137L   25222.06437500  .00011989  00000+0  29923-3 0  2220
2 64604  53.1573 248.5087 0001177  81.2166 117.3341 15.39597077    14
STARLINK-34516
1 64605C 25137M   25222.06229167  .00007056  00000+0  17608-3 0  2226
2 64605  53.1578 248.3149 0001216  93.6674 196.3193 15.39608118    13
STARLINK-34073
1 64606C 25137N   25222.07548611  .00012473  00000+0  31132-3 0  2223
2 64606  53.1577 247.9979 0001218  96.8398  35.1053 15.39596301    14
STARLINK-34532
1 64607C 25137P   25222.05951389  .00015412  00000+0  51967-3 0  2226
2 64607  53.1592 248.3982 0001566  65.2781 173.1331 15.30162026    19
STARLINK-34519
1 64608C 25137Q   25222.06437500  .00017266  00000+0  43097-3 0  2226
2 64608  53.1572 248.5627 0001152  88.6181  82.3249 15.39589393    18
STARLINK-34513
1 64609C 25137R   25222.05951389  .00012122  00000+0  30256-3 0  2221
2 64609  53.1571 248.5342 0001142  86.6426  83.0902 15.39596360    17
STARLINK-34569
1 64610C 25137S   25222.05881944  .00001906  00000+0  47523-4 0  2226
2 64610  53.1571 248.4861 0001236  89.8681 101.6451 15.39639283    14
STARLINK-34494
1 64611C 25137T   25222.06298611  .00001180  00000+0  29431-4 0  2223
2 64611  53.1576 248.4154 0001323  82.5677 157.9003 15.39615250    12
STARLINK-34521
1 64612C 25137U   25222.05743056  .00019334  00000+0  48285-3 0  2228
2 64612  53.1577 248.3386 0001273  94.7462 166.5109 15.39569943    11
STARLINK-34500
1 64613C 25137V   25222.06229167  .00003900  00000+0  97328-4 0  2227
2 64613  53.1586 248.2144 0001282  88.5466 251.0784 15.39609305    14
STARLINK-34440
1 64614C 25137W   25222.06298611  .00010215  00000+0  25491-3 0  2226
2 64614  53.1586 248.1603 0001227  87.7554 281.4750 15.39604698    12
STARLINK-34469
1 64615C 25137X   25222.05743056  .00023635  00000+0  58992-3 0  2226
2 64615  53.1577 248.3902 0001271  80.8128 154.6224 15.39583778    19
STARLINK-34413
1 64616C 25137Y   25222.06020833  .00006828  00000+0  17040-3 0  2223
2 64616  53.1578 248.2742 0001248  88.2830 214.0342 15.39606557    11
STARLINK-34417
1 64617C 25137Z   25222.06090278  .00071302  00000+0  48546-3 0  2228
2 64617  53.1580 243.5027 0001027  69.3722  83.2695 15.74136205    18
STARLINK-34415
1 64618C 25137AA  25222.06020833  .00015466  00000+0  38593-3 0  2229
2 64618  53.1584 248.1214 0001256  83.4077 296.1760 15.39599513    10
STARLINK-34416
1 64619C 25137AB  25222.06020833  .00019984  00000+0  49879-3 0  2228
2 64619  53.1581 248.0703 0001965  85.9312 319.4325 15.39586663    14
STARLINK-34414
1 64620C 25137AC  25222.06159722  .00018308  00000+0  45684-3 0  2229
2 64620  53.1578 247.9104 0001154  93.7895  36.5020 15.39598347    19
STARLINK-34464
1 64664C 25139A   25222.05812500  .00024526  00000+0  61218-3 0  2228
2 64664  53.1607  32.2591 0001200  89.9850 185.4084 15.39581434    18
STARLINK-34555
1 64665C 25139B   25222.05951389  .00033595  00000+0  83843-3 0  2222
2 64665  53.1607  32.2009 0001145  94.3721 214.4686 15.39577326    14
STARLINK-34390
1 64666C 25139C   25222.05743056  .00042189  00000+0  10529-2 0  2222
2 64666  53.1606  32.2072 0001431  93.1035 206.0540 15.39567112    15
STARLINK-34382
1 64667C 25139D   25222.06368056  .00026058  00000+0  65024-3 0  2225
2 64667  53.1607  32.2286 0001100  90.4261 217.6165 15.39589487    18
STARLINK-34395
1 64668C 25139E   25222.06229167  .00039209  00000+0  97846-3 0  2224
2 64668  53.1606  32.1360 0001166  99.3329 250.6588 15.39573918    13
STARLINK-34394
1 64669C 25139F   25222.05812500  .00011647  00000+0  29071-3 0  2224
2 64669  53.1606  32.1519 0000712  79.1199 249.6258 15.39596294    11
STARLINK-34287
1 64670C 25139G   25222.06298611  .00018243  00000+0  45526-3 0  2220
2 64670  53.1605  32.0815 0001330  86.5298 293.0681 15.39593832    17
STARLINK-34365
1 64671C 25139H   25222.06298611  .00004649  00000+0  11596-3 0  2226
2 64671  53.1604  32.0263 0001146  76.1640 330.9873 15.39625513    11
STARLINK-34442
1 64672C 25139J   25222.05673611  .00073218  00000+0  18258-2 0  2222
2 64672  53.1603  32.0078 0001206  88.1855 308.1329 15.39562688    19
STARLINK-34288
1 64673C 25139K   25222.06298611  .00013460  00000+0  33581-3 0  2227
2 64673  53.1604  32.0773 0001393  92.0445 289.3876 15.39606449    10
STARLINK-34539
1 64674C 25139L   25222.06159722  .00033112  00000+0  82632-3 0  2224
2 64674  53.1604  31.9804 0000740  91.5982 333.6649 15.39580161    12
STARLINK-34590
1 64675C 25139M   25222.06159722  .00012669  00000+0  31618-3 0  2227
2 64675  53.1604  32.0358 0001241  95.6907 301.9553 15.39599184    15
STARLINK-34573
1 64676C 25139N   25222.06229167 -.00001843  00000+0 -45998-4 0  2220
2 64676  53.1603  31.9294 0001156  86.8434   6.1435 15.39614710    10
STARLINK-34605
1 64677C 25139P   25222.06854167  .00026887  00000+0  64551-3 0  2223
2 64677  53.1605  31.8321 0001345 356.7291 165.2108 15.40757907    15
STARLINK-34525
1 64678C 25139Q   25222.06020833 -.00005737  00000+0 -14318-3 0  2228
2 64678  53.1601  31.8841 0001023  83.8920  25.1567 15.39618261    19
STARLINK-34489
1 64679C 25139R   25222.06159722 -.00009001  00000+0 -22467-3 0  2221
2 64679  53.1601  31.8295 0001091  86.4491  54.2077 15.39615721    17
STARLINK-34502
1 64680C 25139S   25222.05951389  .00004482  00000+0  11184-3 0  2221
2 64680  53.1601  31.7879 0001319  83.2108  71.6271 15.39609727    17
STARLINK-34553
1 64681C 25139T   25222.06090278  .00010470  00000+0  26131-3 0  2226
2 64681  53.1602  31.7772 0001266  89.4929  74.9328 15.39598567    19
STARLINK-34551
1 64682C 25139U   25222.06645833  .00046400  00000+0  10789-2 0  2223
2 64682  53.1617  31.1773 0001607  20.2858 101.0313 15.41700797    13
STARLINK-34550
1 64683C 25139V   25222.06229167  .00042607  00000+0  10642-2 0  2225
2 64683  53.1600  31.8767 0002079  91.7575  27.0386 15.39543413    13
STARLINK-34485
1 64684C 25139W   25222.05812500  .00018180  00000+0  45370-3 0  2220
2 64684  53.1604  31.7386 0001090  77.0854  97.6739 15.39593680    19
STARLINK-34253
1 64685C 25139X   25222.05881944  .00039507  00000+0  98618-3 0  2228
2 64685  53.1606  31.6874 0001132  90.2184 112.3133 15.39565179    18
STARLINK-34565
1 64686C 25139Y   25222.06090278  .00028763  00000+0  71778-3 0  2222
2 64686  53.1606  31.6739 0001359  93.0051 122.9147 15.39584948    11
STARLINK-34554
1 64687C 25139Z   25222.06090278  .00031523  00000+0  78672-3 0  2221
2 64687  53.1601  31.8275 0001120  92.2814  46.3969 15.39579518    16
STARLINK-34262
1 64688C 25139AA  25222.06090278  .00022079  00000+0  55106-3 0  2225
2 64688  53.1608  31.5748 0001230  96.3187 169.2549 15.39587332    18
STARLINK-34538
1 64689C 25139AB  25222.06298611  .00017665  00000+0  44085-3 0  2226
2 64689  53.1606  31.6128 0001119  91.4763 161.7477 15.39595059    14
STARLINK-34250
1 64690C 25139AC  25222.06229167  .00042332  00000+0  10570-2 0  2228
2 64690  53.1606  31.6200 0001300  96.0451 151.5072 15.39554016    10
STARLINK-34497
1 64696C 25142A   25222.06020833  .00012330  00000+0  28170-3 0  2228
2 64696  70.0001 133.9294 0003274 273.3346 101.1995 15.42682787    13
STARLINK-34584
1 64697C 25142B   25222.06159722  .00012463  00000+0  28468-3 0  2226
2 64697  69.9999 133.7199 0003323 271.0852 291.1553 15.42688866    15
STARLINK-34535
1 64698C 25142C   25222.06229167 -.00008969  00000+0 -20492-3 0  2225
2 64698  69.9999 133.6144 0003343 269.1704  26.9501 15.42702569    15
STARLINK-34600
1 64699C 25142D   25222.05951389  .00010242  00000+0  23367-3 0  2222
2 64699  70.0001 133.8291 0003273 256.5610 204.0128 15.42725720    14
STARLINK-34560
1 64700C 25142E   25222.06437500  .00017496  00000+0  39981-3 0  2227
2 64700  70.0000 133.8667 0003384 269.7801 172.9208 15.42669851    18
STARLINK-34576
1 64701C 25142F   25222.05881944 -.00001890  00000+0 -43182-4 0  2224
2 64701  70.0001 133.6754 0003281 270.2461 321.5721 15.42694725    10
STARLINK-34322
1 64702C 25142G   25222.06020833  .00003841  00000+0  87771-4 0  2226
2 64702  70.0000 133.5686 0003174 271.7925  57.7447 15.42688380    18
STARLINK-34470
1 64703C 25142H   25222.06020833  .00016098  00000+0  36799-3 0  2228
2 64703  70.0000 133.7748 0003514 275.6560 233.9212 15.42662685    14
STARLINK-34405
1 64704C 25142J   25222.06368056  .00030476  00000+0  69740-3 0  2229
2 64704  70.0001 133.8948 0003285 268.7075 147.2489 15.42616512    19
STARLINK-34406
1 64705C 25142K   25222.05812500 -.00016886  00000+0 -38573-3 0  2228
2 64705  70.0001 133.8585 0003327 269.9300 160.0334 15.42716230    18
STARLINK-34559
1 64706C 25142L   25222.05743056  .00023345  00000+0  53376-3 0  2222
2 64706  70.0002 133.8086 0003409 270.7833 200.3854 15.42648378    10
STARLINK-34316
1 64707C 25142M   25222.06298611 -.00014659  00000+0 -33493-3 0  2224
2 64707  70.0000 133.7417 0003344 269.5476 277.4201 15.42707685    11
STARLINK-34563
1 64708C 25142N   25222.05743056  .00023419  00000+0  53484-3 0  2226
2 64708  70.0000 133.7049 0003443 268.6264 292.4701 15.42682176    17
STARLINK-34499
1 64709C 25142P   25222.06229167  .00026265  00000+0  60043-3 0  2221
2 64709  70.0000 133.6405 0003550 265.6229   7.5266 15.42649885    11
STARLINK-34447
1 64710C 25142Q   25222.05951389  .00021361  00000+0  48818-3 0  2228
2 64710  70.0000 133.5959 0003288 271.4405  31.2797 15.42664019    14
STARLINK-34312
1 64711C 25142R   25222.06229167  .00006240  00000+0  14256-3 0  2220
2 64711  70.0000 133.5365 0003281 272.6459  90.4620 15.42692140    19
STARLINK-34515
1 64712C 25142S   25222.06437500  .00014898  00000+0  34050-3 0  2225
2 64712  70.0001 133.6729 0003257 272.4735 338.2310 15.42669489    13
STARLINK-34583
1 64713C 25142T   25222.05951389  .00039638  00000+0  90586-3 0  2226
2 64713  70.0001 133.6345 0003330 271.1782 357.5771 15.42646265    10
STARLINK-34574
1 64714C 25142U   25222.06229167  .00002227  00000+0  50872-4 0  2229
2 64714  70.0000 133.5749 0003214 272.5833  56.5141 15.42691956    14
STARLINK-34533
1 64715C 25142V   25222.06090278  .00021959  00000+0  50189-3 0  2222
2 64715  70.0000 133.8615 0003540 272.4305 161.9964 15.42659655    19
STARLINK-34548
1 64716C 25142W   25222.06368056 -.00013376  00000+0 -30559-3 0  2220
2 64716  70.0002 133.8286 0003317 269.7986 202.0140 15.42709965    15
STARLINK-34568
1 64717C 25142X   25222.06020833  .00014996  00000+0  34288-3 0  2229
2 64717  70.0002 133.8123 0003390 270.9968 204.6034 15.42656619    18
STARLINK-34546
1 64718C 25142Y   25222.06368056  .00020051  00000+0  45830-3 0  2226
2 64718  70.0001 133.7778 0003323 274.2753 242.5787 15.42661588    15
STARLINK-34577
1 64719C 25142Z   25222.05812500  .00014610  00000+0  33397-3 0  2223
2 64719  70.0001 133.7407 0003312 274.4687 256.5417 15.42664278    15
STARLINK-34572
1 64720C 25142AA  25222.06090278  .00029024  00000+0  66335-3 0  2229
2 64720  70.0001 133.7588 0003414 269.0352 255.3950 15.42654702    19
STARLINK-34558
1 64721C 25142AB  25222.06229167  .00012263  00000+0  28033-3 0  2221
2 64721  70.0000 133.5480 0003195 270.5300  81.6274 15.42665975    17
STARLINK-34393
1 64724C 25144A   25222.06229167  .00013148  00000+0  32813-3 0  2220
2 64724  53.1593  85.0538 0001477  83.8058  15.5584 15.39598873    18
STARLINK-34562
1 64725C 25144B   25222.05812500  .00016991  00000+0  42407-3 0  2228
2 64725  53.1593  85.2304 0001117  99.0854 258.0593 15.39591680    19
STARLINK-34557
1 64726C 25144C   25222.06020833  .00009075  00000+0  22647-3 0  2229
2 64726  53.1593  85.2169 0001104  91.2283 279.3153 15.39605061    12
STARLINK-34242
1 64727C 25144D   25222.06229167  .00066888  00000+0  16701-2 0  2229
2 64727  53.1604  84.8992 0001567  91.7218  84.8489 15.39530295    18
STARLINK-34239
1 64728C 25144E   25222.06229167  .00086243  00000+0  21564-2 0  2220
2 64728  53.1608  84.7963 0001081  92.0652 136.1163 15.39468671    15
STARLINK-34588
1 64729C 25144F   25222.05743056  .00015046  00000+0  37552-3 0  2226
2 64729  53.1593  85.1817 0001052  89.0685 289.9767 15.39594466    11
STARLINK-34606
1 64730C 25144G   25222.06298611  .00018768  00000+0  46841-3 0  2226
2 64730  53.1593  85.1512 0001115  85.6274 326.0963 15.39590401    17
STARLINK-34552
1 64731C 25144H   25222.06368056  .00030165  00000+0  75293-3 0  2226
2 64731  53.1605  84.6870 0001365  80.3178 207.0318 15.39576693    14
STARLINK-34596
1 64732C 25144J   25222.06090278  .00017141  00000+0  42776-3 0  2224
2 64732  53.1597  85.0075 0001088  94.4101  23.0040 15.39595959    15
STARLINK-34556
1 64733C 25144K   25222.05673611  .00017960  00000+0  44822-3 0  2225
2 64733  53.1600  84.9754 0001074  89.7711  30.2884 15.39593235    13
STARLINK-34591
1 64734C 25144L   25222.06159722  .00026838  00000+0  66989-3 0  2221
2 64734  53.1593  85.1060 0001096  76.1911 353.5875 15.39580210    14
STARLINK-34587
1 64735C 25144M   25222.07131944  .00056187  00000+0  13749-2 0  2224
2 64735  53.1610  84.7891 0000583  66.6782 193.0926 15.40153203    16
STARLINK-34130
1 64736C 25144N   25222.07687500  .00024435  00000+0  60988-3 0  2228
2 64736  53.1607  84.6747 0001467  85.5137 249.2558 15.39583590    17
STARLINK-34619
1 64737C 25144P   25222.06159722  .00024871  00000+0  62071-3 0  2227
2 64737  53.1602  84.6441 0001244  90.5899 210.9442 15.39586372    16
STARLINK-34597
1 64738C 25144Q   25222.06229167  .00029092  00000+0  72609-3 0  2227
2 64738  53.1595  85.0468 0001041  77.1408  24.0663 15.39579712    13
STARLINK-34471
1 64739C 25144R   25222.06020833  .00023191  00000+0  57882-3 0  2227
2 64739  53.1608  84.8509 0000763 102.0905  90.5719 15.39585537    14
STARLINK-34208
1 64740C 25144S   25222.06090278  .00022183  00000+0  55363-3 0  2221
2 64740  53.1601  84.9504 0000957 102.5899  42.4080 15.39589069    18
STARLINK-34205
1 64741C 25144T   25222.06437500  .00030319  00000+0  75675-3 0  2223
2 64741  53.1597  84.9852 0001080  75.8226  62.6943 15.39577841    10
STARLINK-34607
1 64742C 25144U   25222.06020833  .00025820  00000+0  64447-3 0  2227
2 64742  53.1605  84.9014 0001201  94.0098  72.9046 15.39581676    15
STARLINK-34236
1 64743C 25144V   25222.06368056  .00040172  00000+0  10027-2 0  2221
2 64743  53.1608  84.7829 0001291  72.1025 165.5765 15.39566759    19
STARLINK-34185
1 64744C 25144W   25222.05812500  .00039714  00000+0  99128-3 0  2229
2 64744  53.1606  84.7064 0001023  71.4068 186.9665 15.39567385    13
STARLINK-34581
1 64745C 25144X   25222.06368056  .00042913  00000+0  10711-2 0  2228
2 64745  53.1602  84.6287 0001400  98.3054 216.6200 15.39564938    15
STARLINK-34592
1 64746C 25144Y   25222.06854167  .00062327  00000+0  13855-2 0  2225
2 64746  53.1605  84.5386 0000706  44.1739 331.8925 15.43026015    13
STARLINK-34589
1 64747C 25144Z   25222.06854167  .00070951  00000+0  89553-3 0  2227
2 64747  53.1584  83.3829 0005006 256.3714 337.3822 15.58857195    11
STARLINK-34536
1 64748C 25144AA  25222.06090278  .00035755  00000+0  89258-3 0  2228
2 64748  53.1596  84.5389 0001093  74.6758 276.3692 15.39566550    18
STARLINK-34595
1 64749C 25144AB  25222.05881944  .00016465  00000+0  41093-3 0  2228
2 64749  53.1588  84.4466 0001119  95.7509 295.2283 15.39592956    17
STARLINK-34531
1 64750C 25144AC  25222.06229167  .00026993  00000+0  67373-3 0  2220
2 64750  53.1593  85.1030 0000976  82.1595 349.6004 15.39581725    12
STARLINK-33965
1 64755C 25147A   25222.08104167  .00009824  00000+0  24550-3 0  2226
2 64755  53.1595 148.6719 0000767 101.0701 168.7355 15.39562989    16
STARLINK-34371
1 64756C 25147B   25222.05881944  .00003086  00000+0  77046-4 0  2222
2 64756  53.1601 148.4175 0000995  92.4017 234.3958 15.39597441    15
STARLINK-34401
1 64757C 25147C   25222.05881944  .00008874  00000+0  22157-3 0  2225
2 64757  53.1599 148.5716 0001070  71.1877 178.3777 15.39586766    11
STARLINK-34593
1 64758C 25147D   25222.06090278  .00016953  00000+0  42303-3 0  2221
2 64758  53.1596 148.2533 0001280  81.0216 334.5419 15.39598850    19
STARLINK-34598
1 64759C 25147E   25222.05881944 -.01258100  00000+0 -30796-1 0  2225
2 64759  53.1601 148.1646 0001453  74.5365  18.7254 15.41462337    16
STARLINK-34235
1 64760C 25147F   25222.06368056  .00019900  00000+0  49694-3 0  2221
2 64760  53.1596 148.7017 0001078  72.6177 126.6542 15.39573596    18
STARLINK-34635
1 64761C 25147G   25222.06159722  .00076424  00000+0  19085-2 0  2224
2 64761  53.1599 148.6086 0001536 110.2728 128.8741 15.39515316    18
STARLINK-34638
1 64762C 25147H   25222.06159722  .00000276  00000+0  68933-5 0  2226
2 64762  53.1600 148.5064 0000972  92.2551 198.4476 15.39598335    13
STARLINK-34534
1 64763C 25147J   25222.05812500  .00019015  00000+0  47477-3 0  2225
2 64763  53.1600 148.3679 0000654 120.0363 228.6805 15.39578737    18
STARLINK-34261
1 64764C 25147K   25222.05881944  .00008320  00000+0  20770-3 0  2228
2 64764  53.1600 148.3132 0001378  92.2004 286.1017 15.39591577    10
STARLINK-34566
1 64765C 25147L   25222.05743056  .00024572  00000+0  61325-3 0  2228
2 64765  53.1596 148.2169 0001108  91.7050 330.4042 15.39585874    14
STARLINK-34645
1 64766C 25147M   25222.05951389  .00034609  00000+0  86403-3 0  2225
2 64766  53.1601 148.4635 0001263  94.0988 210.8094 15.39566205    15
STARLINK-34639
1 64767C 25147N   25222.06229167 -.01778200  00000+0 -41738-1 0  2224
2 64767  53.1600 148.0962 0001389  78.2818  59.3803 15.43256087    12
STARLINK-34609
1 64768C 25147P   25222.06020833 -.01779100  00000+0 -38489-1 0  2223
2 64768  53.1593 148.0783 0001180  74.2348  65.7606 15.45685798    17
STARLINK-34246
1 64769C 25147Q   25222.06229167  .00023832  00000+0  59515-3 0  2221
2 64769  53.1597 148.6519 0001160 104.8792 114.2805 15.39567647    12
STARLINK-34618
1 64770C 25147R   25222.05118056  .00006716  00000+0  16766-3 0  2229
2 64770  53.1595 148.7553 0001100  95.4940  36.2581 15.39592919    19
STARLINK-34541
1 64771C 25147S   25222.06020833 -.00003409  00000+0 -85099-4 0  2220
2 64771  53.1600 148.5584 0001050  72.1408 186.9768 15.39609657    12
STARLINK-34652
1 64772C 25147T   25222.06020833  .00008690  00000+0  21693-3 0  2225
2 64772  53.1600 148.5066 0001222  88.6439 196.2092 15.39593223    10
STARLINK-34612
1 64773C 25147U   25222.05881944  .00113100  00000+0  28259-2 0  2220
2 64773  53.1599 148.6157 0001177  90.4468 135.2053 15.39463060    17
STARLINK-34621
1 64774C 25147V   25222.06298611  .00006069  00000+0  15152-3 0  2229
2 64774  53.1600 148.4417 0001020  96.5241 229.4654 15.39594536    17
STARLINK-34657
1 64775C 25147W   25222.05743056  .00003948  00000+0  98563-4 0  2228
2 64775  53.1600 148.4162 0001102  87.0821 233.8423 15.39599629    16
STARLINK-34637
1 64776C 25147X   25222.06020833  .00005036  00000+0  12574-3 0  2228
2 64776  53.1601 148.3517 0001106  90.8920 271.1993 15.39593753    16
STARLINK-34547
1 64777C 25147Y   25222.05951389  .00008123  00000+0  20280-3 0  2220
2 64777  53.1599 148.3036 0001133  88.0777 295.9114 15.39593110    14
STARLINK-34537
1 64778C 25147Z   25222.06368056  .00096664  00000+0  54655-3 0  2225
2 64778  53.1547 144.3914 0001416 114.1897  50.6530 15.78322125    14
STARLINK-34585
1 64779C 25147AA  25222.06090278 -.00046238  00000+0 -11537-2 0  2229
2 64779  53.1600 148.1939 0001254  71.4002  11.7157 15.39664959    11
STARLINK-34491
1 64780C 25147AB  25222.06159722  .00024704  00000+0  61669-3 0  2225
2 64780  53.1597 148.1394 0001074  73.8815  38.9153 15.39578330    15
STARLINK-34582
1 64781C 25147AC  25222.05951389 -.01770900  00000+0 -41967-1 0  2220
2 64781  53.1600 148.0570 0001192  75.3691  71.7941 15.42961089    17
STARLINK-34482
1 64782C 25147AD  25222.06090278 -.00045142  00000+0 -11261-2 0  2220
2 64782  53.1599 148.0909 0001392  76.7842  57.8512 15.39669418    12
STARLINK-34629
1 64790C 25150A   25222.06090278 -.00132780  00000+0 -30281-2 0  2221
2 64790  70.0006 330.4911 0003622 276.4726 195.6767 15.42881857    10
STARLINK-34697
1 64791C 25150B   25222.06298611 -.00023735  00000+0 -38523-3 0  2220
2 64791  70.0003 330.4407 0003561 271.3809 251.1934 15.52581884    18
STARLINK-34632
1 64792C 25150C   25222.06784722  .00097346  00000+0  93703-3 0  2222
2 64792  70.0003 330.1649 0003898 275.9201 140.2486 15.66233187    18
STARLINK-34693
1 64793C 25150D   25222.05881944  .00033448  00000+0  54361-3 0  2226
2 64793  70.0003 330.4473 0003222 272.3231 230.9341 15.52489003    14
STARLINK-34666
1 64794C 25150E   25222.05604167 -.01951600  00000+0 -40199-1 0  2221
2 64794  70.0004 330.4650 0003705 274.9708 203.9271 15.47749370    18
STARLINK-34567
1 64795C 25150F   25222.06368056  .00047935  00000+0  77932-3 0  2228
2 64795  70.0004 330.4294 0003592 272.1011 262.1663 15.52463176    19
STARLINK-34646
1 64796C 25150G   25222.05951389  .00039706  00000+0  64535-3 0  2227
2 64796  70.0003 330.4386 0003522 269.9516 242.9430 15.52479313    16
STARLINK-34641
1 64797C 25150H   25222.06159722  .00029565  00000+0  48051-3 0  2227
2 64797  70.0003 330.4306 0003532 269.4707 256.9703 15.52490246    13
STARLINK-34649
1 64798C 25150J   25222.06090278 -.01951000  00000+0 -37929-1 0  2229
2 64798  70.0003 330.4355 0003540 275.1381 244.7531 15.49430493    17
STARLINK-34662
1 64799C 25150K   25222.06229167 -.00452350  00000+0 -10287-1 0  2222
2 64799  70.0005 330.4617 0003813 274.6952 226.7333 15.43289217    12
STARLINK-34660
1 64800C 25150L   25222.06159722 -.01423400  00000+0 -23706-1 0  2229
2 64800  70.0003 330.4239 0003393 269.4233 262.5182 15.53287674    16
STARLINK-34604
1 64801C 25150M   25222.05881944  .00029511  00000+0  47953-3 0  2221
2 64801  70.0003 330.4290 0003613 267.1302 251.4498 15.52496479    12
STARLINK-34658
1 64802C 25150N   25222.05951389  .00042967  00000+0  69842-3 0  2224
2 64802  70.0003 330.4248 0003747 271.6245 252.7734 15.52472628    17
STARLINK-34620
1 64803C 25150P   25222.06020833  .00036612  00000+0  59508-3 0  2225
2 64803  70.0003 330.4206 0003273 269.9519 260.2318 15.52483228    10
STARLINK-34633
1 64804C 25150Q   25222.06368056  .00041523  00000+0  67489-3 0  2222
2 64804  70.0003 330.4088 0003711 271.0797 280.4277 15.52476533    17
STARLINK-34624
1 64805C 25150R   25222.05743056  .00034210  00000+0  55602-3 0  2228
2 64805  70.0003 330.4190 0003897 274.1429 248.1902 15.52483946    15
STARLINK-34664
1 64806C 25150S   25222.05812500  .00034902  00000+0  56718-3 0  2227
2 64806  70.0004 330.4218 0003628 271.2151 251.1559 15.52488328    11
STARLINK-34663
1 64807C 25150T   25222.05951389 -.01950800  00000+0 -35277-1 0  2229
2 64807  70.0003 330.4162 0003584 273.1630 258.3259 15.51506502    13
STARLINK-34696
1 64808C 25150U   25222.06368056  .00025967  00000+0  42196-3 0  2228
2 64808  70.0005 330.3997 0003662 268.3177 290.8372 15.52499208    12
STARLINK-34675
1 64809C 25150V   25222.05881944 -.01796200  00000+0 -39519-1 0  2225
2 64809  70.0005 330.4350 0003270 268.9464 243.6849 15.45646950    12
STARLINK-34608
1 64810C 25150W   25222.06090278 -.01950800  00000+0 -39703-1 0  2223
2 64810  70.0004 330.4133 0003530 270.3266 267.8992 15.48099325    16
STARLINK-34669
1 64811C 25150X   25222.06298611  .00029753  00000+0  48349-3 0  2224
2 64811  70.0003 330.3947 0003637 272.8144 288.2100 15.52494479    10
STARLINK-34644
1 64812C 25150Y   25222.06576389  .00056621  00000+0  87065-3 0  2228
2 64812  70.0001 330.3708 0003908 283.8811 306.5927 15.53995367    12
STARLINK-34685
1 64813C 25150Z   25222.05673611  .00039447  00000+0  64112-3 0  2229
2 64813  70.0001 330.4072 0003629 272.4039 257.5491 15.52479834    10
STARLINK-34668
1 64814C 25150AA  25222.06368056  .00039240  00000+0  63774-3 0  2229
2 64814  70.0003 330.3837 0003068 268.8521 303.7293 15.52483677    17
STARLINK-34667
1 64815C 25150AB  25222.06159722  .00038246  00000+0  62158-3 0  2228
2 64815  70.0003 330.3917 0003758 271.3011 287.7272 15.52481671    16
STARLINK-34723
1 64842C 25152A   25222.06368056 -.02038400  00000+0 -35672-1 0  2227
2 64842  97.6028  75.2404 0002317  82.8236  32.4975 15.52742347    13
STARLINK-34725
1 64843C 25152B   25222.05604167 -.02053600  00000+0 -35895-1 0  2229
2 64843  97.6028  75.2332 0002181  78.1224 356.4534 15.52792440    17
STARLINK-34709
1 64844C 25152C   25222.05881944 -.02047900  00000+0 -35802-1 0  2224
2 64844  97.6028  75.2370 0002206  81.8537  10.1740 15.52781365    13
STARLINK-34706
1 64845C 25152D   25222.06159722 -.02045600  00000+0 -35771-1 0  2228
2 64845  97.6029  75.2408 0002154  85.3404  24.1377 15.52772913    11
STARLINK-34736
1 64846C 25152E   25222.06020833 -.02049200  00000+0 -35820-1 0  2224
2 64846  97.6029  75.2402 0002235  82.3303  21.3195 15.52787263    12
STARLINK-34746
1 64847C 25152F   25222.06298611 -.02046500  00000+0 -35781-1 0  2222
2 64847  97.6029  75.2440 0002183  77.9352  43.1668 15.52777554    10
STARLINK-34748
1 64848C 25152G   25222.06020833 -.02051900  00000+0 -35856-1 0  2225
2 64848  97.6029  75.2419 0002129  83.8975  23.6200 15.52798508    11
STARLINK-34756
1 64849C 25152H   25222.06923611  .00367230  00000+0  47423-2 0  2228
2 64849  97.6012  75.2617 0001141  71.2612 112.3407 15.58610572    11
STARLINK-34757
1 64850C 25152J   25222.06229167 -.01941600  00000+0 -34331-1 0  2220
2 64850  97.6028  75.2456 0002304  79.4503  42.7112 15.52348752    13
STARLINK-34722
1 64851C 25152K   25222.05812500 -.01938100  00000+0 -34242-1 0  2221
2 64851  97.6028  75.2420 0002269  80.9612  19.8659 15.52366828    18
STARLINK-34564
1 64852C 25152L   25222.06229167 -.01922300  00000+0 -33972-1 0  2228
2 64852  97.6029  75.2473 0002086  84.8478  41.1868 15.52343463    18
STARLINK-34676
1 64853C 25152M   25222.06298611 -.01939800  00000+0 -34285-1 0  2220
2 64853  97.6028  75.2489 0002400  88.3785  43.4671 15.52358293    19
STARLINK-34682
1 64854C 25152N   25222.05743056 -.01936100  00000+0 -34185-1 0  2227
2 64854  97.6029  75.2438 0002216  83.7367  19.0138 15.52383994    18
STARLINK-34631
1 64855C 25152P   25222.06159722 -.01931400  00000+0 -34115-1 0  2221
2 64855  97.6029  75.2491 0002142  84.3828  43.5739 15.52368335    16
STARLINK-34578
1 64856C 25152Q   25222.06298611 -.01931500  00000+0 -34117-1 0  2226
2 64856  97.6029  75.2514 0002251  83.6564  53.9906 15.52367728    19
STARLINK-34683
1 64857C 25152R   25222.05673611 -.01946600  00000+0 -34351-1 0  2220
2 64857  97.6029  75.2457 0002129  87.8840  16.7878 15.52410331    17
STARLINK-34654
1 64858C 25152S   25222.06229167 -.01960300  00000+0 -34618-1 0  2224
2 64858  97.6029  75.2524 0002375  92.7682  44.8599 15.52403546    17
STARLINK-34575
1 64859C 25152T   25222.06020833 -.01943700  00000+0 -34306-1 0  2223
2 64859  97.6029  75.2511 0002158  84.1223  43.8101 15.52403546    17
STARLINK-34570
1 64860C 25152U   25222.06020833 -.01948900  00000+0 -34392-1 0  2227
2 64860  97.6029  75.2520 0002082  85.5038  44.3584 15.52413442    11
STARLINK-34651
1 64861C 25152V   25222.06715278  .00042225  00000+0  69114-3 0  2226
2 64861  97.6028  75.2600 0001579  83.8296  86.7217 15.52486031    14
STARLINK-34684
1 64862C 25152W   25222.05881944 -.01958200  00000+0 -34539-1 0  2223
2 64862  97.6030  75.2523 0002100  87.1540  38.8163 15.52436851    15
STARLINK-34690
1 64863C 25152X   25222.06090278 -.01956300  00000+0 -34508-1 0  2222
2 64863  97.6029  75.2554 0002217  86.0878  53.4525 15.52431497    15
STARLINK-34628
1 64864C 25152Y   25222.05743056 -.01964800  00000+0 -34639-1 0  2220
2 64864  97.6030  75.2527 0002186  85.1512  36.9276 15.52457649    14
STARLINK-34544
1 64865C 25152Z   25222.06020833 -.01963200  00000+0 -34617-1 0  2222
2 64865  97.6030  75.2565 0002192  91.9053  47.6227 15.52450024    14
STARLINK-34647
1 64904C 25157A   25222.05673611 -.01616500  00000+0 -12385-1 0  2224
2 64904  53.1590 262.3758 0000679  92.5735 109.6968 15.73073640    10
STARLINK-34273
1 64905C 25157B   25222.06020833 -.01638700  00000+0 -12556-1 0  2224
2 64905  53.1584 262.3549 0001005 108.8446 114.9796 15.73094975    18
STARLINK-34713
1 64906C 25157C   25222.06020833 -.01634000  00000+0 -12521-1 0  2226
2 64906  53.1591 262.3505 0001000 110.8548 114.8925 15.73088886    17
STARLINK-34712
1 64907C 25157D   25222.06229167 -.01634100  00000+0 -12525-1 0  2223
2 64907  53.1590 262.3362 0001121  98.0820 141.3882 15.73081594    18
STARLINK-34702
1 64908C 25157E   25222.05881944 -.01634200  00000+0 -12519-1 0  2224
2 64908  53.1590 262.3495 0001000 104.9752 116.7348 15.73094083    13
STARLINK-34687
1 64909C 25157F   25222.05465278 -.01632600  00000+0 -12501-1 0  2226
2 64909  53.1581 262.3658 0001099  98.9926 101.0306 15.73104089    17
STARLINK-34642
1 64910C 25157G   25222.06159722 -.01634500  00000+0 -12527-1 0  2222
2 64910  53.1584 262.3275 0001023 109.1256 132.1607 15.73083955    12
STARLINK-34718
1 64911C 25157H   25222.05743056 -.01633900  00000+0 -12515-1 0  2221
2 64911  53.1590 262.3445 0001000  98.7392 120.8560 15.73096918    13
STARLINK-34711
1 64912C 25157J   25222.06159722 -.01633200  00000+0 -12517-1 0  2229
2 64912  53.1582 262.3194 0000824  76.3017 168.8202 15.73082044    15
STARLINK-34659
1 64913C 25157K   25222.06090278 -.01632100  00000+0 -12508-1 0  2228
2 64913  53.1580 262.3188 0000887  79.5137 163.5912 15.73083220    11
STARLINK-34571
1 64914C 25157L   25222.05534722 -.01631100  00000+0 -12491-1 0  2225
2 64914  53.1581 262.3423 0001062  84.4879 129.0546 15.73100274    18
STARLINK-34636
1 64915C 25157M   25222.06090278 -.01631000  00000+0 -12499-1 0  2227
2 64915  53.1581 262.3107 0001000  85.0783 161.8610 15.73082005    18
STARLINK-34695
1 64916C 25157N   25222.05465278 -.01628200  00000+0 -12468-1 0  2227
2 64916  53.1581 262.3378 0001114 101.3544 112.0930 15.73098019    17
STARLINK-34653
1 64917C 25157P   25222.05743056 -.01627700  00000+0 -12469-1 0  2226
2 64917  53.1588 262.3201 0001147  99.4830 131.6216 15.73088343    14
STARLINK-34611
1 64918C 25157Q   25222.05604167 -.01627800  00000+0 -12467-1 0  2225
2 64918  53.1589 262.3226 0001071 109.6748 115.4757 15.73093309    19
STARLINK-34599
1 64919C 25157R   25222.05604167 -.01881700  00000+0 -14624-1 0  2224
2 64919  53.1593 261.9909 0000756  76.1637 309.5942 15.73007281    18
STARLINK-34069
1 64920C 25157S   25222.07687500 -.01631000  00000+0 -12528-1 0  2227
2 64920  53.1588 262.2154 0001000  97.2910 247.8191 15.73029056    15
STARLINK-34699
1 64921C 25157T   25222.05881944 -.01617900  00000+0 -12398-1 0  2222
2 64921  53.1586 262.3007 0001198 100.4556 144.2835 15.73070319    16
STARLINK-34700
1 64922C 25157U   25222.05395833 -.01628900  00000+0 -12473-1 0  2226
2 64922  53.1588 262.3207 0001023 109.4710 109.6254 15.73100915    15
STARLINK-34643
1 64923C 25157V   25222.05881944 -.01626300  00000+0 -12461-1 0  2229
2 64923  53.1587 262.2888 0001114  89.0190 161.4580 15.73082033    13
STARLINK-34199
1 64924C 25157W   25222.06090278 -.01624600  00000+0 -12452-1 0  2224
2 64924  53.1588 262.2824 0000844  95.6319 164.7376 15.73072357    17
STARLINK-34579
1 64925C 25157X   25222.06159722 -.01627100  00000+0 -12472-1 0  2225
2 64925  53.1589 262.2709 0000835  88.9470 179.1853 15.73074208    11
STARLINK-34543
1 64926C 25157Y   25222.05951389 -.01625100  00000+0 -12454-1 0  2222
2 64926  53.1585 262.2673 0001029  91.1560 172.8436 15.73077549    18
STARLINK-34661
1 64927C 25157Z   25222.05812500 -.01882900  00000+0 -14639-1 0  2224
2 64927  53.1593 261.9762 0000590  82.2369 317.2396 15.73001129    14
STARLINK-34248
1 64928C 25157AA  25222.05743056 -.01623000  00000+0 -12434-1 0  2229
2 64928  53.1588 262.2878 0000891  85.6457 160.8027 15.73081331    16
STARLINK-34290
1 64929C 25157AB  25222.05951389 -.01631700  00000+0 -12503-1 0  2223
2 64929  53.1589 262.2732 0001098 104.8783 155.2784 15.73086502    16
STARLINK-34220
1 64930C 25157AC  25222.05812500 -.01878700  00000+0 -14607-1 0  2226
2 64930  53.1593 261.9725 0000987  76.4185 324.9848 15.72994144    12
STARLINK-34715
1 64931C 25157AD  25222.05604167 -.01629700  00000+0 -12482-1 0  2228
2 64931  53.1589 262.2862 0000953  79.6221 162.7795 15.73095424    16
STARLINK-34705
1 64932C 25158A   25222.05743056 -.02213300  00000+0 -32977-1 0  2228
2 64932  97.6026  83.9206 0002045  93.1256 171.4232 15.57407039    13
STARLINK-34737
1 64933C 25158B   25222.05673611 -.02212300  00000+0 -32957-1 0  2225
2 64933  97.6026  83.9206 0002144  93.0781 169.4995 15.57409553    12
STARLINK-34775
1 64934C 25158C   25222.06159722 -.02214500  00000+0 -33016-1 0  2220
2 64934  97.6026  83.9266 0002130  97.6433 194.0878 15.57390975    19
STARLINK-34726
1 64935C 25158D   25222.06020833 -.02213400  00000+0 -32994-1 0  2223
2 64935  97.6026  83.9254 0001886  92.6483 193.2261 15.57394364    17
STARLINK-34529
1 64936C 25158E   25222.06090278 -.02212700  00000+0 -32986-1 0  2227
2 64936  97.6026  83.9278 0002129  92.9022 198.7830 15.57391048    15
STARLINK-34743
1 64937C 25158F   25222.05465278 -.02213200  00000+0 -32961-1 0  2222
2 64937  97.6026  83.9218 0002157  92.0730 166.5143 15.57419805    10
STARLINK-34730
1 64938C 25158G   25222.06229167 -.02213100  00000+0 -32998-1 0  2228
2 64938  97.6026  83.9306 0002036  95.1510 208.1533 15.57386622    11
STARLINK-34714
1 64939C 25158H   25222.05951389 -.02212800  00000+0 -32982-1 0  2225
2 64939  97.6026  83.9283 0002019  95.5414 194.1247 15.57397127    12
STARLINK-34755
1 64940C 25158J   25222.05881944 -.02214600  00000+0 -33003-1 0  2221
2 64940  97.6026  83.9287 0002179  99.6328 188.0609 15.57402808    11
STARLINK-34740
1 64941C 25158K   25222.05673611 -.02215200  00000+0 -33000-1 0  2226
2 64941  97.6026  83.9272 0002059  89.8640 188.0758 15.57412997    16
STARLINK-34742
1 64942C 25158L   25222.05812500 -.02213300  00000+0 -32981-1 0  2225
2 64942  97.6026  83.9297 0001904  92.7753 194.8704 15.57403827    18
STARLINK-34719
1 64943C 25158M   25222.05743056 -.02212400  00000+0 -32965-1 0  2227
2 64943  97.6026  83.9302 0001934  91.9011 193.7769 15.57405251    19
STARLINK-34373
1 64944C 25158N   25222.06298611 -.02214000  00000+0 -33017-1 0  2228
2 64944  97.6027  83.9361 0001892  92.2278 226.4930 15.57383599    12
STARLINK-34758
1 64945C 25158P   25222.05604167 -.02215000  00000+0 -32994-1 0  2229
2 64945  97.6027  83.9296 0002173  99.5760 182.1572 15.57415680    16
STARLINK-34753
1 64946C 25158Q   25222.06090278 -.02215200  00000+0 -33023-1 0  2229
2 64946  97.6026  83.9357 0001965  89.8349 221.0535 15.57394199    10
STARLINK-34747
1 64947C 25158R   25222.05604167 -.02214200  00000+0 -32983-1 0  2220
2 64947  97.6027  83.9314 0002108  99.0884 186.4880 15.57414346    16
STARLINK-34630
1 64948C 25158S   25222.05951389 -.02213700  00000+0 -32993-1 0  2227
2 64948  97.6026  83.9359 0001978  86.8547 220.0943 15.57398573    17
STARLINK-34689
1 64949C 25158T   25222.06229167 -.02215400  00000+0 -33034-1 0  2227
2 64949  97.6027  83.9397 0001875  92.8159 231.6152 15.57388692    14
STARLINK-34586
1 64950C 25158U   25222.05465278 -.02214300  00000+0 -32977-1 0  2226
2 64950  97.6027  83.9327 0002124 100.0241 183.5338 15.57420262    12
STARLINK-34738
1 64951C 25158V   25222.05881944 -.02214200  00000+0 -32997-1 0  2220
2 64951  97.6026  83.9381 0001977  88.5325 220.2872 15.57402371    13
STARLINK-34744
1 64952C 25158W   25222.06159722 -.02213200  00000+0 -32996-1 0  2222
2 64952  97.6027  83.9420 0001917  90.2184 238.0045 15.57389594    16
STARLINK-34701
1 64953C 25158X   25222.06020833 -.02214400  00000+0 -33009-1 0  2222
2 64953  97.6026  83.9410 0001896  84.8462 233.6767 15.57396129    13
STARLINK-34761
1 64954C 25158Y   25222.05812500 -.02210900  00000+0 -32944-1 0  2220
2 64954  97.6027  83.9397 0001995  86.9797 223.7099 15.57402938    17
STARLINK-34732
1 64955C 25158Z   25222.06090278 -.02214000  00000+0 -33006-1 0  2227
2 64955  97.6026  83.9444 0001827  79.7136 248.4597 15.57393220    11
STARLINK-34617
1 65015C 25161A   25222.05881944 -.00991730  00000+0 -44421-2 0  2220
2 65015  53.1546 203.9529 0000724  73.1800 298.5158 15.84462915    19
STARLINK-34627
1 65016C 25161B   25222.05881944 -.00999610  00000+0 -44751-2 0  2222
2 65016  53.1545 203.9484 0000727  73.8729 300.0078 15.84481490    18
STARLINK-34549
1 65017C 25161C   25222.06298611 -.01007600  00000+0 -45131-2 0  2220
2 65017  53.1547 203.9216 0000759  75.6343 324.7719 15.84478505    19
STARLINK-34623
1 65018C 25161D   25222.05881944 -.01013000  00000+0 -45356-2 0  2227
2 65018  53.1545 203.9368 0000673  76.9992 302.2068 15.84492420    15
STARLINK-34232
1 65019C 25161E   25222.06159722 -.01023800  00000+0 -45873-2 0  2224
2 65019  53.1546 203.9169 0000688  79.0435 318.9493 15.84488965    13
STARLINK-34772
1 65020C 25161F   25222.05881944 -.01031300  00000+0 -46190-2 0  2220
2 65020  53.1546 203.9258 0000678  80.5332 304.0781 15.84505029    13
STARLINK-34778
1 65021C 25161G   25222.06090278 -.01038500  00000+0 -46527-2 0  2227
2 65021  53.1545 203.9094 0000583  79.0358 320.1968 15.84504273    13
STARLINK-34789
1 65022C 25161H   25222.05395833 -.01046000  00000+0 -46849-2 0  2223
2 65022  53.1545 203.9384 0000788  68.8071 293.6559 15.84518063    13
STARLINK-34858
1 65023C 25161J   25222.06229167 -.01054800  00000+0 -47285-2 0  2223
2 65023  53.1545 203.8909 0000740  72.7485 339.8159 15.84510307    19
STARLINK-34773
1 65024C 25161K   25222.06159722 -.01063200  00000+0 -47668-2 0  2222
2 65024  53.1545 203.8886 0000727  68.8088 342.5664 15.84514471    12
STARLINK-34727
1 65025C 25161L   25222.05534722 -.01071700  00000+0 -48026-2 0  2222
2 65025  53.1545 203.9145 0000655  77.1757 301.1685 15.84534012    15
STARLINK-34804
1 65026C 25161M   25222.05951389 -.01080400  00000+0 -48448-2 0  2220
2 65026  53.1545 203.8881 0000720  77.0347 327.8528 15.84528178    16
STARLINK-34655
1 65027C 25161N   25222.06159722 -.01087700  00000+0 -48783-2 0  2225
2 65027  53.1546 203.8721 0000613  79.4945 339.7595 15.84532597    18
STARLINK-34807
1 65028C 25161P   25222.05881944 -.01097800  00000+0 -49239-2 0  2222
2 65028  53.1546 203.8805 0000634  79.2867 326.8923 15.84542009    17
STARLINK-34731
1 65029C 25161Q   25222.05951389 -.01111000  00000+0 -49843-2 0  2224
2 65029  53.1545 203.8713 0000709  75.6315 337.2052 15.84548732    14
STARLINK-34614
1 65030C 25161R   25222.06090278 -.01121900  00000+0 -50351-2 0  2224
2 65030  53.1542 203.8586 0000672  75.3187 348.0159 15.84553840    18
STARLINK-34677
1 65031C 25161S   25222.06159722 -.01139200  00000+0 -51145-2 0  2229
2 65031  53.1544 203.8496 0000681  85.1150 344.8730 15.84562634    10
STARLINK-34656
1 65032C 25161T   25222.05951389 -.01156000  00000+0 -51912-2 0  2227
2 65032  53.1545 203.8542 0000574  83.1872 337.5991 15.84576178    10
STARLINK-34671
1 65033C 25161U   25222.05951389 -.01174000  00000+0 -52741-2 0  2229
2 65033  53.1543 203.8484 0000729  75.6847 347.7310 15.84585974    16
STARLINK-34610
1 65034C 25161V   25222.05465278 -.01189700  00000+0 -53438-2 0  2224
2 65034  53.1544 203.8675 0000754  73.2920 325.0556 15.84603585    14
STARLINK-34286
1 65035C 25161W   25222.05604167 -.01208400  00000+0 -54334-2 0  2222
2 65035  53.1546 203.8549 0000716  77.4607 331.5857 15.84602429    15
STARLINK-34770
1 65036C 25161X   25222.05604167 -.01221000  00000+0 -54931-2 0  2227
2 65036  53.1545 203.8493 0000661  74.8113 336.8785 15.84602700    15
STARLINK-34776
1 65037C 25161Y   25222.06020833 -.01234500  00000+0 -55585-2 0  2226
2 65037  53.1545 203.8232 0000749  80.9251 357.0420 15.84598905    17
STARLINK-34827
1 65038C 25161Z   25222.06229167 -.01245300  00000+0 -56124-2 0  2228
2 65038  53.1544 203.8072 0000747  78.8581  13.6753 15.84589560    10
STARLINK-34721
1 65039C 25161AA  25222.06229167 -.01254700  00000+0 -56597-2 0  2227
2 65039  53.1545 203.8014 0000837  79.3529  15.8883 15.84581484    11
STARLINK-34819
1 65040C 25161AB  25222.05604167 -.01264700  00000+0 -57059-2 0  2220
2 65040  53.1545 203.8273 0000617  88.3497 333.9818 15.84587062    10
STARLINK-34820
1 65041C 25161AC  25222.05812500 -.01275000  00000+0 -57590-2 0  2228
2 65041  53.1545 203.8111 0000748  82.8042 354.1362 15.84573844    14
STARLINK-34824
1 65042C 25161AD  25222.06159722 -.01285800  00000+0 -58178-2 0  2222
2 65042  53.1543 203.7873 0000778  79.8038  19.9071 15.84547777    10
STARLINK-34788
1 65056C 25165A   25222.05743056 -.02077800  00000+0 -19078-1 0  2224
2 65056  97.6038 294.2442 0001655  79.4438 248.8867 15.69870328    19
STARLINK-34745
1 65057C 25165B   25222.05881944 -.02077400  00000+0 -19078-1 0  2220
2 65057  97.6038 294.2467 0001663  81.7071 256.3883 15.69864082    17
STARLINK-34779
1 65058C 25165C   25222.06090278 -.02058200  00000+0 -18915-1 0  2220
2 65058  97.6040 294.2500 0001650  77.7480 274.0649 15.69827554    14
STARLINK-34803
1 65059C 25165D   25222.05465278 -.02076900  00000+0 -19061-1 0  2226
2 65059  97.6039 294.2440 0001681  82.1402 236.2661 15.69880524    14
STARLINK-34717
1 65060C 25165E   25222.05673611 -.02076400  00000+0 -19063-1 0  2227
2 65060  97.6038 294.2471 0001645  78.6259 253.4675 15.69871138    16
STARLINK-34750
1 65061C 25165F   25222.05951389 -.02077800  00000+0 -19085-1 0  2228
2 65061  97.6039 294.2510 0001642  75.3575 274.3415 15.69861869    18
STARLINK-34708
1 65062C 25165G   25222.06159722 -.02074200  00000+0 -19059-1 0  2223
2 65062  97.6040 294.2542 0001836  72.7168 290.6747 15.69847728    17
STARLINK-34798
1 65063C 25165H   25222.05812500 -.02079000  00000+0 -19091-1 0  2222
2 65063  97.6039 294.2512 0001671  80.2163 265.4807 15.69868609    17
STARLINK-34793
1 65064C 25165J   25222.05812500 -.02074700  00000+0 -19053-1 0  2223
2 65064  97.6039 294.2523 0001745  71.1943 276.4291 15.69862611    13
STARLINK-34806
1 65065C 25165K   25222.06229167 -.02076800  00000+0 -19084-1 0  2223
2 65065  97.6039 294.2579 0001699  78.2570 294.8129 15.69849272    19
STARLINK-34739
1 65066C 25165L   25222.05395833 -.02078100  00000+0 -19069-1 0  2225
2 65066  97.6038 294.2496 0001616  75.9996 251.9275 15.69885010    18
STARLINK-34802
1 65067C 25165M   25222.05951389 -.02077000  00000+0 -19078-1 0  2228
2 65067  97.6039 294.2564 0001716  70.7662 290.4598 15.69859938    16
STARLINK-34810
1 65068C 25165N   25222.05881944 -.02076700  00000+0 -19073-1 0  2229
2 65068  97.6038 294.2567 0001687  70.0510 289.1727 15.69862928    13
STARLINK-34809
1 65069C 25165P   25222.05465278 -.02076200  00000+0 -19054-1 0  2222
2 65069  97.6038 294.2530 0001687  81.0641 256.5494 15.69879789    13
STARLINK-34794
1 65070C 25165Q   25222.05534722 -.02077300  00000+0 -19067-1 0  2221
2 65070  97.6039 294.2545 0001652  78.5562 264.8982 15.69878367    12
STARLINK-34805
1 65071C 25165R   25222.05604167 -.02077400  00000+0 -19070-1 0  2228
2 65071  97.6039 294.2563 0001697  74.5288 274.7687 15.69875361    16
STARLINK-34735
1 65072C 25165S   25222.05881944 -.02077500  00000+0 -19079-1 0  2229
2 65072  97.6039 294.2601 0001669  71.6256 295.2788 15.69864307    10
STARLINK-34781
1 65073C 25165T   25222.05534722 -.02067900  00000+0 -18983-1 0  2225
2 65073  97.6039 294.2570 0001739  88.8794 260.3541 15.69864283    14
STARLINK-34780
1 65074C 25165U   25222.06090278 -.02075900  00000+0 -19072-1 0  2229
2 65074  97.6039 294.2639 0001830  70.9530 311.5622 15.69852984    17
STARLINK-34771
1 71741C 25167A   25222.05604167 -.01492400  00000+0 -44965-2 0  2223
2 71741  53.1541 300.3108 0000732  49.4702 185.7397 15.92992004    16
STARLINK-34634
1 71742C 25167B   25222.05951389 -.01499500  00000+0 -45052-2 0  2221
2 71742  53.1540 300.2908 0000543  53.0663 203.2578 15.93054410    18
STARLINK-34267
1 71743C 25167C   25222.06229167 -.01510700  00000+0 -45207-2 0  2223
2 71743  53.1541 300.2731 0000546  50.6245 223.2574 15.93143811    18
STARLINK-34561
1 71744C 25167D   25222.05812500 -.01519300  00000+0 -45275-2 0  2222
2 71744  53.1540 300.2919 0000607  59.2944 191.8646 15.93232656    11
STARLINK-34626
1 71745C 25167E   25222.05812500 -.01540700  00000+0 -45517-2 0  2220
2 71745  53.1539 300.2855 0000552  56.9353 197.2817 15.93422841    13
STARLINK-34247
1 71746C 25167F   25222.06229167 -.01527400  00000+0 -45355-2 0  2225
2 71746  53.1540 300.2674 0000439  52.4613 224.1599 15.93311058    13
STARLINK-34601
1 71747C 25167G   25222.06159722 -.01551700  00000+0 -45659-2 0  2222
2 71747  53.1541 300.2643 0000568  49.3880 226.3893 15.93510290    15
STARLINK-34792
1 71748C 25167H   25222.05465278 -.01567500  00000+0 -45870-2 0  2228
2 71748  53.1540 300.2965 0000720  56.8313 180.6056 15.93633058    17
STARLINK-34822
1 71749C 25167J   25222.05465278 -.01572800  00000+0 -45863-2 0  2220
2 71749  53.1540 300.2939 0000600  55.0760 183.6117 15.93707060    19
STARLINK-34686
1 71750C 25167K   25222.05465278 -.01580400  00000+0 -45912-2 0  2222
2 71750  53.1539 300.2912 0000654  55.1021 184.8855 15.93786203    18
STARLINK-34594
1 71751C 25167L   25222.05465278 -.01594700  00000+0 -46110-2 0  2222
2 71751  53.1537 300.2877 0000596  58.9297 182.7097 15.93891705    17
STARLINK-34665
1 71752C 25167M   25222.05465278 -.01602100  00000+0 -46134-2 0  2223
2 71752  53.1539 300.2846 0000592  50.1049 192.9685 15.93977732    12
STARLINK-34673
1 71753C 25167N   25222.05673611 -.01609500  00000+0 -46191-2 0  2220
2 71753  53.1540 300.2712 0000637  44.7064 211.6358 15.94050822    12
STARLINK-34648
1 71754C 25167P   25222.05812500 -.01621900  00000+0 -46339-2 0  2225
2 71754  53.1539 300.2605 0000645  45.7120 220.2518 15.94149063    15
STARLINK-34640
1 71755C 25167Q   25222.05743056 -.01635500  00000+0 -46508-2 0  2224
2 71755  53.1540 300.2606 0000630  51.1092 212.4730 15.94253398    18
STARLINK-34266
1 71756C 25167R   25222.05743056 -.01643900  00000+0 -46548-2 0  2222
2 71756  53.1539 300.2574 0000447  52.8207 212.2475 15.94343118    17
STARLINK-34769
1 71757C 25167S   25222.05743056 -.01648200  00000+0 -46513-2 0  2223
2 71757  53.1539 300.2549 0000487  52.2185 214.0252 15.94412597    14
STARLINK-34768
1 71758C 25167T   25222.06229167 -.01663800  00000+0 -46771-2 0  2226
2 71758  53.1538 300.2265 0000421  48.2010 247.5729 15.94503120    12
STARLINK-34759
1 71759C 25167U   25222.06229167 -.01670400  00000+0 -46785-2 0  2226
2 71759  53.1538 300.2238 0000520  50.3339 246.7108 15.94579387    11
STARLINK-34741
1 71760C 25167V   25222.05951389 -.01683100  00000+0 -46893-2 0  2226
2 71760  53.1540 300.2345 0000602  51.2602 231.4922 15.94692465    17
STARLINK-34764
1 71761C 25167W   25222.05395833 -.01702500  00000+0 -46990-2 0  2227
2 71761  53.1537 300.2571 0000398  58.4524 195.2623 15.94891783    18
STARLINK-34815
1 71762C 25167X   25222.05465278 -.01690200  00000+0 -46870-2 0  2229
2 71762  53.1538 300.2567 0000460  55.5584 200.5991 15.94789952    11
STARLINK-34814
1 71763C 25167Y   25222.05395833 -.01710200  00000+0 -47018-2 0  2227
2 71763  53.1538 300.2543 0000456  52.2082 202.8519 15.94973595    17
STARLINK-34285
1 71764C 25167Z   25222.05604167 -.01720200  00000+0 -47087-2 0  2228
2 71764  53.1538 300.2403 0000587  49.4844 219.1979 15.95066673    14
STARLINK-34857
1 71765C 25167AA  25222.05881944 -.01743400  00000+0 -47332-2 0  2229
2 71765  53.1537 300.2198 0000533  47.0238 240.5879 15.95246790    14
STARLINK-34887
1 71766C 25167AB  25222.06090278 -.01734100  00000+0 -47315-2 0  2221
2 71766  53.1538 300.2124 0000389  53.1268 244.8722 15.95142509    12
STARLINK-34481
1 71767C 25167AC  25222.05604167 -.01750900  00000+0 -47292-2 0  2229
2 71767  53.1537 300.2308 0000401  54.1959 218.9926 15.95351191    16
STARLINK-34545
1 71768C 25167AD  25222.05604167 -.01759500  00000+0 -47340-2 0  2229
2 71768  53.1536 300.2281 0000584  49.2509 225.2623 15.95434574    16
